rank	elo	pm	games	wins	losses	white_wins	white_losses	black_wins	black_losses	avg_plies	ms_move	cpu_ms_move	nodes_move	eff	active	id
1	1186	24	504	442	62	240	12	202	50	37.1	0.253	6.554	973	94	gone	ab(deep=6,tt,ord,margin=100,nodes=200k)@1.classic(chip=100)@1
2	1176	15	1820	1705	115	856	54	849	61	53.2	25.299	25.055	91688	80	on	ab(deep=6,tt,ord,nodes=200k)@2.learned(model=169,4975683c,tdleaf_self,lin,shape=129-1)@1
3	1174	15	1820	1703	117	865	45	838	72	51.1	26.150	25.815	93553	80	on	ab(deep=6,tt,ord,nodes=200k)@2.learned(model=602,68cbb27d,tdleaf_self,lin,shape=129-1)@1
4	1174	24	504	438	66	241	11	197	55	37.6	0.179	5.336	666	95	gone	ab(deep=6,tt,ord,margin=25,nodes=200k)@1.classic(chip=100)@1
5	1163	9	2780	2321	459	1144	246	1177	213	45.4	142.510	138.026	473353	68	gone	ab(deep=8,tt,ord,nodes=2m)@1.classic(chip=100)@2
6	1162	23	504	434	70	249	3	185	67	41.6	8.196	9.591	83762	88	gone	ab(deep=6,ord,nodes=200k)@1.classic(chip=100)@1
7	1158	12	1880	1642	238	836	104	806	134	44.1	118.576	115.401	393835	69	gone	ab(deep=8,tt,ord,nodes=2m)@1.classic(chip=100)@2.dil(prob=15,deep=6)@1
8	1147	23	504	429	75	233	19	196	56	38.5	0.177	4.949	664	93	gone	ab(deep=6,tt,ord,margin=50,nodes=200k)@1.classic(chip=100)@1
9	1146	11	1880	1626	254	815	125	811	129	44.2	94.993	92.603	315232	69	gone	ab(deep=8,tt,ord,nodes=2m)@1.classic(chip=100)@2.dil(prob=30,deep=6)@1
10	1139	23	504	426	78	234	18	192	60	38.3	2.763	7.152	14712	89	gone	ab(deep=6,tt,nodes=200k)@1.classic(chip=100)@1
11	1139	23	504	426	78	234	18	192	60	38.3	2.843	4.995	14822	93	gone	ab(deep=6,tt,ord,nodes=200k)@1.classic(chip=100)@1
12	1118	13	1820	1652	168	835	75	817	93	51.5	26.925	26.466	95381	76	on	ab(deep=6,tt,ord,nodes=200k)@2.learned(model=349,5ee50d5c,tdleaf_self,lin,shape=129-1)@1
13	1096	22	504	410	94	246	6	164	88	37.6	5.282	7.564	124482	85	gone	ab(deep=6,nodes=200k)@1.classic(chip=100)@1
14	1096	10	1975	1599	376	808	174	791	202	54.7	24.104	22.553	74641	76	gone	ab(deep=6,tt,ord,nodes=200k)@1.learned(model=169,4975683c,tdleaf_self,lin,shape=129-1)@1
15	1092	8	2596	1974	622	1001	297	973	325	55.3	13.824	13.389	45647	80	gone	ab(deep=6,tt,ord,nodes=200k)@1.learned(model=98,5801570e,pool_games,lin,shape=129-1)@1.opener(book,book=11)@1
16	1082	26	318	256	62	138	21	118	41	36.7	1.619	5.896	7690	86	gone	ab(deep=6,tt,ord,nodes=200k)@1.classic(chip=100)@1.dil(prob=15,deep=3)@1
17	1078	8	2596	1938	658	1014	284	924	374	55.0	15.371	14.789	50887	78	gone	ab(deep=6,tt,ord,nodes=200k)@1.learned(model=98,5801570e,pool_games,lin,shape=129-1)@1.opener(book,book=10)@1
18	1071	26	318	253	65	139	20	114	45	36.8	0.201	5.997	794	85	gone	ab(deep=6,tt,ord,nodes=200k)@1.classic(chip=100)@1.dil(prob=15,deep=4)@1
19	1069	9	1800	1255	545	638	262	617	283	56.6	16.051	15.467	54188	77	gone	ab(d6,tt,ord,nb200k)@1.learned(s6,eac8ab99)@1
20	1068	8	2636	1942	694	906	412	1036	282	46.4	7.676	7.291	23402	83	gone	ab(deep=6,tt,ord,nodes=200k)@1.classic(chip=100)@2.opener(book,book=2)@1
21	1065	12	1820	1594	226	823	87	771	139	52.2	27.494	27.177	99220	72	on	ab(deep=6,tt,ord,nodes=200k)@2.learned(model=603,2da121ee,tdleaf_self,lin,shape=129-1)@1
22	1062	8	2596	1894	702	945	353	949	349	56.0	12.580	12.216	41761	78	gone	ab(deep=6,tt,ord,nodes=200k)@1.learned(model=98,5801570e,pool_games,lin,shape=129-1)@1.opener(book,book=4)@1
23	1060	12	1820	1588	232	814	96	774	136	42.2	130.194	128.907	481199	62	on	ab(deep=8,tt,ord,nodes=2m)@2.classic(chip=100)@2
24	1059	11	1756	1405	351	665	213	740	138	52.1	39.717	38.513	120229	70	gone	ab(deep=6,ord,nodes=200k)@1.adv(chip=77,support=-2,control=1,noiseseed=1,racewin=1)@1.opener(book,book=20)@1
25	1058	12	1820	1585	235	810	100	775	135	42.4	11.256	10.930	38673	79	on	ab(deep=6,tt,ord,nodes=200k)@2.classic(chip=100)@2.opener(book,book=2)@1
26	1056	8	2596	1877	719	956	342	921	377	56.2	14.168	13.737	46933	77	gone	ab(deep=6,tt,ord,nodes=200k)@1.learned(model=98,5801570e,pool_games,lin,shape=129-1)@1.opener(book,book=2)@1
27	1055	8	2740	1958	782	1021	349	937	433	57.4	20.613	19.947	69044	74	gone	ab(deep=6,tt,ord,nodes=200k)@1.learned(model=76,ef183148,position_elo,lin,mu_shape=129-1,sigma_shape=129-1)@1
28	1054	12	1820	1581	239	808	102	773	137	41.1	11.689	11.333	40968	78	on	ab(deep=6,tt,ord,nodes=200k)@2.classic(chip=100)@2.opener(book,book=7)@1
29	1053	12	1820	1580	240	792	118	788	122	41.7	11.402	11.107	40077	78	on	ab(deep=6,tt,ord,nodes=200k)@2.classic(chip=100)@2.opener(book,book=8)@1
30	1053	10	1966	1515	451	768	210	747	241	53.3	21.253	20.162	65533	74	gone	ab(deep=6,tt,ord,nodes=200k)@1.learned(model=602,68cbb27d,tdleaf_self,lin,shape=129-1)@1
31	1050	12	1820	1576	244	852	58	724	186	53.0	28.638	28.145	101687	71	on	ab(deep=6,tt,ord,nodes=200k)@2.learned(model=351,42d88d8e,tdleaf_self,lin,shape=129-1)@1
32	1046	8	2636	1882	754	977	341	905	413	55.1	14.485	14.143	49499	76	gone	ab(deep=6,tt,ord,nodes=200k)@1.learned(model=98,5801570e,pool_games,lin,shape=129-1)@1.opener(book,book=1)@1
33	1045	12	1820	1570	250	793	117	777	133	42.2	11.181	10.898	39188	78	on	ab(deep=6,tt,ord,nodes=200k)@2.classic(chip=100)@2.opener(book,book=9)@1
34	1044	12	1820	1568	252	782	128	786	124	41.6	10.990	10.708	38536	78	on	ab(deep=6,tt,ord,nodes=200k)@2.classic(chip=100)@2.opener(book,book=4)@1
35	1042	25	318	245	73	129	30	116	43	37.2	2.509	4.726	12591	85	gone	ab(deep=6,tt,ord,nodes=200k)@1.classic(chip=100)@1.dil(prob=30,deep=3)@1
36	1042	25	318	245	73	135	24	110	49	37.0	0.143	4.373	545	86	gone	ab(deep=6,tt,ord,nodes=200k)@1.classic(chip=100)@1.dil(prob=30,deep=4)@1
37	1042	14	1052	893	159	465	61	428	98	53.4	20.202	19.417	63471	73	gone	ab(deep=6,tt,ord,time=150ms)@1.learned(model=96,990e39e7,pool_games,lin,shape=129-1)@1
38	1042	12	1820	1565	255	796	114	769	141	41.4	11.675	11.428	41076	77	on	ab(deep=6,tt,ord,nodes=200k)@2.classic(chip=100)@2.opener(book,book=14)@1
39	1041	12	1820	1564	256	813	97	751	159	52.8	19.225	18.954	68893	73	on	ab(deep=6,tt,ord,nodes=200k)@2.learned(model=96,990e39e7,pool_games,lin,shape=129-1)@1
40	1039	10	1967	1489	478	769	209	720	269	52.7	21.853	20.715	67868	72	gone	ab(deep=6,tt,ord,nodes=200k)@1.learned(model=349,5ee50d5c,tdleaf_self,lin,shape=129-1)@1
41	1039	8	2596	1829	767	883	415	946	352	55.3	13.646	13.185	45938	76	gone	ab(deep=6,tt,ord,nodes=200k)@1.learned(model=98,5801570e,pool_games,lin,shape=129-1)@1.opener(book,book=12)@1
42	1038	12	1820	1561	259	857	53	704	206	52.8	28.835	28.515	104251	70	on	ab(deep=6,tt,ord,nodes=200k)@2.learned(model=171,10d3530c,tdleaf_self,lin,shape=129-1)@1
43	1037	10	1967	1485	482	743	235	742	247	54.7	28.020	24.910	83423	71	gone	ab(deep=6,tt,ord,nodes=200k)@1.learned(model=171,10d3530c,tdleaf_self,lin,shape=129-1)@1
44	1036	8	2596	1823	773	919	379	904	394	55.6	15.263	14.807	50043	75	gone	ab(deep=6,tt,ord,nodes=200k)@1.learned(model=3,68364898,pool_games,lin,shape=129-1)@1.opener(book,book=2)@1
45	1036	12	1820	1558	262	759	151	799	111	51.1	40.063	39.598	123782	68	on	ab(deep=6,ord,nodes=200k)@2.adv(chip=77,support=-2,control=1,noiseseed=1,racewin=1)@1.opener(book,book=20)@1
46	1035	8	2596	1820	776	805	493	1015	283	53.2	39.211	37.627	113037	68	gone	ab(deep=6,ord,nodes=200k)@1.adv(chip=77,support=-2,control=1,noiseseed=1,racewin=1)@1.opener(book,book=2)@1
47	1033	12	1820	1554	266	811	99	743	167	48.7	18.270	17.994	65426	73	on	ab(deep=6,tt,ord,nodes=200k)@2.learned(model=441,01db390c,tdleaf_self,lin,shape=129-1)@1
48	1032	12	1820	1553	267	756	154	797	113	50.9	40.617	40.061	124938	68	on	ab(deep=6,ord,nodes=200k)@2.adv(chip=77,support=-2,control=1,noiseseed=1,racewin=1)@1.opener(book,book=19)@1
49	1032	8	2596	1811	785	844	454	967	331	45.8	7.569	7.168	22248	81	gone	ab(deep=6,tt,ord,nodes=200k)@1.classic(chip=100)@2.opener(book,book=9)@1
50	1032	10	1764	1366	398	710	172	656	226	55.0	16.208	15.829	54978	74	gone	ab(deep=6,tt,ord,nodes=200k)@1.learned(model=98,5801570e,pool_games,lin,shape=129-1)@1.opener(book,book=16)@1
51	1032	12	1820	1552	268	792	118	760	150	51.2	18.315	18.048	66842	73	on	ab(deep=6,tt,ord,nodes=200k)@2.learned(model=98,5801570e,pool_games,lin,shape=129-1)@1.opener(book,book=10)@1
52	1031	8	2636	1838	798	886	432	952	366	52.3	16.663	16.277	56314	74	gone	ab(deep=6,tt,ord,qs,nodes=200k)@1.learned(model=98,5801570e,pool_games,lin,shape=129-1)@1
53	1031	11	1820	1551	269	761	149	790	120	50.7	39.061	38.584	120691	68	on	ab(deep=6,ord,nodes=200k)@2.adv(chip=77,support=-2,control=1,noiseseed=1,racewin=1)@1.opener(book,book=3)@1
54	1030	11	1820	1550	270	786	124	764	146	50.5	16.898	16.721	61788	73	on	ab(deep=6,tt,ord,nodes=200k)@2.learned(model=98,5801570e,pool_games,lin,shape=129-1)@1.opener(book,book=4)@1
55	1029	8	2596	1801	795	846	452	955	343	46.2	8.628	8.183	25817	79	gone	ab(deep=6,tt,ord,nodes=200k)@1.classic(chip=100)@2.opener(book,book=4)@1
56	1029	11	1820	1548	272	805	105	743	167	41.3	11.618	11.298	40941	76	on	ab(deep=6,tt,ord,nodes=200k)@2.classic(chip=100)@2.opener(book,book=13)@1
57	1029	11	1820	1548	272	802	108	746	164	42.1	12.175	12.070	41653	76	on	ab(deep=6,tt,ord,qs,nodes=200k)@2.classic(turn=1,chip=4)@2
58	1028	27	242	185	57	99	22	86	35	54.0	14.914	14.823	67951	74	gone	ab(deep=6,tt,ord,nodes=200k)@1.learned(model=169,4975683c,tdleaf_self,lin,shape=129-1)@1.opener(cbook,cbook=5,ply=16)@1
59	1027	8	2596	1796	800	822	476	974	324	46.4	9.156	8.749	27272	78	gone	ab(deep=6,tt,ord,nodes=200k)@1.classic(chip=100)@2.opener(book,book=7)@1
60	1026	8	2780	1947	833	811	579	1136	254	52.7	39.989	38.012	117698	67	gone	ab(deep=6,ord,nodes=200k)@1.adv(chip=77,support=-2,control=1,noiseseed=1,racewin=1)@1
61	1025	7	2876	1988	888	1030	408	958	480	55.1	15.519	14.953	51561	74	gone	ab(deep=6,tt,ord,nodes=200k)@1.learned(model=98,5801570e,pool_games,lin,shape=129-1)@1
62	1025	25	318	240	78	131	28	109	50	37.3	0.325	3.527	1391	87	gone	ab(deep=6,tt,ord,nodes=200k)@1.classic(chip=100)@1.dil(prob=45,deep=4)@1
63	1024	14	960	720	240	380	100	340	140	52.9	14.643	14.284	50756	74	gone	ab(d6,tt,ord,nb200k)@1.learned(s7,c7f7ce61)@1
64	1024	8	2740	1865	875	897	473	968	402	56.3	17.653	17.050	58694	73	gone	ab(deep=6,tt,ord,nodes=200k)@1.learned(model=3,68364898,pool_games,lin,shape=129-1)@1
65	1023	10	1764	1351	413	644	238	707	175	44.6	9.150	8.804	27374	78	gone	ab(deep=6,tt,ord,nodes=200k)@1.classic(chip=100)@2.opener(book,book=14)@1
66	1023	10	1756	1346	410	650	228	696	182	52.1	40.100	38.901	121335	67	gone	ab(deep=6,ord,nodes=200k)@1.adv(chip=77,support=-2,control=1,noiseseed=1,racewin=1)@1.opener(book,book=19)@1
67	1023	11	1820	1540	280	754	156	786	124	50.9	40.977	40.297	125700	67	on	ab(deep=6,ord,nodes=200k)@2.adv(chip=77,support=-2,control=1,noiseseed=1,racewin=1)@1
68	1022	7	2876	1978	898	1007	431	971	467	54.8	15.912	15.417	51952	73	gone	ab(deep=6,tt,ord,nodes=200k)@1.learned(model=96,990e39e7,pool_games,lin,shape=129-1)@1
69	1021	11	1820	1538	282	824	86	714	196	52.9	18.674	18.483	69509	72	on	ab(deep=6,tt,ord,time=150ms)@2.learned(model=96,990e39e7,pool_games,lin,shape=129-1)@1
70	1019	10	1904	1430	474	735	217	695	257	57.4	17.927	17.586	59182	72	gone	ab(deep=6,tt,ord,nodes=200k)@1.learned(model=96,990e39e7,pool_games,lin,shape=129-1)@1.opener(rand,moves=4)@1
71	1019	11	1820	1535	285	775	135	760	150	51.6	17.900	17.663	65240	72	on	ab(deep=6,tt,ord,nodes=200k)@2.learned(model=98,5801570e,pool_games,lin,shape=129-1)@1.opener(book,book=1)@1
72	1019	11	1820	1535	285	781	129	754	156	51.9	18.393	18.148	66744	72	on	ab(deep=6,tt,ord,nodes=200k)@2.learned(model=98,5801570e,pool_games,lin,shape=129-1)@1.opener(book,book=16)@1
73	1018	11	1820	1534	286	761	149	773	137	51.1	18.039	17.826	68772	72	on	ab(deep=6,tt,ord,time=150ms)@2.learned(model=98,5801570e,pool_games,lin,shape=129-1)@1
74	1017	10	1764	1341	423	676	206	665	217	54.5	18.358	18.030	62574	72	gone	ab(deep=6,tt,ord,nodes=200k)@1.learned(model=98,5801570e,pool_games,lin,shape=129-1)@1.opener(book,book=15)@1
75	1017	11	1820	1532	288	791	119	741	169	51.4	17.302	17.079	63155	72	on	ab(deep=6,tt,ord,nodes=200k)@2.learned(model=98,5801570e,pool_games,lin,shape=129-1)@1.opener(book,book=12)@1
76	1016	8	2596	1765	831	824	474	941	357	46.0	8.272	7.871	24438	79	gone	ab(deep=6,tt,ord,nodes=200k)@1.classic(chip=100)@2.opener(book,book=8)@1
77	1015	11	1820	1530	290	786	124	744	166	44.9	21.014	20.733	96844	71	on	ab(deep=6,ord,nodes=200k)@2.adv(chip=75,hole=3,race=2,noiseseed=1,racewin=1)@1
78	1015	11	1820	1530	290	773	137	757	153	51.9	17.771	17.595	64888	72	on	ab(deep=6,tt,ord,nodes=200k)@2.learned(model=98,5801570e,pool_games,lin,shape=129-1)@1.opener(book,book=2)@1
79	1015	11	1820	1530	290	800	110	730	180	41.7	11.190	11.078	41675	76	on	ab(deep=6,tt,ord,time=150ms)@2.classic(chip=100)@2
80	1014	11	1820	1528	292	797	113	731	179	42.3	11.874	11.717	77055	75	on	ab(deep=6,ord,nodes=200k)@2.classic(chip=100)@2
81	1013	10	1751	1334	417	667	203	667	214	51.6	23.125	21.819	71937	70	gone	ab(deep=6,tt,ord,nodes=200k)@1.learned(model=351,42d88d8e,tdleaf_self,lin,shape=129-1)@1
82	1012	11	1820	1525	295	763	147	762	148	51.6	18.775	18.578	68575	71	on	ab(deep=6,tt,ord,nodes=200k)@2.learned(model=98,5801570e,pool_games,lin,shape=129-1)@1
83	1011	10	1750	1330	420	656	214	674	206	52.3	21.568	20.486	69758	71	gone	ab(deep=6,tt,ord,nodes=200k)@1.learned(model=603,2da121ee,tdleaf_self,lin,shape=129-1)@1
84	1009	11	1820	1521	299	804	106	717	193	41.5	11.469	11.362	43959	75	on	ab(deep=6,tt,nodes=200k)@2.classic(chip=100)@2
85	1009	11	1820	1521	299	786	124	735	175	41.8	10.507	10.398	34967	76	on	ab(deep=6,tt,ord,margin=50,nodes=200k)@2.classic(chip=100)@2
86	1009	11	1820	1521	299	776	134	745	165	51.7	17.817	17.607	64933	72	on	ab(deep=6,tt,ord,nodes=200k)@2.learned(model=98,5801570e,pool_games,lin,shape=129-1)@1.opener(book,book=11)@1
87	1008	8	2596	1741	855	834	464	907	391	54.9	17.619	17.029	57490	72	gone	ab(deep=6,tt,ord,nodes=200k)@1.learned(model=3,68364898,pool_games,lin,shape=129-1)@1.opener(book,book=6)@1
88	1008	25	318	235	83	128	31	107	52	38.3	4.276	7.275	22227	79	gone	ab(deep=6,tt,ord,nodes=200k)@1.classic(chip=100)@1.dil(prob=4)@1
89	1007	11	1820	1519	301	770	140	749	161	51.1	18.458	18.210	67163	71	on	ab(deep=6,tt,ord,nodes=200k)@2.learned(model=98,5801570e,pool_games,lin,shape=129-1)@1.opener(book,book=15)@1
90	1006	11	1820	1517	303	797	113	720	190	42.1	11.192	10.882	39104	75	on	ab(deep=6,tt,ord,nodes=200k)@2.classic(chip=100)@2.opener(book,book=1)@1
91	1006	10	1764	1321	443	638	244	683	199	45.1	10.563	10.138	32481	76	gone	ab(deep=6,tt,ord,nodes=200k)@1.classic(chip=100)@2.opener(book,book=13)@1
92	1005	11	1820	1516	304	796	114	720	190	41.7	11.317	11.177	41790	75	on	ab(deep=6,tt,ord,nodes=200k)@2.classic(chip=100)@2
93	1004	25	318	234	84	128	31	106	53	36.8	1.587	3.408	7551	86	gone	ab(deep=6,tt,ord,nodes=200k)@1.classic(chip=100)@1.dil(prob=45,deep=3)@1
94	1004	11	1820	1514	306	788	122	726	184	42.6	10.559	10.444	35098	75	on	ab(deep=6,tt,ord,margin=25,nodes=200k)@2.classic(chip=100)@2
95	1004	9	1904	1401	503	721	231	680	272	58.1	21.239	20.820	70014	70	gone	ab(deep=6,tt,ord,nodes=200k)@1.learned(model=76,ef183148,position_elo,lin,mu_shape=129-1,sigma_shape=129-1)@1.opener(rand,moves=4)@1
96	1001	10	1780	1330	450	707	183	623	267	57.1	402.715	387.839	85663	54	gone	ab(deep=6,tt,ord,nodes=200k)@1.learned(model=111,78ef6974,position_elo,mlp,mu_shape=129-512-8-1,sigma_shape=129-64-1)@1
97	998	14	1052	855	197	429	97	426	100	52.9	24.394	23.488	77153	69	gone	ab(deep=6,tt,ord,time=150ms)@1.learned(model=76,ef183148,position_elo,lin,mu_shape=129-1,sigma_shape=129-1)@1
98	997	11	1820	1505	315	719	191	786	124	52.0	23.489	22.960	79188	69	on	ab(deep=6,tt,ord,nodes=200k)@2.learned(model=10,fead67b7,weight_merge,lin,shape=129-1)@1
99	997	14	1052	854	198	440	86	414	112	42.2	11.788	11.336	36112	74	gone	ab(deep=6,tt,ord,time=150ms)@1.classic(chip=100)@2
100	994	24	318	231	87	124	35	107	52	36.3	0.303	2.652	1329	87	gone	ab(deep=6,tt,ord,nodes=200k)@1.classic(chip=100)@1.dil(prob=60,deep=4)@1
101	994	14	1052	851	201	427	99	424	102	52.3	21.519	20.715	68614	69	gone	ab(deep=6,tt,ord,time=150ms)@1.learned(model=3,68364898,pool_games,lin,shape=129-1)@1
102	994	11	1820	1500	320	709	201	791	119	50.3	38.738	38.348	119778	65	on	ab(deep=6,ord,nodes=200k)@2.adv(chip=77,support=-2,control=1,noiseseed=1,racewin=1)@1.opener(book,book=2)@1
103	994	7	3092	2155	937	1084	462	1071	475	43.1	4.321	7.250	21162	77	gone	ab(deep=6,tt,ord,margin=50,nodes=200k)@1.classic(chip=100)@2
104	993	11	1820	1499	321	785	125	714	196	42.4	11.106	10.898	40799	74	on	ab(deep=6,tt,ord,margin=100,nodes=200k)@2.classic(chip=100)@2
105	993	7	3472	2556	916	1325	411	1231	505	47.7	111.052	109.670	407246	59	on	ab(deep=8,tt,ord,nodes=2m)@2.classic(chip=100)@2.dil(prob=15,deep=6)@1
106	991	11	1820	1496	324	745	165	751	159	50.4	20.635	20.385	72943	69	on	ab(deep=6,tt,ord,qs,nodes=200k)@2.learned(model=98,5801570e,pool_games,lin,shape=129-1)@1
107	990	27	196	155	41	80	18	75	23	53.0	29.213	24.882	54028	68	gone	ab(d6,tt,ord,nb200k)@1.learned(s6,99ac0d85)@1
108	990	27	196	155	41	78	20	77	21	52.2	33.309	27.926	56029	67	gone	ab(d6,tt,ord,nb200k)@1.learned(s13,068b8a37)@1
109	989	17	472	305	167	152	84	153	83	62.4	19.717	19.044	65167	70	gone	ab(d6,tt,ord,nb200k)@1.learned(s6,eac8ab99,value,lin,129-1,con100)@1
110	989	11	1392	965	427	499	197	466	230	59.7	17.873	17.518	60268	70	gone	ab(d6,tt,ord,nb200k)@1.learned(s6,eac8ab99,value,lin,129-1,con100)@1.opener(rand,4)@1
111	988	7	3092	2137	955	1078	468	1059	487	43.9	4.967	9.468	25894	75	gone	ab(deep=6,tt,nodes=200k)@1.classic(chip=100)@2
112	988	8	2636	1710	926	853	465	857	461	45.6	10.126	9.883	31306	74	gone	ab(deep=6,tt,ord,qs,nodes=200k)@1.classic(turn=1,chip=4)@2
113	987	7	3472	2538	934	1289	447	1249	487	57.0	17.846	17.602	63671	70	on	ab(deep=6,tt,ord,nodes=200k)@2.learned(model=96,990e39e7,pool_games,lin,shape=129-1)@1.opener(rand,moves=4)@1
114	987	7	3196	2176	1020	1098	500	1078	520	43.9	4.036	7.140	20004	77	gone	ab(deep=6,tt,ord,nodes=200k)@1.classic(chip=100)@2
115	986	7	3472	2533	939	1333	403	1200	536	47.2	92.626	91.470	340706	60	on	ab(deep=8,tt,ord,nodes=2m)@2.classic(chip=100)@2.dil(prob=30,deep=6)@1
116	984	10	1756	1278	478	622	256	656	222	55.5	17.953	17.596	59539	70	gone	ab(deep=6,tt,ord,nodes=200k)@1.learned(model=3,68364898,pool_games,lin,shape=129-1)@1.opener(book,book=18)@1
117	983	11	1820	1484	336	725	185	759	151	51.7	22.554	22.325	79794	68	on	ab(deep=6,tt,ord,time=150ms)@2.learned(model=10,fead67b7,weight_merge,lin,shape=129-1)@1
118	982	14	1052	840	212	400	126	440	86	52.0	24.718	23.730	75186	68	gone	ab(deep=6,tt,ord,time=150ms)@1.learned(model=10,fead67b7,weight_merge,lin,shape=129-1)@1
119	981	9	1904	1357	547	704	248	653	299	49.7	11.212	10.824	33591	73	gone	ab(deep=6,tt,ord,nodes=200k)@1.classic(chip=100)@2.opener(rand,moves=4)@1
120	981	20	504	361	143	182	70	179	73	35.1	1.599	2.017	37827	89	gone	ab(deep=5)@1.classic(chip=100)@1
121	979	11	1820	1478	342	734	176	744	166	52.8	19.600	19.380	73132	69	on	ab(deep=6,tt,ord,time=150ms)@2.learned(model=3,68364898,pool_games,lin,shape=129-1)@1
122	979	26	242	173	69	90	31	83	38	42.8	6.870	6.898	29267	77	gone	ab(deep=6,tt,ord,nodes=200k)@1.classic(chip=100)@2.opener(cbook,cbook=3,ply=16)@1
123	978	24	318	226	92	118	41	108	51	37.0	0.724	2.461	3504	87	gone	ab(deep=6,tt,ord,nodes=200k)@1.classic(chip=100)@1.dil(prob=60,deep=3)@1
124	978	11	1820	1476	344	716	194	760	150	53.0	19.804	19.550	72240	69	on	ab(deep=6,tt,ord,nodes=200k)@2.learned(model=3,68364898,pool_games,lin,shape=129-1)@1
125	977	7	3092	2099	993	1047	499	1052	494	43.4	3.964	7.809	19361	76	gone	ab(deep=6,tt,ord,margin=25,nodes=200k)@1.classic(chip=100)@2
126	976	11	1820	1474	346	733	177	741	169	56.0	176.142	174.286	89594	56	on	ab(deep=6,tt,ord,nodes=200k)@2.learned(model=78,2fa21eda,position_elo,mlp,mu_shape=129-128-64-1,sigma_shape=129-32-1)@1
127	975	10	1756	1262	494	605	273	657	221	55.8	19.647	19.274	65412	68	gone	ab(deep=6,tt,ord,nodes=200k)@1.learned(model=3,68364898,pool_games,lin,shape=129-1)@1.opener(book,book=17)@1
128	974	7	3472	2494	978	1231	505	1263	473	58.0	20.348	20.069	74051	68	on	ab(deep=6,tt,ord,nodes=200k)@2.learned(model=76,ef183148,position_elo,lin,mu_shape=129-1,sigma_shape=129-1)@1.opener(rand,moves=4)@1
129	974	17	472	296	176	146	90	150	86	59.4	20.755	20.052	67307	68	gone	ab(d6,tt,ord,nb200k)@1.learned(s7,c7f7ce61,value,lin,129-1,con100)@1
130	974	26	196	151	45	76	22	75	23	51.2	24.693	22.319	50657	67	gone	ab(d6,tt,ord,nb200k)@1.learned(s7,388ce3fa)@1
131	973	13	1052	831	221	406	120	425	101	52.2	19.705	19.028	64281	68	gone	ab(deep=6,tt,ord,time=150ms)@1.learned(model=98,5801570e,pool_games,lin,shape=129-1)@1
132	972	10	1840	1307	533	651	269	656	264	57.7	17.732	17.394	59846	69	gone	ab(deep=6,tt,ord,nodes=200k)@1.learned(model=98,5801570e,pool_games,lin,shape=129-1)@1.opener(rand,moves=4)@1
133	971	10	1726	1237	489	640	218	597	271	50.8	15.784	14.856	47745	70	gone	ab(deep=6,tt,ord,nodes=200k)@1.learned(model=441,01db390c,tdleaf_self,lin,shape=129-1)@1
134	970	7	3092	2076	1016	1018	528	1058	488	43.2	4.069	8.347	19962	74	gone	ab(deep=6,tt,ord,margin=100,nodes=200k)@1.classic(chip=100)@2
135	970	26	196	150	46	79	19	71	27	50.6	26.273	23.408	52244	67	gone	ab(d6,tt,ord,nb200k)@1.learned(s4,95b45b1f)@1
136	969	13	1052	827	225	433	93	394	132	53.7	21.790	20.962	71245	68	gone	ab(deep=6,tt,ord,time=150ms)@1.learned(model=8,6f1a4264,pool_games,lin,shape=129-1)@1
137	969	8	2636	1652	984	795	523	857	461	45.0	7.975	7.686	24794	75	gone	ab(deep=6,tt,ord,nodes=200k)@1.classic(chip=100)@2.opener(book,book=1)@1
138	967	9	1840	1298	542	633	287	665	255	56.6	21.196	20.492	66678	68	gone	ab(deep=6,tt,ord,nodes=200k)@1.learned(model=10,fead67b7,weight_merge,lin,shape=129-1)@1.opener(rand,moves=4)@1
139	967	10	1796	1271	525	674	224	597	301	55.8	18.112	17.676	62201	69	gone	ab(deep=6,tt,ord,nodes=200k)@1.learned(model=8,6f1a4264,pool_games,lin,shape=129-1)@1
140	967	7	3472	2468	1004	1209	527	1259	477	55.6	20.801	20.258	70224	68	on	ab(deep=6,tt,ord,nodes=200k)@2.learned(model=10,fead67b7,weight_merge,lin,shape=129-1)@1.opener(rand,moves=4)@1
141	964	7	3092	2057	1035	1082	464	975	571	48.1	7.007	11.030	71315	72	gone	ab(deep=6,ord,nodes=200k)@1.classic(chip=100)@2
142	964	7	3472	2459	1013	1268	468	1191	545	57.6	17.266	17.056	62581	69	on	ab(deep=6,tt,ord,nodes=200k)@2.learned(model=98,5801570e,pool_games,lin,shape=129-1)@1.opener(rand,moves=4)@1
143	963	7	3472	2456	1016	1268	468	1188	548	50.0	11.102	10.790	38361	72	on	ab(deep=6,tt,ord,nodes=200k)@2.classic(chip=100)@2.opener(rand,moves=4)@1
144	963	26	242	169	73	84	37	85	36	43.8	6.796	6.767	29107	76	gone	ab(deep=6,tt,ord,nodes=200k)@1.classic(chip=100)@2.opener(cbook,cbook=2,ply=16)@1
145	962	11	1392	923	469	480	216	443	253	57.6	18.778	18.406	62186	68	gone	ab(d6,tt,ord,nb200k)@1.learned(s7,c7f7ce61,value,lin,129-1,con100)@1.opener(rand,4)@1
146	961	11	1264	848	416	422	210	426	206	54.8	17.322	17.080	56654	68	gone	ab(d6,tt,ord,nb200k)@1.learned(s9,e5b3b014,value,lin,129-1,con100)@1.opener(rand,4)@1
147	959	26	242	168	74	91	30	77	44	43.2	6.984	6.904	29602	75	gone	ab(deep=6,tt,ord,nodes=200k)@1.classic(chip=100)@2.opener(cbook,cbook=4,ply=16)@1
148	958	7	3472	2438	1034	1277	459	1161	575	59.0	348.647	344.288	82556	52	on	ab(deep=6,tt,ord,nodes=200k)@2.learned(model=111,78ef6974,position_elo,mlp,mu_shape=129-512-8-1,sigma_shape=129-64-1)@1.opener(rand,moves=4)@1
149	958	26	196	147	49	80	18	67	31	51.4	33.843	27.920	55627	65	gone	ab(d6,tt,ord,nb200k)@1.learned(s14,e7a789fe)@1
150	957	10	1820	1444	376	784	126	660	250	55.1	419.133	409.076	95005	51	on	ab(deep=6,tt,ord,nodes=200k)@2.learned(model=111,78ef6974,position_elo,mlp,mu_shape=129-512-8-1,sigma_shape=129-64-1)@1
151	956	10	1796	1250	546	595	303	655	243	55.7	18.244	17.767	62671	68	gone	ab(deep=6,tt,ord,nodes=200k)@1.learned(model=4,eb105733,pool_games,lin,shape=129-1)@1
152	955	10	1756	1222	534	645	233	577	301	59.0	467.633	452.335	83902	51	gone	ab(deep=6,tt,ord,nodes=200k)@1.learned(model=77,ddaa5090,position_elo,mlp,mu_shape=129-128-64-1,sigma_shape=129-32-1)@1
153	955	8	2596	1582	1014	656	642	926	372	50.2	38.438	36.530	109647	63	gone	ab(deep=6,ord,nodes=200k)@1.adv(chip=77,support=-2,control=1,noiseseed=1,racewin=1)@1.opener(book,book=3)@1
154	954	26	196	146	50	76	22	70	28	51.2	33.103	27.650	56540	65	gone	ab(d6,tt,ord,nb200k)@1.learned(s12,fc66af48)@1
155	954	26	196	146	50	76	22	70	28	51.7	29.486	26.213	54063	65	gone	ab(d6,tt,ord,nb200k)@1.learned(s3,8603e15c)@1
156	954	9	1840	1271	569	661	259	610	310	59.9	361.366	344.571	79838	52	gone	ab(deep=6,tt,ord,nodes=200k)@1.learned(model=111,78ef6974,position_elo,mlp,mu_shape=129-512-8-1,sigma_shape=129-64-1)@1.opener(rand,moves=4)@1
157	953	10	1820	1437	383	752	158	685	225	53.9	19.417	19.214	74115	67	on	ab(deep=6,tt,ord,time=150ms)@2.learned(model=8,6f1a4264,pool_games,lin,shape=129-1)@1
158	952	24	318	218	100	114	45	104	55	38.5	4.793	7.326	25399	74	gone	ab(deep=6,tt,ord,nodes=200k)@1.classic(chip=100)@1.dil(prob=7)@1
159	952	10	1756	1216	540	631	247	585	293	58.5	446.199	432.326	81374	51	gone	ab(deep=6,tt,ord,nodes=200k)@1.learned(model=78,2fa21eda,position_elo,mlp,mu_shape=129-128-64-1,sigma_shape=129-32-1)@1
160	951	13	1052	809	243	381	145	428	98	52.6	21.279	20.506	68848	66	gone	ab(deep=6,tt,ord,time=150ms)@1.learned(model=4,eb105733,pool_games,lin,shape=129-1)@1
161	950	26	196	145	51	74	24	71	27	53.2	35.569	29.739	59504	64	gone	ab(d6,tt,ord,nb200k)@1.learned(s10,6153d426)@1
162	950	10	1820	1432	388	714	196	718	192	54.3	21.728	21.479	81772	66	on	ab(deep=6,tt,ord,time=150ms)@2.learned(model=76,ef183148,position_elo,lin,mu_shape=129-1,sigma_shape=129-1)@1
163	949	10	1756	1211	545	626	252	585	293	58.6	391.703	379.478	85547	51	gone	ab(deep=6,tt,ord,nodes=200k)@1.learned(model=113,e3cc8b4e,position_elo,mlp,mu_shape=129-512-8-1,sigma_shape=129-64-1)@1
164	949	7	2780	1700	1080	990	400	710	680	49.0	21.161	20.049	95264	66	gone	ab(deep=6,ord,nodes=200k)@1.adv(chip=75,hole=3,race=2,noiseseed=1,racewin=1)@1
165	948	10	1820	1430	390	720	190	710	200	54.1	50.606	49.892	96274	61	on	ab(deep=6,tt,ord,nodes=200k)@2.learned(model=405,111c40c8,tdleaf_self,mlp,shape=129-32-1)@1
166	946	9	1904	1285	619	639	313	646	306	58.7	18.133	17.756	60647	67	gone	ab(deep=6,tt,ord,nodes=200k)@1.learned(model=3,68364898,pool_games,lin,shape=129-1)@1.opener(rand,moves=4)@1
167	945	8	2636	1580	1056	708	610	872	446	53.8	19.067	18.465	62169	67	gone	ab(deep=6,tt,ord,nodes=200k)@1.learned(model=10,fead67b7,weight_merge,lin,shape=129-1)@1
168	945	9	1840	1254	586	677	243	577	343	58.6	18.872	18.515	63777	67	gone	ab(deep=6,tt,ord,nodes=200k)@1.learned(model=8,6f1a4264,pool_games,lin,shape=129-1)@1.opener(rand,moves=4)@1
169	945	10	1820	1424	396	675	235	749	161	52.7	18.317	18.031	65881	67	on	ab(deep=6,tt,ord,nodes=200k)@2.learned(model=3,68364898,pool_games,lin,shape=129-1)@1.opener(book,book=2)@1
170	944	10	1734	1190	544	609	253	581	291	53.5	41.787	39.457	69744	62	gone	ab(deep=6,tt,ord,nodes=200k)@1.learned(model=405,111c40c8,tdleaf_self,mlp,shape=129-32-1)@1
171	942	10	1820	1419	401	751	159	668	242	54.0	19.805	19.575	72874	66	on	ab(deep=6,tt,ord,nodes=200k)@2.learned(model=8,6f1a4264,pool_games,lin,shape=129-1)@1
172	939	10	1820	1415	405	720	190	695	215	54.6	22.165	21.997	80537	65	on	ab(deep=6,tt,ord,nodes=200k)@2.learned(model=76,ef183148,position_elo,lin,mu_shape=129-1,sigma_shape=129-1)@1
173	939	26	196	142	54	75	23	67	31	50.3	145.958	129.627	51096	55	gone	ab(d6,tt,ord,nb200k)@1.learned(s22,93efd444)@1
174	938	9	1840	1239	601	622	298	617	303	58.0	18.569	18.211	62261	66	gone	ab(deep=6,tt,ord,nodes=200k)@1.learned(model=4,eb105733,pool_games,lin,shape=129-1)@1.opener(rand,moves=4)@1
175	935	26	196	141	55	66	32	75	23	51.8	34.471	29.412	57811	63	gone	ab(d6,tt,ord,nb200k)@1.learned(s11,e2d2f5da)@1
176	935	26	196	141	55	76	22	65	33	50.8	26.628	23.257	50859	64	gone	ab(d6,tt,ord,nb200k)@1.learned(s8,41ebc0ab)@1
177	934	10	1820	1407	413	640	270	767	143	52.3	19.445	19.183	69814	66	on	ab(deep=6,tt,ord,nodes=200k)@2.learned(model=3,68364898,pool_games,lin,shape=129-1)@1.opener(book,book=18)@1
178	932	10	1820	1403	417	649	261	754	156	52.0	19.565	19.352	70511	65	on	ab(deep=6,tt,ord,nodes=200k)@2.learned(model=3,68364898,pool_games,lin,shape=129-1)@1.opener(book,book=17)@1
179	932	7	3472	2343	1129	1250	486	1093	643	58.7	18.161	17.933	66508	66	on	ab(deep=6,tt,ord,nodes=200k)@2.learned(model=8,6f1a4264,pool_games,lin,shape=129-1)@1.opener(rand,moves=4)@1
180	931	10	1820	1401	419	655	255	746	164	52.3	19.569	19.223	70016	65	on	ab(deep=6,tt,ord,nodes=200k)@2.learned(model=3,68364898,pool_games,lin,shape=129-1)@1.opener(book,book=6)@1
181	929	7	3472	2333	1139	1214	522	1119	617	45.6	9.643	9.477	35468	70	on	ab(deep=6,tt,ord,nodes=200k)@2.classic(chip=100)@2.dil(prob=15,deep=4)@1
182	928	7	3472	2330	1142	1171	565	1159	577	58.2	17.809	17.526	64042	66	on	ab(deep=6,tt,ord,nodes=200k)@2.learned(model=3,68364898,pool_games,lin,shape=129-1)@1.opener(rand,moves=4)@1
183	927	10	1727	1157	570	572	286	585	284	53.8	57.908	54.804	76515	59	gone	ab(deep=6,tt,ord,nodes=200k)@1.learned(model=387,607b64aa,tdleaf_self,lin,shape=30-1)@1
184	924	25	196	138	58	70	28	68	30	50.0	28.638	24.820	54620	63	gone	ab(d6,tt,ord,nb200k)@1.learned(s5,70081fb7)@1
185	922	9	1756	1158	598	609	269	549	329	59.2	386.851	376.718	87270	50	gone	ab(deep=6,tt,ord,nodes=200k)@1.learned(model=115,21d7e638,position_elo,mlp,mu_shape=129-512-8-1,sigma_shape=129-64-1)@1
186	921	9	1800	938	862	493	407	445	455	53.4	12.644	12.352	44267	68	gone	ab(d6,tt,ord,nb200k)@1.learned(s9,e5b3b014)@1
187	920	25	196	137	59	73	25	64	34	52.9	165.216	147.175	56856	54	gone	ab(d6,tt,ord,nb200k)@1.learned(s25,64a11ec7)@1
188	920	9	1756	1155	601	599	279	556	322	58.9	385.682	373.785	85788	50	gone	ab(deep=6,tt,ord,nodes=200k)@1.learned(model=114,316257e9,position_elo,mlp,mu_shape=129-512-8-1,sigma_shape=129-64-1)@1
189	920	19	344	195	149	99	73	96	76	58.0	19.297	19.021	63435	65	gone	ab(d6,tt,ord,nb200k)@1.learned(s9,e5b3b014,value,lin,129-1,con100)@1
190	920	10	1820	1383	437	756	154	627	283	57.1	179.484	177.535	91840	53	on	ab(deep=6,tt,ord,nodes=200k)@2.learned(model=77,ddaa5090,position_elo,mlp,mu_shape=129-128-64-1,sigma_shape=129-32-1)@1
191	917	7	3472	2289	1183	1150	586	1139	597	58.0	18.065	17.789	65620	65	on	ab(deep=6,tt,ord,nodes=200k)@2.learned(model=4,eb105733,pool_games,lin,shape=129-1)@1.opener(rand,moves=4)@1
192	914	10	1820	1373	447	718	192	655	255	56.8	391.081	386.944	97219	49	on	ab(deep=6,tt,ord,nodes=200k)@2.learned(model=114,316257e9,position_elo,mlp,mu_shape=129-512-8-1,sigma_shape=129-64-1)@1
193	911	24	318	205	113	106	53	99	60	38.3	5.377	8.188	28996	70	gone	ab(deep=6,tt,ord,nodes=200k)@1.classic(chip=100)@1.dil(prob=10)@1
194	910	9	1764	1138	626	550	332	588	294	60.3	1256.967	1220.567	88978	45	gone	ab(deep=6,tt,ord,nodes=200k)@1.learned(model=79,18f19059,position_elo,mlp,mu_shape=129-256-128-1,sigma_shape=129-64-1)@1
195	909	25	196	134	62	72	26	62	36	54.2	168.845	147.819	59492	53	gone	ab(d6,tt,ord,nb200k)@1.learned(s19,37dc9a9a)@1
196	905	39	96	28	68	13	35	15	33	64.1	22.862	20.375	70998	63	gone	ab(d6,tt,ord,nb200k)@1.learned(s6,eac8ab99,pool_games,lin,129-1,con100)@1
197	900	10	1820	1349	471	619	291	730	180	53.5	19.165	18.904	72500	63	on	ab(deep=6,tt,ord,time=150ms)@2.learned(model=4,eb105733,pool_games,lin,shape=129-1)@1
198	898	9	1756	1111	645	593	285	518	360	58.6	410.434	395.673	90660	48	gone	ab(deep=6,tt,ord,nodes=200k)@1.learned(model=110,1466db6c,position_elo,mlp,mu_shape=129-512-8-1,sigma_shape=129-64-1)@1
199	897	12	1160	852	308	435	145	417	163	41.4	4.137	5.698	20177	72	gone	ab(deep=6,tt,ord,nodes=200k)@1.classic(chip=100)@2.dil(prob=15,deep=3)@1
200	896	7	3472	2212	1260	1143	593	1069	667	44.8	8.288	8.146	29770	69	on	ab(deep=6,tt,ord,nodes=200k)@2.classic(chip=100)@2.dil(prob=30,deep=4)@1
201	896	10	1820	1341	479	724	186	617	293	39.8	8.141	7.946	133088	69	on	ab(deep=6,nodes=200k)@2.classic(chip=100)@2
202	895	10	1820	1340	480	729	181	611	299	56.9	399.392	395.028	97345	48	on	ab(deep=6,tt,ord,nodes=200k)@2.learned(model=113,e3cc8b4e,position_elo,mlp,mu_shape=129-512-8-1,sigma_shape=129-64-1)@1
203	893	8	2336	1557	779	777	391	780	388	43.6	3.593	7.101	17631	70	gone	ab(deep=6,tt,ord,nodes=200k)@1.classic(chip=100)@2.dil(prob=15,deep=4)@1
204	891	25	196	129	67	66	32	63	35	53.7	25.579	23.517	52623	61	gone	ab(d6,tt,ord,nb200k)@1.learned(s9,4d37b1f7)@1
205	891	9	1840	1143	697	595	325	548	372	60.8	359.718	349.921	82442	48	gone	ab(deep=6,tt,ord,nodes=200k)@1.learned(model=113,e3cc8b4e,position_elo,mlp,mu_shape=129-512-8-1,sigma_shape=129-64-1)@1.opener(rand,moves=4)@1
206	891	10	1820	1332	488	593	317	739	171	53.4	20.039	19.674	72482	62	on	ab(deep=6,tt,ord,nodes=200k)@2.learned(model=4,eb105733,pool_games,lin,shape=129-1)@1
207	884	25	196	127	69	62	36	65	33	54.5	168.636	149.544	58758	51	gone	ab(d6,tt,ord,nb200k)@1.learned(s23,1533231f)@1
208	884	25	196	127	69	62	36	65	33	51.6	157.984	137.814	54163	52	gone	ab(d6,tt,ord,nb200k)@1.learned(s24,d1e5f517)@1
209	884	10	1820	1320	500	644	266	676	234	54.1	74.631	73.504	110303	55	on	ab(deep=6,tt,ord,nodes=200k)@2.learned(model=387,607b64aa,tdleaf_self,lin,shape=30-1)@1
210	882	7	3472	2160	1312	1131	605	1029	707	59.4	361.745	357.318	86839	48	on	ab(deep=6,tt,ord,nodes=200k)@2.learned(model=113,e3cc8b4e,position_elo,mlp,mu_shape=129-512-8-1,sigma_shape=129-64-1)@1.opener(rand,moves=4)@1
211	882	9	1734	1071	663	445	417	626	246	50.5	22.551	21.219	69824	61	gone	ab(deep=6,tt,ord,nodes=200k)@1.learned(model=459,642147d2,tdleaf_self,lin,shape=129-1)@1
212	881	7	2788	1479	1309	698	696	781	613	51.4	14.645	14.181	48331	64	gone	ab(deep=6,tt,ord,nodes=200k)@1.learned(model=99,59815079,pool_games,lin,shape=129-1)@1
213	881	25	196	126	70	65	33	61	37	53.2	252.027	229.678	53089	49	gone	ab(d6,tt,ord,nb200k)@1.learned(s33,b02b58b6)@1
214	878	10	1820	1308	512	663	247	645	265	38.8	2.246	2.232	36335	79	on	ab(deep=5)@2.classic(chip=100)@2
215	878	10	1820	1308	512	695	215	613	297	56.1	434.532	423.854	102463	47	on	ab(deep=6,tt,ord,nodes=200k)@2.learned(model=110,1466db6c,position_elo,mlp,mu_shape=129-512-8-1,sigma_shape=129-64-1)@1
216	876	10	1820	1305	515	696	214	609	301	56.6	405.640	401.396	99693	47	on	ab(deep=6,tt,ord,nodes=200k)@2.learned(model=115,21d7e638,position_elo,mlp,mu_shape=129-512-8-1,sigma_shape=129-64-1)@1
217	874	19	504	310	194	162	90	148	104	36.8	0.165	0.266	3704	108	gone	ab(deep=4)@1.classic(chip=100)@1
218	873	7	3472	2123	1349	1101	635	1022	714	44.5	6.645	6.504	24096	69	on	ab(deep=6,tt,ord,nodes=200k)@2.classic(chip=100)@2.dil(prob=45,deep=4)@1
219	870	25	196	123	73	63	35	60	38	52.9	270.558	243.894	57249	49	gone	ab(d6,tt,ord,nb200k)@1.learned(s35,e0fe5acd)@1
220	869	12	1052	720	332	352	174	368	158	49.6	18.667	18.009	59433	61	gone	ab(deep=6,tt,ord,time=150ms)@1.learned(model=99,59815079,pool_games,lin,shape=129-1)@1
221	868	9	1756	1051	705	553	325	498	380	59.4	411.724	397.351	91423	47	gone	ab(deep=6,tt,ord,nodes=200k)@1.learned(model=112,baa2951a,position_elo,mlp,mu_shape=129-512-8-1,sigma_shape=129-64-1)@1
222	867	12	1160	816	344	423	157	393	187	41.7	5.007	8.378	24781	67	gone	ab(deep=6,tt,ord,nodes=200k)@1.classic(chip=100)@2.dil(prob=4)@1
223	864	10	1820	1283	537	672	238	611	299	57.5	409.001	404.503	102737	46	on	ab(deep=6,tt,ord,nodes=200k)@2.learned(model=112,baa2951a,position_elo,mlp,mu_shape=129-512-8-1,sigma_shape=129-64-1)@1
224	863	25	196	121	75	61	37	60	38	54.3	265.004	241.440	57693	48	gone	ab(d6,tt,ord,nb200k)@1.learned(s37,97ad3321)@1
225	858	10	1820	1271	549	616	294	655	255	56.8	463.305	458.302	100186	46	on	ab(deep=6,tt,ord,nodes=200k)@2.learned(model=79,18f19059,position_elo,mlp,mu_shape=129-256-128-1,sigma_shape=129-64-1)@1
226	856	9	1736	1015	721	527	341	488	380	52.5	17.157	16.563	55255	61	gone	ab(deep=6,tt,ord,time=150ms)@1.learned(model=76,ef183148,position_elo,lin,mu_shape=129-1,sigma_shape=129-1)@1.opener(rand,moves=8)@1
227	856	19	504	301	203	157	95	144	108	35.7	0.048	0.065	1097	142	gone	ab(deep=3)@1.classic(chip=100)@1
228	853	9	1736	1008	728	505	363	503	365	50.5	16.426	15.817	50939	61	gone	ab(deep=6,tt,ord,time=150ms)@1.learned(model=10,fead67b7,weight_merge,lin,shape=129-1)@1.opener(rand,moves=8)@1
229	853	7	3472	2047	1425	1071	665	976	760	43.5	5.091	4.941	18206	69	on	ab(deep=6,tt,ord,nodes=200k)@2.classic(chip=100)@2.dil(prob=60,deep=4)@1
230	852	8	2252	1412	840	762	364	650	476	42.4	5.077	8.028	124703	66	gone	ab(deep=6,nodes=200k)@1.classic(chip=100)@2
231	848	10	1820	1253	567	595	315	658	252	48.8	16.210	16.019	60280	61	on	ab(deep=6,tt,ord,time=150ms)@2.learned(model=99,59815079,pool_games,lin,shape=129-1)@1
232	845	11	1264	677	587	323	309	354	278	52.5	16.192	15.345	52211	61	gone	ab(deep=6,tt,ord,nodes=200k)@1.learned(model=2,59815079,pool_games,lin,shape=129-1)@1
233	845	25	196	116	80	68	30	48	50	55.2	157.712	141.679	56720	49	gone	ab(d6,tt,ord,nb200k)@1.learned(s21,29061624)@1
234	845	10	1820	1247	573	655	255	592	318	51.9	0.866	0.871	9850	86	on	ab(deep=4)@2.exp(chip=4,forward=1)@2
235	844	8	2336	1430	906	734	434	696	472	43.4	3.394	6.056	16583	67	gone	ab(deep=6,tt,ord,nodes=200k)@1.classic(chip=100)@2.dil(prob=30,deep=4)@1
236	844	12	1160	787	373	399	181	388	192	43.6	3.759	5.573	18816	68	gone	ab(deep=6,tt,ord,nodes=200k)@1.classic(chip=100)@2.dil(prob=30,deep=3)@1
237	842	25	196	115	81	60	38	55	43	52.7	154.251	135.400	55163	49	gone	ab(d6,tt,ord,nb200k)@1.learned(s17,56ed7027)@1
238	842	25	196	115	81	66	32	49	49	56.6	277.819	249.775	58749	47	gone	ab(d6,tt,ord,nb200k)@1.learned(s30,ba8efc12)@1
239	840	9	1904	1054	850	561	391	493	459	52.9	15.981	15.674	53575	60	gone	ab(deep=6,tt,ord,nodes=200k)@1.learned(model=76,ef183148,position_elo,lin,mu_shape=129-1,sigma_shape=129-1)@1.opener(rand,moves=8)@1
240	840	23	318	182	136	94	65	88	71	38.4	5.269	8.004	28299	65	gone	ab(deep=6,tt,ord,nodes=200k)@1.classic(chip=100)@1.dil(prob=14)@1
241	839	19	504	293	211	156	96	137	115	37.8	0.171	0.240	3691	106	gone	ab(deep=4)@1.classic(chip=100)@1.dil(prob=5)@1
242	839	19	504	293	211	154	98	139	113	37.6	5.402	7.039	123467	66	gone	ab(deep=6,nodes=200k)@1.classic(chip=100)@1.dil(prob=10)@1
243	837	19	504	292	212	148	104	144	108	35.4	8.264	10.543	184041	63	gone	ab(deep=6,noab,nodes=200k)@1.classic(chip=100)@1
244	837	9	1840	1028	812	543	377	485	435	55.4	15.819	15.470	52411	60	gone	ab(deep=6,tt,ord,nodes=200k)@1.learned(model=99,59815079,pool_games,lin,shape=129-1)@1.opener(rand,moves=4)@1
245	837	7	3472	1987	1485	1033	703	954	782	52.7	15.167	14.967	55795	60	on	ab(deep=6,tt,ord,nodes=200k)@2.learned(model=76,ef183148,position_elo,lin,mu_shape=129-1,sigma_shape=129-1)@1.opener(rand,moves=8)@1
246	835	12	1160	776	384	385	195	391	189	42.7	5.414	8.957	27372	64	gone	ab(deep=6,tt,ord,nodes=200k)@1.classic(chip=100)@2.dil(prob=7)@1
247	835	25	196	113	83	59	39	54	44	53.2	154.673	134.462	54709	49	gone	ab(d6,tt,ord,nb200k)@1.learned(s18,111d8d80)@1
248	832	8	2252	1361	891	741	385	620	506	51.3	0.514	0.812	10480	86	gone	ab(deep=4)@1.exp(chip=4,forward=2)@2
249	831	25	196	112	84	54	44	58	40	52.7	241.162	217.857	51301	47	gone	ab(d6,tt,ord,nb200k)@1.learned(s28,6d10efee)@1
250	831	9	1820	1220	600	565	345	655	255	48.5	16.804	16.607	60191	59	on	ab(deep=6,tt,ord,nodes=200k)@2.learned(model=99,59815079,pool_games,lin,shape=129-1)@1
251	830	9	1820	1219	601	493	417	726	184	49.2	27.321	26.946	97055	56	on	ab(deep=6,tt,ord,nodes=200k)@2.learned(model=459,642147d2,tdleaf_self,lin,shape=129-1)@1
252	830	7	3472	1959	1513	1044	692	915	821	52.9	14.995	14.831	56423	60	on	ab(deep=6,tt,ord,time=150ms)@2.learned(model=76,ef183148,position_elo,lin,mu_shape=129-1,sigma_shape=129-1)@1.opener(rand,moves=8)@1
253	830	8	2252	1356	896	700	426	656	470	52.8	0.488	0.803	9925	86	gone	ab(deep=4)@1.exp(chip=4,forward=1)@2
254	830	9	1904	1030	874	524	428	506	446	51.2	15.630	15.135	50172	60	gone	ab(deep=6,tt,ord,nodes=200k)@1.learned(model=10,fead67b7,weight_merge,lin,shape=129-1)@1.opener(rand,moves=8)@1
255	828	25	196	111	85	58	40	53	45	55.0	253.394	229.008	54725	46	gone	ab(d6,tt,ord,nb200k)@1.learned(s36,31b20ca2)@1
256	824	25	196	110	86	64	34	46	52	53.8	148.657	130.770	53528	49	gone	ab(d6,tt,ord,nb200k)@1.learned(s15,af04747f)@1
257	824	24	318	177	141	104	55	73	86	54.7	2.621	2.567	17300	73	gone	ab(deep=4)@1.exp(chip=64,column=1,forward=15)@1
258	824	9	1820	1207	613	612	298	595	315	53.7	446.935	442.138	109751	44	on	ab(deep=6,tt,ord,time=150ms)@2.learned(model=113,e3cc8b4e,position_elo,mlp,mu_shape=129-512-8-1,sigma_shape=129-64-1)@1
259	823	9	1820	1205	615	627	283	578	332	51.5	0.860	0.840	9858	85	on	ab(deep=4)@2.exp(chip=4,forward=2)@2
260	823	7	3472	1933	1539	1064	672	869	867	55.3	14.948	14.715	53468	59	on	ab(deep=6,tt,ord,nodes=200k)@2.learned(model=99,59815079,pool_games,lin,shape=129-1)@1.opener(rand,moves=4)@1
261	823	7	3472	1933	1539	957	779	976	760	50.4	14.847	14.657	53092	59	on	ab(deep=6,tt,ord,time=150ms)@2.learned(model=10,fead67b7,weight_merge,lin,shape=129-1)@1.opener(rand,moves=8)@1
262	823	9	1940	1061	879	521	449	540	430	52.3	17.234	16.761	56702	59	gone	ab(deep=6,tt,ord,nodes=200k)@1.learned(model=94,784bb5fe,pool_games,lin,shape=129-1)@1
263	823	9	1727	952	775	457	401	495	374	54.1	72.325	68.505	74704	51	gone	ab(deep=6,tt,ord,nodes=200k)@1.learned(model=333,06bdc1f0,tdleaf_self,mlp,shape=30-16-1)@1
264	823	7	3472	1931	1541	992	744	939	797	50.1	15.446	15.071	52727	59	on	ab(deep=6,tt,ord,nodes=200k)@2.learned(model=10,fead67b7,weight_merge,lin,shape=129-1)@1.opener(rand,moves=8)@1
265	822	10	1392	693	699	368	328	325	371	53.2	13.668	13.393	46424	60	gone	ab(d6,tt,ord,nb200k)@1.learned(s6,eac8ab99,value,lin,129-1,con100)@1.opener(rand,8)@1
266	820	9	1820	1198	622	612	298	586	324	39.6	0.263	0.249	3988	103	on	ab(deep=4)@2.classic(chip=100)@2
267	819	19	504	283	221	170	82	113	139	46.4	0.593	0.762	11861	86	gone	ab(deep=4)@1.exp(chip=4,forward=2)@1
268	819	9	1736	940	796	475	393	465	403	51.1	14.172	13.670	44633	60	gone	ab(deep=6,tt,ord,time=150ms)@1.learned(model=96,990e39e7,pool_games,lin,shape=129-1)@1.opener(rand,moves=8)@1
269	814	25	196	107	89	56	42	51	47	53.6	147.864	129.625	51508	48	gone	ab(d6,tt,ord,nb200k)@1.learned(s16,500afc93)@1
270	814	25	196	107	89	57	41	50	48	53.3	162.646	146.117	56678	47	gone	ab(d6,tt,ord,nb200k)@1.learned(s26,d70c5070)@1
271	814	9	1840	977	863	519	401	458	462	53.1	14.395	14.201	48861	59	gone	ab(deep=6,tt,ord,nodes=200k)@1.learned(model=8,6f1a4264,pool_games,lin,shape=129-1)@1.opener(rand,moves=8)@1
272	814	9	1904	994	910	509	443	485	467	48.2	8.805	8.449	26161	62	gone	ab(deep=6,tt,ord,nodes=200k)@1.classic(chip=100)@2.opener(rand,moves=8)@1
273	811	9	1820	1181	639	623	287	558	352	53.6	443.369	438.546	106196	43	on	ab(deep=6,tt,ord,time=150ms)@2.learned(model=111,78ef6974,position_elo,mlp,mu_shape=129-512-8-1,sigma_shape=129-64-1)@1
274	810	25	196	106	90	54	44	52	46	53.5	278.528	252.101	58780	45	gone	ab(d6,tt,ord,nb200k)@1.learned(s34,93fd930c)@1
275	806	9	1840	961	879	509	411	452	468	51.0	13.332	13.073	43919	59	gone	ab(deep=6,tt,ord,nodes=200k)@1.learned(model=96,990e39e7,pool_games,lin,shape=129-1)@1.opener(rand,moves=8)@1
276	806	8	2252	1293	959	672	454	621	505	51.7	0.504	0.813	10256	83	gone	ab(deep=4)@1.exp(chip=4,forward=4)@2
277	806	8	2252	1293	959	649	477	644	482	41.3	1.370	2.206	33881	73	gone	ab(deep=5)@1.classic(chip=100)@2
278	804	7	3472	1858	1614	947	789	911	825	51.0	12.656	12.516	46782	59	on	ab(deep=6,tt,ord,time=150ms)@2.learned(model=96,990e39e7,pool_games,lin,shape=129-1)@1.opener(rand,moves=8)@1
279	803	25	196	104	92	59	39	45	53	56.9	251.718	225.714	54291	45	gone	ab(d6,tt,ord,nb200k)@1.learned(s27,12a6c33c)@1
280	802	9	1736	906	830	487	381	419	449	47.5	8.798	8.489	26101	61	gone	ab(deep=6,tt,ord,time=150ms)@1.classic(chip=100)@2.opener(rand,moves=8)@1
281	801	9	1948	1010	938	523	451	487	487	52.4	15.927	15.356	51580	58	gone	ab(deep=6,tt,ord,nodes=200k)@1.learned(model=95,07792e69,pool_games,lin,shape=129-1)@1
282	800	25	196	103	93	59	39	44	54	54.0	155.735	135.999	54938	47	gone	ab(d6,tt,ord,nb200k)@1.learned(s20,30a9414b)@1
283	800	25	196	103	93	53	45	50	48	54.1	251.347	223.615	53213	45	gone	ab(d6,tt,ord,nb200k)@1.learned(s29,ef8eac9c)@1
284	800	25	196	103	93	57	41	46	52	53.3	246.861	226.472	54277	45	gone	ab(d6,tt,ord,nb200k)@1.learned(s38,2df06048)@1
285	800	24	318	169	149	94	65	75	84	55.5	2.632	2.638	17358	70	gone	ab(deep=4)@1.exp(chip=65,column=1,forward=14)@1
286	797	7	3472	1832	1640	960	776	872	864	50.6	12.806	12.668	46132	58	on	ab(deep=6,tt,ord,nodes=200k)@2.learned(model=96,990e39e7,pool_games,lin,shape=129-1)@1.opener(rand,moves=8)@1
287	797	9	1727	900	827	487	371	413	456	54.5	21.707	20.544	67614	56	gone	ab(deep=6,tt,ord,nodes=200k)@1.learned(model=369,612a48a8,tdleaf_self,lin,shape=129-1)@1
288	796	12	1052	634	418	327	199	307	219	50.7	18.566	17.886	59294	56	gone	ab(deep=6,tt,ord,time=150ms)@1.learned(model=95,07792e69,pool_games,lin,shape=129-1)@1
289	795	12	1052	632	420	291	235	341	185	50.7	19.991	19.256	63395	56	gone	ab(deep=6,tt,ord,time=150ms)@1.learned(model=94,784bb5fe,pool_games,lin,shape=129-1)@1
290	794	9	1736	889	847	454	414	435	433	51.7	13.947	13.509	44868	58	gone	ab(deep=6,tt,ord,time=150ms)@1.learned(model=98,5801570e,pool_games,lin,shape=129-1)@1.opener(rand,moves=8)@1
291	793	25	196	101	95	61	37	40	58	53.9	224.690	202.883	49527	45	gone	ab(d6,tt,ord,nb200k)@1.learned(s32,18116b38)@1
292	791	8	2336	1286	1050	651	517	635	533	42.9	2.578	4.917	12592	65	gone	ab(deep=6,tt,ord,nodes=200k)@1.classic(chip=100)@2.dil(prob=45,deep=4)@1
293	790	9	1840	926	914	466	454	460	460	52.0	13.214	12.942	44662	58	gone	ab(deep=6,tt,ord,nodes=200k)@1.learned(model=98,5801570e,pool_games,lin,shape=129-1)@1.opener(rand,moves=8)@1
294	790	7	3472	1804	1668	938	798	866	870	52.5	12.816	12.664	47758	58	on	ab(deep=6,tt,ord,time=150ms)@2.learned(model=98,5801570e,pool_games,lin,shape=129-1)@1.opener(rand,moves=8)@1
295	790	9	1840	925	915	503	417	422	498	54.1	271.513	262.398	59867	44	gone	ab(deep=6,tt,ord,nodes=200k)@1.learned(model=111,78ef6974,position_elo,mlp,mu_shape=129-512-8-1,sigma_shape=129-64-1)@1.opener(rand,moves=8)@1
296	790	9	1840	925	915	454	466	471	449	56.3	16.943	16.567	55925	56	gone	ab(deep=6,tt,ord,nodes=200k)@1.learned(model=94,784bb5fe,pool_games,lin,shape=129-1)@1.opener(rand,moves=4)@1
297	789	7	3472	1801	1671	886	850	915	821	42.9	4.713	4.621	17323	65	on	ab(deep=6,tt,ord,nodes=200k)@2.classic(chip=100)@2.dil(prob=60,deep=3)@1
298	789	7	3472	1801	1671	952	784	849	887	47.4	8.523	8.296	29392	61	on	ab(deep=6,tt,ord,nodes=200k)@2.classic(chip=100)@2.opener(rand,moves=8)@1
299	789	7	3472	1799	1673	987	749	812	924	52.9	13.848	13.682	50926	57	on	ab(deep=6,tt,ord,nodes=200k)@2.learned(model=8,6f1a4264,pool_games,lin,shape=129-1)@1.opener(rand,moves=8)@1
300	789	9	1756	888	868	524	354	364	514	60.5	61.606	59.239	13039	50	gone	ab(deep=4)@1.learned(model=111,78ef6974,position_elo,mlp,mu_shape=129-512-8-1,sigma_shape=129-64-1)@1
301	787	9	1736	875	861	469	399	406	462	52.6	14.811	14.286	48065	57	gone	ab(deep=6,tt,ord,time=150ms)@1.learned(model=4,eb105733,pool_games,lin,shape=129-1)@1.opener(rand,moves=8)@1
302	786	25	196	99	97	54	44	45	53	54.3	259.516	233.799	56045	44	gone	ab(d6,tt,ord,nb200k)@1.learned(s31,19904e2a)@1
303	785	9	1840	916	924	476	444	440	480	52.9	14.111	13.829	47373	57	gone	ab(deep=6,tt,ord,nodes=200k)@1.learned(model=4,eb105733,pool_games,lin,shape=129-1)@1.opener(rand,moves=8)@1
304	785	11	1264	586	678	322	310	264	368	49.5	12.683	12.569	42547	58	gone	ab(d6,tt,ord,nb200k)@1.learned(s9,e5b3b014,value,lin,129-1,con100)@1.opener(rand,8)@1
305	783	7	3472	1776	1696	958	778	818	918	52.2	13.589	13.401	51120	57	on	ab(deep=6,tt,ord,time=150ms)@2.learned(model=8,6f1a4264,pool_games,lin,shape=129-1)@1.opener(rand,moves=8)@1
306	783	9	1736	866	870	492	376	374	494	53.2	15.252	14.685	49694	57	gone	ab(deep=6,tt,ord,time=150ms)@1.learned(model=8,6f1a4264,pool_games,lin,shape=129-1)@1.opener(rand,moves=8)@1
307	780	9	1820	1119	701	571	339	548	362	51.6	0.885	0.886	10177	80	on	ab(deep=4)@2.exp(chip=4,forward=8)@2
308	780	8	2336	1254	1082	631	537	623	545	42.4	1.977	3.562	9710	66	gone	ab(deep=6,tt,ord,nodes=200k)@1.classic(chip=100)@2.dil(prob=60,deep=4)@1
309	779	7	3472	1761	1711	917	819	844	892	47.7	8.117	8.037	29413	60	on	ab(deep=6,tt,ord,time=150ms)@2.classic(chip=100)@2.opener(rand,moves=8)@1
310	779	9	1820	1116	704	580	330	536	374	51.2	0.864	0.868	9950	80	on	ab(deep=4)@2.exp(chip=4,forward=4)@2
311	778	10	1392	621	771	333	363	288	408	50.5	13.950	13.675	46573	57	gone	ab(d6,tt,ord,nb200k)@1.learned(s7,c7f7ce61,value,lin,129-1,con100)@1.opener(rand,8)@1
312	776	7	3472	1751	1721	941	795	810	926	52.9	265.693	262.469	61890	43	on	ab(deep=6,tt,ord,nodes=200k)@2.learned(model=111,78ef6974,position_elo,mlp,mu_shape=129-512-8-1,sigma_shape=129-64-1)@1.opener(rand,moves=8)@1
313	775	8	2268	1216	1052	613	529	603	523	43.4	0.176	0.247	4278	97	gone	ab(deep=4)@1.classic(chip=100)@2
314	774	7	3472	1742	1730	909	827	833	903	51.6	12.976	12.809	47108	57	on	ab(deep=6,tt,ord,nodes=200k)@2.learned(model=98,5801570e,pool_games,lin,shape=129-1)@1.opener(rand,moves=8)@1
315	773	25	196	121	75	58	40	63	35	48.0	1.286	0.972	1710	78	gone	ab(d4,tt,ord,nb200k)@1.learned(s13,068b8a37)@1
316	772	9	1820	1103	717	586	324	517	393	50.7	16.047	15.887	59519	55	on	ab(deep=6,tt,ord,time=150ms)@2.learned(model=95,07792e69,pool_games,lin,shape=129-1)@1
317	771	11	1160	691	469	357	223	334	246	45.0	3.002	4.685	14927	63	gone	ab(deep=6,tt,ord,nodes=200k)@1.classic(chip=100)@2.dil(prob=45,deep=3)@1
318	771	9	1820	1100	720	513	397	587	323	50.8	17.938	17.732	64423	55	on	ab(deep=6,tt,ord,nodes=200k)@2.learned(model=94,784bb5fe,pool_games,lin,shape=129-1)@1
319	770	9	1820	1097	723	523	387	574	336	51.5	17.318	17.111	64609	55	on	ab(deep=6,tt,ord,time=150ms)@2.learned(model=94,784bb5fe,pool_games,lin,shape=129-1)@1
320	768	8	2252	1193	1059	628	498	565	561	52.0	0.497	0.848	10121	79	gone	ab(deep=4)@1.exp(chip=4,forward=8)@2
321	767	8	2336	1218	1118	637	531	581	587	44.0	5.448	9.443	27627	58	gone	ab(deep=6,tt,ord,nodes=200k)@1.classic(chip=100)@2.dil(prob=10)@1
322	766	7	3472	1710	1762	878	858	832	904	52.5	13.318	13.166	50019	56	on	ab(deep=6,tt,ord,time=150ms)@2.learned(model=4,eb105733,pool_games,lin,shape=129-1)@1.opener(rand,moves=8)@1
323	765	9	1736	831	905	452	416	379	489	52.1	14.309	13.806	45957	56	gone	ab(deep=6,tt,ord,time=150ms)@1.learned(model=3,68364898,pool_games,lin,shape=129-1)@1.opener(rand,moves=8)@1
324	765	9	1904	885	1019	479	473	406	546	52.9	13.609	13.321	45441	56	gone	ab(deep=6,tt,ord,nodes=200k)@1.learned(model=3,68364898,pool_games,lin,shape=129-1)@1.opener(rand,moves=8)@1
325	765	19	504	256	248	131	121	125	127	38.6	0.153	0.244	3513	96	gone	ab(deep=4)@1.classic(chip=100)@1.dil(prob=10)@1
326	765	19	504	256	248	143	109	113	139	47.3	0.758	0.715	14689	81	gone	ab(deep=4)@1.exp(chip=4,forward=4)@1
327	764	9	1820	1086	734	581	329	505	405	51.2	16.692	16.544	59748	55	on	ab(deep=6,tt,ord,nodes=200k)@2.learned(model=95,07792e69,pool_games,lin,shape=129-1)@1
328	764	7	3472	1702	1770	913	823	789	947	52.7	13.675	13.475	49786	56	on	ab(deep=6,tt,ord,nodes=200k)@2.learned(model=4,eb105733,pool_games,lin,shape=129-1)@1.opener(rand,moves=8)@1
329	761	19	504	254	250	146	106	108	144	47.7	0.759	0.743	14615	80	gone	ab(deep=4)@1.exp(chip=4,forward=1)@1
330	759	7	3472	1684	1788	838	898	846	890	56.1	15.791	15.585	56941	55	on	ab(deep=6,tt,ord,nodes=200k)@2.learned(model=94,784bb5fe,pool_games,lin,shape=129-1)@1.opener(rand,moves=4)@1
331	759	25	196	117	79	67	31	50	48	47.0	0.929	0.828	1586	78	gone	ab(d4,tt,ord,nb200k)@1.learned(s7,388ce3fa)@1
332	757	7	3472	1676	1796	893	843	783	953	52.4	13.271	13.007	47784	55	on	ab(deep=6,tt,ord,nodes=200k)@2.learned(model=3,68364898,pool_games,lin,shape=129-1)@1.opener(rand,moves=8)@1
333	756	9	1820	1069	751	556	354	513	397	39.3	0.082	0.071	1180	122	on	ab(deep=3)@2.classic(chip=100)@2
334	756	24	318	155	163	86	73	69	90	37.4	5.211	7.812	28727	58	gone	ab(deep=6,tt,ord,nodes=200k)@1.classic(chip=100)@1.dil(prob=18)@1
335	754	8	2252	1156	1096	710	416	446	680	58.0	1.567	3.025	18141	65	gone	ab(deep=4)@1.classic(chip=10,wall=3,column=2)@2
336	749	7	3472	1645	1827	891	845	754	982	52.2	12.928	12.789	47999	55	on	ab(deep=6,tt,ord,time=150ms)@2.learned(model=3,68364898,pool_games,lin,shape=129-1)@1.opener(rand,moves=8)@1
337	748	9	1820	1052	768	554	356	498	412	38.5	11.436	11.187	181393	56	on	ab(deep=6,noab,nodes=200k)@2.classic(chip=100)@2
338	747	9	1840	834	1006	444	476	390	530	54.3	280.701	272.574	62914	41	gone	ab(deep=6,tt,ord,nodes=200k)@1.learned(model=113,e3cc8b4e,position_elo,mlp,mu_shape=129-512-8-1,sigma_shape=129-64-1)@1.opener(rand,moves=8)@1
339	747	8	2345	1167	1178	593	584	574	594	43.3	0.165	0.227	3979	95	gone	ab(deep=4)@1.classic(chip=100)@2.dil(prob=5)@1
340	746	9	1820	1049	771	489	421	560	350	51.9	1.273	1.243	4796	73	on	ab(deep=4,tt,ord,nodes=200k)@2.learned(model=10,fead67b7,weight_merge,lin,shape=129-1)@1
341	746	13	960	424	536	195	285	229	251	50.1	0.403	0.384	1515	87	gone	ab(d4,tt,ord,nb200k)@1.learned(s6,eac8ab99)@1
342	746	13	960	424	536	224	256	200	280	50.8	0.382	0.360	1431	88	gone	ab(d4,tt,ord,nb200k)@1.learned(s7,c7f7ce61)@1
343	746	7	3472	1633	1839	854	882	779	957	45.5	10.461	10.290	38850	56	on	ab(deep=6,tt,ord,nodes=200k)@2.classic(chip=100)@2.dil(prob=10)@1
344	745	25	196	113	83	59	39	54	44	45.5	5.230	4.127	1480	62	gone	ab(d4,tt,ord,nb200k)@1.learned(s22,93efd444)@1
345	744	19	504	246	258	145	107	101	151	55.9	4.461	3.527	29876	63	gone	ab(deep=4)@1.classic(chip=10,wall=3,column=2)@1
346	742	25	196	112	84	62	36	50	48	48.2	1.084	0.824	1693	77	gone	ab(d4,tt,ord,nb200k)@1.learned(s6,99ac0d85)@1
347	742	25	196	112	84	61	37	51	47	47.9	0.848	0.848	1621	76	gone	ab(d4,tt,ord,nb200k)@1.learned(s8,41ebc0ab)@1
348	741	9	1820	1037	783	536	374	501	409	53.8	0.972	0.954	11702	75	on	ab(deep=4)@2.learned(model=76,ef183148,position_elo,lin,mu_shape=129-1,sigma_shape=129-1)@1
349	734	12	1052	557	495	273	253	284	242	51.2	517.242	499.575	112067	39	gone	ab(deep=6,tt,ord,time=150ms)@1.learned(model=113,e3cc8b4e,position_elo,mlp,mu_shape=129-512-8-1,sigma_shape=129-64-1)@1
350	733	9	1840	803	1037	426	494	377	543	57.2	16.292	15.985	54275	52	gone	ab(deep=6,tt,ord,nodes=200k)@1.learned(model=95,07792e69,pool_games,lin,shape=129-1)@1.opener(rand,moves=4)@1
351	732	7	3472	1580	1892	864	872	716	1020	53.4	278.476	275.071	65459	41	on	ab(deep=6,tt,ord,nodes=200k)@2.learned(model=113,e3cc8b4e,position_elo,mlp,mu_shape=129-512-8-1,sigma_shape=129-64-1)@1.opener(rand,moves=8)@1
352	731	25	196	109	87	54	44	55	43	47.6	1.298	0.897	1649	75	gone	ab(d4,tt,ord,nb200k)@1.learned(s11,e2d2f5da)@1
353	731	25	196	109	87	53	45	56	42	47.5	1.296	0.996	1625	73	gone	ab(d4,tt,ord,nb200k)@1.learned(s14,e7a789fe)@1
354	731	25	196	109	87	54	44	55	43	46.5	1.310	1.084	2017	73	gone	ab(d4,tt,ord,nb200k)@1.learned(s4,95b45b1f)@1
355	731	9	1820	1017	803	532	378	485	425	57.8	57.164	56.343	13793	46	on	ab(deep=4)@2.learned(model=111,78ef6974,position_elo,mlp,mu_shape=129-512-8-1,sigma_shape=129-64-1)@1
356	729	9	1736	759	977	431	437	328	540	50.5	13.096	12.588	41812	54	gone	ab(deep=6,tt,ord,time=150ms)@1.learned(model=99,59815079,pool_games,lin,shape=129-1)@1.opener(rand,moves=8)@1
357	728	25	196	108	88	53	45	55	43	47.7	1.264	0.836	1631	75	gone	ab(d4,tt,ord,nb200k)@1.learned(s12,fc66af48)@1
358	726	7	3472	1556	1916	805	931	751	985	42.7	0.235	0.223	3735	93	on	ab(deep=4)@2.classic(chip=100)@2.dil(prob=5)@1
359	725	12	1052	546	506	280	246	266	260	52.0	494.624	477.389	105482	38	gone	ab(deep=6,tt,ord,time=150ms)@1.learned(model=111,78ef6974,position_elo,mlp,mu_shape=129-512-8-1,sigma_shape=129-64-1)@1
360	725	9	1726	754	972	362	496	392	476	42.3	18.948	17.845	18148	51	gone	ab(deep=6,tt,ord,nodes=200k)@1.learned(model=585,e37f6895,tdleaf_self,mlp,shape=30-32-1)@1
361	724	25	196	107	89	53	45	54	44	45.7	1.670	1.157	2158	71	gone	ab(d4,tt,ord,nb200k)@1.learned(s10,6153d426)@1
362	724	9	1820	1003	817	470	440	533	377	52.7	1.178	1.144	4495	71	on	ab(deep=4,tt,ord,nodes=200k)@2.learned(model=3,68364898,pool_games,lin,shape=129-1)@1
363	724	19	504	236	268	138	114	98	154	47.4	0.807	0.753	15694	76	gone	ab(deep=4)@1.exp(chip=4,forward=8)@1
364	721	9	1796	762	1034	387	511	375	523	54.9	0.946	0.917	11603	73	gone	ab(deep=4)@1.learned(model=76,ef183148,position_elo,lin,mu_shape=129-1,sigma_shape=129-1)@1
365	715	9	1948	809	1139	440	534	369	605	55.3	14.863	14.453	51777	52	gone	ab(deep=6,tt,ord,nodes=200k)@1.learned(model=97,87a5093d,pool_games,lin,shape=129-1)@1
366	714	9	1820	982	838	540	370	442	468	56.8	25.116	24.708	89518	49	on	ab(deep=6,tt,ord,nodes=200k)@2.learned(model=369,612a48a8,tdleaf_self,lin,shape=129-1)@1
367	711	25	196	103	93	50	48	53	45	46.9	1.103	0.887	1776	73	gone	ab(d4,tt,ord,nb200k)@1.learned(s5,70081fb7)@1
368	709	9	1820	970	850	493	417	477	433	42.3	0.010	0.007	113	243	on	ab(deep=2)@2.classic(chip=100)@2
369	707	9	1820	967	853	485	425	482	428	55.2	91.925	90.469	105341	43	on	ab(deep=6,tt,ord,nodes=200k)@2.learned(model=333,06bdc1f0,tdleaf_self,mlp,shape=30-16-1)@1
370	707	25	196	102	94	46	52	56	42	49.3	5.463	3.696	1358	60	gone	ab(d4,tt,ord,nb200k)@1.learned(s15,af04747f)@1
371	707	9	1840	748	1092	413	507	335	585	49.7	12.328	12.107	41092	52	gone	ab(deep=6,tt,ord,nodes=200k)@1.learned(model=99,59815079,pool_games,lin,shape=129-1)@1.opener(rand,moves=8)@1
372	706	7	3472	1478	1994	761	975	717	1019	56.2	15.246	15.018	54472	51	on	ab(deep=6,tt,ord,nodes=200k)@2.learned(model=95,07792e69,pool_games,lin,shape=129-1)@1.opener(rand,moves=4)@1
373	705	8	2268	1030	1238	473	669	557	569	42.2	0.048	0.075	1163	113	gone	ab(deep=3)@1.classic(chip=100)@2
374	700	9	1820	952	868	532	378	420	490	52.5	1.197	1.195	4571	68	on	ab(deep=4,tt,ord,nodes=200k)@2.learned(model=8,6f1a4264,pool_games,lin,shape=129-1)@1
375	700	8	2336	1033	1303	517	651	516	652	44.3	1.955	3.787	9796	59	gone	ab(deep=6,tt,ord,nodes=200k)@1.classic(chip=100)@2.dil(prob=60,deep=3)@1
376	699	8	2252	1010	1242	510	616	500	626	40.1	6.901	11.244	176919	52	gone	ab(deep=6,noab,nodes=200k)@1.classic(chip=100)@2
377	697	25	196	99	97	50	48	49	49	45.7	1.595	1.183	2146	68	gone	ab(d4,tt,ord,nb200k)@1.learned(s3,8603e15c)@1
378	696	8	2336	1024	1312	517	651	507	661	43.9	5.559	9.314	28386	53	gone	ab(deep=6,tt,ord,nodes=200k)@1.classic(chip=100)@2.dil(prob=14)@1
379	695	7	3472	1439	2033	759	977	680	1056	42.1	7.350	7.213	119919	54	on	ab(deep=6,nodes=200k)@2.classic(chip=100)@2.dil(prob=10)@1
380	695	9	1796	709	1087	358	540	351	547	52.4	0.507	0.493	1883	78	gone	ab(deep=4,tt,ord,nodes=200k)@1.learned(model=3,68364898,pool_games,lin,shape=129-1)@1
381	694	13	960	369	591	168	312	201	279	45.8	0.343	0.318	1240	83	gone	ab(d4,tt,ord,nb200k)@1.learned(s9,e5b3b014)@1
382	692	9	1820	935	885	604	306	331	579	54.2	3.381	3.245	22758	59	on	ab(deep=4)@2.classic(chip=10,wall=3,column=2)@2
383	692	7	3472	1427	2045	805	931	622	1114	50.2	11.675	11.523	42120	51	on	ab(deep=6,tt,ord,nodes=200k)@2.learned(model=99,59815079,pool_games,lin,shape=129-1)@1.opener(rand,moves=8)@1
384	689	9	1796	696	1100	336	562	360	538	57.4	103.858	99.109	14793	41	gone	ab(deep=4)@1.learned(model=78,2fa21eda,position_elo,mlp,mu_shape=129-128-64-1,sigma_shape=129-32-1)@1
385	687	9	1796	692	1104	278	620	414	484	59.3	259.800	248.631	14157	38	gone	ab(deep=4)@1.learned(model=79,18f19059,position_elo,mlp,mu_shape=129-256-128-1,sigma_shape=129-64-1)@1
386	685	7	3472	1400	2072	787	949	613	1123	50.5	11.400	11.261	42348	51	on	ab(deep=6,tt,ord,time=150ms)@2.learned(model=99,59815079,pool_games,lin,shape=129-1)@1.opener(rand,moves=8)@1
387	683	10	1727	672	1055	340	518	332	537	52.2	69.693	65.837	71155	43	gone	ab(deep=6,tt,ord,nodes=200k)@1.learned(model=279,409dc0b3,tdleaf_self,mlp,shape=30-16-1)@1
388	682	9	1796	683	1113	342	556	341	557	51.3	0.456	0.452	1711	77	gone	ab(deep=4,tt,ord,nodes=200k)@1.learned(model=8,6f1a4264,pool_games,lin,shape=129-1)@1
389	681	8	2336	983	1353	488	680	495	673	42.3	4.728	7.470	116203	53	gone	ab(deep=6,nodes=200k)@1.classic(chip=100)@2.dil(prob=10)@1
390	681	9	1820	912	908	472	438	440	470	57.2	29.434	28.738	15142	46	on	ab(deep=4)@2.learned(model=78,2fa21eda,position_elo,mlp,mu_shape=129-128-64-1,sigma_shape=129-32-1)@1
391	678	7	3472	1374	2098	734	1002	640	1096	50.0	286.369	282.883	66537	37	on	ab(deep=6,tt,ord,time=150ms)@2.learned(model=111,78ef6974,position_elo,mlp,mu_shape=129-512-8-1,sigma_shape=129-64-1)@1.opener(rand,moves=8)@1
392	678	9	1820	905	915	434	476	471	439	58.1	71.964	70.733	14700	42	on	ab(deep=4)@2.learned(model=79,18f19059,position_elo,mlp,mu_shape=129-256-128-1,sigma_shape=129-64-1)@1
393	677	8	2268	955	1313	478	664	477	649	45.6	0.005	0.010	114	195	gone	ab(deep=2)@1.classic(chip=100)@2
394	673	9	1820	895	925	420	490	475	435	51.2	1.135	1.133	4374	66	on	ab(deep=4,tt,ord,nodes=200k)@2.learned(model=4,eb105733,pool_games,lin,shape=129-1)@1
395	673	12	1052	481	571	265	261	216	310	55.1	16.694	16.041	57608	48	gone	ab(deep=6,tt,ord,time=150ms)@1.learned(model=97,87a5093d,pool_games,lin,shape=129-1)@1
396	672	8	2252	937	1315	485	641	452	674	53.3	1.668	2.722	17431	59	gone	ab(deep=4)@1.exp(chip=64,column=1,forward=15)@2
397	669	9	1820	887	933	450	460	437	473	57.0	61.521	60.474	14811	42	on	ab(deep=4)@2.learned(model=113,e3cc8b4e,position_elo,mlp,mu_shape=129-512-8-1,sigma_shape=129-64-1)@1
398	669	25	196	91	105	46	52	45	53	48.0	6.240	4.956	1762	55	gone	ab(d4,tt,ord,nb200k)@1.learned(s23,1533231f)@1
399	669	25	196	91	105	46	52	45	53	49.0	6.262	4.835	1708	55	gone	ab(d4,tt,ord,nb200k)@1.learned(s25,64a11ec7)@1
400	667	9	1796	653	1143	338	560	315	583	58.1	97.622	93.021	14067	40	gone	ab(deep=4)@1.learned(model=77,ddaa5090,position_elo,mlp,mu_shape=129-128-64-1,sigma_shape=129-32-1)@1
401	667	22	344	85	259	31	141	54	118	47.9	0.515	0.503	1898	74	gone	ab(d4,tt,ord,nb200k)@1.learned(s9,e5b3b014,value,lin,129-1,con100)@1
402	666	9	1820	880	940	470	440	410	500	56.8	27.531	27.006	14419	45	on	ab(deep=4)@2.learned(model=77,ddaa5090,position_elo,mlp,mu_shape=129-128-64-1,sigma_shape=129-32-1)@1
403	666	25	196	90	106	44	54	46	52	47.1	9.199	7.787	1659	52	gone	ab(d4,tt,ord,nb200k)@1.learned(s34,93fd930c)@1
404	665	10	1726	637	1089	280	578	357	511	56.4	18.885	17.809	59235	47	gone	ab(deep=6,tt,ord,nodes=200k)@1.learned(model=531,748d1c8d,tdleaf_self,lin,shape=129-1)@1
405	663	10	1736	630	1106	328	540	302	566	50.7	13.473	12.996	43418	49	gone	ab(deep=6,tt,ord,time=150ms)@1.learned(model=94,784bb5fe,pool_games,lin,shape=129-1)@1.opener(rand,moves=8)@1
406	662	25	196	89	107	57	41	32	66	49.2	9.586	7.619	1610	51	gone	ab(d4,tt,ord,nb200k)@1.learned(s30,ba8efc12)@1
407	662	25	196	89	107	46	52	43	55	47.1	0.834	0.690	1567	70	gone	ab(d4,tt,ord,nb200k)@1.learned(s9,4d37b1f7)@1
408	662	7	3472	1315	2157	674	1062	641	1095	45.0	10.177	10.014	37638	50	on	ab(deep=6,tt,ord,nodes=200k)@2.classic(chip=100)@2.dil(prob=14)@1
409	662	25	318	126	192	69	90	57	102	38.2	5.891	7.611	33363	51	gone	ab(deep=6,tt,ord,nodes=200k)@1.classic(chip=100)@1.dil(prob=22)@1
410	660	8	2352	928	1424	479	705	449	719	43.9	0.158	0.247	3804	83	gone	ab(deep=4)@1.classic(chip=100)@2.dil(prob=10)@1
411	659	25	196	88	108	46	52	42	56	47.0	5.948	4.652	1646	54	gone	ab(d4,tt,ord,nb200k)@1.learned(s24,d1e5f517)@1
412	658	9	1820	863	957	471	439	392	518	53.1	14.805	14.677	57268	48	on	ab(deep=6,tt,ord,nodes=200k)@2.learned(model=97,87a5093d,pool_games,lin,shape=129-1)@1
413	658	9	1796	635	1161	303	595	332	566	49.4	0.473	0.463	1749	74	gone	ab(deep=4,tt,ord,nodes=200k)@1.learned(model=4,eb105733,pool_games,lin,shape=129-1)@1
414	656	10	1727	621	1106	270	588	351	518	55.0	42.103	39.332	65608	43	gone	ab(deep=6,tt,ord,nodes=200k)@1.learned(model=261,52cd70f8,tdleaf_self,mlp,shape=129-32-1)@1
415	655	9	1820	856	964	419	491	437	473	38.2	22.947	22.655	26353	45	on	ab(deep=6,tt,ord,nodes=200k)@2.learned(model=585,e37f6895,tdleaf_self,mlp,shape=30-32-1)@1
416	654	9	1840	641	1199	336	584	305	615	50.9	12.984	12.693	43642	48	gone	ab(deep=6,tt,ord,nodes=200k)@1.learned(model=94,784bb5fe,pool_games,lin,shape=129-1)@1.opener(rand,moves=8)@1
417	654	8	2400	916	1484	466	734	450	750	43.8	5.272	9.144	26813	50	gone	ab(deep=6,tt,ord,nodes=200k)@1.classic(chip=100)@2.dil(prob=18)@1
418	653	9	1820	852	968	451	459	401	509	57.0	60.687	59.864	14944	41	on	ab(deep=4)@2.learned(model=114,316257e9,position_elo,mlp,mu_shape=129-512-8-1,sigma_shape=129-64-1)@1
419	652	7	3472	1279	2193	663	1073	616	1120	42.7	0.232	0.219	3613	84	on	ab(deep=4)@2.classic(chip=100)@2.dil(prob=10)@1
420	652	25	196	86	110	50	48	36	62	46.3	8.481	7.095	1543	51	gone	ab(d4,tt,ord,nb200k)@1.learned(s35,e0fe5acd)@1
421	651	9	1820	848	972	475	435	373	537	53.5	14.194	14.058	57250	47	on	ab(deep=6,tt,ord,time=150ms)@2.learned(model=97,87a5093d,pool_games,lin,shape=129-1)@1
422	648	20	504	200	304	107	145	93	159	37.2	0.006	0.002	113	429	gone	ab(deep=2)@1.classic(chip=100)@1
423	648	10	1756	606	1150	295	583	311	567	58.5	65.623	63.162	14119	41	gone	ab(deep=4)@1.learned(model=113,e3cc8b4e,position_elo,mlp,mu_shape=129-512-8-1,sigma_shape=129-64-1)@1
424	647	7	3472	1262	2210	688	1048	574	1162	50.1	296.948	293.427	70850	36	on	ab(deep=6,tt,ord,time=150ms)@2.learned(model=113,e3cc8b4e,position_elo,mlp,mu_shape=129-512-8-1,sigma_shape=129-64-1)@1.opener(rand,moves=8)@1
425	647	8	2252	872	1380	445	681	427	699	53.0	1.653	2.734	17288	57	gone	ab(deep=4)@1.exp(chip=65,column=1,forward=14)@2
426	647	10	1756	604	1152	346	532	258	620	57.6	56.449	54.276	12539	41	gone	ab(deep=4)@1.learned(model=110,1466db6c,position_elo,mlp,mu_shape=129-512-8-1,sigma_shape=129-64-1)@1
427	645	9	1820	836	984	409	501	427	483	56.7	60.835	59.935	14790	41	on	ab(deep=4)@2.learned(model=115,21d7e638,position_elo,mlp,mu_shape=129-512-8-1,sigma_shape=129-64-1)@1
428	645	25	196	84	112	45	53	39	59	47.8	6.147	4.624	1671	53	gone	ab(d4,tt,ord,nb200k)@1.learned(s17,56ed7027)@1
429	645	25	196	84	112	39	59	45	53	47.8	9.923	7.920	1648	50	gone	ab(d4,tt,ord,nb200k)@1.learned(s33,b02b58b6)@1
430	643	9	1820	831	989	413	497	418	492	53.9	2.665	2.655	17476	57	on	ab(deep=4)@2.exp(chip=64,column=1,forward=15)@2
431	639	16	524	309	215	140	122	169	93	57.4	0.340	0.284	1030	78	gone	ab(deep=4,tt,ord,nodes=200k)@1.learned(model=45,d675341a,teacher_games(deep=4),lin,shape=129-1)@1
432	638	10	1756	588	1168	248	630	340	538	57.4	66.276	63.785	14387	40	gone	ab(deep=4)@1.learned(model=115,21d7e638,position_elo,mlp,mu_shape=129-512-8-1,sigma_shape=129-64-1)@1
433	638	25	196	82	114	44	54	38	60	47.2	6.299	4.811	1729	52	gone	ab(d4,tt,ord,nb200k)@1.learned(s19,37dc9a9a)@1
434	638	25	196	82	114	47	51	35	63	48.0	5.924	4.747	1651	52	gone	ab(d4,tt,ord,nb200k)@1.learned(s21,29061624)@1
435	638	25	196	82	114	43	55	39	59	49.3	6.487	5.033	1753	52	gone	ab(d4,tt,ord,nb200k)@1.learned(s26,d70c5070)@1
436	638	9	1820	820	1000	428	482	392	518	56.0	51.286	50.451	13027	41	on	ab(deep=4)@2.learned(model=110,1466db6c,position_elo,mlp,mu_shape=129-512-8-1,sigma_shape=129-64-1)@1
437	637	7	3472	1225	2247	658	1078	567	1169	51.1	11.674	11.570	43649	47	on	ab(deep=6,tt,ord,time=150ms)@2.learned(model=94,784bb5fe,pool_games,lin,shape=129-1)@1.opener(rand,moves=8)@1
438	635	10	1796	590	1206	323	575	267	631	47.5	0.614	0.573	2266	69	gone	ab(deep=4,tt,ord,nodes=200k)@1.learned(model=10,fead67b7,weight_merge,lin,shape=129-1)@1
439	635	25	196	81	115	41	57	40	58	48.4	9.674	7.701	1620	49	gone	ab(d4,tt,ord,nb200k)@1.learned(s28,6d10efee)@1
440	633	9	1820	811	1009	392	518	419	491	53.7	2.696	2.638	17650	56	on	ab(deep=4)@2.exp(chip=65,column=1,forward=14)@2
441	631	25	196	80	116	41	57	39	59	49.6	10.123	8.462	1788	48	gone	ab(d4,tt,ord,nb200k)@1.learned(s37,97ad3321)@1
442	629	10	1840	592	1248	336	584	256	664	50.5	12.381	12.160	41044	46	gone	ab(deep=6,tt,ord,nodes=200k)@1.learned(model=95,07792e69,pool_games,lin,shape=129-1)@1.opener(rand,moves=8)@1
443	629	10	1756	570	1186	298	580	272	606	55.7	63.487	61.086	14152	40	gone	ab(deep=4)@1.learned(model=112,baa2951a,position_elo,mlp,mu_shape=129-512-8-1,sigma_shape=129-64-1)@1
444	627	25	196	79	117	42	56	37	61	48.3	10.243	7.770	1666	49	gone	ab(d4,tt,ord,nb200k)@1.learned(s29,ef8eac9c)@1
445	627	7	3472	1190	2282	632	1104	558	1178	50.8	11.945	11.790	43593	46	on	ab(deep=6,tt,ord,nodes=200k)@2.learned(model=94,784bb5fe,pool_games,lin,shape=129-1)@1.opener(rand,moves=8)@1
446	625	10	1736	559	1177	304	564	255	613	51.8	12.915	12.495	41163	46	gone	ab(deep=6,tt,ord,time=150ms)@1.learned(model=95,07792e69,pool_games,lin,shape=129-1)@1.opener(rand,moves=8)@1
447	624	16	524	299	225	132	130	167	95	58.7	0.309	0.272	956	77	gone	ab(deep=4,tt,ord,nodes=200k)@1.learned(model=34,d9ec0240,teacher_games(deep=6),lin,shape=129-1)@1
448	624	25	196	78	118	41	57	37	61	42.5	6.077	4.457	1563	51	gone	ab(d4,tt,ord,nb200k)@1.learned(s16,500afc93)@1
449	624	10	1756	561	1195	312	566	249	629	58.8	65.359	62.947	14342	39	gone	ab(deep=4)@1.learned(model=114,316257e9,position_elo,mlp,mu_shape=129-512-8-1,sigma_shape=129-64-1)@1
450	623	10	1736	556	1180	271	597	285	583	49.2	20.519	19.724	64225	44	gone	ab(deep=6,tt,ord,time=150ms)@1.learned(model=10,fead67b7,weight_merge,lin,shape=129-1)@1.dil(prob=20)@1
451	623	10	1736	555	1181	277	591	278	590	43.4	10.149	9.738	31561	47	gone	ab(deep=6,tt,ord,time=150ms)@1.classic(chip=100)@2.dil(prob=20)@1
452	621	20	472	93	379	65	171	28	208	50.6	0.460	0.424	1757	71	gone	ab(d4,tt,ord,nb200k)@1.learned(s7,c7f7ce61,value,lin,129-1,con100)@1
453	620	7	3472	1163	2309	654	1082	509	1227	51.2	11.303	11.187	41787	46	on	ab(deep=6,tt,ord,time=150ms)@2.learned(model=95,07792e69,pool_games,lin,shape=129-1)@1.opener(rand,moves=8)@1
454	619	7	3472	1162	2310	585	1151	577	1159	43.8	9.975	9.829	36351	47	on	ab(deep=6,tt,ord,nodes=200k)@2.classic(chip=100)@2.dil(prob=18)@1
455	618	10	1736	547	1189	297	571	250	618	50.2	17.530	16.877	56622	44	gone	ab(deep=6,tt,ord,nodes=200k)@1.learned(model=98,5801570e,pool_games,lin,shape=129-1)@1.dil(prob=20)@1
456	617	10	1736	545	1191	264	604	281	587	50.4	20.465	19.678	66638	43	gone	ab(deep=6,tt,ord,time=150ms)@1.learned(model=76,ef183148,position_elo,lin,mu_shape=129-1,sigma_shape=129-1)@1.dil(prob=20)@1
457	617	25	196	76	120	44	54	32	66	49.2	12.069	9.331	1909	47	gone	ab(d4,tt,ord,nb200k)@1.learned(s27,12a6c33c)@1
458	613	25	196	75	121	42	56	33	65	49.3	9.031	7.509	1638	48	gone	ab(d4,tt,ord,nb200k)@1.learned(s31,19904e2a)@1
459	612	16	524	290	234	156	106	134	128	62.8	0.306	0.264	928	76	gone	ab(deep=4,tt,ord,nodes=200k)@1.learned(model=22,a80f6d17,teacher_games(deep=4),lin,shape=129-1)@1
460	612	16	524	290	234	151	111	139	123	60.7	0.375	0.341	1171	73	gone	ab(deep=4,tt,ord,nodes=200k)@1.learned(model=13,629d8cc2,teacher_games(deep=2),lin,shape=129-1)@1
461	611	9	1820	764	1056	395	515	369	541	51.5	0.021	0.022	192	135	on	ab(deep=2)@2.learned(model=76,ef183148,position_elo,lin,mu_shape=129-1,sigma_shape=129-1)@1
462	610	25	196	74	122	43	55	31	67	47.4	8.898	7.248	1596	48	gone	ab(d4,tt,ord,nb200k)@1.learned(s36,31b20ca2)@1
463	610	25	196	74	122	41	57	33	65	48.0	8.793	7.211	1611	48	gone	ab(d4,tt,ord,nb200k)@1.learned(s38,2df06048)@1
464	608	10	1736	529	1207	277	591	252	616	51.7	377.824	347.646	76119	33	gone	ab(deep=6,tt,ord,nodes=200k)@1.learned(model=111,78ef6974,position_elo,mlp,mu_shape=129-512-8-1,sigma_shape=129-64-1)@1.dil(prob=20)@1
465	608	10	1772	535	1237	264	630	271	607	51.5	0.019	0.014	191	156	gone	ab(deep=2)@1.learned(model=76,ef183148,position_elo,lin,mu_shape=129-1,sigma_shape=129-1)@1
466	607	20	472	87	385	57	179	30	206	50.8	0.467	0.452	1808	69	gone	ab(d4,tt,ord,nb200k)@1.learned(s6,eac8ab99,value,lin,129-1,con100)@1
467	607	25	318	110	208	52	107	58	101	38.3	5.691	7.216	31655	47	gone	ab(deep=6,tt,ord,nodes=200k)@1.classic(chip=100)@1.dil(prob=28)@1
468	607	10	1772	533	1239	366	528	167	711	53.1	1.613	1.504	217	57	gone	ab(deep=2)@1.learned(model=78,2fa21eda,position_elo,mlp,mu_shape=129-128-64-1,sigma_shape=129-32-1)@1
469	606	10	1736	526	1210	258	610	268	600	48.5	21.421	19.807	63699	42	gone	ab(deep=6,tt,ord,nodes=200k)@1.learned(model=10,fead67b7,weight_merge,lin,shape=129-1)@1.dil(prob=20)@1
470	605	10	1736	524	1212	281	587	243	625	50.1	19.175	18.416	62671	43	gone	ab(deep=6,tt,ord,nodes=200k)@1.learned(model=8,6f1a4264,pool_games,lin,shape=129-1)@1.dil(prob=20)@1
471	605	9	1820	752	1068	404	506	348	562	56.4	57.327	55.830	14234	38	on	ab(deep=4)@2.learned(model=112,baa2951a,position_elo,mlp,mu_shape=129-512-8-1,sigma_shape=129-64-1)@1
472	604	7	3472	1110	2362	650	1086	460	1276	50.9	11.574	11.458	41639	45	on	ab(deep=6,tt,ord,nodes=200k)@2.learned(model=95,07792e69,pool_games,lin,shape=129-1)@1.opener(rand,moves=8)@1
473	603	10	1736	520	1216	272	596	248	620	50.7	20.139	19.379	65037	42	gone	ab(deep=6,tt,ord,nodes=200k)@1.learned(model=76,ef183148,position_elo,lin,mu_shape=129-1,sigma_shape=129-1)@1.dil(prob=20)@1
474	602	20	504	179	325	88	164	91	161	37.5	4.915	6.031	111833	48	gone	ab(deep=6,nodes=200k)@1.classic(chip=100)@1.dil(prob=25)@1
475	602	7	3472	1102	2370	552	1184	550	1186	48.3	18.476	18.211	66679	43	on	ab(deep=6,tt,ord,time=150ms)@2.learned(model=10,fead67b7,weight_merge,lin,shape=129-1)@1.dil(prob=20)@1
476	602	8	2336	773	1563	398	770	375	793	43.1	5.316	8.858	27212	46	gone	ab(deep=6,tt,ord,nodes=200k)@1.classic(chip=100)@2.dil(prob=22)@1
477	601	10	1736	516	1220	261	607	255	613	43.9	10.857	9.968	31698	45	gone	ab(deep=6,tt,ord,nodes=200k)@1.classic(chip=100)@2.dil(prob=20)@1
478	601	7	3472	1097	2375	526	1210	571	1165	48.4	19.126	18.606	66026	42	on	ab(deep=6,tt,ord,nodes=200k)@2.learned(model=10,fead67b7,weight_merge,lin,shape=129-1)@1.dil(prob=20)@1
479	597	16	524	279	245	127	135	152	110	51.5	0.267	0.257	789	74	gone	ab(deep=4,tt,ord,nodes=200k)@1.learned(model=67,1c5729aa,pool_games,lin,shape=129-1)@1
480	596	10	1736	507	1229	256	612	251	617	50.3	18.559	17.862	60226	42	gone	ab(deep=6,tt,ord,nodes=200k)@1.learned(model=3,68364898,pool_games,lin,shape=129-1)@1.dil(prob=20)@1
481	595	16	524	278	246	164	98	114	148	60.7	0.307	0.267	945	74	gone	ab(deep=4,tt,ord,nodes=200k)@1.learned(model=44,a24e33eb,teacher_games(deep=4),lin,shape=129-1)@1
482	595	10	1736	506	1230	252	616	254	614	50.7	18.607	17.877	60206	42	gone	ab(deep=6,tt,ord,time=150ms)@1.learned(model=3,68364898,pool_games,lin,shape=129-1)@1.dil(prob=20)@1
483	595	9	1820	731	1089	369	541	362	548	31.7	0.003	0.002	24	357	on	ab(deep=1)@2.classic(chip=100)@2
484	593	10	1736	503	1233	264	604	239	629	50.6	17.428	16.767	57354	42	gone	ab(deep=6,tt,ord,time=150ms)@1.learned(model=98,5801570e,pool_games,lin,shape=129-1)@1.dil(prob=20)@1
485	593	7	3472	1070	2402	563	1173	507	1229	43.6	9.482	9.360	35646	45	on	ab(deep=6,tt,ord,time=150ms)@2.classic(chip=100)@2.dil(prob=20)@1
486	592	10	1736	501	1235	273	595	228	640	49.6	18.095	17.331	57712	42	gone	ab(deep=6,tt,ord,time=150ms)@1.learned(model=96,990e39e7,pool_games,lin,shape=129-1)@1.dil(prob=20)@1
487	591	25	196	69	127	36	62	33	65	46.8	5.843	4.614	1618	49	gone	ab(d4,tt,ord,nb200k)@1.learned(s18,111d8d80)@1
488	591	25	196	69	127	35	63	34	64	49.6	6.982	5.157	1821	48	gone	ab(d4,tt,ord,nb200k)@1.learned(s20,30a9414b)@1
489	590	10	1840	519	1321	278	642	241	679	59.0	13.953	13.625	49588	43	gone	ab(deep=6,tt,ord,nodes=200k)@1.learned(model=97,87a5093d,pool_games,lin,shape=129-1)@1.opener(rand,moves=4)@1
490	589	10	1736	496	1240	239	629	257	611	50.1	18.938	18.280	62006	42	gone	ab(deep=6,tt,ord,nodes=200k)@1.learned(model=4,eb105733,pool_games,lin,shape=129-1)@1.dil(prob=20)@1
491	589	10	1736	495	1241	274	594	221	647	48.0	320.347	308.732	65997	32	gone	ab(deep=6,tt,ord,time=150ms)@1.learned(model=111,78ef6974,position_elo,mlp,mu_shape=129-512-8-1,sigma_shape=129-64-1)@1.opener(rand,moves=8)@1
492	587	10	1736	493	1243	255	613	238	630	48.8	18.274	17.543	57569	42	gone	ab(deep=6,tt,ord,nodes=200k)@1.learned(model=96,990e39e7,pool_games,lin,shape=129-1)@1.dil(prob=20)@1
493	587	16	524	272	252	131	131	141	121	57.2	0.390	0.330	1260	70	gone	ab(d4,tt,ord,nb200k)@1.learned(s10,0ff9b1c8)@1
494	586	7	3472	1046	2426	533	1203	513	1223	43.9	9.867	9.682	35865	44	on	ab(deep=6,tt,ord,nodes=200k)@2.classic(chip=100)@2.dil(prob=20)@1
495	585	16	524	271	253	122	140	149	113	50.6	0.586	0.508	796	65	gone	ab(deep=4,tt,ord,nodes=200k)@1.learned(model=61,a4ffae3c,pool_games,lin,shape=30-1)@1
496	585	7	3472	1044	2428	530	1206	514	1222	50.5	17.965	17.754	67212	41	on	ab(deep=6,tt,ord,nodes=200k)@2.learned(model=76,ef183148,position_elo,lin,mu_shape=129-1,sigma_shape=129-1)@1.dil(prob=20)@1
497	584	26	196	67	129	36	62	31	67	48.6	10.041	7.881	1700	45	gone	ab(d4,tt,ord,nb200k)@1.learned(s32,18116b38)@1
498	584	7	3472	1041	2431	540	1196	501	1235	50.2	15.608	15.398	59332	42	on	ab(deep=6,tt,ord,time=150ms)@2.learned(model=98,5801570e,pool_games,lin,shape=129-1)@1.dil(prob=20)@1
499	583	10	1736	486	1250	245	623	241	627	49.8	18.869	18.215	62515	41	gone	ab(deep=6,tt,ord,time=150ms)@1.learned(model=8,6f1a4264,pool_games,lin,shape=129-1)@1.dil(prob=20)@1
500	582	7	3472	1033	2439	539	1197	494	1242	49.1	16.116	15.884	60172	42	on	ab(deep=6,tt,ord,time=150ms)@2.learned(model=96,990e39e7,pool_games,lin,shape=129-1)@1.dil(prob=20)@1
501	580	16	524	267	257	130	132	137	125	59.4	0.307	0.273	935	72	gone	ab(deep=4,tt,ord,nodes=200k)@1.learned(model=16,d12688ec,teacher_games(deep=4),lin,shape=129-1)@1
502	580	16	524	267	257	124	138	143	119	55.0	0.364	0.312	1104	70	gone	ab(deep=4,tt,ord,nodes=200k)@1.learned(model=36,f5470908,teacher_games(deep=6),lin,shape=129-1)@1
503	580	16	524	267	257	148	114	119	143	50.1	0.524	0.442	737	66	gone	ab(deep=4,tt,ord,nodes=200k)@1.learned(model=66,847120cf,pool_games,lin,shape=30-1)@1
504	579	7	3472	1024	2448	493	1243	531	1205	50.2	15.923	15.673	58975	42	on	ab(deep=6,tt,ord,nodes=200k)@2.learned(model=98,5801570e,pool_games,lin,shape=129-1)@1.dil(prob=20)@1
505	578	7	3472	1022	2450	541	1195	481	1255	43.8	9.792	9.624	35211	44	on	ab(deep=6,tt,ord,nodes=200k)@2.classic(chip=100)@2.dil(prob=22)@1
506	577	20	504	168	336	82	170	86	166	39.0	0.138	0.184	2984	77	gone	ab(deep=4)@1.classic(chip=100)@1.dil(prob=25)@1
507	577	16	524	265	259	132	130	133	129	59.0	0.365	0.311	1065	70	gone	ab(deep=4,tt,ord,nodes=200k)@1.learned(model=42,cc89a549,teacher_games(deep=4),lin,shape=129-1)@1
508	577	10	1736	475	1261	248	620	227	641	48.6	332.301	320.313	69313	32	gone	ab(deep=6,tt,ord,time=150ms)@1.learned(model=113,e3cc8b4e,position_elo,mlp,mu_shape=129-512-8-1,sigma_shape=129-64-1)@1.opener(rand,moves=8)@1
509	577	7	3472	1016	2456	506	1230	510	1226	50.6	17.876	17.656	68429	41	on	ab(deep=6,tt,ord,time=150ms)@2.learned(model=76,ef183148,position_elo,lin,mu_shape=129-1,sigma_shape=129-1)@1.dil(prob=20)@1
510	575	7	3472	1011	2461	502	1234	509	1227	50.3	16.712	16.475	61752	41	on	ab(deep=6,tt,ord,nodes=200k)@2.learned(model=3,68364898,pool_games,lin,shape=129-1)@1.dil(prob=20)@1
511	574	16	524	263	261	148	114	115	147	51.6	0.618	0.557	833	63	gone	ab(deep=4,tt,ord,nodes=200k)@1.learned(model=57,a639450c,pool_games,lin,shape=30-1)@1
512	573	16	524	262	262	120	142	142	120	51.0	0.559	0.467	746	65	gone	ab(deep=4,tt,ord,nodes=200k)@1.learned(model=58,8a52cfde,pool_games,lin,shape=30-1)@1
513	572	16	524	261	263	114	148	147	115	58.2	0.319	0.270	958	71	gone	ab(deep=4,tt,ord,nodes=200k)@1.learned(model=39,e57b6cbb,teacher_games(deep=4),lin,shape=129-1)@1
514	571	7	3472	998	2474	543	1193	455	1281	51.0	336.039	329.250	78333	31	on	ab(deep=6,tt,ord,nodes=200k)@2.learned(model=111,78ef6974,position_elo,mlp,mu_shape=129-512-8-1,sigma_shape=129-64-1)@1.dil(prob=20)@1
515	570	7	3472	995	2477	507	1229	488	1248	49.6	16.529	16.304	59872	41	on	ab(deep=6,tt,ord,nodes=200k)@2.learned(model=96,990e39e7,pool_games,lin,shape=129-1)@1.dil(prob=20)@1
516	568	10	1736	460	1276	256	612	204	664	51.5	377.784	363.578	81437	31	gone	ab(deep=6,tt,ord,nodes=200k)@1.learned(model=113,e3cc8b4e,position_elo,mlp,mu_shape=129-512-8-1,sigma_shape=129-64-1)@1.dil(prob=20)@1
517	567	16	524	258	266	130	132	128	134	57.3	0.323	0.273	987	70	gone	ab(deep=4,tt,ord,nodes=200k)@1.learned(model=49,080031ad,teacher_games(deep=4),lin,shape=129-1)@1
518	566	7	3472	982	2490	487	1249	495	1241	50.2	16.717	16.485	62726	40	on	ab(deep=6,tt,ord,time=150ms)@2.learned(model=3,68364898,pool_games,lin,shape=129-1)@1.dil(prob=20)@1
519	566	16	524	257	267	131	131	126	136	58.2	0.303	0.271	932	70	gone	ab(deep=4,tt,ord,nodes=200k)@1.learned(model=47,d8e7cb78,teacher_games(deep=4),lin,shape=129-1)@1
520	564	10	1736	453	1283	225	643	228	640	47.3	16.635	15.951	52405	40	gone	ab(deep=6,tt,ord,nodes=200k)@1.learned(model=99,59815079,pool_games,lin,shape=129-1)@1.dil(prob=20)@1
521	561	16	524	253	271	126	136	127	135	53.4	0.273	0.234	790	71	gone	ab(deep=4,tt,ord,nodes=200k)@1.learned(model=68,2a6c5a04,pool_games,lin,shape=129-1)@1
522	561	16	524	253	271	119	143	134	128	55.8	0.324	0.281	1082	69	gone	ab(deep=4,tt,ord,nodes=200k)@1.learned(model=72,c9f64f64,teacher_games(deep=4),lin,shape=129-1)@1
523	559	10	1736	445	1291	200	668	245	623	48.9	18.919	18.187	62546	39	gone	ab(deep=6,tt,ord,time=150ms)@1.learned(model=4,eb105733,pool_games,lin,shape=129-1)@1.dil(prob=20)@1
524	558	7	3472	956	2516	432	1304	524	1212	49.6	16.881	16.690	64237	40	on	ab(deep=6,tt,ord,time=150ms)@2.learned(model=4,eb105733,pool_games,lin,shape=129-1)@1.dil(prob=20)@1
525	558	16	524	251	273	134	128	117	145	51.8	0.514	0.445	721	63	gone	ab(deep=4,tt,ord,nodes=200k)@1.learned(model=65,3ae65557,pool_games,lin,shape=30-1)@1
526	556	16	524	250	274	109	153	141	121	58.7	0.377	0.297	1145	68	gone	ab(deep=4,tt,ord,nodes=200k)@1.learned(model=52,60638ed7,model_games(gen=?,deep=4),lin,shape=129-1)@1
527	556	16	524	250	274	116	146	134	128	51.1	0.263	0.262	783	69	gone	ab(deep=4,tt,ord,nodes=200k)@1.learned(model=60,3a0fec50,pool_games,lin,shape=129-1)@1
528	554	16	524	248	276	132	130	116	146	56.6	0.342	0.273	1021	68	gone	ab(deep=4,tt,ord,nodes=200k)@1.learned(model=33,3551d6b1,teacher_games(deep=6),lin,shape=129-1)@1
529	553	7	3472	940	2532	512	1224	428	1308	50.2	16.738	16.497	64138	39	on	ab(deep=6,tt,ord,time=150ms)@2.learned(model=8,6f1a4264,pool_games,lin,shape=129-1)@1.dil(prob=20)@1
530	552	16	524	247	277	116	146	131	131	55.4	0.338	0.295	1112	67	gone	ab(d4,tt,ord,nb200k)@1.learned(s7,fc796f83)@1
531	552	16	524	247	277	119	143	128	134	54.7	0.296	0.271	1047	68	gone	ab(d4,tt,ord,nb200k)@1.learned(s78,c428beb0)@1
532	551	16	524	246	278	131	131	115	147	56.4	0.312	0.276	1105	68	gone	ab(d4,tt,ord,nb200k)@1.learned(s76,2e412bc4)@1
533	550	7	3472	930	2542	492	1244	438	1298	49.7	17.037	16.832	63552	39	on	ab(deep=6,tt,ord,nodes=200k)@2.learned(model=8,6f1a4264,pool_games,lin,shape=129-1)@1.dil(prob=20)@1
534	549	10	1736	429	1307	233	635	196	672	46.8	16.369	15.698	52517	39	gone	ab(deep=6,tt,ord,time=150ms)@1.learned(model=99,59815079,pool_games,lin,shape=129-1)@1.dil(prob=20)@1
535	548	16	524	244	280	116	146	128	134	51.3	0.261	0.206	762	71	gone	ab(deep=4,tt,ord,nodes=200k)@1.learned(model=64,e5f3229a,pool_games,lin,shape=129-1)@1
536	546	9	1820	633	1187	338	572	295	615	53.7	89.361	88.463	101768	33	on	ab(deep=6,tt,ord,nodes=200k)@2.learned(model=279,409dc0b3,tdleaf_self,mlp,shape=30-16-1)@1
537	544	16	524	241	283	149	113	92	170	57.9	0.291	0.234	911	69	gone	ab(deep=4,tt,ord,nodes=200k)@1.learned(model=30,7d34ec8a,teacher_games(deep=6),lin,shape=129-1)@1
538	544	16	524	241	283	114	148	127	135	55.7	0.385	0.345	1195	65	gone	ab(deep=4,tt,ord,nodes=200k)@1.learned(model=38,0314b24f,teacher_games(deep=6),lin,shape=129-1)@1
539	543	7	3472	909	2563	402	1334	507	1229	49.3	17.239	16.953	63535	39	on	ab(deep=6,tt,ord,nodes=200k)@2.learned(model=4,eb105733,pool_games,lin,shape=129-1)@1.dil(prob=20)@1
540	543	6	4030	1213	2817	592	1423	621	1394	33.8	0.001	0.002	0	314	on	greedy@1.classic(chip=100)@2
541	543	16	524	240	284	113	149	127	135	52.2	0.575	0.513	797	60	gone	ab(deep=4,tt,ord,nodes=200k)@1.learned(model=62,78c12b90,pool_games,lin,shape=30-1)@1
542	542	9	1820	626	1194	363	547	263	647	52.8	0.515	0.499	218	60	on	ab(deep=2)@2.learned(model=78,2fa21eda,position_elo,mlp,mu_shape=129-128-64-1,sigma_shape=129-32-1)@1
543	541	8	3472	901	2571	480	1256	421	1315	58.4	12.725	12.566	48937	40	on	ab(deep=6,tt,ord,nodes=200k)@2.learned(model=97,87a5093d,pool_games,lin,shape=129-1)@1.opener(rand,moves=4)@1
544	538	11	1736	412	1324	210	658	202	666	45.9	16.516	15.857	52819	39	gone	ab(deep=6,tt,ord,time=150ms)@1.learned(model=95,07792e69,pool_games,lin,shape=129-1)@1.dil(prob=20)@1
545	538	8	3472	893	2579	465	1271	428	1308	51.1	344.638	340.266	83541	29	on	ab(deep=6,tt,ord,nodes=200k)@2.learned(model=113,e3cc8b4e,position_elo,mlp,mu_shape=129-512-8-1,sigma_shape=129-64-1)@1.dil(prob=20)@1
546	536	16	524	235	289	122	140	113	149	57.3	0.259	0.225	987	68	gone	ab(d4,tt,ord,nb200k)@1.learned(s9,e27d9f48)@1
547	533	16	524	233	291	109	153	124	138	56.1	0.265	0.245	1015	67	gone	ab(d4,tt,ord,nb200k)@1.learned(s80,5b9b1a34)@1
548	530	16	524	231	293	123	139	108	154	58.0	0.304	0.276	1009	65	gone	ab(deep=4,tt,ord,nodes=200k)@1.learned(model=70,68972f05,teacher_games(deep=4),lin,shape=129-1)@1
549	530	6	4030	1158	2872	642	1373	516	1499	55.2	0.006	0.007	0	173	on	greedy@1.classic(chip=10,wall=3,column=2)@2
550	529	16	524	230	294	118	144	112	150	56.8	0.322	0.275	1114	65	gone	ab(deep=4,tt,ord,nodes=200k)@1.learned(model=73,4b9da81b,teacher_games(deep=4),lin,shape=129-1)@1
551	528	8	3472	863	2609	447	1289	416	1320	47.0	13.981	13.825	51994	38	on	ab(deep=6,tt,ord,time=150ms)@2.learned(model=99,59815079,pool_games,lin,shape=129-1)@1.dil(prob=20)@1
552	526	16	524	228	296	116	146	112	150	59.2	0.342	0.319	1085	63	gone	ab(deep=4,tt,ord,nodes=200k)@1.learned(model=48,ee557e97,teacher_games(deep=4),lin,shape=129-1)@1
553	524	21	504	145	359	75	177	70	182	56.5	0.004	0.005	0	205	gone	greedy@1.classic(chip=10,wall=3,column=2)@1
554	523	16	524	226	298	129	133	97	165	56.6	0.353	0.284	1078	64	gone	ab(deep=4,tt,ord,nodes=200k)@1.learned(model=26,aedd28f9,teacher_games(deep=4),lin,shape=129-1)@1
555	523	16	524	226	298	103	159	123	139	49.9	0.264	0.225	783	67	gone	ab(deep=4,tt,ord,nodes=200k)@1.learned(model=63,716ed803,pool_games,lin,shape=129-1)@1
556	523	10	1820	589	1231	266	644	323	587	56.8	44.060	43.605	80168	34	on	ab(deep=6,tt,ord,nodes=200k)@2.learned(model=261,52cd70f8,tdleaf_self,mlp,shape=129-32-1)@1
557	522	8	3472	845	2627	443	1293	402	1334	47.1	14.308	14.096	51855	38	on	ab(deep=6,tt,ord,nodes=200k)@2.learned(model=99,59815079,pool_games,lin,shape=129-1)@1.dil(prob=20)@1
558	522	16	524	225	299	106	156	119	143	55.4	0.324	0.280	1200	64	gone	ab(d4,tt,ord,nb200k)@1.learned(s77,ba5a5adb)@1
559	521	11	1736	385	1351	209	659	176	692	46.1	16.813	16.194	53095	37	gone	ab(deep=6,tt,ord,nodes=200k)@1.learned(model=95,07792e69,pool_games,lin,shape=129-1)@1.dil(prob=20)@1
560	520	10	1820	584	1236	262	648	322	588	60.5	19.209	18.946	71145	37	on	ab(deep=6,tt,ord,nodes=200k)@2.learned(model=531,748d1c8d,tdleaf_self,lin,shape=129-1)@1
561	520	9	2400	578	1822	299	901	279	921	41.9	5.201	8.352	26878	40	gone	ab(deep=6,tt,ord,nodes=200k)@1.classic(chip=100)@2.dil(prob=28)@1
562	520	11	1736	383	1353	184	684	199	669	45.6	17.521	16.872	56487	37	gone	ab(deep=6,tt,ord,time=150ms)@1.learned(model=94,784bb5fe,pool_games,lin,shape=129-1)@1.dil(prob=20)@1
563	519	16	524	223	301	97	165	126	136	54.3	0.320	0.284	963	64	gone	ab(deep=4,tt,ord,nodes=200k)@1.learned(model=28,6c8ae585,teacher_games(deep=6),lin,shape=129-1)@1
564	518	16	524	222	302	92	170	130	132	54.6	0.359	0.319	1097	62	gone	ab(deep=4,tt,ord,nodes=200k)@1.learned(model=31,8fd20ff6,teacher_games(deep=6),lin,shape=129-1)@1
565	518	16	524	222	302	109	153	113	149	55.0	0.329	0.319	1084	62	gone	ab(deep=4,tt,ord,nodes=200k)@1.learned(model=69,0f527c41,teacher_games(deep=4),lin,shape=129-1)@1
566	518	16	524	222	302	96	166	126	136	56.0	0.329	0.292	1196	63	gone	ab(deep=4,tt,ord,nodes=200k)@1.learned(model=75,8cb3c846,teacher_games(deep=6),lin,shape=129-1)@1
567	517	9	2336	567	1769	287	881	280	888	42.3	4.084	6.414	100109	41	gone	ab(deep=6,nodes=200k)@1.classic(chip=100)@2.dil(prob=25)@1
568	516	16	524	221	303	91	171	130	132	65.1	0.405	0.352	1261	61	gone	ab(deep=4,tt,ord,nodes=200k)@1.learned(model=11,4fb7f74b,teacher_games(deep=2),lin,shape=129-1)@1
569	516	16	524	221	303	101	161	120	142	51.5	0.281	0.235	804	65	gone	ab(deep=4,tt,ord,nodes=200k)@1.learned(model=59,57cf2958,pool_games,lin,shape=129-1)@1
570	515	16	524	220	304	105	157	115	147	54.3	0.300	0.282	1051	63	gone	ab(deep=4,tt,ord,nodes=200k)@1.learned(model=74,151941d5,teacher_games(deep=4),lin,shape=129-1)@1
571	512	16	524	218	306	108	154	110	152	56.1	0.344	0.320	1191	62	gone	ab(deep=4,tt,ord,nodes=200k)@1.learned(model=71,3f0a5881,teacher_games(deep=4),lin,shape=129-1)@1
572	512	11	1736	371	1365	173	695	198	670	46.3	17.612	16.907	56025	36	gone	ab(deep=6,tt,ord,nodes=200k)@1.learned(model=94,784bb5fe,pool_games,lin,shape=129-1)@1.dil(prob=20)@1
573	511	16	524	217	307	109	153	108	154	64.9	0.337	0.289	1102	62	gone	ab(deep=4,tt,ord,nodes=200k)@1.learned(model=14,3d28f8f6,teacher_games(deep=2),lin,shape=129-1)@1
574	511	16	524	217	307	107	155	110	152	61.4	0.349	0.338	1092	61	gone	ab(deep=4,tt,ord,nodes=200k)@1.learned(model=32,870e9f28,teacher_games(deep=6),lin,shape=129-1)@1
575	511	10	1820	566	1254	321	589	245	665	54.4	0.493	0.479	210	57	on	ab(deep=2)@2.learned(model=77,ddaa5090,position_elo,mlp,mu_shape=129-128-64-1,sigma_shape=129-32-1)@1
576	509	16	524	216	308	106	156	110	152	54.8	0.340	0.279	1027	63	gone	ab(deep=4,tt,ord,nodes=200k)@1.learned(model=53,8e142fea,model_games(gen=?,deep=4),lin,shape=129-1)@1
577	508	16	524	215	309	107	155	108	154	63.8	0.334	0.284	1035	62	gone	ab(deep=4,tt,ord,nodes=200k)@1.learned(model=23,eb109fd1,teacher_games(deep=4),lin,shape=129-1)@1
578	508	16	524	215	309	99	163	116	146	60.1	0.332	0.306	1034	61	gone	ab(deep=4,tt,ord,nodes=200k)@1.learned(model=41,969172a5,teacher_games(deep=4),lin,shape=129-1)@1
579	507	8	3472	799	2673	417	1319	382	1354	41.6	6.334	6.257	103399	40	on	ab(deep=6,nodes=200k)@2.classic(chip=100)@2.dil(prob=25)@1
580	506	8	3472	798	2674	412	1324	386	1350	49.0	370.759	365.997	88380	27	on	ab(deep=6,tt,ord,time=150ms)@2.learned(model=111,78ef6974,position_elo,mlp,mu_shape=129-512-8-1,sigma_shape=129-64-1)@1.dil(prob=20)@1
581	506	9	2352	545	1807	275	909	270	898	43.2	0.133	0.199	3221	66	gone	ab(deep=4)@1.classic(chip=100)@2.dil(prob=25)@1
582	505	16	524	213	311	127	135	86	176	59.1	0.349	0.299	1066	61	gone	ab(deep=4,tt,ord,nodes=200k)@1.learned(model=18,f6f8e14e,teacher_games(deep=4),lin,shape=129-1)@1
583	505	16	524	213	311	121	141	92	170	56.3	0.393	0.354	1217	60	gone	ab(deep=4,tt,ord,nodes=200k)@1.learned(model=25,2417d2ef,teacher_games(deep=4),lin,shape=129-1)@1
584	504	16	524	212	312	134	128	78	184	59.4	0.326	0.247	1979	63	gone	ab(d4,tt,ord,nb200k)@1.learned(s3,9c12fe2e)@1
585	504	16	524	212	312	106	156	106	156	57.1	0.287	0.240	1109	64	gone	ab(d4,tt,ord,nb200k)@1.learned(s79,b2b57c78)@1
586	504	16	524	212	312	101	161	111	151	54.5	0.260	0.221	986	65	gone	ab(d4,tt,ord,nb200k)@1.learned(s8,126d9fb2)@1
587	504	16	524	212	312	87	175	125	137	59.1	0.360	0.292	1127	61	gone	ab(deep=4,tt,ord,nodes=200k)@1.learned(model=43,3c894531,teacher_games(deep=4),lin,shape=129-1)@1
588	502	16	524	211	313	135	127	76	186	59.0	0.339	0.281	1035	62	gone	ab(deep=4,tt,ord,nodes=200k)@1.learned(model=24,fe676e2e,teacher_games(deep=4),lin,shape=129-1)@1
589	501	11	1840	369	1471	216	704	153	767	53.4	10.582	10.367	37880	38	gone	ab(deep=6,tt,ord,nodes=200k)@1.learned(model=97,87a5093d,pool_games,lin,shape=129-1)@1.opener(rand,moves=8)@1
590	500	16	524	209	315	97	165	112	150	55.8	0.321	0.282	996	61	gone	ab(deep=4,tt,ord,nodes=200k)@1.learned(model=50,7279a22a,teacher_games(deep=4),lin,shape=129-1)@1
591	499	8	3472	776	2696	395	1341	381	1355	41.6	0.199	0.193	3107	66	on	ab(deep=4)@2.classic(chip=100)@2.dil(prob=25)@1
592	497	6	6216	1362	4854	679	2429	683	2425	49.8	0.001	0.001	0	459	on	smart(pieces=2)@1
593	497	16	524	207	317	93	169	114	148	58.4	0.331	0.293	1037	61	gone	ab(deep=4,tt,ord,nodes=200k)@1.learned(model=46,e59671ae,teacher_games(deep=4),lin,shape=129-1)@1
594	493	8	3472	760	2712	398	1338	362	1374	49.0	381.850	376.985	93549	27	on	ab(deep=6,tt,ord,time=150ms)@2.learned(model=113,e3cc8b4e,position_elo,mlp,mu_shape=129-512-8-1,sigma_shape=129-64-1)@1.dil(prob=20)@1
595	492	11	1736	343	1393	192	676	151	717	53.2	10.936	10.487	37514	37	gone	ab(deep=6,tt,ord,time=150ms)@1.learned(model=97,87a5093d,pool_games,lin,shape=129-1)@1.opener(rand,moves=8)@1
596	491	11	1772	343	1429	180	714	163	715	54.1	1.599	1.485	208	47	gone	ab(deep=2)@1.learned(model=77,ddaa5090,position_elo,mlp,mu_shape=129-128-64-1,sigma_shape=129-32-1)@1
597	490	8	3472	752	2720	360	1376	392	1344	46.3	15.366	15.132	55958	35	on	ab(deep=6,tt,ord,nodes=200k)@2.learned(model=94,784bb5fe,pool_games,lin,shape=129-1)@1.dil(prob=20)@1
598	490	16	524	202	322	87	175	115	147	57.7	0.321	0.270	995	61	gone	ab(deep=4,tt,ord,nodes=200k)@1.learned(model=17,8a6b139b,teacher_games(deep=4),lin,shape=129-1)@1
599	488	16	524	201	323	107	155	94	168	55.3	0.306	0.269	972	60	gone	ab(d4,tt,ord,nb200k)@1.learned(s6,6078c2b8)@1
600	488	16	524	201	323	111	151	90	172	59.6	0.357	0.305	1116	59	gone	ab(deep=4,tt,ord,nodes=200k)@1.learned(model=37,c07509c1,teacher_games(deep=6),lin,shape=129-1)@1
601	484	16	524	198	326	109	153	89	173	59.1	0.329	0.254	979	61	gone	ab(deep=4,tt,ord,nodes=200k)@1.learned(model=27,ee3dc4e8,teacher_games(deep=6),lin,shape=129-1)@1
602	483	8	3472	730	2742	337	1399	393	1343	45.9	15.033	14.851	56151	35	on	ab(deep=6,tt,ord,time=150ms)@2.learned(model=94,784bb5fe,pool_games,lin,shape=129-1)@1.dil(prob=20)@1
603	481	8	3472	725	2747	346	1390	379	1357	46.1	14.097	13.927	52331	35	on	ab(deep=6,tt,ord,time=150ms)@2.learned(model=95,07792e69,pool_games,lin,shape=129-1)@1.dil(prob=20)@1
604	480	8	3472	723	2749	364	1372	359	1377	42.6	9.083	8.948	33059	37	on	ab(deep=6,tt,ord,nodes=200k)@2.classic(chip=100)@2.dil(prob=28)@1
605	480	16	524	195	329	87	175	108	154	61.5	0.281	0.233	873	61	gone	ab(deep=4,tt,ord,nodes=200k)@1.learned(model=15,4b6e327b,teacher_games(deep=4),lin,shape=129-1)@1
606	477	16	524	193	331	98	164	95	167	52.4	0.357	0.316	1110	57	gone	ab(deep=4,tt,ord,nodes=200k)@1.learned(model=56,000e690f,model_games(gen=?,deep=4),lin,shape=129-1)@1
607	472	11	1736	315	1421	149	719	166	702	46.6	454.625	437.946	97758	25	gone	ab(deep=6,tt,ord,time=150ms)@1.learned(model=113,e3cc8b4e,position_elo,mlp,mu_shape=129-512-8-1,sigma_shape=129-64-1)@1.dil(prob=20)@1
608	470	11	1736	312	1424	163	705	149	719	46.6	429.244	413.264	91028	25	gone	ab(deep=6,tt,ord,time=150ms)@1.learned(model=111,78ef6974,position_elo,mlp,mu_shape=129-512-8-1,sigma_shape=129-64-1)@1.dil(prob=20)@1
609	470	8	3472	695	2777	350	1386	345	1391	46.0	14.376	14.202	51782	34	on	ab(deep=6,tt,ord,nodes=200k)@2.learned(model=95,07792e69,pool_games,lin,shape=129-1)@1.dil(prob=20)@1
610	467	16	524	186	338	93	169	93	169	60.7	0.343	0.290	1041	57	gone	ab(deep=4,tt,ord,nodes=200k)@1.learned(model=21,bc235a23,teacher_games(deep=4),lin,shape=129-1)@1
611	466	16	524	185	339	97	165	88	174	55.7	0.366	0.304	1140	56	gone	ab(deep=4,tt,ord,nodes=200k)@1.learned(model=54,703d77f7,teacher_games(deep=2),lin,shape=129-1)@1
612	464	9	2268	448	1820	201	941	247	879	35.0	0.001	0.003	24	225	gone	ab(deep=1)@1.classic(chip=100)@2
613	458	22	504	119	385	53	199	66	186	33.3	0.001	0.002	24	301	gone	ab(deep=1)@1.classic(chip=100)@1
614	451	16	524	175	349	107	155	68	194	61.4	0.417	0.366	1299	53	gone	ab(deep=4,tt,ord,nodes=200k)@1.learned(model=12,e146a4fd,teacher_games(deep=2),lin,shape=129-1)@1
615	451	16	524	175	349	84	178	91	171	57.1	0.385	0.335	1227	54	gone	ab(deep=4,tt,ord,nodes=200k)@1.learned(model=29,42a2fbaa,teacher_games(deep=6),lin,shape=129-1)@1
616	448	22	504	115	389	55	197	60	192	33.6	0.001	0.000	0	-	gone	greedy@1.classic(chip=100)@1
617	445	12	1772	281	1491	145	749	136	742	50.9	4.372	4.115	216	37	gone	ab(deep=2)@1.learned(model=79,18f19059,position_elo,mlp,mu_shape=129-256-128-1,sigma_shape=129-64-1)@1
618	445	16	524	171	353	63	199	108	154	53.4	0.322	0.275	982	55	gone	ab(deep=4,tt,ord,nodes=200k)@1.learned(model=19,b002ba49,teacher_games(deep=4),lin,shape=129-1)@1
619	444	8	3472	627	2845	338	1398	289	1447	52.3	9.477	9.354	37582	34	on	ab(deep=6,tt,ord,time=150ms)@2.learned(model=97,87a5093d,pool_games,lin,shape=129-1)@1.opener(rand,moves=8)@1
620	441	10	1820	442	1378	224	686	218	692	53.3	1.264	1.241	214	43	on	ab(deep=2)@2.learned(model=79,18f19059,position_elo,mlp,mu_shape=129-256-128-1,sigma_shape=129-64-1)@1
621	439	16	524	167	357	76	186	91	171	56.1	0.290	0.240	1769	55	gone	ab(d4,tt,ord,nb200k)@1.learned(s5,02a0e14f)@1
622	437	28	318	66	252	36	123	30	129	37.7	5.622	6.720	31845	34	gone	ab(deep=6,tt,ord,nodes=200k)@1.classic(chip=100)@1.dil(prob=35)@1
623	433	10	2336	394	1942	200	968	194	974	40.8	4.727	7.916	24596	33	gone	ab(deep=6,tt,ord,nodes=200k)@1.classic(chip=100)@2.dil(prob=35)@1
624	429	8	3472	592	2880	319	1417	273	1463	51.3	9.679	9.557	37400	32	on	ab(deep=6,tt,ord,nodes=200k)@2.learned(model=97,87a5093d,pool_games,lin,shape=129-1)@1.opener(rand,moves=8)@1
625	428	16	524	160	364	66	196	94	168	53.9	0.309	0.252	961	54	gone	ab(d4,tt,ord,nb200k)@1.learned(s20,2fd22539)@1
626	427	12	1736	257	1479	145	723	112	756	46.0	15.595	15.042	53517	31	gone	ab(deep=6,tt,ord,time=150ms)@1.learned(model=97,87a5093d,pool_games,lin,shape=129-1)@1.dil(prob=20)@1
627	425	16	524	158	366	84	178	74	188	60.2	0.375	0.325	1220	51	gone	ab(deep=4,tt,ord,nodes=200k)@1.learned(model=51,58f9dd8c,teacher_games(deep=2),lin,shape=129-1)@1
628	425	16	524	158	366	76	186	82	180	52.8	0.346	0.280	1064	52	gone	ab(deep=4,tt,ord,nodes=200k)@1.learned(model=55,a8f871c9,model_games(gen=?,deep=4),lin,shape=129-1)@1
629	421	9	3472	572	2900	278	1458	294	1442	41.5	8.230	8.101	30106	32	on	ab(deep=6,tt,ord,nodes=200k)@2.classic(chip=100)@2.dil(prob=35)@1
630	414	12	1736	241	1495	135	733	106	762	46.4	15.923	15.389	53711	30	gone	ab(deep=6,tt,ord,nodes=200k)@1.learned(model=97,87a5093d,pool_games,lin,shape=129-1)@1.dil(prob=20)@1
631	413	17	524	150	374	77	185	73	189	56.8	0.257	0.195	760	54	gone	ab(deep=4,tt,ord,nodes=200k)@1.learned(model=40,71aad91c,teacher_games(deep=4),lin,shape=129-1)@1
632	402	6	6216	912	5304	468	2640	444	2664	50.6	0.001	0.001	0	373	on	smart(pieces=4)@1
633	402	17	524	143	381	79	183	64	198	56.9	0.276	0.224	1620	51	gone	ab(d4,tt,ord,nb200k)@1.learned(s4,c324e8a7)@1
634	397	29	318	57	261	33	126	24	135	36.7	5.165	5.991	29635	32	gone	ab(deep=6,tt,ord,nodes=200k)@1.classic(chip=100)@1.dil(prob=43)@1
635	391	17	524	136	388	56	206	80	182	56.8	0.380	0.292	1208	48	gone	ab(deep=4,tt,ord,nodes=200k)@1.learned(model=35,adc3f876,teacher_games(deep=6),lin,shape=129-1)@1
636	381	9	3472	481	2991	257	1479	224	1512	46.0	13.047	12.865	52046	28	on	ab(deep=6,tt,ord,time=150ms)@2.learned(model=97,87a5093d,pool_games,lin,shape=129-1)@1.dil(prob=20)@1
637	379	7	6216	817	5399	400	2708	417	2691	48.6	0.001	0.002	0	248	on	smart(pieces=6)@1
638	375	9	3472	470	3002	262	1474	208	1528	46.0	13.378	13.174	51859	27	on	ab(deep=6,tt,ord,nodes=200k)@2.learned(model=97,87a5093d,pool_games,lin,shape=129-1)@1.dil(prob=20)@1
639	370	7	6216	784	5432	394	2714	390	2718	46.7	0.001	0.001	0	325	on	tiered@1
640	366	11	2400	279	2121	145	1055	134	1066	39.4	4.293	6.963	22343	29	gone	ab(deep=6,tt,ord,nodes=200k)@1.classic(chip=100)@2.dil(prob=43)@1
641	329	10	3472	379	3093	208	1528	171	1565	39.9	7.378	7.261	27041	26	on	ab(deep=6,tt,ord,nodes=200k)@2.classic(chip=100)@2.dil(prob=43)@1
642	325	25	504	73	431	35	217	38	214	35.4	3.089	4.231	70009	27	gone	ab(deep=6,nodes=200k)@1.classic(chip=100)@1.dil(prob=50)@1
643	312	12	2336	200	2136	94	1074	106	1062	38.3	2.817	4.412	69152	26	gone	ab(deep=6,nodes=200k)@1.classic(chip=100)@2.dil(prob=50)@1
644	307	32	318	39	279	21	138	18	141	33.7	4.301	5.078	24222	25	gone	ab(deep=6,tt,ord,nodes=200k)@1.classic(chip=100)@1.dil(prob=52)@1
645	302	12	2336	187	2149	99	1069	88	1080	38.3	0.092	0.129	2205	43	gone	ab(deep=4)@1.classic(chip=100)@2.dil(prob=50)@1
646	276	11	3472	291	3181	169	1567	122	1614	38.3	0.137	0.139	2117	39	on	ab(deep=4)@2.classic(chip=100)@2.dil(prob=50)@1
647	276	11	3472	291	3181	150	1586	141	1595	37.6	4.393	4.318	71142	23	on	ab(deep=6,nodes=200k)@2.classic(chip=100)@2.dil(prob=50)@1
648	264	13	2336	142	2194	80	1088	62	1106	36.7	3.888	6.069	20222	21	gone	ab(deep=6,tt,ord,nodes=200k)@1.classic(chip=100)@2.dil(prob=52)@1
649	261	27	504	55	449	31	221	24	228	34.3	0.103	0.130	2209	37	gone	ab(deep=4)@1.classic(chip=100)@1.dil(prob=50)@1
650	237	12	3472	237	3235	120	1616	117	1619	38.0	6.401	6.263	23445	19	on	ab(deep=6,tt,ord,nodes=200k)@2.classic(chip=100)@2.dil(prob=52)@1
651	204	36	318	22	296	13	146	9	150	31.4	3.071	3.684	17364	17	gone	ab(deep=6,tt,ord,nodes=200k)@1.classic(chip=100)@1.dil(prob=63)@1
652	187	15	2400	69	2331	37	1163	32	1168	33.8	2.900	4.742	15389	15	gone	ab(deep=6,tt,ord,nodes=200k)@1.classic(chip=100)@2.dil(prob=63)@1
653	143	39	318	14	304	8	151	6	153	28.7	2.805	2.590	15640	13	gone	ab(deep=6,tt,ord,nodes=200k)@1.classic(chip=100)@1.dil(prob=75)@1
654	136	16	2336	32	2304	22	1146	10	1158	31.2	2.028	3.335	10889	12	gone	ab(deep=6,tt,ord,nodes=200k)@1.classic(chip=100)@2.dil(prob=75)@1
655	136	14	3472	127	3345	67	1669	60	1676	35.5	5.160	5.029	18766	11	on	ab(deep=6,tt,ord,nodes=200k)@2.classic(chip=100)@2.dil(prob=63)@1
656	37	18	3472	56	3416	32	1704	24	1712	32.3	3.573	3.469	12923	3	on	ab(deep=6,tt,ord,nodes=200k)@2.classic(chip=100)@2.dil(prob=75)@1
657	0	14	7624	8	7616	6	3806	2	3810	25.5	0.001	0.002	0	-	anchor	rand@1
