rank	elo	pm	games	wins	losses	white_wins	white_losses	black_wins	black_losses	avg_plies	ms_move	cpu_ms_move	nodes_move	eff	active	id
1	1141	24	504	442	62	240	12	202	50	37.1	0.253	6.554	973	90	gone	ab(deep=6,tt,ord,margin=100,nodes=200k)@1.classic(chip=100)@1
2	1128	24	504	438	66	241	11	197	55	37.6	0.179	5.336	666	91	gone	ab(deep=6,tt,ord,margin=25,nodes=200k)@1.classic(chip=100)@1
3	1117	23	504	434	70	249	3	185	67	41.6	8.196	9.591	83762	84	gone	ab(deep=6,ord,nodes=200k)@1.classic(chip=100)@1
4	1109	9	2780	2321	459	1144	246	1177	213	45.4	142.510	138.026	473353	65	gone	ab(deep=8,tt,ord,nodes=2m)@1.classic(chip=100)@2
5	1103	12	1880	1642	238	836	104	806	134	44.1	118.576	115.401	393835	66	gone	ab(deep=8,tt,ord,nodes=2m)@1.classic(chip=100)@2.dil(prob=15,deep=6)@1
6	1102	23	504	429	75	233	19	196	56	38.5	0.177	4.949	664	90	gone	ab(deep=6,tt,ord,margin=50,nodes=200k)@1.classic(chip=100)@1
7	1094	23	504	426	78	234	18	192	60	38.3	2.763	7.152	14712	85	gone	ab(deep=6,tt,nodes=200k)@1.classic(chip=100)@1
8	1094	23	504	426	78	234	18	192	60	38.3	2.843	4.995	14822	89	gone	ab(deep=6,tt,ord,nodes=200k)@1.classic(chip=100)@1
9	1091	11	1880	1626	254	815	125	811	129	44.2	94.993	92.603	315232	66	gone	ab(deep=8,tt,ord,nodes=2m)@1.classic(chip=100)@2.dil(prob=30,deep=6)@1
10	1085	18	1028	964	64	487	27	477	37	53.9	25.067	24.883	91585	74	on	ab(deep=6,tt,ord,nodes=200k)@2.learned(model=169,4975683c,tdleaf_self,lin,shape=129-1)@1
11	1071	17	1028	956	72	483	31	473	41	51.5	25.976	25.680	93685	73	on	ab(deep=6,tt,ord,nodes=200k)@2.learned(model=602,68cbb27d,tdleaf_self,lin,shape=129-1)@1
12	1051	22	504	410	94	246	6	164	88	37.6	5.282	7.564	124482	82	gone	ab(deep=6,nodes=200k)@1.classic(chip=100)@1
13	1041	10	1975	1599	376	808	174	791	202	54.7	24.104	22.553	74641	72	gone	ab(deep=6,tt,ord,nodes=200k)@1.learned(model=169,4975683c,tdleaf_self,lin,shape=129-1)@1
14	1038	8	2596	1974	622	1001	297	973	325	55.3	13.824	13.389	45647	76	gone	ab(deep=6,tt,ord,nodes=200k)@1.learned(model=98,5801570e,pool_games,lin,shape=129-1)@1.opener(book,book=11)@1
15	1037	26	318	256	62	138	21	118	41	36.7	1.619	5.896	7690	83	gone	ab(deep=6,tt,ord,nodes=200k)@1.classic(chip=100)@1.dil(prob=15,deep=3)@1
16	1031	16	1028	931	97	475	39	456	58	51.5	26.313	26.071	95315	70	on	ab(deep=6,tt,ord,nodes=200k)@2.learned(model=349,5ee50d5c,tdleaf_self,lin,shape=129-1)@1
17	1025	26	318	253	65	139	20	114	45	36.8	0.201	5.997	794	82	gone	ab(deep=6,tt,ord,nodes=200k)@1.classic(chip=100)@1.dil(prob=15,deep=4)@1
18	1024	8	2596	1938	658	1014	284	924	374	55.0	15.371	14.789	50887	74	gone	ab(deep=6,tt,ord,nodes=200k)@1.learned(model=98,5801570e,pool_games,lin,shape=129-1)@1.opener(book,book=10)@1
19	1014	9	1800	1255	545	638	262	617	283	56.6	16.051	15.467	54188	73	gone	ab(d6,tt,ord,nb200k)@1.learned(s6,eac8ab99)@1
20	1013	8	2636	1942	694	906	412	1036	282	46.4	7.676	7.291	23402	79	gone	ab(deep=6,tt,ord,nodes=200k)@1.classic(chip=100)@2.opener(book,book=2)@1
21	1007	8	2596	1894	702	945	353	949	349	56.0	12.580	12.216	41761	74	gone	ab(deep=6,tt,ord,nodes=200k)@1.learned(model=98,5801570e,pool_games,lin,shape=129-1)@1.opener(book,book=4)@1
22	1004	11	1756	1405	351	665	213	740	138	52.1	39.717	38.513	120229	66	gone	ab(deep=6,ord,nodes=200k)@1.adv(chip=77,support=-2,control=1,noiseseed=1,racewin=1)@1.opener(book,book=20)@1
23	1001	8	2596	1877	719	956	342	921	377	56.2	14.168	13.737	46933	73	gone	ab(deep=6,tt,ord,nodes=200k)@1.learned(model=98,5801570e,pool_games,lin,shape=129-1)@1.opener(book,book=2)@1
24	1000	8	2740	1958	782	1021	349	937	433	57.4	20.613	19.947	69044	70	gone	ab(deep=6,tt,ord,nodes=200k)@1.learned(model=76,ef183148,position_elo,lin,mu_shape=129-1,sigma_shape=129-1)@1
25	998	10	1966	1515	451	768	210	747	241	53.3	21.253	20.162	65533	70	gone	ab(deep=6,tt,ord,nodes=200k)@1.learned(model=602,68cbb27d,tdleaf_self,lin,shape=129-1)@1
26	997	25	318	245	73	129	30	116	43	37.2	2.509	4.726	12591	82	gone	ab(deep=6,tt,ord,nodes=200k)@1.classic(chip=100)@1.dil(prob=30,deep=3)@1
27	997	25	318	245	73	135	24	110	49	37.0	0.143	4.373	545	82	gone	ab(deep=6,tt,ord,nodes=200k)@1.classic(chip=100)@1.dil(prob=30,deep=4)@1
28	992	8	2636	1882	754	977	341	905	413	55.1	14.485	14.143	49499	72	gone	ab(deep=6,tt,ord,nodes=200k)@1.learned(model=98,5801570e,pool_games,lin,shape=129-1)@1.opener(book,book=1)@1
29	987	14	1052	893	159	465	61	428	98	53.4	20.202	19.417	63471	69	gone	ab(deep=6,tt,ord,time=150ms)@1.learned(model=96,990e39e7,pool_games,lin,shape=129-1)@1
30	984	10	1967	1489	478	769	209	720	269	52.7	21.853	20.715	67868	69	gone	ab(deep=6,tt,ord,nodes=200k)@1.learned(model=349,5ee50d5c,tdleaf_self,lin,shape=129-1)@1
31	984	8	2596	1829	767	883	415	946	352	55.3	13.646	13.185	45938	72	gone	ab(deep=6,tt,ord,nodes=200k)@1.learned(model=98,5801570e,pool_games,lin,shape=129-1)@1.opener(book,book=12)@1
32	982	10	1967	1485	482	743	235	742	247	54.7	28.020	24.910	83423	67	gone	ab(deep=6,tt,ord,nodes=200k)@1.learned(model=171,10d3530c,tdleaf_self,lin,shape=129-1)@1
33	982	8	2596	1823	773	919	379	904	394	55.6	15.263	14.807	50043	71	gone	ab(deep=6,tt,ord,nodes=200k)@1.learned(model=3,68364898,pool_games,lin,shape=129-1)@1.opener(book,book=2)@1
34	981	8	2596	1820	776	805	493	1015	283	53.2	39.211	37.627	113037	65	gone	ab(deep=6,ord,nodes=200k)@1.adv(chip=77,support=-2,control=1,noiseseed=1,racewin=1)@1.opener(book,book=2)@1
35	980	25	318	240	78	131	28	109	50	37.3	0.325	3.527	1391	83	gone	ab(deep=6,tt,ord,nodes=200k)@1.classic(chip=100)@1.dil(prob=45,deep=4)@1
36	978	8	2596	1811	785	844	454	967	331	45.8	7.569	7.168	22248	76	gone	ab(deep=6,tt,ord,nodes=200k)@1.classic(chip=100)@2.opener(book,book=9)@1
37	977	10	1764	1366	398	710	172	656	226	55.0	16.208	15.829	54978	70	gone	ab(deep=6,tt,ord,nodes=200k)@1.learned(model=98,5801570e,pool_games,lin,shape=129-1)@1.opener(book,book=16)@1
38	976	8	2636	1838	798	886	432	952	366	52.3	16.663	16.277	56314	70	gone	ab(deep=6,tt,ord,qs,nodes=200k)@1.learned(model=98,5801570e,pool_games,lin,shape=129-1)@1
39	974	8	2596	1801	795	846	452	955	343	46.2	8.628	8.183	25817	75	gone	ab(deep=6,tt,ord,nodes=200k)@1.classic(chip=100)@2.opener(book,book=4)@1
40	973	27	242	185	57	99	22	86	35	54.0	14.914	14.823	67951	70	gone	ab(deep=6,tt,ord,nodes=200k)@1.learned(model=169,4975683c,tdleaf_self,lin,shape=129-1)@1.opener(cbook,cbook=5,ply=16)@1
41	972	8	2596	1796	800	822	476	974	324	46.4	9.156	8.749	27272	74	gone	ab(deep=6,tt,ord,nodes=200k)@1.classic(chip=100)@2.opener(book,book=7)@1
42	971	8	2780	1947	833	811	579	1136	254	52.7	39.989	38.012	117698	64	gone	ab(deep=6,ord,nodes=200k)@1.adv(chip=77,support=-2,control=1,noiseseed=1,racewin=1)@1
43	970	7	2876	1988	888	1030	408	958	480	55.1	15.519	14.953	51561	70	gone	ab(deep=6,tt,ord,nodes=200k)@1.learned(model=98,5801570e,pool_games,lin,shape=129-1)@1
44	970	14	960	720	240	380	100	340	140	52.9	14.643	14.284	50756	70	gone	ab(d6,tt,ord,nb200k)@1.learned(s7,c7f7ce61)@1
45	969	8	2740	1865	875	897	473	968	402	56.3	17.653	17.050	58694	69	gone	ab(deep=6,tt,ord,nodes=200k)@1.learned(model=3,68364898,pool_games,lin,shape=129-1)@1
46	969	15	1028	885	143	462	52	423	91	53.0	27.121	26.892	98746	66	on	ab(deep=6,tt,ord,nodes=200k)@2.learned(model=603,2da121ee,tdleaf_self,lin,shape=129-1)@1
47	968	10	1764	1351	413	644	238	707	175	44.6	9.150	8.804	27374	74	gone	ab(deep=6,tt,ord,nodes=200k)@1.classic(chip=100)@2.opener(book,book=14)@1
48	968	10	1756	1346	410	650	228	696	182	52.1	40.100	38.901	121335	63	gone	ab(deep=6,ord,nodes=200k)@1.adv(chip=77,support=-2,control=1,noiseseed=1,racewin=1)@1.opener(book,book=19)@1
49	967	7	2876	1978	898	1007	431	971	467	54.8	15.912	15.417	51952	70	gone	ab(deep=6,tt,ord,nodes=200k)@1.learned(model=96,990e39e7,pool_games,lin,shape=129-1)@1
50	964	10	1904	1430	474	735	217	695	257	57.4	17.927	17.586	59182	68	gone	ab(deep=6,tt,ord,nodes=200k)@1.learned(model=96,990e39e7,pool_games,lin,shape=129-1)@1.opener(rand,moves=4)@1
51	963	25	318	235	83	128	31	107	52	38.3	4.276	7.275	22227	75	gone	ab(deep=6,tt,ord,nodes=200k)@1.classic(chip=100)@1.dil(prob=4)@1
52	963	10	1764	1341	423	676	206	665	217	54.5	18.358	18.030	62574	68	gone	ab(deep=6,tt,ord,nodes=200k)@1.learned(model=98,5801570e,pool_games,lin,shape=129-1)@1.opener(book,book=15)@1
53	962	8	2596	1765	831	824	474	941	357	46.0	8.272	7.871	24438	74	gone	ab(deep=6,tt,ord,nodes=200k)@1.classic(chip=100)@2.opener(book,book=8)@1
54	959	25	318	234	84	128	31	106	53	36.8	1.587	3.408	7551	82	gone	ab(deep=6,tt,ord,nodes=200k)@1.classic(chip=100)@1.dil(prob=45,deep=3)@1
55	958	10	1751	1334	417	667	203	667	214	51.6	23.125	21.819	71937	66	gone	ab(deep=6,tt,ord,nodes=200k)@1.learned(model=351,42d88d8e,tdleaf_self,lin,shape=129-1)@1
56	958	14	1028	876	152	478	36	398	116	54.2	27.900	27.637	101125	65	on	ab(deep=6,tt,ord,nodes=200k)@2.learned(model=351,42d88d8e,tdleaf_self,lin,shape=129-1)@1
57	957	14	1028	875	153	457	57	418	96	54.0	19.103	18.861	68978	67	on	ab(deep=6,tt,ord,nodes=200k)@2.learned(model=96,990e39e7,pool_games,lin,shape=129-1)@1
58	957	10	1750	1330	420	656	214	674	206	52.3	21.568	20.486	69758	67	gone	ab(deep=6,tt,ord,nodes=200k)@1.learned(model=603,2da121ee,tdleaf_self,lin,shape=129-1)@1
59	956	14	1028	874	154	450	64	424	90	42.7	11.382	11.184	40868	71	on	ab(deep=6,tt,ord,nodes=200k)@2.classic(chip=100)@2.opener(book,book=7)@1
60	956	14	1028	874	154	440	74	434	80	42.7	11.033	10.877	39828	71	on	ab(deep=6,tt,ord,nodes=200k)@2.classic(chip=100)@2.opener(book,book=8)@1
61	954	14	1028	873	155	446	68	427	87	43.4	11.086	10.874	38328	71	on	ab(deep=6,tt,ord,nodes=200k)@2.classic(chip=100)@2.opener(book,book=2)@1
62	954	14	1028	873	155	436	78	437	77	42.2	10.617	10.522	38196	71	on	ab(deep=6,tt,ord,nodes=200k)@2.classic(chip=100)@2.opener(book,book=4)@1
63	953	8	2596	1741	855	834	464	907	391	54.9	17.619	17.029	57490	68	gone	ab(deep=6,tt,ord,nodes=200k)@1.learned(model=3,68364898,pool_games,lin,shape=129-1)@1.opener(book,book=6)@1
64	951	10	1764	1321	443	638	244	683	199	45.1	10.563	10.138	32481	71	gone	ab(deep=6,tt,ord,nodes=200k)@1.classic(chip=100)@2.opener(book,book=13)@1
65	949	24	318	231	87	124	35	107	52	36.3	0.303	2.652	1329	83	gone	ab(deep=6,tt,ord,nodes=200k)@1.classic(chip=100)@1.dil(prob=60,deep=4)@1
66	949	9	1904	1401	503	721	231	680	272	58.1	21.239	20.820	70014	66	gone	ab(deep=6,tt,ord,nodes=200k)@1.learned(model=76,ef183148,position_elo,lin,mu_shape=129-1,sigma_shape=129-1)@1.opener(rand,moves=4)@1
67	949	14	1028	868	160	487	27	381	133	53.6	28.560	28.284	103938	64	on	ab(deep=6,tt,ord,nodes=200k)@2.learned(model=171,10d3530c,tdleaf_self,lin,shape=129-1)@1
68	947	10	1780	1330	450	707	183	623	267	57.1	402.715	387.839	85663	51	gone	ab(deep=6,tt,ord,nodes=200k)@1.learned(model=111,78ef6974,position_elo,mlp,mu_shape=129-512-8-1,sigma_shape=129-64-1)@1
69	945	14	1028	865	163	439	75	426	88	43.5	10.849	10.717	39029	71	on	ab(deep=6,tt,ord,nodes=200k)@2.classic(chip=100)@2.opener(book,book=9)@1
70	945	14	1028	865	163	441	73	424	90	52.3	18.312	18.133	66998	67	on	ab(deep=6,tt,ord,nodes=200k)@2.learned(model=98,5801570e,pool_games,lin,shape=129-1)@1.opener(book,book=16)@1
71	944	14	1052	855	197	429	97	426	100	52.9	24.394	23.488	77153	65	gone	ab(deep=6,tt,ord,time=150ms)@1.learned(model=76,ef183148,position_elo,lin,mu_shape=129-1,sigma_shape=129-1)@1
72	943	14	1052	854	198	440	86	414	112	42.2	11.788	11.336	36112	70	gone	ab(deep=6,tt,ord,time=150ms)@1.classic(chip=100)@2
73	942	14	1028	862	166	414	100	448	66	51.5	38.784	38.514	122784	62	on	ab(deep=6,ord,nodes=200k)@2.adv(chip=77,support=-2,control=1,noiseseed=1,racewin=1)@1.opener(book,book=20)@1
74	941	14	1028	861	167	448	66	413	101	43.1	127.552	126.592	475267	55	on	ab(deep=8,tt,ord,nodes=2m)@2.classic(chip=100)@2
75	940	14	1052	851	201	427	99	424	102	52.3	21.519	20.715	68614	66	gone	ab(deep=6,tt,ord,time=150ms)@1.learned(model=3,68364898,pool_games,lin,shape=129-1)@1
76	939	14	1028	860	168	451	63	409	105	50.2	17.882	17.731	65047	67	on	ab(deep=6,tt,ord,nodes=200k)@2.learned(model=441,01db390c,tdleaf_self,lin,shape=129-1)@1
77	939	7	3092	2155	937	1084	462	1071	475	43.1	4.321	7.250	21162	73	gone	ab(deep=6,tt,ord,margin=50,nodes=200k)@1.classic(chip=100)@2
78	936	20	504	361	143	182	70	179	73	35.1	1.599	2.017	37827	85	gone	ab(deep=5)@1.classic(chip=100)@1
79	936	14	1028	857	171	457	57	400	114	53.9	18.552	18.420	69410	66	on	ab(deep=6,tt,ord,time=150ms)@2.learned(model=96,990e39e7,pool_games,lin,shape=129-1)@1
80	935	27	196	155	41	78	20	77	21	52.2	33.309	27.926	56029	63	gone	ab(d6,tt,ord,nb200k)@1.learned(s13,068b8a37)@1
81	935	27	196	155	41	80	18	75	23	53.0	29.213	24.882	54028	64	gone	ab(d6,tt,ord,nb200k)@1.learned(s6,99ac0d85)@1
82	935	14	1028	856	172	411	103	445	69	51.1	39.501	39.102	124246	61	on	ab(deep=6,ord,nodes=200k)@2.adv(chip=77,support=-2,control=1,noiseseed=1,racewin=1)@1.opener(book,book=19)@1
83	935	14	1028	856	172	435	79	421	93	51.3	16.737	16.618	61584	67	on	ab(deep=6,tt,ord,nodes=200k)@2.learned(model=98,5801570e,pool_games,lin,shape=129-1)@1.opener(book,book=4)@1
84	935	14	1028	856	172	434	80	422	92	42.9	11.414	11.271	40988	69	on	ab(deep=6,tt,ord,nodes=200k)@2.classic(chip=100)@2.opener(book,book=14)@1
85	934	17	472	305	167	152	84	153	83	62.4	19.717	19.044	65167	66	gone	ab(d6,tt,ord,nb200k)@1.learned(s6,eac8ab99,value,lin,129-1,con100)@1
86	934	11	1392	965	427	499	197	466	230	59.7	17.873	17.518	60268	66	gone	ab(d6,tt,ord,nb200k)@1.learned(s6,eac8ab99,value,lin,129-1,con100)@1.opener(rand,4)@1
87	934	14	1028	855	173	438	76	417	97	52.1	17.807	17.630	65439	66	on	ab(deep=6,tt,ord,nodes=200k)@2.learned(model=98,5801570e,pool_games,lin,shape=129-1)@1.opener(book,book=1)@1
88	934	7	3092	2137	955	1078	468	1059	487	43.9	4.967	9.468	25894	71	gone	ab(deep=6,tt,nodes=200k)@1.classic(chip=100)@2
89	933	8	2636	1710	926	853	465	857	461	45.6	10.126	9.883	31306	70	gone	ab(deep=6,tt,ord,qs,nodes=200k)@1.classic(turn=1,chip=4)@2
90	933	24	318	226	92	118	41	108	51	37.0	0.724	2.461	3504	83	gone	ab(deep=6,tt,ord,nodes=200k)@1.classic(chip=100)@1.dil(prob=60,deep=3)@1
91	933	14	1028	854	174	430	84	424	90	51.9	17.964	17.787	68928	66	on	ab(deep=6,tt,ord,time=150ms)@2.learned(model=98,5801570e,pool_games,lin,shape=129-1)@1
92	933	7	3196	2176	1020	1098	500	1078	520	43.9	4.036	7.140	20004	73	gone	ab(deep=6,tt,ord,nodes=200k)@1.classic(chip=100)@2
93	930	14	1028	852	176	412	102	440	74	51.6	37.958	37.663	120018	61	on	ab(deep=6,ord,nodes=200k)@2.adv(chip=77,support=-2,control=1,noiseseed=1,racewin=1)@1.opener(book,book=3)@1
94	929	10	1756	1278	478	622	256	656	222	55.5	17.953	17.596	59539	66	gone	ab(deep=6,tt,ord,nodes=200k)@1.learned(model=3,68364898,pool_games,lin,shape=129-1)@1.opener(book,book=18)@1
95	928	14	1052	840	212	400	126	440	86	52.0	24.718	23.730	75186	64	gone	ab(deep=6,tt,ord,time=150ms)@1.learned(model=10,fead67b7,weight_merge,lin,shape=129-1)@1
96	927	14	1028	849	179	415	99	434	80	51.1	40.014	39.350	124924	61	on	ab(deep=6,ord,nodes=200k)@2.adv(chip=77,support=-2,control=1,noiseseed=1,racewin=1)@1
97	927	14	1028	849	179	434	80	415	99	51.9	18.307	18.118	67172	66	on	ab(deep=6,tt,ord,nodes=200k)@2.learned(model=98,5801570e,pool_games,lin,shape=129-1)@1.opener(book,book=15)@1
98	927	9	1904	1357	547	704	248	653	299	49.7	11.212	10.824	33591	69	gone	ab(deep=6,tt,ord,nodes=200k)@1.classic(chip=100)@2.opener(rand,moves=4)@1
99	926	14	1028	848	180	439	75	409	105	52.4	18.249	18.040	67213	65	on	ab(deep=6,tt,ord,nodes=200k)@2.learned(model=98,5801570e,pool_games,lin,shape=129-1)@1.opener(book,book=10)@1
100	924	26	242	173	69	90	31	83	38	42.8	6.870	6.898	29267	72	gone	ab(deep=6,tt,ord,nodes=200k)@1.classic(chip=100)@2.opener(cbook,cbook=3,ply=16)@1
101	923	14	1028	845	183	430	84	415	99	52.5	17.573	17.469	64727	65	on	ab(deep=6,tt,ord,nodes=200k)@2.learned(model=98,5801570e,pool_games,lin,shape=129-1)@1.opener(book,book=2)@1
102	922	7	3092	2099	993	1047	499	1052	494	43.4	3.964	7.809	19361	71	gone	ab(deep=6,tt,ord,margin=25,nodes=200k)@1.classic(chip=100)@2
103	922	14	1028	844	184	427	87	417	97	52.8	18.582	18.436	68564	65	on	ab(deep=6,tt,ord,nodes=200k)@2.learned(model=98,5801570e,pool_games,lin,shape=129-1)@1
104	922	14	1028	844	184	435	79	409	105	51.8	17.073	16.922	62921	66	on	ab(deep=6,tt,ord,nodes=200k)@2.learned(model=98,5801570e,pool_games,lin,shape=129-1)@1.opener(book,book=12)@1
105	920	10	1756	1262	494	605	273	657	221	55.8	19.647	19.274	65412	65	gone	ab(deep=6,tt,ord,nodes=200k)@1.learned(model=3,68364898,pool_games,lin,shape=129-1)@1.opener(book,book=17)@1
106	919	17	472	296	176	146	90	150	86	59.4	20.755	20.052	67307	64	gone	ab(d6,tt,ord,nb200k)@1.learned(s7,c7f7ce61,value,lin,129-1,con100)@1
107	919	26	196	151	45	76	22	75	23	51.2	24.693	22.319	50657	64	gone	ab(d6,tt,ord,nb200k)@1.learned(s7,388ce3fa)@1
108	919	13	1052	831	221	406	120	425	101	52.2	19.705	19.028	64281	65	gone	ab(deep=6,tt,ord,time=150ms)@1.learned(model=98,5801570e,pool_games,lin,shape=129-1)@1
109	918	14	1028	841	187	431	83	410	104	45.6	20.533	20.234	96483	64	on	ab(deep=6,ord,nodes=200k)@2.adv(chip=75,hole=3,race=2,noiseseed=1,racewin=1)@1
110	917	10	1840	1307	533	651	269	656	264	57.7	17.732	17.394	59846	65	gone	ab(deep=6,tt,ord,nodes=200k)@1.learned(model=98,5801570e,pool_games,lin,shape=129-1)@1.opener(rand,moves=4)@1
111	917	14	1028	840	188	440	74	400	114	43.0	11.408	11.209	41096	68	on	ab(deep=6,tt,ord,nodes=200k)@2.classic(chip=100)@2.opener(book,book=13)@1
112	917	10	1726	1237	489	640	218	597	271	50.8	15.784	14.856	47745	66	gone	ab(deep=6,tt,ord,nodes=200k)@1.learned(model=441,01db390c,tdleaf_self,lin,shape=129-1)@1
113	916	14	1028	839	189	427	87	412	102	52.6	17.662	17.505	64893	65	on	ab(deep=6,tt,ord,nodes=200k)@2.learned(model=98,5801570e,pool_games,lin,shape=129-1)@1.opener(book,book=11)@1
114	915	7	3092	2076	1016	1018	528	1058	488	43.2	4.069	8.347	19962	70	gone	ab(deep=6,tt,ord,margin=100,nodes=200k)@1.classic(chip=100)@2
115	915	26	196	150	46	79	19	71	27	50.6	26.273	23.408	52244	63	gone	ab(d6,tt,ord,nb200k)@1.learned(s4,95b45b1f)@1
116	915	13	1052	827	225	433	93	394	132	53.7	21.790	20.962	71245	64	gone	ab(deep=6,tt,ord,time=150ms)@1.learned(model=8,6f1a4264,pool_games,lin,shape=129-1)@1
117	914	8	2636	1652	984	795	523	857	461	45.0	7.975	7.686	24794	71	gone	ab(deep=6,tt,ord,nodes=200k)@1.classic(chip=100)@2.opener(book,book=1)@1
118	913	14	1028	836	192	392	122	444	70	50.8	37.263	37.044	118197	60	on	ab(deep=6,ord,nodes=200k)@2.adv(chip=77,support=-2,control=1,noiseseed=1,racewin=1)@1.opener(book,book=2)@1
119	913	9	1840	1298	542	633	287	665	255	56.6	21.196	20.492	66678	64	gone	ab(deep=6,tt,ord,nodes=200k)@1.learned(model=10,fead67b7,weight_merge,lin,shape=129-1)@1.opener(rand,moves=4)@1
120	912	10	1796	1271	525	674	224	597	301	55.8	18.112	17.676	62201	65	gone	ab(deep=6,tt,ord,nodes=200k)@1.learned(model=8,6f1a4264,pool_games,lin,shape=129-1)@1
121	912	14	1028	835	193	432	82	403	111	43.2	12.007	11.969	41514	67	on	ab(deep=6,tt,ord,qs,nodes=200k)@2.classic(turn=1,chip=4)@2
122	912	14	1028	835	193	436	78	399	115	42.6	11.025	10.906	41444	68	on	ab(deep=6,tt,ord,time=150ms)@2.classic(chip=100)@2
123	911	14	1028	834	194	413	101	421	93	50.8	20.606	20.438	73493	64	on	ab(deep=6,tt,ord,qs,nodes=200k)@2.learned(model=98,5801570e,pool_games,lin,shape=129-1)@1
124	910	7	3092	2057	1035	1082	464	975	571	48.1	7.007	11.030	71315	68	gone	ab(deep=6,ord,nodes=200k)@1.classic(chip=100)@2
125	910	14	1028	833	195	444	70	389	125	42.9	11.174	11.109	43710	68	on	ab(deep=6,tt,nodes=200k)@2.classic(chip=100)@2
126	910	14	1028	833	195	397	117	436	78	52.1	22.960	22.686	79190	63	on	ab(deep=6,tt,ord,nodes=200k)@2.learned(model=10,fead67b7,weight_merge,lin,shape=129-1)@1
127	909	26	242	169	73	84	37	85	36	43.8	6.796	6.767	29107	71	gone	ab(deep=6,tt,ord,nodes=200k)@1.classic(chip=100)@2.opener(cbook,cbook=2,ply=16)@1
128	907	11	1392	923	469	480	216	443	253	57.6	18.778	18.406	62186	64	gone	ab(d6,tt,ord,nb200k)@1.learned(s7,c7f7ce61,value,lin,129-1,con100)@1.opener(rand,4)@1
129	907	24	318	218	100	114	45	104	55	38.5	4.793	7.326	25399	71	gone	ab(deep=6,tt,ord,nodes=200k)@1.classic(chip=100)@1.dil(prob=7)@1
130	907	11	1264	848	416	422	210	426	206	54.8	17.322	17.080	56654	64	gone	ab(d6,tt,ord,nb200k)@1.learned(s9,e5b3b014,value,lin,129-1,con100)@1.opener(rand,4)@1
131	906	14	1028	830	198	438	76	392	122	43.5	11.000	10.801	39308	68	on	ab(deep=6,tt,ord,nodes=200k)@2.classic(chip=100)@2.opener(book,book=1)@1
132	906	14	1028	830	198	418	96	412	102	54.0	19.434	19.265	73114	64	on	ab(deep=6,tt,ord,time=150ms)@2.learned(model=3,68364898,pool_games,lin,shape=129-1)@1
133	905	14	1028	829	199	433	81	396	118	43.6	11.483	11.420	76606	67	on	ab(deep=6,ord,nodes=200k)@2.classic(chip=100)@2
134	905	26	242	168	74	91	30	77	44	43.2	6.984	6.904	29602	71	gone	ab(deep=6,tt,ord,nodes=200k)@1.classic(chip=100)@2.opener(cbook,cbook=4,ply=16)@1
135	904	14	1028	828	200	401	113	427	87	53.5	19.663	19.487	72247	63	on	ab(deep=6,tt,ord,nodes=200k)@2.learned(model=3,68364898,pool_games,lin,shape=129-1)@1
136	903	14	1028	827	201	430	84	397	117	42.9	11.009	10.918	41701	67	on	ab(deep=6,tt,ord,nodes=200k)@2.classic(chip=100)@2
137	903	10	1736	1276	460	650	218	626	242	57.1	17.718	17.531	63885	64	on	ab(deep=6,tt,ord,nodes=200k)@2.learned(model=96,990e39e7,pool_games,lin,shape=129-1)@1.opener(rand,moves=4)@1
138	903	26	196	147	49	80	18	67	31	51.4	33.843	27.920	55627	61	gone	ab(d6,tt,ord,nb200k)@1.learned(s14,e7a789fe)@1
139	903	10	1736	1275	461	660	208	615	253	47.6	109.262	108.333	405910	54	on	ab(deep=8,tt,ord,nodes=2m)@2.classic(chip=100)@2.dil(prob=15,deep=6)@1
140	902	14	1028	826	202	430	84	396	118	42.9	10.171	10.113	34690	68	on	ab(deep=6,tt,ord,margin=50,nodes=200k)@2.classic(chip=100)@2
141	902	10	1736	1273	463	668	200	605	263	47.1	91.714	90.869	341950	55	on	ab(deep=8,tt,ord,nodes=2m)@2.classic(chip=100)@2.dil(prob=30,deep=6)@1
142	901	10	1796	1250	546	595	303	655	243	55.7	18.244	17.767	62671	64	gone	ab(deep=6,tt,ord,nodes=200k)@1.learned(model=4,eb105733,pool_games,lin,shape=129-1)@1
143	901	10	1756	1222	534	645	233	577	301	59.0	467.633	452.335	83902	48	gone	ab(deep=6,tt,ord,nodes=200k)@1.learned(model=77,ddaa5090,position_elo,mlp,mu_shape=129-128-64-1,sigma_shape=129-32-1)@1
144	900	8	2596	1582	1014	656	642	926	372	50.2	38.438	36.530	109647	59	gone	ab(deep=6,ord,nodes=200k)@1.adv(chip=77,support=-2,control=1,noiseseed=1,racewin=1)@1.opener(book,book=3)@1
145	899	26	196	146	50	76	22	70	28	51.2	33.103	27.650	56540	61	gone	ab(d6,tt,ord,nb200k)@1.learned(s12,fc66af48)@1
146	899	26	196	146	50	76	22	70	28	51.7	29.486	26.213	54063	61	gone	ab(d6,tt,ord,nb200k)@1.learned(s3,8603e15c)@1
147	899	13	1028	823	205	433	81	390	124	43.4	10.832	10.694	40719	67	on	ab(deep=6,tt,ord,margin=100,nodes=200k)@2.classic(chip=100)@2
148	899	13	1028	823	205	406	108	417	97	56.8	175.756	174.386	89760	52	on	ab(deep=6,tt,ord,nodes=200k)@2.learned(model=78,2fa21eda,position_elo,mlp,mu_shape=129-128-64-1,sigma_shape=129-32-1)@1
149	899	9	1840	1271	569	661	259	610	310	59.9	361.366	344.571	79838	49	gone	ab(deep=6,tt,ord,nodes=200k)@1.learned(model=111,78ef6974,position_elo,mlp,mu_shape=129-512-8-1,sigma_shape=129-64-1)@1.opener(rand,moves=4)@1
150	897	10	1756	1216	540	631	247	585	293	58.5	446.199	432.326	81374	48	gone	ab(deep=6,tt,ord,nodes=200k)@1.learned(model=78,2fa21eda,position_elo,mlp,mu_shape=129-128-64-1,sigma_shape=129-32-1)@1
151	897	13	1052	809	243	381	145	428	98	52.6	21.279	20.506	68848	63	gone	ab(deep=6,tt,ord,time=150ms)@1.learned(model=4,eb105733,pool_games,lin,shape=129-1)@1
152	896	13	1028	820	208	393	121	427	87	52.6	22.351	22.152	79586	62	on	ab(deep=6,tt,ord,time=150ms)@2.learned(model=10,fead67b7,weight_merge,lin,shape=129-1)@1
153	896	26	196	145	51	74	24	71	27	53.2	35.569	29.739	59504	60	gone	ab(d6,tt,ord,nb200k)@1.learned(s10,6153d426)@1
154	895	10	1756	1211	545	626	252	585	293	58.6	391.703	379.478	85547	48	gone	ab(deep=6,tt,ord,nodes=200k)@1.learned(model=113,e3cc8b4e,position_elo,mlp,mu_shape=129-512-8-1,sigma_shape=129-64-1)@1
155	894	7	2780	1700	1080	990	400	710	680	49.0	21.161	20.049	95264	63	gone	ab(deep=6,ord,nodes=200k)@1.adv(chip=75,hole=3,race=2,noiseseed=1,racewin=1)@1
156	892	9	1904	1285	619	639	313	646	306	58.7	18.133	17.756	60647	63	gone	ab(deep=6,tt,ord,nodes=200k)@1.learned(model=3,68364898,pool_games,lin,shape=129-1)@1.opener(rand,moves=4)@1
157	891	8	2636	1580	1056	708	610	872	446	53.8	19.067	18.465	62169	63	gone	ab(deep=6,tt,ord,nodes=200k)@1.learned(model=10,fead67b7,weight_merge,lin,shape=129-1)@1
158	891	9	1840	1254	586	677	243	577	343	58.6	18.872	18.515	63777	63	gone	ab(deep=6,tt,ord,nodes=200k)@1.learned(model=8,6f1a4264,pool_games,lin,shape=129-1)@1.opener(rand,moves=4)@1
159	889	10	1734	1190	544	609	253	581	291	53.5	41.787	39.457	69744	58	gone	ab(deep=6,tt,ord,nodes=200k)@1.learned(model=405,111c40c8,tdleaf_self,mlp,shape=129-32-1)@1
160	889	13	1028	813	215	425	89	388	126	44.0	10.273	10.147	34927	67	on	ab(deep=6,tt,ord,margin=25,nodes=200k)@2.classic(chip=100)@2
161	884	26	196	142	54	75	23	67	31	50.3	145.958	129.627	51096	52	gone	ab(d6,tt,ord,nb200k)@1.learned(s22,93efd444)@1
162	883	9	1840	1239	601	622	298	617	303	58.0	18.569	18.211	62261	62	gone	ab(deep=6,tt,ord,nodes=200k)@1.learned(model=4,eb105733,pool_games,lin,shape=129-1)@1.opener(rand,moves=4)@1
163	881	10	1736	1235	501	616	252	619	249	57.9	20.115	19.920	73969	62	on	ab(deep=6,tt,ord,nodes=200k)@2.learned(model=76,ef183148,position_elo,lin,mu_shape=129-1,sigma_shape=129-1)@1.opener(rand,moves=4)@1
164	880	26	196	141	55	66	32	75	23	51.8	34.471	29.412	57811	59	gone	ab(d6,tt,ord,nb200k)@1.learned(s11,e2d2f5da)@1
165	880	26	196	141	55	76	22	65	33	50.8	26.628	23.257	50859	61	gone	ab(d6,tt,ord,nb200k)@1.learned(s8,41ebc0ab)@1
166	880	10	1736	1234	502	628	240	606	262	50.0	10.821	10.655	38340	66	on	ab(deep=6,tt,ord,nodes=200k)@2.classic(chip=100)@2.opener(rand,moves=4)@1
167	879	10	1736	1232	504	605	263	627	241	55.6	20.415	20.102	70465	61	on	ab(deep=6,tt,ord,nodes=200k)@2.learned(model=10,fead67b7,weight_merge,lin,shape=129-1)@1.opener(rand,moves=4)@1
168	878	10	1736	1230	506	633	235	597	271	57.3	17.150	17.015	62727	62	on	ab(deep=6,tt,ord,nodes=200k)@2.learned(model=98,5801570e,pool_games,lin,shape=129-1)@1.opener(rand,moves=4)@1
169	877	13	1028	801	227	419	95	382	132	54.6	19.427	19.271	74812	62	on	ab(deep=6,tt,ord,time=150ms)@2.learned(model=8,6f1a4264,pool_games,lin,shape=129-1)@1
170	874	13	1028	798	230	435	79	363	151	55.5	409.974	405.283	95117	47	on	ab(deep=6,tt,ord,nodes=200k)@2.learned(model=111,78ef6974,position_elo,mlp,mu_shape=129-512-8-1,sigma_shape=129-64-1)@1
171	874	13	1028	798	230	385	129	413	101	53.3	17.835	17.690	65554	62	on	ab(deep=6,tt,ord,nodes=200k)@2.learned(model=3,68364898,pool_games,lin,shape=129-1)@1.opener(book,book=2)@1
172	873	10	1727	1157	570	572	286	585	284	53.8	57.908	54.804	76515	55	gone	ab(deep=6,tt,ord,nodes=200k)@1.learned(model=387,607b64aa,tdleaf_self,lin,shape=30-1)@1
173	872	13	1028	796	232	393	121	403	111	54.8	21.568	21.364	81735	61	on	ab(deep=6,tt,ord,time=150ms)@2.learned(model=76,ef183148,position_elo,lin,mu_shape=129-1,sigma_shape=129-1)@1
174	869	25	196	138	58	70	28	68	30	50.0	28.638	24.820	54620	60	gone	ab(d6,tt,ord,nb200k)@1.learned(s5,70081fb7)@1
175	867	9	1756	1158	598	609	269	549	329	59.2	386.851	376.718	87270	47	gone	ab(deep=6,tt,ord,nodes=200k)@1.learned(model=115,21d7e638,position_elo,mlp,mu_shape=129-512-8-1,sigma_shape=129-64-1)@1
176	867	13	1028	791	237	357	157	434	80	53.0	19.194	19.049	70024	61	on	ab(deep=6,tt,ord,nodes=200k)@2.learned(model=3,68364898,pool_games,lin,shape=129-1)@1.opener(book,book=18)@1
177	866	9	1800	938	862	493	407	445	455	53.4	12.644	12.352	44267	64	gone	ab(d6,tt,ord,nb200k)@1.learned(s9,e5b3b014)@1
178	866	24	318	205	113	106	53	99	60	38.3	5.377	8.188	28996	67	gone	ab(deep=6,tt,ord,nodes=200k)@1.classic(chip=100)@1.dil(prob=10)@1
179	866	9	1756	1155	601	599	279	556	322	58.9	385.682	373.785	85788	47	gone	ab(deep=6,tt,ord,nodes=200k)@1.learned(model=114,316257e9,position_elo,mlp,mu_shape=129-512-8-1,sigma_shape=129-64-1)@1
180	866	25	196	137	59	73	25	64	34	52.9	165.216	147.175	56856	50	gone	ab(d6,tt,ord,nb200k)@1.learned(s25,64a11ec7)@1
181	866	19	344	195	149	99	73	96	76	58.0	19.297	19.021	63435	61	gone	ab(d6,tt,ord,nb200k)@1.learned(s9,e5b3b014,value,lin,129-1,con100)@1
182	864	13	1028	788	240	400	114	388	126	54.3	49.468	49.030	95496	55	on	ab(deep=6,tt,ord,nodes=200k)@2.learned(model=405,111c40c8,tdleaf_self,mlp,shape=129-32-1)@1
183	861	13	1028	785	243	412	102	373	141	54.2	19.749	19.565	73298	60	on	ab(deep=6,tt,ord,nodes=200k)@2.learned(model=8,6f1a4264,pool_games,lin,shape=129-1)@1
184	861	10	1736	1198	538	632	236	566	302	59.1	345.304	342.354	82580	47	on	ab(deep=6,tt,ord,nodes=200k)@2.learned(model=111,78ef6974,position_elo,mlp,mu_shape=129-512-8-1,sigma_shape=129-64-1)@1.opener(rand,moves=4)@1
185	860	13	1028	784	244	396	118	388	126	55.2	21.946	21.856	80443	60	on	ab(deep=6,tt,ord,nodes=200k)@2.learned(model=76,ef183148,position_elo,lin,mu_shape=129-1,sigma_shape=129-1)@1
186	857	13	1028	781	247	407	107	374	140	57.2	389.512	386.413	97077	46	on	ab(deep=6,tt,ord,nodes=200k)@2.learned(model=114,316257e9,position_elo,mlp,mu_shape=129-512-8-1,sigma_shape=129-64-1)@1
187	855	9	1764	1138	626	550	332	588	294	60.3	1256.967	1220.567	88978	42	gone	ab(deep=6,tt,ord,nodes=200k)@1.learned(model=79,18f19059,position_elo,mlp,mu_shape=129-256-128-1,sigma_shape=129-64-1)@1
188	855	25	196	134	62	72	26	62	36	54.2	168.845	147.819	59492	50	gone	ab(d6,tt,ord,nb200k)@1.learned(s19,37dc9a9a)@1
189	855	13	1028	778	250	352	162	426	88	52.6	19.335	19.183	70667	60	on	ab(deep=6,tt,ord,nodes=200k)@2.learned(model=3,68364898,pool_games,lin,shape=129-1)@1.opener(book,book=17)@1
190	854	13	1028	777	251	367	147	410	104	52.7	19.082	18.901	69585	60	on	ab(deep=6,tt,ord,nodes=200k)@2.learned(model=3,68364898,pool_games,lin,shape=129-1)@1.opener(book,book=6)@1
191	850	39	96	28	68	13	35	15	33	64.1	22.862	20.375	70998	59	gone	ab(d6,tt,ord,nb200k)@1.learned(s6,eac8ab99,pool_games,lin,129-1,con100)@1
192	847	10	1736	1172	564	584	284	588	280	58.2	17.427	17.272	63902	60	on	ab(deep=6,tt,ord,nodes=200k)@2.learned(model=3,68364898,pool_games,lin,shape=129-1)@1.opener(rand,moves=4)@1
193	843	9	1756	1111	645	593	285	518	360	58.6	410.434	395.673	90660	45	gone	ab(deep=6,tt,ord,nodes=200k)@1.learned(model=110,1466db6c,position_elo,mlp,mu_shape=129-512-8-1,sigma_shape=129-64-1)@1
194	843	12	1160	852	308	435	145	417	163	41.4	4.137	5.698	20177	68	gone	ab(deep=6,tt,ord,nodes=200k)@1.classic(chip=100)@2.dil(prob=15,deep=3)@1
195	842	10	1736	1162	574	625	243	537	331	58.7	17.963	17.790	66422	60	on	ab(deep=6,tt,ord,nodes=200k)@2.learned(model=8,6f1a4264,pool_games,lin,shape=129-1)@1.opener(rand,moves=4)@1
196	841	13	1028	764	264	421	93	343	171	57.1	180.057	178.596	92427	48	on	ab(deep=6,tt,ord,nodes=200k)@2.learned(model=77,ddaa5090,position_elo,mlp,mu_shape=129-128-64-1,sigma_shape=129-32-1)@1
197	841	10	1736	1160	576	604	264	556	312	45.6	9.428	9.317	35364	64	on	ab(deep=6,tt,ord,nodes=200k)@2.classic(chip=100)@2.dil(prob=15,deep=4)@1
198	838	8	2336	1557	779	777	391	780	388	43.6	3.593	7.101	17631	65	gone	ab(deep=6,tt,ord,nodes=200k)@1.classic(chip=100)@2.dil(prob=15,deep=4)@1
199	837	25	196	129	67	66	32	63	35	53.7	25.579	23.517	52623	58	gone	ab(d6,tt,ord,nb200k)@1.learned(s9,4d37b1f7)@1
200	837	9	1840	1143	697	595	325	548	372	60.8	359.718	349.921	82442	45	gone	ab(deep=6,tt,ord,nodes=200k)@1.learned(model=113,e3cc8b4e,position_elo,mlp,mu_shape=129-512-8-1,sigma_shape=129-64-1)@1.opener(rand,moves=4)@1
201	829	25	196	127	69	62	36	65	33	54.5	168.636	149.544	58758	48	gone	ab(d6,tt,ord,nb200k)@1.learned(s23,1533231f)@1
202	829	25	196	127	69	62	36	65	33	51.6	157.984	137.814	54163	49	gone	ab(d6,tt,ord,nb200k)@1.learned(s24,d1e5f517)@1
203	829	19	504	310	194	162	90	148	104	36.8	0.165	0.266	3704	103	gone	ab(deep=4)@1.classic(chip=100)@1
204	828	13	1028	750	278	349	165	401	113	54.0	19.081	18.829	72533	58	on	ab(deep=6,tt,ord,time=150ms)@2.learned(model=4,eb105733,pool_games,lin,shape=129-1)@1
205	828	9	1736	1134	602	571	297	563	305	58.3	17.728	17.564	65543	59	on	ab(deep=6,tt,ord,nodes=200k)@2.learned(model=4,eb105733,pool_games,lin,shape=129-1)@1.opener(rand,moves=4)@1
206	827	9	1734	1071	663	445	417	626	246	50.5	22.551	21.219	69824	58	gone	ab(deep=6,tt,ord,nodes=200k)@1.learned(model=459,642147d2,tdleaf_self,lin,shape=129-1)@1
207	826	7	2788	1479	1309	698	696	781	613	51.4	14.645	14.181	48331	60	gone	ab(deep=6,tt,ord,nodes=200k)@1.learned(model=99,59815079,pool_games,lin,shape=129-1)@1
208	826	25	196	126	70	65	33	61	37	53.2	252.027	229.678	53089	46	gone	ab(d6,tt,ord,nb200k)@1.learned(s33,b02b58b6)@1
209	819	13	1028	740	288	407	107	333	181	57.5	398.669	395.430	97529	44	on	ab(deep=6,tt,ord,nodes=200k)@2.learned(model=113,e3cc8b4e,position_elo,mlp,mu_shape=129-512-8-1,sigma_shape=129-64-1)@1
210	815	25	196	123	73	63	35	60	38	52.9	270.558	243.894	57249	46	gone	ab(d6,tt,ord,nb200k)@1.learned(s35,e0fe5acd)@1
211	815	12	1028	735	293	366	148	369	145	54.6	73.434	72.730	110090	50	on	ab(deep=6,tt,ord,nodes=200k)@2.learned(model=387,607b64aa,tdleaf_self,lin,shape=30-1)@1
212	814	12	1052	720	332	352	174	368	158	49.6	18.667	18.009	59433	58	gone	ab(deep=6,tt,ord,time=150ms)@1.learned(model=99,59815079,pool_games,lin,shape=129-1)@1
213	813	9	1756	1051	705	553	325	498	380	59.4	411.724	397.351	91423	44	gone	ab(deep=6,tt,ord,nodes=200k)@1.learned(model=112,baa2951a,position_elo,mlp,mu_shape=129-512-8-1,sigma_shape=129-64-1)@1
214	813	12	1160	816	344	423	157	393	187	41.7	5.007	8.378	24781	62	gone	ab(deep=6,tt,ord,nodes=200k)@1.classic(chip=100)@2.dil(prob=4)@1
215	811	19	504	301	203	157	95	144	108	35.7	0.048	0.065	1097	134	gone	ab(deep=3)@1.classic(chip=100)@1
216	810	12	1028	730	298	390	124	340	174	56.7	406.621	403.447	100263	44	on	ab(deep=6,tt,ord,nodes=200k)@2.learned(model=115,21d7e638,position_elo,mlp,mu_shape=129-512-8-1,sigma_shape=129-64-1)@1
217	810	12	1028	730	298	323	191	407	107	54.3	19.655	19.439	72688	57	on	ab(deep=6,tt,ord,nodes=200k)@2.learned(model=4,eb105733,pool_games,lin,shape=129-1)@1
218	810	9	1736	1100	636	561	307	539	329	44.8	8.343	8.206	29707	62	on	ab(deep=6,tt,ord,nodes=200k)@2.classic(chip=100)@2.dil(prob=30,deep=4)@1
219	808	25	196	121	75	61	37	60	38	54.3	265.004	241.440	57693	45	gone	ab(d6,tt,ord,nb200k)@1.learned(s37,97ad3321)@1
220	804	12	1028	723	305	386	128	337	177	40.7	8.025	7.814	132436	62	on	ab(deep=6,nodes=200k)@2.classic(chip=100)@2
221	802	12	1028	721	307	388	126	333	181	56.1	423.756	418.886	102359	43	on	ab(deep=6,tt,ord,nodes=200k)@2.learned(model=110,1466db6c,position_elo,mlp,mu_shape=129-512-8-1,sigma_shape=129-64-1)@1
222	802	9	1736	1015	721	527	341	488	380	52.5	17.157	16.563	55255	57	gone	ab(deep=6,tt,ord,time=150ms)@1.learned(model=76,ef183148,position_elo,lin,mu_shape=129-1,sigma_shape=129-1)@1.opener(rand,moves=8)@1
223	798	9	1736	1008	728	505	363	503	365	50.5	16.426	15.817	50939	57	gone	ab(deep=6,tt,ord,time=150ms)@1.learned(model=10,fead67b7,weight_merge,lin,shape=129-1)@1.opener(rand,moves=8)@1
224	797	8	2252	1412	840	762	364	650	476	42.4	5.077	8.028	124703	61	gone	ab(deep=6,nodes=200k)@1.classic(chip=100)@2
225	796	9	1736	1072	664	552	316	520	348	44.4	6.593	6.453	24001	63	on	ab(deep=6,tt,ord,nodes=200k)@2.classic(chip=100)@2.dil(prob=45,deep=4)@1
226	795	9	1736	1070	666	563	305	507	361	59.4	358.900	355.885	86924	43	on	ab(deep=6,tt,ord,nodes=200k)@2.learned(model=113,e3cc8b4e,position_elo,mlp,mu_shape=129-512-8-1,sigma_shape=129-64-1)@1.opener(rand,moves=4)@1
227	795	23	318	182	136	94	65	88	71	38.4	5.269	8.004	28299	61	gone	ab(deep=6,tt,ord,nodes=200k)@1.classic(chip=100)@1.dil(prob=14)@1
228	794	19	504	293	211	156	96	137	115	37.8	0.171	0.240	3691	100	gone	ab(deep=4)@1.classic(chip=100)@1.dil(prob=5)@1
229	794	19	504	293	211	154	98	139	113	37.6	5.402	7.039	123467	62	gone	ab(deep=6,nodes=200k)@1.classic(chip=100)@1.dil(prob=10)@1
230	792	19	504	292	212	148	104	144	108	35.4	8.264	10.543	184041	59	gone	ab(deep=6,noab,nodes=200k)@1.classic(chip=100)@1
231	791	11	1264	677	587	323	309	354	278	52.5	16.192	15.345	52211	57	gone	ab(deep=6,tt,ord,nodes=200k)@1.learned(model=2,59815079,pool_games,lin,shape=129-1)@1
232	791	25	196	116	80	68	30	48	50	55.2	157.712	141.679	56720	46	gone	ab(d6,tt,ord,nb200k)@1.learned(s21,29061624)@1
233	790	8	2336	1430	906	734	434	696	472	43.4	3.394	6.056	16583	63	gone	ab(deep=6,tt,ord,nodes=200k)@1.classic(chip=100)@2.dil(prob=30,deep=4)@1
234	790	12	1160	787	373	399	181	388	192	43.6	3.759	5.573	18816	63	gone	ab(deep=6,tt,ord,nodes=200k)@1.classic(chip=100)@2.dil(prob=30,deep=3)@1
235	787	25	196	115	81	60	38	55	43	52.7	154.251	135.400	55163	46	gone	ab(d6,tt,ord,nb200k)@1.learned(s17,56ed7027)@1
236	787	25	196	115	81	66	32	49	49	56.6	277.819	249.775	58749	44	gone	ab(d6,tt,ord,nb200k)@1.learned(s30,ba8efc12)@1
237	786	9	1904	1054	850	561	391	493	459	52.9	15.981	15.674	53575	56	gone	ab(deep=6,tt,ord,nodes=200k)@1.learned(model=76,ef183148,position_elo,lin,mu_shape=129-1,sigma_shape=129-1)@1.opener(rand,moves=8)@1
238	783	12	1028	699	329	373	141	326	188	58.0	405.584	402.182	102414	42	on	ab(deep=6,tt,ord,nodes=200k)@2.learned(model=112,baa2951a,position_elo,mlp,mu_shape=129-512-8-1,sigma_shape=129-64-1)@1
239	783	9	1840	1028	812	543	377	485	435	55.4	15.819	15.470	52411	56	gone	ab(deep=6,tt,ord,nodes=200k)@1.learned(model=99,59815079,pool_games,lin,shape=129-1)@1.opener(rand,moves=4)@1
240	781	12	1160	776	384	385	195	391	189	42.7	5.414	8.957	27372	59	gone	ab(deep=6,tt,ord,nodes=200k)@1.classic(chip=100)@2.dil(prob=7)@1
241	781	12	1028	696	332	360	154	336	178	39.4	2.165	2.142	35604	71	on	ab(deep=5)@2.classic(chip=100)@2
242	780	25	196	113	83	59	39	54	44	53.2	154.673	134.462	54709	46	gone	ab(d6,tt,ord,nb200k)@1.learned(s18,111d8d80)@1
243	779	23	318	177	141	104	55	73	86	54.7	2.621	2.567	17300	69	gone	ab(deep=4)@1.exp(chip=64,column=1,forward=15)@1
244	778	12	1028	693	335	334	180	359	155	57.4	468.917	465.098	99675	41	on	ab(deep=6,tt,ord,nodes=200k)@2.learned(model=79,18f19059,position_elo,mlp,mu_shape=129-256-128-1,sigma_shape=129-64-1)@1
245	777	8	2252	1361	891	741	385	620	506	51.3	0.514	0.812	10480	80	gone	ab(deep=4)@1.exp(chip=4,forward=2)@2
246	777	25	196	112	84	54	44	58	40	52.7	241.162	217.857	51301	44	gone	ab(d6,tt,ord,nb200k)@1.learned(s28,6d10efee)@1
247	775	8	2252	1356	896	700	426	656	470	52.8	0.488	0.803	9925	80	gone	ab(deep=4)@1.exp(chip=4,forward=1)@2
248	775	9	1904	1030	874	524	428	506	446	51.2	15.630	15.135	50172	56	gone	ab(deep=6,tt,ord,nodes=200k)@1.learned(model=10,fead67b7,weight_merge,lin,shape=129-1)@1.opener(rand,moves=8)@1
249	774	19	504	283	221	170	82	113	139	46.4	0.593	0.762	11861	81	gone	ab(deep=4)@1.exp(chip=4,forward=2)@1
250	774	12	1028	688	340	368	146	320	194	52.0	0.885	0.895	9910	79	on	ab(deep=4)@2.exp(chip=4,forward=1)@2
251	773	25	196	111	85	58	40	53	45	55.0	253.394	229.008	54725	43	gone	ab(d6,tt,ord,nb200k)@1.learned(s36,31b20ca2)@1
252	772	9	1736	1023	713	538	330	485	383	43.2	4.994	4.895	18187	63	on	ab(deep=6,tt,ord,nodes=200k)@2.classic(chip=100)@2.dil(prob=60,deep=4)@1
253	770	25	196	110	86	64	34	46	52	53.8	148.657	130.770	53528	45	gone	ab(d6,tt,ord,nb200k)@1.learned(s15,af04747f)@1
254	768	9	1940	1061	879	521	449	540	430	52.3	17.234	16.761	56702	55	gone	ab(deep=6,tt,ord,nodes=200k)@1.learned(model=94,784bb5fe,pool_games,lin,shape=129-1)@1
255	768	9	1727	952	775	457	401	495	374	54.1	72.325	68.505	74704	48	gone	ab(deep=6,tt,ord,nodes=200k)@1.learned(model=333,06bdc1f0,tdleaf_self,mlp,shape=30-16-1)@1
256	767	10	1392	693	699	368	328	325	371	53.2	13.668	13.393	46424	56	gone	ab(d6,tt,ord,nb200k)@1.learned(s6,eac8ab99,value,lin,129-1,con100)@1.opener(rand,8)@1
257	766	12	1028	678	350	322	192	356	158	49.1	16.133	15.977	60356	55	on	ab(deep=6,tt,ord,time=150ms)@2.learned(model=99,59815079,pool_games,lin,shape=129-1)@1
258	765	12	1028	677	351	271	243	406	108	49.5	26.921	26.630	96534	52	on	ab(deep=6,tt,ord,nodes=200k)@2.learned(model=459,642147d2,tdleaf_self,lin,shape=129-1)@1
259	764	9	1736	940	796	475	393	465	403	51.1	14.172	13.670	44633	56	gone	ab(deep=6,tt,ord,time=150ms)@1.learned(model=96,990e39e7,pool_games,lin,shape=129-1)@1.opener(rand,moves=8)@1
260	760	12	1028	672	356	307	207	365	149	48.6	16.572	16.406	59786	54	on	ab(deep=6,tt,ord,nodes=200k)@2.learned(model=99,59815079,pool_games,lin,shape=129-1)@1
261	760	12	1028	672	356	334	180	338	176	54.0	447.059	443.444	110184	41	on	ab(deep=6,tt,ord,time=150ms)@2.learned(model=113,e3cc8b4e,position_elo,mlp,mu_shape=129-512-8-1,sigma_shape=129-64-1)@1
262	759	25	196	107	89	56	42	51	47	53.6	147.864	129.625	51508	45	gone	ab(d6,tt,ord,nb200k)@1.learned(s16,500afc93)@1
263	759	25	196	107	89	57	41	50	48	53.3	162.646	146.117	56678	44	gone	ab(d6,tt,ord,nb200k)@1.learned(s26,d70c5070)@1
264	759	9	1840	977	863	519	401	458	462	53.1	14.395	14.201	48861	55	gone	ab(deep=6,tt,ord,nodes=200k)@1.learned(model=8,6f1a4264,pool_games,lin,shape=129-1)@1.opener(rand,moves=8)@1
265	759	9	1904	994	910	509	443	485	467	48.2	8.805	8.449	26161	58	gone	ab(deep=6,tt,ord,nodes=200k)@1.classic(chip=100)@2.opener(rand,moves=8)@1
266	758	9	1736	994	742	531	337	463	405	53.0	14.831	14.733	56435	55	on	ab(deep=6,tt,ord,time=150ms)@2.learned(model=76,ef183148,position_elo,lin,mu_shape=129-1,sigma_shape=129-1)@1.opener(rand,moves=8)@1
267	756	25	196	106	90	54	44	52	46	53.5	278.528	252.101	58780	42	gone	ab(d6,tt,ord,nb200k)@1.learned(s34,93fd930c)@1
268	754	24	318	169	149	94	65	75	84	55.5	2.632	2.638	17358	66	gone	ab(deep=4)@1.exp(chip=65,column=1,forward=14)@1
269	753	9	1736	985	751	540	328	445	423	55.6	14.757	14.589	53389	54	on	ab(deep=6,tt,ord,nodes=200k)@2.learned(model=99,59815079,pool_games,lin,shape=129-1)@1.opener(rand,moves=4)@1
270	752	9	1840	961	879	509	411	452	468	51.0	13.332	13.073	43919	55	gone	ab(deep=6,tt,ord,nodes=200k)@1.learned(model=96,990e39e7,pool_games,lin,shape=129-1)@1.opener(rand,moves=8)@1
271	751	9	1736	981	755	520	348	461	407	53.0	15.049	14.906	55918	54	on	ab(deep=6,tt,ord,nodes=200k)@2.learned(model=76,ef183148,position_elo,lin,mu_shape=129-1,sigma_shape=129-1)@1.opener(rand,moves=8)@1
272	751	8	2252	1293	959	672	454	621	505	51.7	0.504	0.813	10256	78	gone	ab(deep=4)@1.exp(chip=4,forward=4)@2
273	751	8	2252	1293	959	649	477	644	482	41.3	1.370	2.206	33881	68	gone	ab(deep=5)@1.classic(chip=100)@2
274	749	25	196	104	92	59	39	45	53	56.9	251.718	225.714	54291	42	gone	ab(d6,tt,ord,nb200k)@1.learned(s27,12a6c33c)@1
275	748	9	1736	906	830	487	381	419	449	47.5	8.798	8.489	26101	57	gone	ab(deep=6,tt,ord,time=150ms)@1.classic(chip=100)@2.opener(rand,moves=8)@1
276	746	9	1948	1010	938	523	451	487	487	52.4	15.927	15.356	51580	54	gone	ab(deep=6,tt,ord,nodes=200k)@1.learned(model=95,07792e69,pool_games,lin,shape=129-1)@1
277	746	9	1736	969	767	476	392	493	375	50.6	14.697	14.568	53053	54	on	ab(deep=6,tt,ord,time=150ms)@2.learned(model=10,fead67b7,weight_merge,lin,shape=129-1)@1.opener(rand,moves=8)@1
278	745	25	196	103	93	59	39	44	54	54.0	155.735	135.999	54938	44	gone	ab(d6,tt,ord,nb200k)@1.learned(s20,30a9414b)@1
279	745	25	196	103	93	53	45	50	48	54.1	251.347	223.615	53213	42	gone	ab(d6,tt,ord,nb200k)@1.learned(s29,ef8eac9c)@1
280	745	25	196	103	93	57	41	46	52	53.3	246.861	226.472	54277	42	gone	ab(d6,tt,ord,nb200k)@1.learned(s38,2df06048)@1
281	745	12	1028	653	375	336	178	317	197	51.8	0.862	0.848	9780	77	on	ab(deep=4)@2.exp(chip=4,forward=2)@2
282	744	12	1028	652	376	328	186	324	190	39.8	0.260	0.242	3929	94	on	ab(deep=4)@2.classic(chip=100)@2
283	743	9	1727	900	827	487	371	413	456	54.5	21.707	20.544	67614	52	gone	ab(deep=6,tt,ord,nodes=200k)@1.learned(model=369,612a48a8,tdleaf_self,lin,shape=129-1)@1
284	742	12	1052	634	418	327	199	307	219	50.7	18.566	17.886	59294	53	gone	ab(deep=6,tt,ord,time=150ms)@1.learned(model=95,07792e69,pool_games,lin,shape=129-1)@1
285	741	9	1736	959	777	501	367	458	410	50.1	15.134	14.942	52881	53	on	ab(deep=6,tt,ord,nodes=200k)@2.learned(model=10,fead67b7,weight_merge,lin,shape=129-1)@1.opener(rand,moves=8)@1
286	741	12	1028	648	380	340	174	308	206	54.2	441.140	437.666	106136	40	on	ab(deep=6,tt,ord,time=150ms)@2.learned(model=111,78ef6974,position_elo,mlp,mu_shape=129-512-8-1,sigma_shape=129-64-1)@1
287	740	12	1052	632	420	291	235	341	185	50.7	19.991	19.256	63395	52	gone	ab(deep=6,tt,ord,time=150ms)@1.learned(model=94,784bb5fe,pool_games,lin,shape=129-1)@1
288	739	9	1736	889	847	454	414	435	433	51.7	13.947	13.509	44868	54	gone	ab(deep=6,tt,ord,time=150ms)@1.learned(model=98,5801570e,pool_games,lin,shape=129-1)@1.opener(rand,moves=8)@1
289	738	25	196	101	95	61	37	40	58	53.9	224.690	202.883	49527	42	gone	ab(d6,tt,ord,nb200k)@1.learned(s32,18116b38)@1
290	737	8	2336	1286	1050	651	517	635	533	42.9	2.578	4.917	12592	60	gone	ab(deep=6,tt,ord,nodes=200k)@1.classic(chip=100)@2.dil(prob=45,deep=4)@1
291	735	9	1840	926	914	466	454	460	460	52.0	13.214	12.942	44662	54	gone	ab(deep=6,tt,ord,nodes=200k)@1.learned(model=98,5801570e,pool_games,lin,shape=129-1)@1.opener(rand,moves=8)@1
292	735	9	1840	925	915	503	417	422	498	54.1	271.513	262.398	59867	41	gone	ab(deep=6,tt,ord,nodes=200k)@1.learned(model=111,78ef6974,position_elo,mlp,mu_shape=129-512-8-1,sigma_shape=129-64-1)@1.opener(rand,moves=8)@1
293	735	9	1840	925	915	454	466	471	449	56.3	16.943	16.567	55925	52	gone	ab(deep=6,tt,ord,nodes=200k)@1.learned(model=94,784bb5fe,pool_games,lin,shape=129-1)@1.opener(rand,moves=4)@1
294	734	9	1756	888	868	524	354	364	514	60.5	61.606	59.239	13039	46	gone	ab(deep=4)@1.learned(model=111,78ef6974,position_elo,mlp,mu_shape=129-512-8-1,sigma_shape=129-64-1)@1
295	732	9	1736	875	861	469	399	406	462	52.6	14.811	14.286	48065	53	gone	ab(deep=6,tt,ord,time=150ms)@1.learned(model=4,eb105733,pool_games,lin,shape=129-1)@1.opener(rand,moves=8)@1
296	731	25	196	99	97	54	44	45	53	54.3	259.516	233.799	56045	41	gone	ab(d6,tt,ord,nb200k)@1.learned(s31,19904e2a)@1
297	731	9	1840	916	924	476	444	440	480	52.9	14.111	13.829	47373	53	gone	ab(deep=6,tt,ord,nodes=200k)@1.learned(model=4,eb105733,pool_games,lin,shape=129-1)@1.opener(rand,moves=8)@1
298	730	11	1264	586	678	322	310	264	368	49.5	12.683	12.569	42547	54	gone	ab(d6,tt,ord,nb200k)@1.learned(s9,e5b3b014,value,lin,129-1,con100)@1.opener(rand,8)@1
299	728	9	1736	866	870	492	376	374	494	53.2	15.252	14.685	49694	53	gone	ab(deep=6,tt,ord,time=150ms)@1.learned(model=8,6f1a4264,pool_games,lin,shape=129-1)@1.opener(rand,moves=8)@1
300	727	9	1736	931	805	471	397	460	408	51.2	12.482	12.409	46715	53	on	ab(deep=6,tt,ord,time=150ms)@2.learned(model=96,990e39e7,pool_games,lin,shape=129-1)@1.opener(rand,moves=8)@1
301	725	8	2336	1254	1082	631	537	623	545	42.4	1.977	3.562	9710	61	gone	ab(deep=6,tt,ord,nodes=200k)@1.classic(chip=100)@2.dil(prob=60,deep=4)@1
302	723	10	1392	621	771	333	363	288	408	50.5	13.950	13.675	46573	53	gone	ab(d6,tt,ord,nb200k)@1.learned(s7,c7f7ce61,value,lin,129-1,con100)@1.opener(rand,8)@1
303	720	8	2268	1216	1052	613	529	603	523	43.4	0.176	0.247	4278	91	gone	ab(deep=4)@1.classic(chip=100)@2
304	720	19	504	256	248	131	121	125	127	38.6	0.153	0.244	3513	91	gone	ab(deep=4)@1.classic(chip=100)@1.dil(prob=10)@1
305	720	19	504	256	248	143	109	113	139	47.3	0.758	0.715	14689	76	gone	ab(deep=4)@1.exp(chip=4,forward=4)@1
306	718	25	196	121	75	58	40	63	35	48.0	1.286	0.972	1710	72	gone	ab(d4,tt,ord,nb200k)@1.learned(s13,068b8a37)@1
307	717	11	1160	691	469	357	223	334	246	45.0	3.002	4.685	14927	59	gone	ab(deep=6,tt,ord,nodes=200k)@1.classic(chip=100)@2.dil(prob=45,deep=3)@1
308	717	9	1736	909	827	451	417	458	410	43.0	4.681	4.629	17321	59	on	ab(deep=6,tt,ord,nodes=200k)@2.classic(chip=100)@2.dil(prob=60,deep=3)@1
309	717	9	1736	909	827	504	364	405	463	53.1	13.685	13.571	50851	52	on	ab(deep=6,tt,ord,nodes=200k)@2.learned(model=8,6f1a4264,pool_games,lin,shape=129-1)@1.opener(rand,moves=8)@1
310	715	19	504	254	250	146	106	108	144	47.7	0.759	0.743	14615	75	gone	ab(deep=4)@1.exp(chip=4,forward=1)@1
311	715	9	1736	906	830	482	386	424	444	47.3	8.323	8.173	29423	55	on	ab(deep=6,tt,ord,nodes=200k)@2.classic(chip=100)@2.opener(rand,moves=8)@1
312	713	8	2252	1193	1059	628	498	565	561	52.0	0.497	0.848	10121	73	gone	ab(deep=4)@1.exp(chip=4,forward=8)@2
313	712	8	2336	1218	1118	637	531	581	587	44.0	5.448	9.443	27627	54	gone	ab(deep=6,tt,ord,nodes=200k)@1.classic(chip=100)@2.dil(prob=10)@1
314	712	9	1736	899	837	476	392	423	445	52.0	13.337	13.192	50746	52	on	ab(deep=6,tt,ord,time=150ms)@2.learned(model=8,6f1a4264,pool_games,lin,shape=129-1)@1.opener(rand,moves=8)@1
315	711	24	318	155	163	86	73	69	90	37.4	5.211	7.812	28727	55	gone	ab(deep=6,tt,ord,nodes=200k)@1.classic(chip=100)@1.dil(prob=18)@1
316	711	9	1736	897	839	467	401	430	438	52.5	12.607	12.517	47515	52	on	ab(deep=6,tt,ord,time=150ms)@2.learned(model=98,5801570e,pool_games,lin,shape=129-1)@1.opener(rand,moves=8)@1
317	711	9	1736	831	905	452	416	379	489	52.1	14.309	13.806	45957	52	gone	ab(deep=6,tt,ord,time=150ms)@1.learned(model=3,68364898,pool_games,lin,shape=129-1)@1.opener(rand,moves=8)@1
318	710	9	1904	885	1019	479	473	406	546	52.9	13.609	13.321	45441	52	gone	ab(deep=6,tt,ord,nodes=200k)@1.learned(model=3,68364898,pool_games,lin,shape=129-1)@1.opener(rand,moves=8)@1
319	704	9	1736	884	852	468	400	416	452	52.7	262.167	260.044	61629	39	on	ab(deep=6,tt,ord,nodes=200k)@2.learned(model=111,78ef6974,position_elo,mlp,mu_shape=129-512-8-1,sigma_shape=129-64-1)@1.opener(rand,moves=8)@1
320	704	25	196	117	79	67	31	50	48	47.0	0.929	0.828	1586	73	gone	ab(d4,tt,ord,nb200k)@1.learned(s7,388ce3fa)@1
321	704	12	1028	603	425	317	197	286	228	51.7	0.865	0.851	9891	72	on	ab(deep=4)@2.exp(chip=4,forward=4)@2
322	704	9	1736	883	853	463	405	420	448	47.7	8.006	7.948	29335	54	on	ab(deep=6,tt,ord,time=150ms)@2.classic(chip=100)@2.opener(rand,moves=8)@1
323	702	9	1736	879	857	460	408	419	449	50.4	12.599	12.505	45849	52	on	ab(deep=6,tt,ord,nodes=200k)@2.learned(model=96,990e39e7,pool_games,lin,shape=129-1)@1.opener(rand,moves=8)@1
324	702	9	1736	879	857	460	408	419	449	51.7	12.933	12.803	47404	51	on	ab(deep=6,tt,ord,nodes=200k)@2.learned(model=98,5801570e,pool_games,lin,shape=129-1)@1.opener(rand,moves=8)@1
325	700	8	2252	1156	1096	710	416	446	680	58.0	1.567	3.025	18141	60	gone	ab(deep=4)@1.classic(chip=10,wall=3,column=2)@2
326	699	19	504	246	258	145	107	101	151	55.9	4.461	3.527	29876	59	gone	ab(deep=4)@1.classic(chip=10,wall=3,column=2)@1
327	696	9	1736	866	870	449	419	417	451	52.5	13.092	12.981	49611	51	on	ab(deep=6,tt,ord,time=150ms)@2.learned(model=4,eb105733,pool_games,lin,shape=129-1)@1.opener(rand,moves=8)@1
328	693	12	1028	589	439	301	213	288	226	52.3	0.876	0.869	10055	71	on	ab(deep=4)@2.exp(chip=4,forward=8)@2
329	693	9	1840	834	1006	444	476	390	530	54.3	280.701	272.574	62914	38	gone	ab(deep=6,tt,ord,nodes=200k)@1.learned(model=113,e3cc8b4e,position_elo,mlp,mu_shape=129-512-8-1,sigma_shape=129-64-1)@1.opener(rand,moves=8)@1
330	693	8	2345	1167	1178	593	584	574	594	43.3	0.165	0.227	3979	88	gone	ab(deep=4)@1.classic(chip=100)@2.dil(prob=5)@1
331	692	13	960	424	536	195	285	229	251	50.1	0.403	0.384	1515	81	gone	ab(d4,tt,ord,nb200k)@1.learned(s6,eac8ab99)@1
332	692	13	960	424	536	224	256	200	280	50.8	0.382	0.360	1431	81	gone	ab(d4,tt,ord,nb200k)@1.learned(s7,c7f7ce61)@1
333	691	9	1736	857	879	467	401	390	478	52.4	13.423	13.349	49738	50	on	ab(deep=6,tt,ord,nodes=200k)@2.learned(model=4,eb105733,pool_games,lin,shape=129-1)@1.opener(rand,moves=8)@1
334	690	25	196	113	83	59	39	54	44	45.5	5.230	4.127	1480	57	gone	ab(d4,tt,ord,nb200k)@1.learned(s22,93efd444)@1
335	690	12	1028	586	442	306	208	280	234	39.9	0.082	0.067	1178	113	on	ab(deep=3)@2.classic(chip=100)@2
336	690	12	1028	585	443	282	232	303	211	51.9	17.124	16.946	64399	49	on	ab(deep=6,tt,ord,time=150ms)@2.learned(model=94,784bb5fe,pool_games,lin,shape=129-1)@1
337	688	9	1736	851	885	422	446	429	439	56.2	15.664	15.545	57124	49	on	ab(deep=6,tt,ord,nodes=200k)@2.learned(model=94,784bb5fe,pool_games,lin,shape=129-1)@1.opener(rand,moves=4)@1
338	688	12	1028	583	445	315	199	268	246	51.6	15.954	15.846	59551	49	on	ab(deep=6,tt,ord,time=150ms)@2.learned(model=95,07792e69,pool_games,lin,shape=129-1)@1
339	687	25	196	112	84	62	36	50	48	48.2	1.084	0.824	1693	71	gone	ab(d4,tt,ord,nb200k)@1.learned(s6,99ac0d85)@1
340	687	25	196	112	84	61	37	51	47	47.9	0.848	0.848	1621	71	gone	ab(d4,tt,ord,nb200k)@1.learned(s8,41ebc0ab)@1
341	681	12	1028	574	454	265	249	309	205	51.6	17.774	17.613	64292	48	on	ab(deep=6,tt,ord,nodes=200k)@2.learned(model=94,784bb5fe,pool_games,lin,shape=129-1)@1
342	681	12	1028	574	454	303	211	271	243	51.9	16.660	16.517	60081	49	on	ab(deep=6,tt,ord,nodes=200k)@2.learned(model=95,07792e69,pool_games,lin,shape=129-1)@1
343	680	12	1052	557	495	273	253	284	242	51.2	517.242	499.575	112067	36	gone	ab(deep=6,tt,ord,time=150ms)@1.learned(model=113,e3cc8b4e,position_elo,mlp,mu_shape=129-512-8-1,sigma_shape=129-64-1)@1
344	679	19	504	236	268	138	114	98	154	47.4	0.807	0.753	15694	71	gone	ab(deep=4)@1.exp(chip=4,forward=8)@1
345	678	9	1840	803	1037	426	494	377	543	57.2	16.292	15.985	54275	49	gone	ab(deep=6,tt,ord,nodes=200k)@1.learned(model=95,07792e69,pool_games,lin,shape=129-1)@1.opener(rand,moves=4)@1
346	677	12	1028	569	459	261	253	308	206	52.4	1.236	1.241	4794	66	on	ab(deep=4,tt,ord,nodes=200k)@2.learned(model=10,fead67b7,weight_merge,lin,shape=129-1)@1
347	677	25	196	109	87	54	44	55	43	47.6	1.298	0.897	1649	69	gone	ab(d4,tt,ord,nb200k)@1.learned(s11,e2d2f5da)@1
348	677	25	196	109	87	53	45	56	42	47.5	1.296	0.996	1625	68	gone	ab(d4,tt,ord,nb200k)@1.learned(s14,e7a789fe)@1
349	677	25	196	109	87	54	44	55	43	46.5	1.310	1.084	2017	67	gone	ab(d4,tt,ord,nb200k)@1.learned(s4,95b45b1f)@1
350	675	9	1736	759	977	431	437	328	540	50.5	13.096	12.588	41812	50	gone	ab(deep=6,tt,ord,time=150ms)@1.learned(model=99,59815079,pool_games,lin,shape=129-1)@1.opener(rand,moves=8)@1
351	673	25	196	108	88	53	45	55	43	47.7	1.264	0.836	1631	69	gone	ab(d4,tt,ord,nb200k)@1.learned(s12,fc66af48)@1
352	673	9	1736	819	917	441	427	378	490	52.5	12.781	12.696	47948	49	on	ab(deep=6,tt,ord,time=150ms)@2.learned(model=3,68364898,pool_games,lin,shape=129-1)@1.opener(rand,moves=8)@1
353	672	9	1736	818	918	435	433	383	485	51.9	12.928	12.796	47588	49	on	ab(deep=6,tt,ord,nodes=200k)@2.learned(model=3,68364898,pool_games,lin,shape=129-1)@1.opener(rand,moves=8)@1
354	671	12	1052	546	506	280	246	266	260	52.0	494.624	477.389	105482	36	gone	ab(deep=6,tt,ord,time=150ms)@1.learned(model=111,78ef6974,position_elo,mlp,mu_shape=129-512-8-1,sigma_shape=129-64-1)@1
355	670	9	1726	754	972	362	496	392	476	42.3	18.948	17.845	18148	47	gone	ab(deep=6,tt,ord,nodes=200k)@1.learned(model=585,e37f6895,tdleaf_self,mlp,shape=30-32-1)@1
356	670	25	196	107	89	53	45	54	44	45.7	1.670	1.157	2158	66	gone	ab(d4,tt,ord,nb200k)@1.learned(s10,6153d426)@1
357	668	12	1028	558	470	292	222	266	248	54.6	0.944	0.930	11547	68	on	ab(deep=4)@2.learned(model=76,ef183148,position_elo,lin,mu_shape=129-1,sigma_shape=129-1)@1
358	668	9	1736	809	927	422	446	387	481	45.5	10.250	10.129	39003	50	on	ab(deep=6,tt,ord,nodes=200k)@2.classic(chip=100)@2.dil(prob=10)@1
359	666	9	1796	762	1034	387	511	375	523	54.9	0.946	0.917	11603	68	gone	ab(deep=4)@1.learned(model=76,ef183148,position_elo,lin,mu_shape=129-1,sigma_shape=129-1)@1
360	663	12	1028	552	476	295	219	257	257	39.0	11.337	10.956	181250	49	on	ab(deep=6,noab,nodes=200k)@2.classic(chip=100)@2
361	663	12	1028	551	477	291	223	260	254	58.1	56.297	55.669	13679	42	on	ab(deep=4)@2.learned(model=111,78ef6974,position_elo,mlp,mu_shape=129-512-8-1,sigma_shape=129-64-1)@1
362	660	9	1948	809	1139	440	534	369	605	55.3	14.863	14.453	51777	48	gone	ab(deep=6,tt,ord,nodes=200k)@1.learned(model=97,87a5093d,pool_games,lin,shape=129-1)@1
363	656	25	196	103	93	50	48	53	45	46.9	1.103	0.887	1776	67	gone	ab(d4,tt,ord,nb200k)@1.learned(s5,70081fb7)@1
364	654	9	1736	781	955	430	438	351	517	53.2	276.074	273.751	65444	36	on	ab(deep=6,tt,ord,nodes=200k)@2.learned(model=113,e3cc8b4e,position_elo,mlp,mu_shape=129-512-8-1,sigma_shape=129-64-1)@1.opener(rand,moves=8)@1
365	653	25	196	102	94	46	52	56	42	49.3	5.463	3.696	1358	55	gone	ab(d4,tt,ord,nb200k)@1.learned(s15,af04747f)@1
366	652	9	1840	748	1092	413	507	335	585	49.7	12.328	12.107	41092	48	gone	ab(deep=6,tt,ord,nodes=200k)@1.learned(model=99,59815079,pool_games,lin,shape=129-1)@1.opener(rand,moves=8)@1
367	652	9	1736	776	960	402	466	374	494	42.8	0.243	0.221	3728	84	on	ab(deep=4)@2.classic(chip=100)@2.dil(prob=5)@1
368	651	12	1028	536	492	252	262	284	230	53.3	1.147	1.125	4493	64	on	ab(deep=4,tt,ord,nodes=200k)@2.learned(model=3,68364898,pool_games,lin,shape=129-1)@1
369	651	8	2268	1030	1238	473	669	557	569	42.2	0.048	0.075	1163	104	gone	ab(deep=3)@1.classic(chip=100)@2
370	645	12	1028	529	499	292	222	237	277	57.4	24.587	24.376	89141	44	on	ab(deep=6,tt,ord,nodes=200k)@2.learned(model=369,612a48a8,tdleaf_self,lin,shape=129-1)@1
371	645	8	2336	1033	1303	517	651	516	652	44.3	1.955	3.787	9796	54	gone	ab(deep=6,tt,ord,nodes=200k)@1.classic(chip=100)@2.dil(prob=60,deep=3)@1
372	645	8	2252	1010	1242	510	616	500	626	40.1	6.901	11.244	176919	48	gone	ab(deep=6,noab,nodes=200k)@1.classic(chip=100)@2
373	642	25	196	99	97	50	48	49	49	45.7	1.595	1.183	2146	63	gone	ab(d4,tt,ord,nb200k)@1.learned(s3,8603e15c)@1
374	642	8	2336	1024	1312	517	651	507	661	43.9	5.559	9.314	28386	49	gone	ab(deep=6,tt,ord,nodes=200k)@1.classic(chip=100)@2.dil(prob=14)@1
375	640	9	1796	709	1087	358	540	351	547	52.4	0.507	0.493	1883	72	gone	ab(deep=4,tt,ord,nodes=200k)@1.learned(model=3,68364898,pool_games,lin,shape=129-1)@1
376	640	12	1028	522	506	269	245	253	261	42.7	0.010	0.007	112	211	on	ab(deep=2)@2.classic(chip=100)@2
377	640	13	960	369	591	168	312	201	279	45.8	0.343	0.318	1240	77	gone	ab(d4,tt,ord,nb200k)@1.learned(s9,e5b3b014)@1
378	639	12	1028	521	507	262	252	259	255	55.8	90.284	89.476	105215	39	on	ab(deep=6,tt,ord,nodes=200k)@2.learned(model=333,06bdc1f0,tdleaf_self,mlp,shape=30-16-1)@1
379	639	9	1736	750	986	384	484	366	502	56.6	14.972	14.840	54044	46	on	ab(deep=6,tt,ord,nodes=200k)@2.learned(model=95,07792e69,pool_games,lin,shape=129-1)@1.opener(rand,moves=4)@1
380	635	12	1028	516	512	285	229	231	283	53.3	1.189	1.172	4575	62	on	ab(deep=4,tt,ord,nodes=200k)@2.learned(model=8,6f1a4264,pool_games,lin,shape=129-1)@1
381	634	9	1796	696	1100	336	562	360	538	57.4	103.858	99.109	14793	38	gone	ab(deep=4)@1.learned(model=78,2fa21eda,position_elo,mlp,mu_shape=129-128-64-1,sigma_shape=129-32-1)@1
382	632	9	1796	692	1104	278	620	414	484	59.3	259.800	248.631	14157	35	gone	ab(deep=4)@1.learned(model=79,18f19059,position_elo,mlp,mu_shape=129-256-128-1,sigma_shape=129-64-1)@1
383	629	12	1028	509	519	330	184	179	335	55.1	3.339	3.189	22527	54	on	ab(deep=4)@2.classic(chip=10,wall=3,column=2)@2
384	628	10	1727	672	1055	340	518	332	537	52.2	69.693	65.837	71155	39	gone	ab(deep=6,tt,ord,nodes=200k)@1.learned(model=279,409dc0b3,tdleaf_self,mlp,shape=30-16-1)@1
385	628	9	1796	683	1113	342	556	341	557	51.3	0.456	0.452	1711	71	gone	ab(deep=4,tt,ord,nodes=200k)@1.learned(model=8,6f1a4264,pool_games,lin,shape=129-1)@1
386	627	8	2336	983	1353	488	680	495	673	42.3	4.728	7.470	116203	49	gone	ab(deep=6,nodes=200k)@1.classic(chip=100)@2.dil(prob=10)@1
387	626	9	1736	725	1011	390	478	335	533	42.2	7.245	7.110	119690	49	on	ab(deep=6,nodes=200k)@2.classic(chip=100)@2.dil(prob=10)@1
388	623	9	1736	718	1018	397	471	321	547	50.4	11.627	11.515	42428	46	on	ab(deep=6,tt,ord,nodes=200k)@2.learned(model=99,59815079,pool_games,lin,shape=129-1)@1.opener(rand,moves=8)@1
389	623	8	2268	955	1313	478	664	477	649	45.6	0.005	0.010	114	180	gone	ab(deep=2)@1.classic(chip=100)@2
390	619	12	1052	481	571	265	261	216	310	55.1	16.694	16.041	57608	44	gone	ab(deep=6,tt,ord,time=150ms)@1.learned(model=97,87a5093d,pool_games,lin,shape=129-1)@1
391	617	8	2252	937	1315	485	641	452	674	53.3	1.668	2.722	17431	54	gone	ab(deep=4)@1.exp(chip=64,column=1,forward=15)@2
392	617	24	318	126	192	69	90	57	102	38.2	5.891	7.611	33363	48	gone	ab(deep=6,tt,ord,nodes=200k)@1.classic(chip=100)@1.dil(prob=22)@1
393	615	25	196	91	105	46	52	45	53	48.0	6.240	4.956	1762	50	gone	ab(d4,tt,ord,nb200k)@1.learned(s23,1533231f)@1
394	615	25	196	91	105	46	52	45	53	49.0	6.262	4.835	1708	50	gone	ab(d4,tt,ord,nb200k)@1.learned(s25,64a11ec7)@1
395	614	12	1028	489	539	249	265	240	274	58.3	28.370	28.046	15019	42	on	ab(deep=4)@2.learned(model=78,2fa21eda,position_elo,mlp,mu_shape=129-128-64-1,sigma_shape=129-32-1)@1
396	612	9	1796	653	1143	338	560	315	583	58.1	97.622	93.021	14067	37	gone	ab(deep=4)@1.learned(model=77,ddaa5090,position_elo,mlp,mu_shape=129-128-64-1,sigma_shape=129-32-1)@1
397	612	22	344	85	259	31	141	54	118	47.9	0.515	0.503	1898	68	gone	ab(d4,tt,ord,nb200k)@1.learned(s9,e5b3b014,value,lin,129-1,con100)@1
398	611	25	196	90	106	44	54	46	52	47.1	9.199	7.787	1659	47	gone	ab(d4,tt,ord,nb200k)@1.learned(s34,93fd930c)@1
399	610	12	1028	485	543	224	290	261	253	51.9	1.114	1.133	4376	60	on	ab(deep=4,tt,ord,nodes=200k)@2.learned(model=4,eb105733,pool_games,lin,shape=129-1)@1
400	610	10	1726	637	1089	280	578	357	511	56.4	18.885	17.809	59235	43	gone	ab(deep=6,tt,ord,nodes=200k)@1.learned(model=531,748d1c8d,tdleaf_self,lin,shape=129-1)@1
401	609	12	1028	483	545	231	283	252	262	58.8	71.006	70.254	14509	38	on	ab(deep=4)@2.learned(model=79,18f19059,position_elo,mlp,mu_shape=129-256-128-1,sigma_shape=129-64-1)@1
402	608	10	1736	630	1106	328	540	302	566	50.7	13.473	12.996	43418	45	gone	ab(deep=6,tt,ord,time=150ms)@1.learned(model=94,784bb5fe,pool_games,lin,shape=129-1)@1.opener(rand,moves=8)@1
403	608	9	1736	689	1047	384	484	305	563	50.1	11.236	11.149	42180	45	on	ab(deep=6,tt,ord,time=150ms)@2.learned(model=99,59815079,pool_games,lin,shape=129-1)@1.opener(rand,moves=8)@1
404	608	25	196	89	107	57	41	32	66	49.2	9.586	7.619	1610	47	gone	ab(d4,tt,ord,nb200k)@1.learned(s30,ba8efc12)@1
405	608	25	196	89	107	46	52	43	55	47.1	0.834	0.690	1567	64	gone	ab(d4,tt,ord,nb200k)@1.learned(s9,4d37b1f7)@1
406	605	8	2352	928	1424	479	705	449	719	43.9	0.158	0.247	3804	76	gone	ab(deep=4)@1.classic(chip=100)@2.dil(prob=10)@1
407	604	25	196	88	108	46	52	42	56	47.0	5.948	4.652	1646	50	gone	ab(d4,tt,ord,nb200k)@1.learned(s24,d1e5f517)@1
408	603	9	1796	635	1161	303	595	332	566	49.4	0.473	0.463	1749	68	gone	ab(deep=4,tt,ord,nodes=200k)@1.learned(model=4,eb105733,pool_games,lin,shape=129-1)@1
409	603	20	504	200	304	107	145	93	159	37.2	0.006	0.002	113	399	gone	ab(deep=2)@1.classic(chip=100)@1
410	601	10	1727	621	1106	270	588	351	518	55.0	42.103	39.332	65608	39	gone	ab(deep=6,tt,ord,nodes=200k)@1.learned(model=261,52cd70f8,tdleaf_self,mlp,shape=129-32-1)@1
411	600	9	1840	641	1199	336	584	305	615	50.9	12.984	12.693	43642	44	gone	ab(deep=6,tt,ord,nodes=200k)@1.learned(model=94,784bb5fe,pool_games,lin,shape=129-1)@1.opener(rand,moves=8)@1
412	599	8	2400	916	1484	466	734	450	750	43.8	5.272	9.144	26813	46	gone	ab(deep=6,tt,ord,nodes=200k)@1.classic(chip=100)@2.dil(prob=18)@1
413	599	12	1028	470	558	255	259	215	299	57.4	26.750	26.422	14335	41	on	ab(deep=4)@2.learned(model=77,ddaa5090,position_elo,mlp,mu_shape=129-128-64-1,sigma_shape=129-32-1)@1
414	598	9	1736	669	1067	350	518	319	549	49.7	283.040	280.696	66311	33	on	ab(deep=6,tt,ord,time=150ms)@2.learned(model=111,78ef6974,position_elo,mlp,mu_shape=129-512-8-1,sigma_shape=129-64-1)@1.opener(rand,moves=8)@1
415	597	25	196	86	110	50	48	36	62	46.3	8.481	7.095	1543	47	gone	ab(d4,tt,ord,nb200k)@1.learned(s35,e0fe5acd)@1
416	593	10	1756	606	1150	295	583	311	567	58.5	65.623	63.162	14119	37	gone	ab(deep=4)@1.learned(model=113,e3cc8b4e,position_elo,mlp,mu_shape=129-512-8-1,sigma_shape=129-64-1)@1
417	593	12	1028	463	565	228	286	235	279	57.3	60.279	59.443	14786	37	on	ab(deep=4)@2.learned(model=113,e3cc8b4e,position_elo,mlp,mu_shape=129-512-8-1,sigma_shape=129-64-1)@1
418	592	8	2252	872	1380	445	681	427	699	53.0	1.653	2.734	17288	52	gone	ab(deep=4)@1.exp(chip=65,column=1,forward=14)@2
419	592	10	1756	604	1152	346	532	258	620	57.6	56.449	54.276	12539	38	gone	ab(deep=4)@1.learned(model=110,1466db6c,position_elo,mlp,mu_shape=129-512-8-1,sigma_shape=129-64-1)@1
420	591	12	1028	460	568	247	267	213	301	54.1	14.654	14.604	57219	43	on	ab(deep=6,tt,ord,nodes=200k)@2.learned(model=97,87a5093d,pool_games,lin,shape=129-1)@1
421	590	25	196	84	112	45	53	39	59	47.8	6.147	4.624	1671	48	gone	ab(d4,tt,ord,nb200k)@1.learned(s17,56ed7027)@1
422	590	25	196	84	112	39	59	45	53	47.8	9.923	7.920	1648	46	gone	ab(d4,tt,ord,nb200k)@1.learned(s33,b02b58b6)@1
423	585	10	1736	644	1092	331	537	313	555	45.0	9.950	9.811	37599	44	on	ab(deep=6,tt,ord,nodes=200k)@2.classic(chip=100)@2.dil(prob=14)@1
424	585	10	1736	643	1093	324	544	319	549	42.6	0.236	0.231	3638	74	on	ab(deep=4)@2.classic(chip=100)@2.dil(prob=10)@1
425	584	16	524	309	215	140	122	169	93	57.4	0.340	0.284	1030	72	gone	ab(deep=4,tt,ord,nodes=200k)@1.learned(model=45,d675341a,teacher_games(deep=4),lin,shape=129-1)@1
426	584	10	1756	588	1168	248	630	340	538	57.4	66.276	63.785	14387	37	gone	ab(deep=4)@1.learned(model=115,21d7e638,position_elo,mlp,mu_shape=129-512-8-1,sigma_shape=129-64-1)@1
427	583	25	196	82	114	44	54	38	60	47.2	6.299	4.811	1729	48	gone	ab(d4,tt,ord,nb200k)@1.learned(s19,37dc9a9a)@1
428	583	25	196	82	114	47	51	35	63	48.0	5.924	4.747	1651	48	gone	ab(d4,tt,ord,nb200k)@1.learned(s21,29061624)@1
429	583	25	196	82	114	43	55	39	59	49.3	6.487	5.033	1753	47	gone	ab(d4,tt,ord,nb200k)@1.learned(s26,d70c5070)@1
430	580	12	1028	447	581	215	299	232	282	39.4	22.873	22.690	26490	40	on	ab(deep=6,tt,ord,nodes=200k)@2.learned(model=585,e37f6895,tdleaf_self,mlp,shape=30-32-1)@1
431	580	12	1028	447	581	236	278	211	303	57.7	58.965	58.310	14786	37	on	ab(deep=4)@2.learned(model=114,316257e9,position_elo,mlp,mu_shape=129-512-8-1,sigma_shape=129-64-1)@1
432	580	10	1796	590	1206	323	575	267	631	47.5	0.614	0.573	2266	63	gone	ab(deep=4,tt,ord,nodes=200k)@1.learned(model=10,fead67b7,weight_merge,lin,shape=129-1)@1
433	580	25	196	81	115	41	57	40	58	48.4	9.674	7.701	1620	45	gone	ab(d4,tt,ord,nb200k)@1.learned(s28,6d10efee)@1
434	578	12	1028	444	584	216	298	228	286	53.8	2.700	2.640	17668	51	on	ab(deep=4)@2.exp(chip=65,column=1,forward=14)@2
435	578	12	1028	444	584	242	272	202	312	54.3	14.145	14.065	57422	42	on	ab(deep=6,tt,ord,time=150ms)@2.learned(model=97,87a5093d,pool_games,lin,shape=129-1)@1
436	576	25	196	80	116	41	57	39	59	49.6	10.123	8.462	1788	44	gone	ab(d4,tt,ord,nb200k)@1.learned(s37,97ad3321)@1
437	575	10	1840	592	1248	336	584	256	664	50.5	12.381	12.160	41044	42	gone	ab(deep=6,tt,ord,nodes=200k)@1.learned(model=95,07792e69,pool_games,lin,shape=129-1)@1.opener(rand,moves=8)@1
438	574	10	1756	570	1186	298	580	272	606	55.7	63.487	61.086	14152	36	gone	ab(deep=4)@1.learned(model=112,baa2951a,position_elo,mlp,mu_shape=129-512-8-1,sigma_shape=129-64-1)@1
439	574	10	1736	622	1114	341	527	281	587	50.1	294.905	292.584	70961	32	on	ab(deep=6,tt,ord,time=150ms)@2.learned(model=113,e3cc8b4e,position_elo,mlp,mu_shape=129-512-8-1,sigma_shape=129-64-1)@1.opener(rand,moves=8)@1
440	574	12	1028	439	589	210	304	229	285	56.9	59.546	58.844	14768	36	on	ab(deep=4)@2.learned(model=115,21d7e638,position_elo,mlp,mu_shape=129-512-8-1,sigma_shape=129-64-1)@1
441	573	25	196	79	117	42	56	37	61	48.3	10.243	7.770	1666	44	gone	ab(d4,tt,ord,nb200k)@1.learned(s29,ef8eac9c)@1
442	570	10	1736	559	1177	304	564	255	613	51.8	12.915	12.495	41163	42	gone	ab(deep=6,tt,ord,time=150ms)@1.learned(model=95,07792e69,pool_games,lin,shape=129-1)@1.opener(rand,moves=8)@1
443	570	16	524	299	225	132	130	167	95	58.7	0.309	0.272	956	70	gone	ab(deep=4,tt,ord,nodes=200k)@1.learned(model=34,d9ec0240,teacher_games(deep=6),lin,shape=129-1)@1
444	570	12	1028	434	594	224	290	210	304	56.3	50.544	50.030	12935	37	on	ab(deep=4)@2.learned(model=110,1466db6c,position_elo,mlp,mu_shape=129-512-8-1,sigma_shape=129-64-1)@1
445	569	25	196	78	118	41	57	37	61	42.5	6.077	4.457	1563	47	gone	ab(d4,tt,ord,nb200k)@1.learned(s16,500afc93)@1
446	569	10	1756	561	1195	312	566	249	629	58.8	65.359	62.947	14342	36	gone	ab(deep=4)@1.learned(model=114,316257e9,position_elo,mlp,mu_shape=129-512-8-1,sigma_shape=129-64-1)@1
447	569	10	1736	613	1123	327	541	286	582	51.2	11.877	11.745	43751	42	on	ab(deep=6,tt,ord,nodes=200k)@2.learned(model=94,784bb5fe,pool_games,lin,shape=129-1)@1.opener(rand,moves=8)@1
448	569	10	1736	556	1180	271	597	285	583	49.2	20.519	19.724	64225	40	gone	ab(deep=6,tt,ord,time=150ms)@1.learned(model=10,fead67b7,weight_merge,lin,shape=129-1)@1.dil(prob=20)@1
449	568	10	1736	555	1181	277	591	278	590	43.4	10.149	9.738	31561	43	gone	ab(deep=6,tt,ord,time=150ms)@1.classic(chip=100)@2.dil(prob=20)@1
450	567	20	472	93	379	65	171	28	208	50.6	0.460	0.424	1757	65	gone	ab(d4,tt,ord,nb200k)@1.learned(s7,c7f7ce61,value,lin,129-1,con100)@1
451	567	10	1736	608	1128	329	539	279	589	50.6	11.481	11.398	43381	42	on	ab(deep=6,tt,ord,time=150ms)@2.learned(model=94,784bb5fe,pool_games,lin,shape=129-1)@1.opener(rand,moves=8)@1
452	564	12	1028	427	601	208	306	219	295	53.8	2.680	2.675	17496	50	on	ab(deep=4)@2.exp(chip=64,column=1,forward=15)@2
453	564	10	1736	547	1189	297	571	250	618	50.2	17.530	16.877	56622	40	gone	ab(deep=6,tt,ord,nodes=200k)@1.learned(model=98,5801570e,pool_games,lin,shape=129-1)@1.dil(prob=20)@1
454	562	10	1736	545	1191	264	604	281	587	50.4	20.465	19.678	66638	39	gone	ab(deep=6,tt,ord,time=150ms)@1.learned(model=76,ef183148,position_elo,lin,mu_shape=129-1,sigma_shape=129-1)@1.dil(prob=20)@1
455	562	25	196	76	120	44	54	32	66	49.2	12.069	9.331	1909	43	gone	ab(d4,tt,ord,nb200k)@1.learned(s27,12a6c33c)@1
456	562	25	318	110	208	52	107	58	101	38.3	5.691	7.216	31655	44	gone	ab(deep=6,tt,ord,nodes=200k)@1.classic(chip=100)@1.dil(prob=28)@1
457	559	25	196	75	121	42	56	33	65	49.3	9.031	7.509	1638	43	gone	ab(d4,tt,ord,nb200k)@1.learned(s31,19904e2a)@1
458	557	16	524	290	234	151	111	139	123	60.7	0.375	0.341	1171	66	gone	ab(deep=4,tt,ord,nodes=200k)@1.learned(model=13,629d8cc2,teacher_games(deep=2),lin,shape=129-1)@1
459	557	16	524	290	234	156	106	134	128	62.8	0.306	0.264	928	69	gone	ab(deep=4,tt,ord,nodes=200k)@1.learned(model=22,a80f6d17,teacher_games(deep=4),lin,shape=129-1)@1
460	557	20	504	179	325	88	164	91	161	37.5	4.915	6.031	111833	44	gone	ab(deep=6,nodes=200k)@1.classic(chip=100)@1.dil(prob=25)@1
461	555	10	1736	587	1149	327	541	260	608	51.6	11.192	11.101	41828	41	on	ab(deep=6,tt,ord,time=150ms)@2.learned(model=95,07792e69,pool_games,lin,shape=129-1)@1.opener(rand,moves=8)@1
462	555	25	196	74	122	43	55	31	67	47.4	8.898	7.248	1596	43	gone	ab(d4,tt,ord,nb200k)@1.learned(s36,31b20ca2)@1
463	555	25	196	74	122	41	57	33	65	48.0	8.793	7.211	1611	43	gone	ab(d4,tt,ord,nb200k)@1.learned(s38,2df06048)@1
464	553	10	1736	529	1207	277	591	252	616	51.7	377.824	347.646	76119	30	gone	ab(deep=6,tt,ord,nodes=200k)@1.learned(model=111,78ef6974,position_elo,mlp,mu_shape=129-512-8-1,sigma_shape=129-64-1)@1.dil(prob=20)@1
465	553	10	1772	535	1237	264	630	271	607	51.5	0.019	0.014	191	142	gone	ab(deep=2)@1.learned(model=76,ef183148,position_elo,lin,mu_shape=129-1,sigma_shape=129-1)@1
466	553	20	472	87	385	57	179	30	206	50.8	0.467	0.452	1808	63	gone	ab(d4,tt,ord,nb200k)@1.learned(s6,eac8ab99,value,lin,129-1,con100)@1
467	552	10	1772	533	1239	366	528	167	711	53.1	1.613	1.504	217	52	gone	ab(deep=2)@1.learned(model=78,2fa21eda,position_elo,mlp,mu_shape=129-128-64-1,sigma_shape=129-32-1)@1
468	552	10	1736	526	1210	258	610	268	600	48.5	21.421	19.807	63699	39	gone	ab(deep=6,tt,ord,nodes=200k)@1.learned(model=10,fead67b7,weight_merge,lin,shape=129-1)@1.dil(prob=20)@1
469	551	10	1736	524	1212	281	587	243	625	50.1	19.175	18.416	62671	39	gone	ab(deep=6,tt,ord,nodes=200k)@1.learned(model=8,6f1a4264,pool_games,lin,shape=129-1)@1.dil(prob=20)@1
470	548	10	1736	520	1216	272	596	248	620	50.7	20.139	19.379	65037	39	gone	ab(deep=6,tt,ord,nodes=200k)@1.learned(model=76,ef183148,position_elo,lin,mu_shape=129-1,sigma_shape=129-1)@1.dil(prob=20)@1
471	548	8	2336	773	1563	398	770	375	793	43.1	5.316	8.858	27212	42	gone	ab(deep=6,tt,ord,nodes=200k)@1.classic(chip=100)@2.dil(prob=22)@1
472	546	10	1736	570	1166	327	541	243	625	51.2	11.350	11.285	41388	41	on	ab(deep=6,tt,ord,nodes=200k)@2.learned(model=95,07792e69,pool_games,lin,shape=129-1)@1.opener(rand,moves=8)@1
473	546	10	1736	516	1220	261	607	255	613	43.9	10.857	9.968	31698	41	gone	ab(deep=6,tt,ord,nodes=200k)@1.classic(chip=100)@2.dil(prob=20)@1
474	545	12	1028	403	625	212	302	191	323	56.7	55.685	54.885	14129	35	on	ab(deep=4)@2.learned(model=112,baa2951a,position_elo,mlp,mu_shape=129-512-8-1,sigma_shape=129-64-1)@1
475	544	12	1028	402	626	200	314	202	312	51.8	0.022	0.018	191	127	on	ab(deep=2)@2.learned(model=76,ef183148,position_elo,lin,mu_shape=129-1,sigma_shape=129-1)@1
476	542	16	524	279	245	127	135	152	110	51.5	0.267	0.257	789	68	gone	ab(deep=4,tt,ord,nodes=200k)@1.learned(model=67,1c5729aa,pool_games,lin,shape=129-1)@1
477	541	10	1736	507	1229	256	612	251	617	50.3	18.559	17.862	60226	38	gone	ab(deep=6,tt,ord,nodes=200k)@1.learned(model=3,68364898,pool_games,lin,shape=129-1)@1.dil(prob=20)@1
478	541	16	524	278	246	164	98	114	148	60.7	0.307	0.267	945	67	gone	ab(deep=4,tt,ord,nodes=200k)@1.learned(model=44,a24e33eb,teacher_games(deep=4),lin,shape=129-1)@1
479	540	10	1736	506	1230	252	616	254	614	50.7	18.607	17.877	60206	38	gone	ab(deep=6,tt,ord,time=150ms)@1.learned(model=3,68364898,pool_games,lin,shape=129-1)@1.dil(prob=20)@1
480	540	10	1736	559	1177	279	589	280	588	43.1	9.884	9.766	36348	41	on	ab(deep=6,tt,ord,nodes=200k)@2.classic(chip=100)@2.dil(prob=18)@1
481	539	10	1736	503	1233	264	604	239	629	50.6	17.428	16.767	57354	38	gone	ab(deep=6,tt,ord,time=150ms)@1.learned(model=98,5801570e,pool_games,lin,shape=129-1)@1.dil(prob=20)@1
482	537	10	1736	501	1235	273	595	228	640	49.6	18.095	17.331	57712	38	gone	ab(deep=6,tt,ord,time=150ms)@1.learned(model=96,990e39e7,pool_games,lin,shape=129-1)@1.dil(prob=20)@1
483	537	10	1736	553	1183	277	591	276	592	48.5	18.249	18.080	66598	38	on	ab(deep=6,tt,ord,time=150ms)@2.learned(model=10,fead67b7,weight_merge,lin,shape=129-1)@1.dil(prob=20)@1
484	537	25	196	69	127	36	62	33	65	46.8	5.843	4.614	1618	44	gone	ab(d4,tt,ord,nb200k)@1.learned(s18,111d8d80)@1
485	537	25	196	69	127	35	63	34	64	49.6	6.982	5.157	1821	44	gone	ab(d4,tt,ord,nb200k)@1.learned(s20,30a9414b)@1
486	536	10	1840	519	1321	278	642	241	679	59.0	13.953	13.625	49588	39	gone	ab(deep=6,tt,ord,nodes=200k)@1.learned(model=97,87a5093d,pool_games,lin,shape=129-1)@1.opener(rand,moves=4)@1
487	535	10	1736	550	1186	255	613	295	573	48.1	18.744	18.438	66158	38	on	ab(deep=6,tt,ord,nodes=200k)@2.learned(model=10,fead67b7,weight_merge,lin,shape=129-1)@1.dil(prob=20)@1
488	535	10	1736	496	1240	239	629	257	611	50.1	18.938	18.280	62006	38	gone	ab(deep=6,tt,ord,nodes=200k)@1.learned(model=4,eb105733,pool_games,lin,shape=129-1)@1.dil(prob=20)@1
489	534	10	1736	495	1241	274	594	221	647	48.0	320.347	308.732	65997	29	gone	ab(deep=6,tt,ord,time=150ms)@1.learned(model=111,78ef6974,position_elo,mlp,mu_shape=129-512-8-1,sigma_shape=129-64-1)@1.opener(rand,moves=8)@1
490	533	10	1736	493	1243	255	613	238	630	48.8	18.274	17.543	57569	38	gone	ab(deep=6,tt,ord,nodes=200k)@1.learned(model=96,990e39e7,pool_games,lin,shape=129-1)@1.dil(prob=20)@1
491	533	20	504	168	336	82	170	86	166	39.0	0.138	0.184	2984	71	gone	ab(deep=4)@1.classic(chip=100)@1.dil(prob=25)@1
492	532	16	524	272	252	131	131	141	121	57.2	0.390	0.330	1260	64	gone	ab(d4,tt,ord,nb200k)@1.learned(s10,0ff9b1c8)@1
493	532	10	1736	543	1193	281	587	262	606	51.0	17.790	17.652	67121	38	on	ab(deep=6,tt,ord,nodes=200k)@2.learned(model=76,ef183148,position_elo,lin,mu_shape=129-1,sigma_shape=129-1)@1.dil(prob=20)@1
494	531	16	524	271	253	122	140	149	113	50.6	0.586	0.508	796	59	gone	ab(deep=4,tt,ord,nodes=200k)@1.learned(model=61,a4ffae3c,pool_games,lin,shape=30-1)@1
495	530	26	196	67	129	36	62	31	67	48.6	10.041	7.881	1700	41	gone	ab(d4,tt,ord,nb200k)@1.learned(s32,18116b38)@1
496	529	10	1736	486	1250	245	623	241	627	49.8	18.869	18.215	62515	37	gone	ab(deep=6,tt,ord,time=150ms)@1.learned(model=8,6f1a4264,pool_games,lin,shape=129-1)@1.dil(prob=20)@1
497	526	16	524	267	257	130	132	137	125	59.4	0.307	0.273	935	65	gone	ab(deep=4,tt,ord,nodes=200k)@1.learned(model=16,d12688ec,teacher_games(deep=4),lin,shape=129-1)@1
498	526	16	524	267	257	124	138	143	119	55.0	0.364	0.312	1104	63	gone	ab(deep=4,tt,ord,nodes=200k)@1.learned(model=36,f5470908,teacher_games(deep=6),lin,shape=129-1)@1
499	526	16	524	267	257	148	114	119	143	50.1	0.524	0.442	737	60	gone	ab(deep=4,tt,ord,nodes=200k)@1.learned(model=66,847120cf,pool_games,lin,shape=30-1)@1
500	523	10	1736	528	1208	273	595	255	613	49.7	15.423	15.268	59462	38	on	ab(deep=6,tt,ord,time=150ms)@2.learned(model=98,5801570e,pool_games,lin,shape=129-1)@1.dil(prob=20)@1
501	523	16	524	265	259	132	130	133	129	59.0	0.365	0.311	1065	63	gone	ab(deep=4,tt,ord,nodes=200k)@1.learned(model=42,cc89a549,teacher_games(deep=4),lin,shape=129-1)@1
502	522	10	1736	475	1261	248	620	227	641	48.6	332.301	320.313	69313	29	gone	ab(deep=6,tt,ord,time=150ms)@1.learned(model=113,e3cc8b4e,position_elo,mlp,mu_shape=129-512-8-1,sigma_shape=129-64-1)@1.opener(rand,moves=8)@1
503	521	10	1736	524	1212	258	610	266	602	51.2	17.621	17.454	68241	37	on	ab(deep=6,tt,ord,time=150ms)@2.learned(model=76,ef183148,position_elo,lin,mu_shape=129-1,sigma_shape=129-1)@1.dil(prob=20)@1
504	520	16	524	263	261	148	114	115	147	51.6	0.618	0.557	833	57	gone	ab(deep=4,tt,ord,nodes=200k)@1.learned(model=57,a639450c,pool_games,lin,shape=30-1)@1
505	519	10	1736	520	1216	273	595	247	621	43.7	9.362	9.309	35546	39	on	ab(deep=6,tt,ord,time=150ms)@2.classic(chip=100)@2.dil(prob=20)@1
506	519	16	524	262	262	120	142	142	120	51.0	0.559	0.467	746	58	gone	ab(deep=4,tt,ord,nodes=200k)@1.learned(model=58,8a52cfde,pool_games,lin,shape=30-1)@1
507	517	16	524	261	263	114	148	147	115	58.2	0.319	0.270	958	64	gone	ab(deep=4,tt,ord,nodes=200k)@1.learned(model=39,e57b6cbb,teacher_games(deep=4),lin,shape=129-1)@1
508	517	10	1736	517	1219	260	608	257	611	43.9	9.832	9.678	35900	39	on	ab(deep=6,tt,ord,nodes=200k)@2.classic(chip=100)@2.dil(prob=20)@1
509	517	12	1028	369	659	190	324	179	335	32.3	0.003	0.004	24	229	on	ab(deep=1)@2.classic(chip=100)@2
510	513	10	1736	460	1276	256	612	204	664	51.5	377.784	363.578	81437	28	gone	ab(deep=6,tt,ord,nodes=200k)@1.learned(model=113,e3cc8b4e,position_elo,mlp,mu_shape=129-512-8-1,sigma_shape=129-64-1)@1.dil(prob=20)@1
511	513	16	524	258	266	130	132	128	134	57.3	0.323	0.273	987	63	gone	ab(deep=4,tt,ord,nodes=200k)@1.learned(model=49,080031ad,teacher_games(deep=4),lin,shape=129-1)@1
512	513	10	1736	510	1226	249	619	261	607	50.5	16.489	16.345	61548	37	on	ab(deep=6,tt,ord,nodes=200k)@2.learned(model=3,68364898,pool_games,lin,shape=129-1)@1.dil(prob=20)@1
513	512	16	524	257	267	131	131	126	136	58.2	0.303	0.271	932	63	gone	ab(deep=4,tt,ord,nodes=200k)@1.learned(model=47,d8e7cb78,teacher_games(deep=4),lin,shape=129-1)@1
514	511	10	1736	506	1230	268	600	238	630	48.9	15.923	15.745	60144	37	on	ab(deep=6,tt,ord,time=150ms)@2.learned(model=96,990e39e7,pool_games,lin,shape=129-1)@1.dil(prob=20)@1
515	510	10	1736	505	1231	258	610	247	621	50.1	16.365	16.266	59869	36	on	ab(deep=6,tt,ord,nodes=200k)@2.learned(model=96,990e39e7,pool_games,lin,shape=129-1)@1.dil(prob=20)@1
516	509	10	1736	453	1283	225	643	228	640	47.3	16.635	15.951	52405	36	gone	ab(deep=6,tt,ord,nodes=200k)@1.learned(model=99,59815079,pool_games,lin,shape=129-1)@1.dil(prob=20)@1
517	506	10	1736	498	1238	274	594	224	644	51.1	328.069	324.887	78283	28	on	ab(deep=6,tt,ord,nodes=200k)@2.learned(model=111,78ef6974,position_elo,mlp,mu_shape=129-512-8-1,sigma_shape=129-64-1)@1.dil(prob=20)@1
518	506	16	524	253	271	126	136	127	135	53.4	0.273	0.234	790	64	gone	ab(deep=4,tt,ord,nodes=200k)@1.learned(model=68,2a6c5a04,pool_games,lin,shape=129-1)@1
519	506	16	524	253	271	119	143	134	128	55.8	0.324	0.281	1082	62	gone	ab(deep=4,tt,ord,nodes=200k)@1.learned(model=72,c9f64f64,teacher_games(deep=4),lin,shape=129-1)@1
520	505	10	1736	495	1241	269	599	226	642	44.0	9.631	9.465	35063	38	on	ab(deep=6,tt,ord,nodes=200k)@2.classic(chip=100)@2.dil(prob=22)@1
521	504	10	1736	445	1291	200	668	245	623	48.9	18.919	18.187	62546	36	gone	ab(deep=6,tt,ord,time=150ms)@1.learned(model=4,eb105733,pool_games,lin,shape=129-1)@1.dil(prob=20)@1
522	504	16	524	251	273	134	128	117	145	51.8	0.514	0.445	721	57	gone	ab(deep=4,tt,ord,nodes=200k)@1.learned(model=65,3ae65557,pool_games,lin,shape=30-1)@1
523	502	16	524	250	274	116	146	134	128	51.1	0.263	0.262	783	62	gone	ab(deep=4,tt,ord,nodes=200k)@1.learned(model=60,3a0fec50,pool_games,lin,shape=129-1)@1
524	502	16	524	250	274	109	153	141	121	58.7	0.377	0.297	1145	61	gone	ab(deep=4,tt,ord,nodes=200k)@1.learned(model=52,60638ed7,model_games(gen=?,deep=4),lin,shape=129-1)@1
525	499	16	524	248	276	132	130	116	146	56.6	0.342	0.273	1021	62	gone	ab(deep=4,tt,ord,nodes=200k)@1.learned(model=33,3551d6b1,teacher_games(deep=6),lin,shape=129-1)@1
526	498	16	524	247	277	116	146	131	131	55.4	0.338	0.295	1112	61	gone	ab(d4,tt,ord,nb200k)@1.learned(s7,fc796f83)@1
527	498	16	524	247	277	119	143	128	134	54.7	0.296	0.271	1047	62	gone	ab(d4,tt,ord,nb200k)@1.learned(s78,c428beb0)@1
528	497	10	1736	482	1254	224	644	258	610	50.5	15.726	15.520	59041	36	on	ab(deep=6,tt,ord,nodes=200k)@2.learned(model=98,5801570e,pool_games,lin,shape=129-1)@1.dil(prob=20)@1
529	497	16	524	246	278	131	131	115	147	56.4	0.312	0.276	1105	61	gone	ab(d4,tt,ord,nb200k)@1.learned(s76,2e412bc4)@1
530	494	10	1736	429	1307	233	635	196	672	46.8	16.369	15.698	52517	35	gone	ab(deep=6,tt,ord,time=150ms)@1.learned(model=99,59815079,pool_games,lin,shape=129-1)@1.dil(prob=20)@1
531	494	16	524	244	280	116	146	128	134	51.3	0.261	0.206	762	64	gone	ab(deep=4,tt,ord,nodes=200k)@1.learned(model=64,e5f3229a,pool_games,lin,shape=129-1)@1
532	492	12	1028	340	688	186	328	154	360	53.1	89.270	88.600	101890	30	on	ab(deep=6,tt,ord,nodes=200k)@2.learned(model=279,409dc0b3,tdleaf_self,mlp,shape=30-16-1)@1
533	491	10	1736	472	1264	237	631	235	633	50.4	16.647	16.470	62962	35	on	ab(deep=6,tt,ord,time=150ms)@2.learned(model=3,68364898,pool_games,lin,shape=129-1)@1.dil(prob=20)@1
534	491	10	1736	471	1265	204	664	267	601	49.3	16.630	16.505	64026	35	on	ab(deep=6,tt,ord,time=150ms)@2.learned(model=4,eb105733,pool_games,lin,shape=129-1)@1.dil(prob=20)@1
535	490	16	524	241	283	149	113	92	170	57.9	0.291	0.234	911	62	gone	ab(deep=4,tt,ord,nodes=200k)@1.learned(model=30,7d34ec8a,teacher_games(deep=6),lin,shape=129-1)@1
536	490	16	524	241	283	114	148	127	135	55.7	0.385	0.345	1195	58	gone	ab(deep=4,tt,ord,nodes=200k)@1.learned(model=38,0314b24f,teacher_games(deep=6),lin,shape=129-1)@1
537	488	16	524	240	284	113	149	127	135	52.2	0.575	0.513	797	54	gone	ab(deep=4,tt,ord,nodes=200k)@1.learned(model=62,78c12b90,pool_games,lin,shape=30-1)@1
538	488	12	1028	335	693	198	316	137	377	52.7	0.514	0.515	218	54	on	ab(deep=2)@2.learned(model=78,2fa21eda,position_elo,mlp,mu_shape=129-128-64-1,sigma_shape=129-32-1)@1
539	484	10	1736	460	1276	252	616	208	660	50.5	16.482	16.329	63993	35	on	ab(deep=6,tt,ord,time=150ms)@2.learned(model=8,6f1a4264,pool_games,lin,shape=129-1)@1.dil(prob=20)@1
540	484	11	1736	412	1324	210	658	202	666	45.9	16.516	15.857	52819	35	gone	ab(deep=6,tt,ord,time=150ms)@1.learned(model=95,07792e69,pool_games,lin,shape=129-1)@1.dil(prob=20)@1
541	483	10	1736	458	1278	250	618	208	660	49.7	16.935	16.806	63701	34	on	ab(deep=6,tt,ord,nodes=200k)@2.learned(model=8,6f1a4264,pool_games,lin,shape=129-1)@1.dil(prob=20)@1
542	482	16	524	235	289	122	140	113	149	57.3	0.259	0.225	987	62	gone	ab(d4,tt,ord,nb200k)@1.learned(s9,e27d9f48)@1
543	481	10	1736	455	1281	237	631	218	650	51.6	342.443	339.490	83711	26	on	ab(deep=6,tt,ord,nodes=200k)@2.learned(model=113,e3cc8b4e,position_elo,mlp,mu_shape=129-512-8-1,sigma_shape=129-64-1)@1.dil(prob=20)@1
544	479	10	1736	452	1284	196	672	256	612	49.1	16.929	16.775	63603	34	on	ab(deep=6,tt,ord,nodes=200k)@2.learned(model=4,eb105733,pool_games,lin,shape=129-1)@1.dil(prob=20)@1
545	479	21	504	145	359	75	177	70	182	56.5	0.004	0.005	0	188	gone	greedy@1.classic(chip=10,wall=3,column=2)@1
546	479	16	524	233	291	109	153	124	138	56.1	0.265	0.245	1015	60	gone	ab(d4,tt,ord,nb200k)@1.learned(s80,5b9b1a34)@1
547	476	16	524	231	293	123	139	108	154	58.0	0.304	0.276	1009	59	gone	ab(deep=4,tt,ord,nodes=200k)@1.learned(model=70,68972f05,teacher_games(deep=4),lin,shape=129-1)@1
548	475	16	524	230	294	118	144	112	150	56.8	0.322	0.275	1114	59	gone	ab(deep=4,tt,ord,nodes=200k)@1.learned(model=73,4b9da81b,teacher_games(deep=4),lin,shape=129-1)@1
549	475	10	1736	444	1292	229	639	215	653	58.3	12.540	12.443	48636	35	on	ab(deep=6,tt,ord,nodes=200k)@2.learned(model=97,87a5093d,pool_games,lin,shape=129-1)@1.opener(rand,moves=4)@1
550	472	7	3238	867	2371	464	1155	403	1216	55.9	0.006	0.007	0	156	on	greedy@1.classic(chip=10,wall=3,column=2)@2
551	472	16	524	228	296	116	146	112	150	59.2	0.342	0.319	1085	57	gone	ab(deep=4,tt,ord,nodes=200k)@1.learned(model=48,ee557e97,teacher_games(deep=4),lin,shape=129-1)@1
552	470	10	1736	437	1299	223	645	214	654	47.4	14.203	14.052	52021	34	on	ab(deep=6,tt,ord,nodes=200k)@2.learned(model=99,59815079,pool_games,lin,shape=129-1)@1.dil(prob=20)@1
553	469	16	524	226	298	103	159	123	139	49.9	0.264	0.225	783	60	gone	ab(deep=4,tt,ord,nodes=200k)@1.learned(model=63,716ed803,pool_games,lin,shape=129-1)@1
554	469	16	524	226	298	129	133	97	165	56.6	0.353	0.284	1078	58	gone	ab(deep=4,tt,ord,nodes=200k)@1.learned(model=26,aedd28f9,teacher_games(deep=4),lin,shape=129-1)@1
555	468	16	524	225	299	106	156	119	143	55.4	0.324	0.280	1200	57	gone	ab(d4,tt,ord,nb200k)@1.learned(s77,ba5a5adb)@1
556	466	11	1736	385	1351	209	659	176	692	46.1	16.813	16.194	53095	33	gone	ab(deep=6,tt,ord,nodes=200k)@1.learned(model=95,07792e69,pool_games,lin,shape=129-1)@1.dil(prob=20)@1
557	466	9	2400	578	1822	299	901	279	921	41.9	5.201	8.352	26878	36	gone	ab(deep=6,tt,ord,nodes=200k)@1.classic(chip=100)@2.dil(prob=28)@1
558	465	11	1736	383	1353	184	684	199	669	45.6	17.521	16.872	56487	33	gone	ab(deep=6,tt,ord,time=150ms)@1.learned(model=94,784bb5fe,pool_games,lin,shape=129-1)@1.dil(prob=20)@1
559	465	16	524	223	301	97	165	126	136	54.3	0.320	0.284	963	57	gone	ab(deep=4,tt,ord,nodes=200k)@1.learned(model=28,6c8ae585,teacher_games(deep=6),lin,shape=129-1)@1
560	465	12	1028	309	719	134	380	175	339	57.0	43.990	43.640	80471	30	on	ab(deep=6,tt,ord,nodes=200k)@2.learned(model=261,52cd70f8,tdleaf_self,mlp,shape=129-32-1)@1
561	464	10	1736	427	1309	228	640	199	669	46.9	13.790	13.675	51921	34	on	ab(deep=6,tt,ord,time=150ms)@2.learned(model=99,59815079,pool_games,lin,shape=129-1)@1.dil(prob=20)@1
562	464	16	524	222	302	92	170	130	132	54.6	0.359	0.319	1097	56	gone	ab(deep=4,tt,ord,nodes=200k)@1.learned(model=31,8fd20ff6,teacher_games(deep=6),lin,shape=129-1)@1
563	464	16	524	222	302	109	153	113	149	55.0	0.329	0.319	1084	56	gone	ab(deep=4,tt,ord,nodes=200k)@1.learned(model=69,0f527c41,teacher_games(deep=4),lin,shape=129-1)@1
564	464	16	524	222	302	96	166	126	136	56.0	0.329	0.292	1196	57	gone	ab(deep=4,tt,ord,nodes=200k)@1.learned(model=75,8cb3c846,teacher_games(deep=6),lin,shape=129-1)@1
565	462	9	2336	567	1769	287	881	280	888	42.3	4.084	6.414	100109	37	gone	ab(deep=6,nodes=200k)@1.classic(chip=100)@2.dil(prob=25)@1
566	462	16	524	221	303	91	171	130	132	65.1	0.405	0.352	1261	55	gone	ab(deep=4,tt,ord,nodes=200k)@1.learned(model=11,4fb7f74b,teacher_games(deep=2),lin,shape=129-1)@1
567	462	16	524	221	303	101	161	120	142	51.5	0.281	0.235	804	59	gone	ab(deep=4,tt,ord,nodes=200k)@1.learned(model=59,57cf2958,pool_games,lin,shape=129-1)@1
568	461	7	3238	830	2408	401	1218	429	1190	34.4	0.001	0.002	0	270	on	greedy@1.classic(chip=100)@2
569	461	16	524	220	304	105	157	115	147	54.3	0.300	0.282	1051	57	gone	ab(deep=4,tt,ord,nodes=200k)@1.learned(model=74,151941d5,teacher_games(deep=4),lin,shape=129-1)@1
570	458	10	1736	417	1319	221	647	196	672	41.5	6.200	6.179	103281	36	on	ab(deep=6,nodes=200k)@2.classic(chip=100)@2.dil(prob=25)@1
571	458	16	524	218	306	108	154	110	152	56.1	0.344	0.320	1191	55	gone	ab(deep=4,tt,ord,nodes=200k)@1.learned(model=71,3f0a5881,teacher_games(deep=4),lin,shape=129-1)@1
572	457	11	1736	371	1365	173	695	198	670	46.3	17.612	16.907	56025	33	gone	ab(deep=6,tt,ord,nodes=200k)@1.learned(model=94,784bb5fe,pool_games,lin,shape=129-1)@1.dil(prob=20)@1
573	457	16	524	217	307	109	153	108	154	64.9	0.337	0.289	1102	56	gone	ab(deep=4,tt,ord,nodes=200k)@1.learned(model=14,3d28f8f6,teacher_games(deep=2),lin,shape=129-1)@1
574	457	16	524	217	307	107	155	110	152	61.4	0.349	0.338	1092	54	gone	ab(deep=4,tt,ord,nodes=200k)@1.learned(model=32,870e9f28,teacher_games(deep=6),lin,shape=129-1)@1
575	455	16	524	216	308	106	156	110	152	54.8	0.340	0.279	1027	56	gone	ab(deep=4,tt,ord,nodes=200k)@1.learned(model=53,8e142fea,model_games(gen=?,deep=4),lin,shape=129-1)@1
576	454	16	524	215	309	107	155	108	154	63.8	0.334	0.284	1035	56	gone	ab(deep=4,tt,ord,nodes=200k)@1.learned(model=23,eb109fd1,teacher_games(deep=4),lin,shape=129-1)@1
577	454	16	524	215	309	99	163	116	146	60.1	0.332	0.306	1034	55	gone	ab(deep=4,tt,ord,nodes=200k)@1.learned(model=41,969172a5,teacher_games(deep=4),lin,shape=129-1)@1
578	452	13	1028	295	733	168	346	127	387	54.6	0.495	0.465	210	51	on	ab(deep=2)@2.learned(model=77,ddaa5090,position_elo,mlp,mu_shape=129-128-64-1,sigma_shape=129-32-1)@1
579	452	9	2352	545	1807	275	909	270	898	43.2	0.133	0.199	3221	59	gone	ab(deep=4)@1.classic(chip=100)@2.dil(prob=25)@1
580	451	16	524	213	311	127	135	86	176	59.1	0.349	0.299	1066	55	gone	ab(deep=4,tt,ord,nodes=200k)@1.learned(model=18,f6f8e14e,teacher_games(deep=4),lin,shape=129-1)@1
581	451	16	524	213	311	121	141	92	170	56.3	0.393	0.354	1217	53	gone	ab(deep=4,tt,ord,nodes=200k)@1.learned(model=25,2417d2ef,teacher_games(deep=4),lin,shape=129-1)@1
582	450	16	524	212	312	134	128	78	184	59.4	0.326	0.247	1979	57	gone	ab(d4,tt,ord,nb200k)@1.learned(s3,9c12fe2e)@1
583	450	16	524	212	312	106	156	106	156	57.1	0.287	0.240	1109	57	gone	ab(d4,tt,ord,nb200k)@1.learned(s79,b2b57c78)@1
584	450	16	524	212	312	101	161	111	151	54.5	0.260	0.221	986	58	gone	ab(d4,tt,ord,nb200k)@1.learned(s8,126d9fb2)@1
585	450	16	524	212	312	87	175	125	137	59.1	0.360	0.292	1127	55	gone	ab(deep=4,tt,ord,nodes=200k)@1.learned(model=43,3c894531,teacher_games(deep=4),lin,shape=129-1)@1
586	449	13	1028	292	736	129	385	163	351	61.1	19.104	18.975	71413	32	on	ab(deep=6,tt,ord,nodes=200k)@2.learned(model=531,748d1c8d,tdleaf_self,lin,shape=129-1)@1
587	448	16	524	211	313	135	127	76	186	59.0	0.339	0.281	1035	55	gone	ab(deep=4,tt,ord,nodes=200k)@1.learned(model=24,fe676e2e,teacher_games(deep=4),lin,shape=129-1)@1
588	447	11	1840	369	1471	216	704	153	767	53.4	10.582	10.367	37880	33	gone	ab(deep=6,tt,ord,nodes=200k)@1.learned(model=97,87a5093d,pool_games,lin,shape=129-1)@1.opener(rand,moves=8)@1
589	445	11	1736	397	1339	194	674	203	665	41.1	0.204	0.190	3098	59	on	ab(deep=4)@2.classic(chip=100)@2.dil(prob=25)@1
590	445	16	524	209	315	97	165	112	150	55.8	0.321	0.282	996	55	gone	ab(deep=4,tt,ord,nodes=200k)@1.learned(model=50,7279a22a,teacher_games(deep=4),lin,shape=129-1)@1
591	443	16	524	207	317	93	169	114	148	58.4	0.331	0.293	1037	54	gone	ab(deep=4,tt,ord,nodes=200k)@1.learned(model=46,e59671ae,teacher_games(deep=4),lin,shape=129-1)@1
592	442	11	1736	392	1344	208	660	184	684	48.8	368.803	365.571	88752	24	on	ab(deep=6,tt,ord,time=150ms)@2.learned(model=111,78ef6974,position_elo,mlp,mu_shape=129-512-8-1,sigma_shape=129-64-1)@1.dil(prob=20)@1
593	441	11	1736	390	1346	207	661	183	685	49.4	378.703	375.272	93717	24	on	ab(deep=6,tt,ord,time=150ms)@2.learned(model=113,e3cc8b4e,position_elo,mlp,mu_shape=129-512-8-1,sigma_shape=129-64-1)@1.dil(prob=20)@1
594	438	11	1736	343	1393	192	676	151	717	53.2	10.936	10.487	37514	33	gone	ab(deep=6,tt,ord,time=150ms)@1.learned(model=97,87a5093d,pool_games,lin,shape=129-1)@1.opener(rand,moves=8)@1
595	438	7	4496	972	3524	497	1751	475	1773	50.1	0.001	0.001	0	405	on	smart(pieces=2)@1
596	436	11	1736	383	1353	178	690	205	663	46.3	13.883	13.736	52084	32	on	ab(deep=6,tt,ord,time=150ms)@2.learned(model=95,07792e69,pool_games,lin,shape=129-1)@1.dil(prob=20)@1
597	436	11	1772	343	1429	180	714	163	715	54.1	1.599	1.485	208	41	gone	ab(deep=2)@1.learned(model=77,ddaa5090,position_elo,mlp,mu_shape=129-128-64-1,sigma_shape=129-32-1)@1
598	436	16	524	202	322	87	175	115	147	57.7	0.321	0.270	995	54	gone	ab(deep=4,tt,ord,nodes=200k)@1.learned(model=17,8a6b139b,teacher_games(deep=4),lin,shape=129-1)@1
599	434	16	524	201	323	107	155	94	168	55.3	0.306	0.269	972	54	gone	ab(d4,tt,ord,nb200k)@1.learned(s6,6078c2b8)@1
600	434	16	524	201	323	111	151	90	172	59.6	0.357	0.305	1116	53	gone	ab(deep=4,tt,ord,nodes=200k)@1.learned(model=37,c07509c1,teacher_games(deep=6),lin,shape=129-1)@1
601	430	16	524	198	326	109	153	89	173	59.1	0.329	0.254	979	54	gone	ab(deep=4,tt,ord,nodes=200k)@1.learned(model=27,ee3dc4e8,teacher_games(deep=6),lin,shape=129-1)@1
602	429	11	1736	372	1364	168	700	204	664	46.0	14.859	14.727	56146	31	on	ab(deep=6,tt,ord,time=150ms)@2.learned(model=94,784bb5fe,pool_games,lin,shape=129-1)@1.dil(prob=20)@1
603	426	16	524	195	329	87	175	108	154	61.5	0.281	0.233	873	54	gone	ab(deep=4,tt,ord,nodes=200k)@1.learned(model=15,4b6e327b,teacher_games(deep=4),lin,shape=129-1)@1
604	425	11	1736	365	1371	175	693	190	678	46.4	15.126	14.934	55769	31	on	ab(deep=6,tt,ord,nodes=200k)@2.learned(model=94,784bb5fe,pool_games,lin,shape=129-1)@1.dil(prob=20)@1
605	423	16	524	193	331	98	164	95	167	52.4	0.357	0.316	1110	51	gone	ab(deep=4,tt,ord,nodes=200k)@1.learned(model=56,000e690f,model_games(gen=?,deep=4),lin,shape=129-1)@1
606	420	11	1736	358	1378	170	698	188	680	42.8	9.075	8.924	33080	32	on	ab(deep=6,tt,ord,nodes=200k)@2.classic(chip=100)@2.dil(prob=28)@1
607	418	11	1736	315	1421	149	719	166	702	46.6	454.625	437.946	97758	22	gone	ab(deep=6,tt,ord,time=150ms)@1.learned(model=113,e3cc8b4e,position_elo,mlp,mu_shape=129-512-8-1,sigma_shape=129-64-1)@1.dil(prob=20)@1
608	416	11	1736	352	1384	174	694	178	690	45.7	14.215	14.100	51757	30	on	ab(deep=6,tt,ord,nodes=200k)@2.learned(model=95,07792e69,pool_games,lin,shape=129-1)@1.dil(prob=20)@1
609	416	11	1736	312	1424	163	705	149	719	46.6	429.244	413.264	91028	22	gone	ab(deep=6,tt,ord,time=150ms)@1.learned(model=111,78ef6974,position_elo,mlp,mu_shape=129-512-8-1,sigma_shape=129-64-1)@1.dil(prob=20)@1
610	414	22	504	119	385	53	199	66	186	33.3	0.001	0.002	24	272	gone	ab(deep=1)@1.classic(chip=100)@1
611	413	16	524	186	338	93	169	93	169	60.7	0.343	0.290	1041	50	gone	ab(deep=4,tt,ord,nodes=200k)@1.learned(model=21,bc235a23,teacher_games(deep=4),lin,shape=129-1)@1
612	411	16	524	185	339	97	165	88	174	55.7	0.366	0.304	1140	50	gone	ab(deep=4,tt,ord,nodes=200k)@1.learned(model=54,703d77f7,teacher_games(deep=2),lin,shape=129-1)@1
613	410	9	2268	448	1820	201	941	247	879	35.0	0.001	0.003	24	198	gone	ab(deep=1)@1.classic(chip=100)@2
614	403	22	504	115	389	55	197	60	192	33.6	0.001	0.000	0	-	gone	greedy@1.classic(chip=100)@1
615	397	16	524	175	349	107	155	68	194	61.4	0.417	0.366	1299	47	gone	ab(deep=4,tt,ord,nodes=200k)@1.learned(model=12,e146a4fd,teacher_games(deep=2),lin,shape=129-1)@1
616	397	16	524	175	349	84	178	91	171	57.1	0.385	0.335	1227	47	gone	ab(deep=4,tt,ord,nodes=200k)@1.learned(model=29,42a2fbaa,teacher_games(deep=6),lin,shape=129-1)@1
617	393	28	318	66	252	36	123	30	129	37.7	5.622	6.720	31845	31	gone	ab(deep=6,tt,ord,nodes=200k)@1.classic(chip=100)@1.dil(prob=35)@1
618	391	11	1736	317	1419	171	697	146	722	52.6	9.421	9.312	37723	30	on	ab(deep=6,tt,ord,time=150ms)@2.learned(model=97,87a5093d,pool_games,lin,shape=129-1)@1.opener(rand,moves=8)@1
619	391	12	1772	281	1491	145	749	136	742	50.9	4.372	4.115	216	33	gone	ab(deep=2)@1.learned(model=79,18f19059,position_elo,mlp,mu_shape=129-256-128-1,sigma_shape=129-64-1)@1
620	391	16	524	171	353	63	199	108	154	53.4	0.322	0.275	982	48	gone	ab(deep=4,tt,ord,nodes=200k)@1.learned(model=19,b002ba49,teacher_games(deep=4),lin,shape=129-1)@1
621	385	16	524	167	357	76	186	91	171	56.1	0.290	0.240	1769	49	gone	ab(d4,tt,ord,nb200k)@1.learned(s5,02a0e14f)@1
622	383	13	1028	223	805	107	407	116	398	53.5	1.285	1.249	214	37	on	ab(deep=2)@2.learned(model=79,18f19059,position_elo,mlp,mu_shape=129-256-128-1,sigma_shape=129-64-1)@1
623	379	10	2336	394	1942	200	968	194	974	40.8	4.727	7.916	24596	29	gone	ab(deep=6,tt,ord,nodes=200k)@1.classic(chip=100)@2.dil(prob=35)@1
624	374	16	524	160	364	66	196	94	168	53.9	0.309	0.252	961	47	gone	ab(d4,tt,ord,nb200k)@1.learned(s20,2fd22539)@1
625	373	12	1736	257	1479	145	723	112	756	46.0	15.595	15.042	53517	27	gone	ab(deep=6,tt,ord,time=150ms)@1.learned(model=97,87a5093d,pool_games,lin,shape=129-1)@1.dil(prob=20)@1
626	371	16	524	158	366	84	178	74	188	60.2	0.375	0.325	1220	44	gone	ab(deep=4,tt,ord,nodes=200k)@1.learned(model=51,58f9dd8c,teacher_games(deep=2),lin,shape=129-1)@1
627	371	16	524	158	366	76	186	82	180	52.8	0.346	0.280	1064	46	gone	ab(deep=4,tt,ord,nodes=200k)@1.learned(model=55,a8f871c9,model_games(gen=?,deep=4),lin,shape=129-1)@1
628	369	12	1736	287	1449	153	715	134	734	51.5	9.565	9.481	37327	28	on	ab(deep=6,tt,ord,nodes=200k)@2.learned(model=97,87a5093d,pool_games,lin,shape=129-1)@1.opener(rand,moves=8)@1
629	367	12	1736	284	1452	141	727	143	725	41.4	8.229	8.104	30182	28	on	ab(deep=6,tt,ord,nodes=200k)@2.classic(chip=100)@2.dil(prob=35)@1
630	359	12	1736	241	1495	135	733	106	762	46.4	15.923	15.389	53711	26	gone	ab(deep=6,tt,ord,nodes=200k)@1.learned(model=97,87a5093d,pool_games,lin,shape=129-1)@1.dil(prob=20)@1
631	359	17	524	150	374	77	185	73	189	56.8	0.257	0.195	760	47	gone	ab(deep=4,tt,ord,nodes=200k)@1.learned(model=40,71aad91c,teacher_games(deep=4),lin,shape=129-1)@1
632	354	7	4496	670	3826	355	1893	315	1933	50.7	0.001	0.001	0	301	on	smart(pieces=4)@1
633	353	29	318	57	261	33	126	24	135	36.7	5.165	5.991	29635	28	gone	ab(deep=6,tt,ord,nodes=200k)@1.classic(chip=100)@1.dil(prob=43)@1
634	348	17	524	143	381	79	183	64	198	56.9	0.276	0.224	1620	45	gone	ab(d4,tt,ord,nb200k)@1.learned(s4,c324e8a7)@1
635	337	17	524	136	388	56	206	80	182	56.8	0.380	0.292	1208	41	gone	ab(deep=4,tt,ord,nodes=200k)@1.learned(model=35,adc3f876,teacher_games(deep=6),lin,shape=129-1)@1
636	336	8	4496	613	3883	302	1946	311	1937	49.0	0.001	0.001	0	262	on	smart(pieces=6)@1
637	333	8	4496	604	3892	302	1946	302	1946	47.0	0.001	0.002	0	251	on	tiered@1
638	329	12	1736	237	1499	130	738	107	761	45.8	13.219	13.088	51926	24	on	ab(deep=6,tt,ord,nodes=200k)@2.learned(model=97,87a5093d,pool_games,lin,shape=129-1)@1.dil(prob=20)@1
639	327	12	1736	235	1501	128	740	107	761	45.9	12.862	12.729	51913	24	on	ab(deep=6,tt,ord,time=150ms)@2.learned(model=97,87a5093d,pool_games,lin,shape=129-1)@1.dil(prob=20)@1
640	312	11	2400	279	2121	145	1055	134	1066	39.4	4.293	6.963	22343	24	gone	ab(deep=6,tt,ord,nodes=200k)@1.classic(chip=100)@2.dil(prob=43)@1
641	294	13	1736	198	1538	108	760	90	778	39.7	7.321	7.172	26895	23	on	ab(deep=6,tt,ord,nodes=200k)@2.classic(chip=100)@2.dil(prob=43)@1
642	281	25	504	73	431	35	217	38	214	35.4	3.089	4.231	70009	23	gone	ab(deep=6,nodes=200k)@1.classic(chip=100)@1.dil(prob=50)@1
643	264	31	318	39	279	21	138	18	141	33.7	4.301	5.078	24222	21	gone	ab(deep=6,tt,ord,nodes=200k)@1.classic(chip=100)@1.dil(prob=52)@1
644	258	12	2336	200	2136	94	1074	106	1062	38.3	2.817	4.412	69152	21	gone	ab(deep=6,nodes=200k)@1.classic(chip=100)@2.dil(prob=50)@1
645	250	14	1736	155	1581	77	791	78	790	37.5	4.292	4.189	71051	21	on	ab(deep=6,nodes=200k)@2.classic(chip=100)@2.dil(prob=50)@1
646	248	12	2336	187	2149	99	1069	88	1080	38.3	0.092	0.129	2205	35	gone	ab(deep=4)@1.classic(chip=100)@2.dil(prob=50)@1
647	229	14	1736	137	1599	86	782	51	817	38.3	0.141	0.147	2121	32	on	ab(deep=4)@2.classic(chip=100)@2.dil(prob=50)@1
648	219	26	504	55	449	31	221	24	228	34.3	0.103	0.130	2209	31	gone	ab(deep=4)@1.classic(chip=100)@1.dil(prob=50)@1
649	210	13	2336	142	2194	80	1088	62	1106	36.7	3.888	6.069	20222	17	gone	ab(deep=6,tt,ord,nodes=200k)@1.classic(chip=100)@2.dil(prob=52)@1
650	202	15	1736	115	1621	59	809	56	812	38.2	6.384	6.272	23381	16	on	ab(deep=6,tt,ord,nodes=200k)@2.classic(chip=100)@2.dil(prob=52)@1
651	162	36	318	22	296	13	146	9	150	31.4	3.071	3.684	17364	14	gone	ab(deep=6,tt,ord,nodes=200k)@1.classic(chip=100)@1.dil(prob=63)@1
652	133	15	2400	69	2331	37	1163	32	1168	33.8	2.900	4.742	15389	11	gone	ab(deep=6,tt,ord,nodes=200k)@1.classic(chip=100)@2.dil(prob=63)@1
653	122	18	1736	62	1674	34	834	28	840	35.4	5.035	4.988	18703	10	on	ab(deep=6,tt,ord,nodes=200k)@2.classic(chip=100)@2.dil(prob=63)@1
654	102	39	318	14	304	8	151	6	153	28.7	2.805	2.590	15640	9	gone	ab(deep=6,tt,ord,nodes=200k)@1.classic(chip=100)@1.dil(prob=75)@1
655	83	16	2336	32	2304	22	1146	10	1158	31.2	2.028	3.335	10889	7	gone	ab(deep=6,tt,ord,nodes=200k)@1.classic(chip=100)@2.dil(prob=75)@1
656	48	21	1736	26	1710	16	852	10	858	32.3	3.488	3.412	13021	4	on	ab(deep=6,tt,ord,nodes=200k)@2.classic(chip=100)@2.dil(prob=75)@1
657	0	14	5904	7	5897	6	2946	1	2951	25.3	0.001	0.002	0	-	anchor	rand@1
