rank	elo	pm	games	wins	losses	white_wins	white_losses	black_wins	black_losses	avg_plies	ms_move	cpu_ms_move	nodes_move	eff	active	id
1	1292	12	3404	3204	200	1614	88	1590	112	52.8	25.291	25.052	91807	88	on	ab(deep=6,tt,ord,nodes=200k)@2.learned(model=169,4975683c,tdleaf_self,lin,shape=129-1)@1
2	1284	12	3404	3194	210	1618	84	1576	126	51.0	26.218	25.900	94136	88	on	ab(deep=6,tt,ord,nodes=200k)@2.learned(model=602,68cbb27d,tdleaf_self,lin,shape=129-1)@1
3	1257	24	504	442	62	240	12	202	50	37.1	0.253	6.554	973	99	gone	ab(deep=6,tt,ord,margin=100,nodes=200k)@1.classic(chip=100)@1
4	1245	24	504	438	66	241	11	197	55	37.6	0.179	5.336	666	101	gone	ab(deep=6,tt,ord,margin=25,nodes=200k)@1.classic(chip=100)@1
5	1244	9	2780	2321	459	1144	246	1177	213	45.4	142.510	138.026	473353	73	gone	ab(deep=8,tt,ord,nodes=2m)@1.classic(chip=100)@2
6	1239	12	1880	1642	238	836	104	806	134	44.1	118.576	115.401	393835	74	gone	ab(deep=8,tt,ord,nodes=2m)@1.classic(chip=100)@2.dil(prob=15,deep=6)@1
7	1233	23	504	434	70	249	3	185	67	41.6	8.196	9.591	83762	93	gone	ab(deep=6,ord,nodes=200k)@1.classic(chip=100)@1
8	1227	11	1880	1626	254	815	125	811	129	44.2	94.993	92.603	315232	74	gone	ab(deep=8,tt,ord,nodes=2m)@1.classic(chip=100)@2.dil(prob=30,deep=6)@1
9	1227	10	3404	3111	293	1572	130	1539	163	50.8	26.623	26.276	95202	84	on	ab(deep=6,tt,ord,nodes=200k)@2.learned(model=349,5ee50d5c,tdleaf_self,lin,shape=129-1)@1
10	1219	23	504	429	75	233	19	196	56	38.5	0.177	4.949	664	99	gone	ab(deep=6,tt,ord,margin=50,nodes=200k)@1.classic(chip=100)@1
11	1210	23	504	426	78	234	18	192	60	38.3	2.763	7.152	14712	95	gone	ab(deep=6,tt,nodes=200k)@1.classic(chip=100)@1
12	1210	23	504	426	78	234	18	192	60	38.3	2.843	4.995	14822	98	gone	ab(deep=6,tt,ord,nodes=200k)@1.classic(chip=100)@1
13	1181	10	3404	3030	374	1562	140	1468	234	51.7	27.485	27.209	99581	80	on	ab(deep=6,tt,ord,nodes=200k)@2.learned(model=603,2da121ee,tdleaf_self,lin,shape=129-1)@1
14	1180	10	3404	3029	375	1564	138	1465	237	41.5	131.374	130.057	485343	69	on	ab(deep=8,tt,ord,nodes=2m)@2.classic(chip=100)@2
15	1177	10	1975	1599	376	808	174	791	202	54.7	24.104	22.553	74641	81	gone	ab(deep=6,tt,ord,nodes=200k)@1.learned(model=169,4975683c,tdleaf_self,lin,shape=129-1)@1
16	1173	8	2596	1974	622	1001	297	973	325	55.3	13.824	13.389	45647	86	gone	ab(deep=6,tt,ord,nodes=200k)@1.learned(model=98,5801570e,pool_games,lin,shape=129-1)@1.opener(book,book=11)@1
17	1167	22	504	410	94	246	6	164	88	37.6	5.282	7.564	124482	91	gone	ab(deep=6,nodes=200k)@1.classic(chip=100)@1
18	1163	9	3404	2996	408	1526	176	1470	232	41.6	10.912	10.702	38894	87	on	ab(deep=6,tt,ord,nodes=200k)@2.classic(chip=100)@2.opener(book,book=2)@1
19	1161	9	3404	2992	412	1523	179	1469	233	40.8	11.380	11.132	41020	86	on	ab(deep=6,tt,ord,nodes=200k)@2.classic(chip=100)@2.opener(book,book=7)@1
20	1159	8	2596	1938	658	1014	284	924	374	55.0	15.371	14.789	50887	84	gone	ab(deep=6,tt,ord,nodes=200k)@1.learned(model=98,5801570e,pool_games,lin,shape=129-1)@1.opener(book,book=10)@1
21	1158	9	3404	2985	419	1506	196	1479	223	41.3	10.901	10.676	39271	87	on	ab(deep=6,tt,ord,nodes=200k)@2.classic(chip=100)@2.opener(book,book=9)@1
22	1157	9	3404	2984	420	1501	201	1483	219	41.3	10.686	10.475	38470	87	on	ab(deep=6,tt,ord,nodes=200k)@2.classic(chip=100)@2.opener(book,book=4)@1
23	1155	9	3404	2980	424	1492	210	1488	214	41.2	11.110	10.912	40093	86	on	ab(deep=6,tt,ord,nodes=200k)@2.classic(chip=100)@2.opener(book,book=8)@1
24	1154	9	3404	2977	427	1519	183	1458	244	40.8	11.401	11.204	41080	86	on	ab(deep=6,tt,ord,nodes=200k)@2.classic(chip=100)@2.opener(book,book=14)@1
25	1153	26	318	256	62	138	21	118	41	36.7	1.619	5.896	7690	92	gone	ab(deep=6,tt,ord,nodes=200k)@1.classic(chip=100)@1.dil(prob=15,deep=3)@1
26	1150	9	1800	1255	545	638	262	617	283	56.6	16.051	15.467	54188	83	gone	ab(d6,tt,ord,nb200k)@1.learned(s6,eac8ab99)@1
27	1149	8	2636	1942	694	906	412	1036	282	46.4	7.676	7.291	23402	90	gone	ab(deep=6,tt,ord,nodes=200k)@1.classic(chip=100)@2.opener(book,book=2)@1
28	1147	9	3404	2963	441	1578	124	1385	317	52.6	28.324	27.926	101670	78	on	ab(deep=6,tt,ord,nodes=200k)@2.learned(model=351,42d88d8e,tdleaf_self,lin,shape=129-1)@1
29	1143	9	3404	2955	449	1531	171	1424	278	40.7	11.338	11.140	40990	85	on	ab(deep=6,tt,ord,nodes=200k)@2.classic(chip=100)@2.opener(book,book=13)@1
30	1143	8	2596	1894	702	945	353	949	349	56.0	12.580	12.216	41761	84	gone	ab(deep=6,tt,ord,nodes=200k)@1.learned(model=98,5801570e,pool_games,lin,shape=129-1)@1.opener(book,book=4)@1
31	1142	26	318	253	65	139	20	114	45	36.8	0.201	5.997	794	91	gone	ab(deep=6,tt,ord,nodes=200k)@1.classic(chip=100)@1.dil(prob=15,deep=4)@1
32	1140	11	1756	1405	351	665	213	740	138	52.1	39.717	38.513	120229	75	gone	ab(deep=6,ord,nodes=200k)@1.adv(chip=77,support=-2,control=1,noiseseed=1,racewin=1)@1.opener(book,book=20)@1
33	1137	8	2596	1877	719	956	342	921	377	56.2	14.168	13.737	46933	83	gone	ab(deep=6,tt,ord,nodes=200k)@1.learned(model=98,5801570e,pool_games,lin,shape=129-1)@1.opener(book,book=2)@1
34	1136	8	2740	1958	782	1021	349	937	433	57.4	20.613	19.947	69044	80	gone	ab(deep=6,tt,ord,nodes=200k)@1.learned(model=76,ef183148,position_elo,lin,mu_shape=129-1,sigma_shape=129-1)@1
35	1135	9	3404	2936	468	1525	177	1411	291	48.2	18.220	17.973	65476	80	on	ab(deep=6,tt,ord,nodes=200k)@2.learned(model=441,01db390c,tdleaf_self,lin,shape=129-1)@1
36	1135	9	3404	2936	468	1484	218	1452	250	50.9	18.240	18.006	66666	80	on	ab(deep=6,tt,ord,nodes=200k)@2.learned(model=98,5801570e,pool_games,lin,shape=129-1)@1.opener(book,book=10)@1
37	1135	9	3404	2936	468	1526	176	1410	292	41.0	12.209	12.097	41846	84	on	ab(deep=6,tt,ord,qs,nodes=200k)@2.classic(turn=1,chip=4)@2
38	1134	10	1966	1515	451	768	210	747	241	53.3	21.253	20.162	65533	79	gone	ab(deep=6,tt,ord,nodes=200k)@1.learned(model=602,68cbb27d,tdleaf_self,lin,shape=129-1)@1
39	1134	9	3404	2934	470	1414	288	1520	182	50.6	40.337	39.854	125585	74	on	ab(deep=6,ord,nodes=200k)@2.adv(chip=77,support=-2,control=1,noiseseed=1,racewin=1)@1.opener(book,book=19)@1
40	1134	9	3404	2934	470	1600	102	1334	368	52.4	28.717	28.416	104251	77	on	ab(deep=6,tt,ord,nodes=200k)@2.learned(model=171,10d3530c,tdleaf_self,lin,shape=129-1)@1
41	1132	9	3404	2931	473	1440	262	1491	211	50.7	39.942	39.509	124446	74	on	ab(deep=6,ord,nodes=200k)@2.adv(chip=77,support=-2,control=1,noiseseed=1,racewin=1)@1.opener(book,book=20)@1
42	1129	9	3404	2924	480	1440	262	1484	218	50.7	38.922	38.483	121447	74	on	ab(deep=6,ord,nodes=200k)@2.adv(chip=77,support=-2,control=1,noiseseed=1,racewin=1)@1.opener(book,book=3)@1
43	1129	9	3404	2924	480	1529	173	1395	307	41.2	11.808	11.656	77257	84	on	ab(deep=6,ord,nodes=200k)@2.classic(chip=100)@2
44	1129	9	3404	2924	480	1530	172	1394	308	52.4	19.177	18.919	68892	79	on	ab(deep=6,tt,ord,nodes=200k)@2.learned(model=96,990e39e7,pool_games,lin,shape=129-1)@1
45	1127	8	2636	1882	754	977	341	905	413	55.1	14.485	14.143	49499	82	gone	ab(deep=6,tt,ord,nodes=200k)@1.learned(model=98,5801570e,pool_games,lin,shape=129-1)@1.opener(book,book=1)@1
46	1127	9	3404	2919	485	1429	273	1490	212	50.8	40.589	40.039	126211	74	on	ab(deep=6,ord,nodes=200k)@2.adv(chip=77,support=-2,control=1,noiseseed=1,racewin=1)@1
47	1126	9	3404	2916	488	1520	182	1396	306	41.6	11.018	10.842	40824	84	on	ab(deep=6,tt,ord,margin=100,nodes=200k)@2.classic(chip=100)@2
48	1125	9	3404	2915	489	1476	226	1439	263	50.6	16.983	16.810	62154	80	on	ab(deep=6,tt,ord,nodes=200k)@2.learned(model=98,5801570e,pool_games,lin,shape=129-1)@1.opener(book,book=4)@1
49	1125	9	3404	2914	490	1467	235	1447	255	51.0	18.465	18.250	67274	79	on	ab(deep=6,tt,ord,nodes=200k)@2.learned(model=98,5801570e,pool_games,lin,shape=129-1)@1.opener(book,book=15)@1
50	1124	9	3404	2913	491	1518	184	1395	307	41.1	11.255	11.133	41841	84	on	ab(deep=6,tt,ord,nodes=200k)@2.classic(chip=100)@2
51	1124	9	3404	2912	492	1489	213	1423	279	51.0	17.353	17.154	63361	80	on	ab(deep=6,tt,ord,nodes=200k)@2.learned(model=98,5801570e,pool_games,lin,shape=129-1)@1.opener(book,book=12)@1
52	1123	14	1052	893	159	465	61	428	98	53.4	20.202	19.417	63471	79	gone	ab(deep=6,tt,ord,time=150ms)@1.learned(model=96,990e39e7,pool_games,lin,shape=129-1)@1
53	1123	9	3404	2909	495	1472	230	1437	265	51.6	18.313	18.106	66720	79	on	ab(deep=6,tt,ord,nodes=200k)@2.learned(model=98,5801570e,pool_games,lin,shape=129-1)@1.opener(book,book=16)@1
54	1122	9	3404	2908	496	1496	206	1412	290	41.3	10.480	10.374	35124	84	on	ab(deep=6,tt,ord,margin=50,nodes=200k)@2.classic(chip=100)@2
55	1122	9	3404	2908	496	1506	196	1402	300	41.3	10.873	10.664	39118	84	on	ab(deep=6,tt,ord,nodes=200k)@2.classic(chip=100)@2.opener(book,book=1)@1
56	1122	9	3404	2908	496	1519	183	1389	313	41.1	11.220	11.104	41819	83	on	ab(deep=6,tt,ord,time=150ms)@2.classic(chip=100)@2
57	1121	9	3404	2905	499	1521	181	1384	318	41.1	11.423	11.302	44136	83	on	ab(deep=6,tt,nodes=200k)@2.classic(chip=100)@2
58	1120	10	1967	1489	478	769	209	720	269	52.7	21.853	20.715	67868	78	gone	ab(deep=6,tt,ord,nodes=200k)@1.learned(model=349,5ee50d5c,tdleaf_self,lin,shape=129-1)@1
59	1120	8	2596	1829	767	883	415	946	352	55.3	13.646	13.185	45938	82	gone	ab(deep=6,tt,ord,nodes=200k)@1.learned(model=98,5801570e,pool_games,lin,shape=129-1)@1.opener(book,book=12)@1
60	1119	9	3404	2901	503	1467	235	1434	268	51.5	17.822	17.662	65156	79	on	ab(deep=6,tt,ord,nodes=200k)@2.learned(model=98,5801570e,pool_games,lin,shape=129-1)@1.opener(book,book=2)@1
61	1119	9	3404	2901	503	1440	262	1461	241	50.9	18.007	17.808	68702	79	on	ab(deep=6,tt,ord,time=150ms)@2.learned(model=98,5801570e,pool_games,lin,shape=129-1)@1
62	1118	10	1967	1485	482	743	235	742	247	54.7	28.020	24.910	83423	77	gone	ab(deep=6,tt,ord,nodes=200k)@1.learned(model=171,10d3530c,tdleaf_self,lin,shape=129-1)@1
63	1118	8	2596	1823	773	919	379	904	394	55.6	15.263	14.807	50043	81	gone	ab(deep=6,tt,ord,nodes=200k)@1.learned(model=3,68364898,pool_games,lin,shape=129-1)@1.opener(book,book=2)@1
64	1117	9	3404	2896	508	1542	160	1354	348	52.3	18.642	18.456	69546	79	on	ab(deep=6,tt,ord,time=150ms)@2.learned(model=96,990e39e7,pool_games,lin,shape=129-1)@1
65	1116	8	2596	1820	776	805	493	1015	283	53.2	39.211	37.627	113037	73	gone	ab(deep=6,ord,nodes=200k)@1.adv(chip=77,support=-2,control=1,noiseseed=1,racewin=1)@1.opener(book,book=2)@1
66	1116	9	3404	2894	510	1463	239	1431	271	51.1	17.871	17.670	65223	79	on	ab(deep=6,tt,ord,nodes=200k)@2.learned(model=98,5801570e,pool_games,lin,shape=129-1)@1.opener(book,book=1)@1
67	1115	9	3404	2891	513	1492	210	1399	303	44.4	20.734	20.507	96908	78	on	ab(deep=6,ord,nodes=200k)@2.adv(chip=75,hole=3,race=2,noiseseed=1,racewin=1)@1
68	1115	9	3404	2891	513	1510	192	1381	321	41.5	10.514	10.413	35247	84	on	ab(deep=6,tt,ord,margin=25,nodes=200k)@2.classic(chip=100)@2
69	1115	9	3404	2891	513	1448	254	1443	259	51.1	18.721	18.544	68536	79	on	ab(deep=6,tt,ord,nodes=200k)@2.learned(model=98,5801570e,pool_games,lin,shape=129-1)@1
70	1113	8	2596	1811	785	844	454	967	331	45.8	7.569	7.168	22248	87	gone	ab(deep=6,tt,ord,nodes=200k)@1.classic(chip=100)@2.opener(book,book=9)@1
71	1113	25	318	245	73	129	30	116	43	37.2	2.509	4.726	12591	91	gone	ab(deep=6,tt,ord,nodes=200k)@1.classic(chip=100)@1.dil(prob=30,deep=3)@1
72	1113	25	318	245	73	135	24	110	49	37.0	0.143	4.373	545	92	gone	ab(deep=6,tt,ord,nodes=200k)@1.classic(chip=100)@1.dil(prob=30,deep=4)@1
73	1113	10	1764	1366	398	710	172	656	226	55.0	16.208	15.829	54978	80	gone	ab(deep=6,tt,ord,nodes=200k)@1.learned(model=98,5801570e,pool_games,lin,shape=129-1)@1.opener(book,book=16)@1
74	1113	9	3404	2886	518	1467	235	1419	283	50.9	17.808	17.622	65026	79	on	ab(deep=6,tt,ord,nodes=200k)@2.learned(model=98,5801570e,pool_games,lin,shape=129-1)@1.opener(book,book=11)@1
75	1112	8	2636	1838	798	886	432	952	366	52.3	16.663	16.277	56314	79	gone	ab(deep=6,tt,ord,qs,nodes=200k)@1.learned(model=98,5801570e,pool_games,lin,shape=129-1)@1
76	1110	8	2596	1801	795	846	452	955	343	46.2	8.628	8.183	25817	85	gone	ab(deep=6,tt,ord,nodes=200k)@1.classic(chip=100)@2.opener(book,book=4)@1
77	1109	27	242	185	57	99	22	86	35	54.0	14.914	14.823	67951	80	gone	ab(deep=6,tt,ord,nodes=200k)@1.learned(model=169,4975683c,tdleaf_self,lin,shape=129-1)@1.opener(cbook,cbook=5,ply=16)@1
78	1108	8	2596	1796	800	822	476	974	324	46.4	9.156	8.749	27272	85	gone	ab(deep=6,tt,ord,nodes=200k)@1.classic(chip=100)@2.opener(book,book=7)@1
79	1107	8	2780	1947	833	811	579	1136	254	52.7	39.989	38.012	117698	73	gone	ab(deep=6,ord,nodes=200k)@1.adv(chip=77,support=-2,control=1,noiseseed=1,racewin=1)@1
80	1106	7	2876	1988	888	1030	408	958	480	55.1	15.519	14.953	51561	80	gone	ab(deep=6,tt,ord,nodes=200k)@1.learned(model=98,5801570e,pool_games,lin,shape=129-1)@1
81	1105	14	960	720	240	380	100	340	140	52.9	14.643	14.284	50756	80	gone	ab(d6,tt,ord,nb200k)@1.learned(s7,c7f7ce61)@1
82	1105	8	2740	1865	875	897	473	968	402	56.3	17.653	17.050	58694	79	gone	ab(deep=6,tt,ord,nodes=200k)@1.learned(model=3,68364898,pool_games,lin,shape=129-1)@1
83	1104	10	1764	1351	413	644	238	707	175	44.6	9.150	8.804	27374	84	gone	ab(deep=6,tt,ord,nodes=200k)@1.classic(chip=100)@2.opener(book,book=14)@1
84	1104	10	1756	1346	410	650	228	696	182	52.1	40.100	38.901	121335	72	gone	ab(deep=6,ord,nodes=200k)@1.adv(chip=77,support=-2,control=1,noiseseed=1,racewin=1)@1.opener(book,book=19)@1
85	1103	7	2876	1978	898	1007	431	971	467	54.8	15.912	15.417	51952	79	gone	ab(deep=6,tt,ord,nodes=200k)@1.learned(model=96,990e39e7,pool_games,lin,shape=129-1)@1
86	1100	10	1904	1430	474	735	217	695	257	57.4	17.927	17.586	59182	78	gone	ab(deep=6,tt,ord,nodes=200k)@1.learned(model=96,990e39e7,pool_games,lin,shape=129-1)@1.opener(rand,moves=4)@1
87	1098	10	1764	1341	423	676	206	665	217	54.5	18.358	18.030	62574	78	gone	ab(deep=6,tt,ord,nodes=200k)@1.learned(model=98,5801570e,pool_games,lin,shape=129-1)@1.opener(book,book=15)@1
88	1097	8	2596	1765	831	824	474	941	357	46.0	8.272	7.871	24438	85	gone	ab(deep=6,tt,ord,nodes=200k)@1.classic(chip=100)@2.opener(book,book=8)@1
89	1096	8	3404	2847	557	1417	285	1430	272	50.0	20.535	20.291	72618	77	on	ab(deep=6,tt,ord,qs,nodes=200k)@2.learned(model=98,5801570e,pool_games,lin,shape=129-1)@1
90	1096	25	318	240	78	131	28	109	50	37.3	0.325	3.527	1391	93	gone	ab(deep=6,tt,ord,nodes=200k)@1.classic(chip=100)@1.dil(prob=45,deep=4)@1
91	1094	10	1751	1334	417	667	203	667	214	51.6	23.125	21.819	71937	76	gone	ab(deep=6,tt,ord,nodes=200k)@1.learned(model=351,42d88d8e,tdleaf_self,lin,shape=129-1)@1
92	1093	5	6944	5117	1827	2621	851	2496	976	57.1	17.676	17.455	63545	78	on	ab(deep=6,tt,ord,nodes=200k)@2.learned(model=96,990e39e7,pool_games,lin,shape=129-1)@1.opener(rand,moves=4)@1
93	1092	10	1750	1330	420	656	214	674	206	52.3	21.568	20.486	69758	76	gone	ab(deep=6,tt,ord,nodes=200k)@1.learned(model=603,2da121ee,tdleaf_self,lin,shape=129-1)@1
94	1091	8	3404	2835	569	1344	358	1491	211	50.0	38.641	38.262	120544	72	on	ab(deep=6,ord,nodes=200k)@2.adv(chip=77,support=-2,control=1,noiseseed=1,racewin=1)@1.opener(book,book=2)@1
95	1090	8	3404	2832	572	1388	314	1444	258	51.3	22.511	22.291	79835	75	on	ab(deep=6,tt,ord,time=150ms)@2.learned(model=10,fead67b7,weight_merge,lin,shape=129-1)@1
96	1090	8	3404	2831	573	1364	338	1467	235	51.7	22.873	22.503	79173	75	on	ab(deep=6,tt,ord,nodes=200k)@2.learned(model=10,fead67b7,weight_merge,lin,shape=129-1)@1
97	1090	5	6944	5094	1850	2649	823	2445	1027	47.6	110.284	109.065	406653	65	on	ab(deep=8,tt,ord,nodes=2m)@2.classic(chip=100)@2.dil(prob=15,deep=6)@1
98	1089	8	2596	1741	855	834	464	907	391	54.9	17.619	17.029	57490	77	gone	ab(deep=6,tt,ord,nodes=200k)@1.learned(model=3,68364898,pool_games,lin,shape=129-1)@1.opener(book,book=6)@1
99	1088	5	6944	5081	1863	2658	814	2423	1049	47.2	92.123	91.103	340496	66	on	ab(deep=8,tt,ord,nodes=2m)@2.classic(chip=100)@2.dil(prob=30,deep=6)@1
100	1087	10	1764	1321	443	638	244	683	199	45.1	10.563	10.138	32481	82	gone	ab(deep=6,tt,ord,nodes=200k)@1.classic(chip=100)@2.opener(book,book=13)@1
101	1085	9	1904	1401	503	721	231	680	272	58.1	21.239	20.820	70014	76	gone	ab(deep=6,tt,ord,nodes=200k)@1.learned(model=76,ef183148,position_elo,lin,mu_shape=129-1,sigma_shape=129-1)@1.opener(rand,moves=4)@1
102	1082	10	1780	1330	450	707	183	623	267	57.1	402.715	387.839	85663	58	gone	ab(deep=6,tt,ord,nodes=200k)@1.learned(model=111,78ef6974,position_elo,mlp,mu_shape=129-512-8-1,sigma_shape=129-64-1)@1
103	1079	14	1052	855	197	429	97	426	100	52.9	24.394	23.488	77153	74	gone	ab(deep=6,tt,ord,time=150ms)@1.learned(model=76,ef183148,position_elo,lin,mu_shape=129-1,sigma_shape=129-1)@1
104	1079	25	318	235	83	128	31	107	52	38.3	4.276	7.275	22227	84	gone	ab(deep=6,tt,ord,nodes=200k)@1.classic(chip=100)@1.dil(prob=4)@1
105	1078	14	1052	854	198	440	86	414	112	42.2	11.788	11.336	36112	80	gone	ab(deep=6,tt,ord,time=150ms)@1.classic(chip=100)@2
106	1076	5	6944	5006	1938	2488	984	2518	954	57.9	20.215	19.961	74059	75	on	ab(deep=6,tt,ord,nodes=200k)@2.learned(model=76,ef183148,position_elo,lin,mu_shape=129-1,sigma_shape=129-1)@1.opener(rand,moves=4)@1
107	1076	25	318	234	84	128	31	106	53	36.8	1.587	3.408	7551	92	gone	ab(deep=6,tt,ord,nodes=200k)@1.classic(chip=100)@1.dil(prob=45,deep=3)@1
108	1075	14	1052	851	201	427	99	424	102	52.3	21.519	20.715	68614	75	gone	ab(deep=6,tt,ord,time=150ms)@1.learned(model=3,68364898,pool_games,lin,shape=129-1)@1
109	1075	7	3092	2155	937	1084	462	1071	475	43.1	4.321	7.250	21162	84	gone	ab(deep=6,tt,ord,margin=50,nodes=200k)@1.classic(chip=100)@2
110	1071	8	3404	2784	620	1394	308	1390	312	56.0	176.048	174.206	89750	62	on	ab(deep=6,tt,ord,nodes=200k)@2.learned(model=78,2fa21eda,position_elo,mlp,mu_shape=129-128-64-1,sigma_shape=129-32-1)@1
111	1071	27	196	155	41	78	20	77	21	52.2	33.309	27.926	56029	72	gone	ab(d6,tt,ord,nb200k)@1.learned(s13,068b8a37)@1
112	1071	27	196	155	41	80	18	75	23	53.0	29.213	24.882	54028	73	gone	ab(d6,tt,ord,nb200k)@1.learned(s6,99ac0d85)@1
113	1070	17	472	305	167	152	84	153	83	62.4	19.717	19.044	65167	75	gone	ab(d6,tt,ord,nb200k)@1.learned(s6,eac8ab99,value,lin,129-1,con100)@1
114	1070	11	1392	965	427	499	197	466	230	59.7	17.873	17.518	60268	76	gone	ab(d6,tt,ord,nb200k)@1.learned(s6,eac8ab99,value,lin,129-1,con100)@1.opener(rand,4)@1
115	1069	7	3092	2137	955	1078	468	1059	487	43.9	4.967	9.468	25894	81	gone	ab(deep=6,tt,nodes=200k)@1.classic(chip=100)@2
116	1069	8	2636	1710	926	853	465	857	461	45.6	10.126	9.883	31306	81	gone	ab(deep=6,tt,ord,qs,nodes=200k)@1.classic(turn=1,chip=4)@2
117	1068	7	3196	2176	1020	1098	500	1078	520	43.9	4.036	7.140	20004	83	gone	ab(deep=6,tt,ord,nodes=200k)@1.classic(chip=100)@2
118	1068	8	3404	2775	629	1357	345	1418	284	52.5	19.574	19.366	73071	75	on	ab(deep=6,tt,ord,time=150ms)@2.learned(model=3,68364898,pool_games,lin,shape=129-1)@1
119	1067	5	6944	4944	2000	2528	944	2416	1056	57.6	17.150	16.966	62543	76	on	ab(deep=6,tt,ord,nodes=200k)@2.learned(model=98,5801570e,pool_games,lin,shape=129-1)@1.opener(rand,moves=4)@1
120	1066	5	6944	4937	2007	2432	1040	2505	967	55.5	20.125	19.757	70011	75	on	ab(deep=6,tt,ord,nodes=200k)@2.learned(model=10,fead67b7,weight_merge,lin,shape=129-1)@1.opener(rand,moves=4)@1
121	1066	24	318	231	87	124	35	107	52	36.3	0.303	2.652	1329	94	gone	ab(deep=6,tt,ord,nodes=200k)@1.classic(chip=100)@1.dil(prob=60,deep=4)@1
122	1065	10	1756	1278	478	622	256	656	222	55.5	17.953	17.596	59539	76	gone	ab(deep=6,tt,ord,nodes=200k)@1.learned(model=3,68364898,pool_games,lin,shape=129-1)@1.opener(book,book=18)@1
123	1063	14	1052	840	212	400	126	440	86	52.0	24.718	23.730	75186	73	gone	ab(deep=6,tt,ord,time=150ms)@1.learned(model=10,fead67b7,weight_merge,lin,shape=129-1)@1
124	1062	9	1904	1357	547	704	248	653	299	49.7	11.212	10.824	33591	79	gone	ab(deep=6,tt,ord,nodes=200k)@1.classic(chip=100)@2.opener(rand,moves=4)@1
125	1062	5	6944	4911	2033	2535	937	2376	1096	50.1	10.777	10.571	38422	79	on	ab(deep=6,tt,ord,nodes=200k)@2.classic(chip=100)@2.opener(rand,moves=4)@1
126	1060	8	3404	2755	649	1325	377	1430	272	52.6	19.740	19.516	72153	74	on	ab(deep=6,tt,ord,nodes=200k)@2.learned(model=3,68364898,pool_games,lin,shape=129-1)@1
127	1060	26	242	173	69	90	31	83	38	42.8	6.870	6.898	29267	83	gone	ab(deep=6,tt,ord,nodes=200k)@1.classic(chip=100)@2.opener(cbook,cbook=3,ply=16)@1
128	1058	7	3092	2099	993	1047	499	1052	494	43.4	3.964	7.809	19361	82	gone	ab(deep=6,tt,ord,margin=25,nodes=200k)@1.classic(chip=100)@2
129	1056	10	1756	1262	494	605	273	657	221	55.8	19.647	19.274	65412	74	gone	ab(deep=6,tt,ord,nodes=200k)@1.learned(model=3,68364898,pool_games,lin,shape=129-1)@1.opener(book,book=17)@1
130	1055	17	472	296	176	146	90	150	86	59.4	20.755	20.052	67307	74	gone	ab(d6,tt,ord,nb200k)@1.learned(s7,c7f7ce61,value,lin,129-1,con100)@1
131	1055	26	196	151	45	76	22	75	23	51.2	24.693	22.319	50657	73	gone	ab(d6,tt,ord,nb200k)@1.learned(s7,388ce3fa)@1
132	1054	13	1052	831	221	406	120	425	101	52.2	19.705	19.028	64281	74	gone	ab(deep=6,tt,ord,time=150ms)@1.learned(model=98,5801570e,pool_games,lin,shape=129-1)@1
133	1053	10	1840	1307	533	651	269	656	264	57.7	17.732	17.394	59846	75	gone	ab(deep=6,tt,ord,nodes=200k)@1.learned(model=98,5801570e,pool_games,lin,shape=129-1)@1.opener(rand,moves=4)@1
134	1052	20	504	361	143	182	70	179	73	35.1	1.599	2.017	37827	96	gone	ab(deep=5)@1.classic(chip=100)@1
135	1052	10	1726	1237	489	640	218	597	271	50.8	15.784	14.856	47745	76	gone	ab(deep=6,tt,ord,nodes=200k)@1.learned(model=441,01db390c,tdleaf_self,lin,shape=129-1)@1
136	1051	7	3092	2076	1016	1018	528	1058	488	43.2	4.069	8.347	19962	81	gone	ab(deep=6,tt,ord,margin=100,nodes=200k)@1.classic(chip=100)@2
137	1051	26	196	150	46	79	19	71	27	50.6	26.273	23.408	52244	72	gone	ab(d6,tt,ord,nb200k)@1.learned(s4,95b45b1f)@1
138	1050	13	1052	827	225	433	93	394	132	53.7	21.790	20.962	71245	73	gone	ab(deep=6,tt,ord,time=150ms)@1.learned(model=8,6f1a4264,pool_games,lin,shape=129-1)@1
139	1050	8	2636	1652	984	795	523	857	461	45.0	7.975	7.686	24794	81	gone	ab(deep=6,tt,ord,nodes=200k)@1.classic(chip=100)@2.opener(book,book=1)@1
140	1049	5	6944	4826	2118	2540	932	2286	1186	59.0	345.649	341.637	82366	57	on	ab(deep=6,tt,ord,nodes=200k)@2.learned(model=111,78ef6974,position_elo,mlp,mu_shape=129-512-8-1,sigma_shape=129-64-1)@1.opener(rand,moves=4)@1
141	1049	24	318	226	92	118	41	108	51	37.0	0.724	2.461	3504	93	gone	ab(deep=6,tt,ord,nodes=200k)@1.classic(chip=100)@1.dil(prob=60,deep=3)@1
142	1048	9	1840	1298	542	633	287	665	255	56.6	21.196	20.492	66678	73	gone	ab(deep=6,tt,ord,nodes=200k)@1.learned(model=10,fead67b7,weight_merge,lin,shape=129-1)@1.opener(rand,moves=4)@1
143	1048	10	1796	1271	525	674	224	597	301	55.8	18.112	17.676	62201	74	gone	ab(deep=6,tt,ord,nodes=200k)@1.learned(model=8,6f1a4264,pool_games,lin,shape=129-1)@1
144	1046	8	3404	2717	687	1364	338	1353	349	54.1	50.357	49.748	96542	67	on	ab(deep=6,tt,ord,nodes=200k)@2.learned(model=405,111c40c8,tdleaf_self,mlp,shape=129-32-1)@1
145	1045	7	3092	2057	1035	1082	464	975	571	48.1	7.007	11.030	71315	78	gone	ab(deep=6,ord,nodes=200k)@1.classic(chip=100)@2
146	1044	26	242	169	73	84	37	85	36	43.8	6.796	6.767	29107	82	gone	ab(deep=6,tt,ord,nodes=200k)@1.classic(chip=100)@2.opener(cbook,cbook=2,ply=16)@1
147	1043	8	3404	2707	697	1470	232	1237	465	55.2	404.848	397.529	94613	56	on	ab(deep=6,tt,ord,nodes=200k)@2.learned(model=111,78ef6974,position_elo,mlp,mu_shape=129-512-8-1,sigma_shape=129-64-1)@1
148	1043	11	1392	923	469	480	216	443	253	57.6	18.778	18.406	62186	74	gone	ab(d6,tt,ord,nb200k)@1.learned(s7,c7f7ce61,value,lin,129-1,con100)@1.opener(rand,4)@1
149	1042	8	3404	2706	698	1359	343	1347	355	53.7	21.659	21.402	81618	72	on	ab(deep=6,tt,ord,time=150ms)@2.learned(model=76,ef183148,position_elo,lin,mu_shape=129-1,sigma_shape=129-1)@1
150	1042	8	3404	2706	698	1424	278	1282	420	53.9	19.298	19.088	73693	73	on	ab(deep=6,tt,ord,time=150ms)@2.learned(model=8,6f1a4264,pool_games,lin,shape=129-1)@1
151	1042	11	1264	848	416	422	210	426	206	54.8	17.322	17.080	56654	74	gone	ab(d6,tt,ord,nb200k)@1.learned(s9,e5b3b014,value,lin,129-1,con100)@1.opener(rand,4)@1
152	1042	8	3404	2704	700	1292	410	1412	290	52.7	18.305	18.069	66343	74	on	ab(deep=6,tt,ord,nodes=200k)@2.learned(model=3,68364898,pool_games,lin,shape=129-1)@1.opener(book,book=2)@1
153	1040	26	242	168	74	91	30	77	44	43.2	6.984	6.904	29602	82	gone	ab(deep=6,tt,ord,nodes=200k)@1.classic(chip=100)@2.opener(cbook,cbook=4,ply=16)@1
154	1039	26	196	147	49	80	18	67	31	51.4	33.843	27.920	55627	70	gone	ab(d6,tt,ord,nb200k)@1.learned(s14,e7a789fe)@1
155	1037	10	1796	1250	546	595	303	655	243	55.7	18.244	17.767	62671	73	gone	ab(deep=6,tt,ord,nodes=200k)@1.learned(model=4,eb105733,pool_games,lin,shape=129-1)@1
156	1036	10	1756	1222	534	645	233	577	301	59.0	467.633	452.335	83902	55	gone	ab(deep=6,tt,ord,nodes=200k)@1.learned(model=77,ddaa5090,position_elo,mlp,mu_shape=129-128-64-1,sigma_shape=129-32-1)@1
157	1036	8	2596	1582	1014	656	642	926	372	50.2	38.438	36.530	109647	68	gone	ab(deep=6,ord,nodes=200k)@1.adv(chip=77,support=-2,control=1,noiseseed=1,racewin=1)@1.opener(book,book=3)@1
158	1035	26	196	146	50	76	22	70	28	51.2	33.103	27.650	56540	70	gone	ab(d6,tt,ord,nb200k)@1.learned(s12,fc66af48)@1
159	1035	26	196	146	50	76	22	70	28	51.7	29.486	26.213	54063	71	gone	ab(d6,tt,ord,nb200k)@1.learned(s3,8603e15c)@1
160	1035	9	1840	1271	569	661	259	610	310	59.9	361.366	344.571	79838	56	gone	ab(deep=6,tt,ord,nodes=200k)@1.learned(model=111,78ef6974,position_elo,mlp,mu_shape=129-512-8-1,sigma_shape=129-64-1)@1.opener(rand,moves=4)@1
161	1033	10	1756	1216	540	631	247	585	293	58.5	446.199	432.326	81374	55	gone	ab(deep=6,tt,ord,nodes=200k)@1.learned(model=78,2fa21eda,position_elo,mlp,mu_shape=129-128-64-1,sigma_shape=129-32-1)@1
162	1032	8	3404	2677	727	1353	349	1324	378	53.9	22.066	21.872	80396	72	on	ab(deep=6,tt,ord,nodes=200k)@2.learned(model=76,ef183148,position_elo,lin,mu_shape=129-1,sigma_shape=129-1)@1
163	1032	13	1052	809	243	381	145	428	98	52.6	21.279	20.506	68848	72	gone	ab(deep=6,tt,ord,time=150ms)@1.learned(model=4,eb105733,pool_games,lin,shape=129-1)@1
164	1031	26	196	145	51	74	24	71	27	53.2	35.569	29.739	59504	69	gone	ab(d6,tt,ord,nb200k)@1.learned(s10,6153d426)@1
165	1030	10	1756	1211	545	626	252	585	293	58.6	391.703	379.478	85547	56	gone	ab(deep=6,tt,ord,nodes=200k)@1.learned(model=113,e3cc8b4e,position_elo,mlp,mu_shape=129-512-8-1,sigma_shape=129-64-1)@1
166	1030	5	6944	4693	2251	2492	980	2201	1271	58.5	18.059	17.865	66535	73	on	ab(deep=6,tt,ord,nodes=200k)@2.learned(model=8,6f1a4264,pool_games,lin,shape=129-1)@1.opener(rand,moves=4)@1
167	1030	7	2780	1700	1080	990	400	710	680	49.0	21.161	20.049	95264	72	gone	ab(deep=6,ord,nodes=200k)@1.adv(chip=75,hole=3,race=2,noiseseed=1,racewin=1)@1
168	1028	5	6944	4677	2267	2450	1022	2227	1245	45.7	9.486	9.344	35453	78	on	ab(deep=6,tt,ord,nodes=200k)@2.classic(chip=100)@2.dil(prob=15,deep=4)@1
169	1028	8	3404	2664	740	1402	300	1262	440	53.8	19.746	19.541	72693	72	on	ab(deep=6,tt,ord,nodes=200k)@2.learned(model=8,6f1a4264,pool_games,lin,shape=129-1)@1
170	1027	9	1904	1285	619	639	313	646	306	58.7	18.133	17.756	60647	73	gone	ab(deep=6,tt,ord,nodes=200k)@1.learned(model=3,68364898,pool_games,lin,shape=129-1)@1.opener(rand,moves=4)@1
171	1026	8	2636	1580	1056	708	610	872	446	53.8	19.067	18.465	62169	72	gone	ab(deep=6,tt,ord,nodes=200k)@1.learned(model=10,fead67b7,weight_merge,lin,shape=129-1)@1
172	1026	9	1840	1254	586	677	243	577	343	58.6	18.872	18.515	63777	72	gone	ab(deep=6,tt,ord,nodes=200k)@1.learned(model=8,6f1a4264,pool_games,lin,shape=129-1)@1.opener(rand,moves=4)@1
173	1025	10	1734	1190	544	609	253	581	291	53.5	41.787	39.457	69744	67	gone	ab(deep=6,tt,ord,nodes=200k)@1.learned(model=405,111c40c8,tdleaf_self,mlp,shape=129-32-1)@1
174	1023	24	318	218	100	114	45	104	55	38.5	4.793	7.326	25399	80	gone	ab(deep=6,tt,ord,nodes=200k)@1.classic(chip=100)@1.dil(prob=7)@1
175	1022	8	3404	2647	757	1230	472	1417	285	52.0	19.403	19.219	70399	72	on	ab(deep=6,tt,ord,nodes=200k)@2.learned(model=3,68364898,pool_games,lin,shape=129-1)@1.opener(book,book=17)@1
176	1020	26	196	142	54	75	23	67	31	50.3	145.958	129.627	51096	60	gone	ab(d6,tt,ord,nb200k)@1.learned(s22,93efd444)@1
177	1019	5	6944	4617	2327	2314	1158	2303	1169	58.2	17.596	17.359	64044	72	on	ab(deep=6,tt,ord,nodes=200k)@2.learned(model=3,68364898,pool_games,lin,shape=129-1)@1.opener(rand,moves=4)@1
178	1019	9	1840	1239	601	622	298	617	303	58.0	18.569	18.211	62261	72	gone	ab(deep=6,tt,ord,nodes=200k)@1.learned(model=4,eb105733,pool_games,lin,shape=129-1)@1.opener(rand,moves=4)@1
179	1018	8	3404	2637	767	1205	497	1432	270	52.0	19.348	19.113	69959	72	on	ab(deep=6,tt,ord,nodes=200k)@2.learned(model=3,68364898,pool_games,lin,shape=129-1)@1.opener(book,book=18)@1
180	1018	8	3404	2635	769	1218	484	1417	285	52.2	19.412	19.123	70147	72	on	ab(deep=6,tt,ord,nodes=200k)@2.learned(model=3,68364898,pool_games,lin,shape=129-1)@1.opener(book,book=6)@1
181	1016	26	196	141	55	66	32	75	23	51.8	34.471	29.412	57811	68	gone	ab(d6,tt,ord,nb200k)@1.learned(s11,e2d2f5da)@1
182	1016	26	196	141	55	76	22	65	33	50.8	26.628	23.257	50859	70	gone	ab(d6,tt,ord,nb200k)@1.learned(s8,41ebc0ab)@1
183	1011	5	6944	4559	2385	2286	1186	2273	1199	58.1	17.790	17.553	65350	72	on	ab(deep=6,tt,ord,nodes=200k)@2.learned(model=4,eb105733,pool_games,lin,shape=129-1)@1.opener(rand,moves=4)@1
184	1008	10	1727	1157	570	572	286	585	284	53.8	57.908	54.804	76515	64	gone	ab(deep=6,tt,ord,nodes=200k)@1.learned(model=387,607b64aa,tdleaf_self,lin,shape=30-1)@1
185	1008	8	3404	2607	797	1386	316	1221	481	39.2	8.015	7.852	133222	78	on	ab(deep=6,nodes=200k)@2.classic(chip=100)@2
186	1005	25	196	138	58	70	28	68	30	50.0	28.638	24.820	54620	69	gone	ab(d6,tt,ord,nb200k)@1.learned(s5,70081fb7)@1
187	1005	8	3404	2596	808	1347	355	1249	453	56.3	388.613	384.527	97159	54	on	ab(deep=6,tt,ord,nodes=200k)@2.learned(model=114,316257e9,position_elo,mlp,mu_shape=129-512-8-1,sigma_shape=129-64-1)@1
188	1003	9	1756	1158	598	609	269	549	329	59.2	386.851	376.718	87270	54	gone	ab(deep=6,tt,ord,nodes=200k)@1.learned(model=115,21d7e638,position_elo,mlp,mu_shape=129-512-8-1,sigma_shape=129-64-1)@1
189	1002	9	1800	938	862	493	407	445	455	53.4	12.644	12.352	44267	74	gone	ab(d6,tt,ord,nb200k)@1.learned(s9,e5b3b014)@1
190	1001	25	196	137	59	73	25	64	34	52.9	165.216	147.175	56856	58	gone	ab(d6,tt,ord,nb200k)@1.learned(s25,64a11ec7)@1
191	1001	9	1756	1155	601	599	279	556	322	58.9	385.682	373.785	85788	54	gone	ab(deep=6,tt,ord,nodes=200k)@1.learned(model=114,316257e9,position_elo,mlp,mu_shape=129-512-8-1,sigma_shape=129-64-1)@1
192	1001	19	344	195	149	99	73	96	76	58.0	19.297	19.021	63435	70	gone	ab(d6,tt,ord,nb200k)@1.learned(s9,e5b3b014,value,lin,129-1,con100)@1
193	999	8	3404	2578	826	1403	299	1175	527	56.5	178.555	176.651	91860	57	on	ab(deep=6,tt,ord,nodes=200k)@2.learned(model=77,ddaa5090,position_elo,mlp,mu_shape=129-128-64-1,sigma_shape=129-32-1)@1
194	994	5	6944	4437	2507	2280	1192	2157	1315	45.0	8.068	7.959	29783	77	on	ab(deep=6,tt,ord,nodes=200k)@2.classic(chip=100)@2.dil(prob=30,deep=4)@1
195	991	9	1764	1138	626	550	332	588	294	60.3	1256.967	1220.567	88978	49	gone	ab(deep=6,tt,ord,nodes=200k)@1.learned(model=79,18f19059,position_elo,mlp,mu_shape=129-256-128-1,sigma_shape=129-64-1)@1
196	990	25	196	134	62	72	26	62	36	54.2	168.845	147.819	59492	58	gone	ab(d6,tt,ord,nb200k)@1.learned(s19,37dc9a9a)@1
197	986	39	96	28	68	13	35	15	33	64.1	22.862	20.375	70998	69	gone	ab(d6,tt,ord,nb200k)@1.learned(s6,eac8ab99,pool_games,lin,129-1,con100)@1
198	986	7	3404	2538	866	1232	470	1306	396	53.9	74.291	73.329	110810	61	on	ab(deep=6,tt,ord,nodes=200k)@2.learned(model=387,607b64aa,tdleaf_self,lin,shape=30-1)@1
199	986	7	3404	2538	866	1157	545	1381	321	52.9	19.102	18.878	72365	69	on	ab(deep=6,tt,ord,time=150ms)@2.learned(model=4,eb105733,pool_games,lin,shape=129-1)@1
200	983	7	3404	2528	876	1362	340	1166	536	56.7	397.594	393.305	97360	53	on	ab(deep=6,tt,ord,nodes=200k)@2.learned(model=113,e3cc8b4e,position_elo,mlp,mu_shape=129-512-8-1,sigma_shape=129-64-1)@1
201	982	24	318	205	113	106	53	99	60	38.3	5.377	8.188	28996	76	gone	ab(deep=6,tt,ord,nodes=200k)@1.classic(chip=100)@1.dil(prob=10)@1
202	980	5	6944	4336	2608	2272	1200	2064	1408	59.3	359.280	355.127	86687	53	on	ab(deep=6,tt,ord,nodes=200k)@2.learned(model=113,e3cc8b4e,position_elo,mlp,mu_shape=129-512-8-1,sigma_shape=129-64-1)@1.opener(rand,moves=4)@1
203	979	9	1756	1111	645	593	285	518	360	58.6	410.434	395.673	90660	53	gone	ab(deep=6,tt,ord,nodes=200k)@1.learned(model=110,1466db6c,position_elo,mlp,mu_shape=129-512-8-1,sigma_shape=129-64-1)@1
204	978	7	3404	2515	889	1289	413	1226	476	38.3	2.227	2.199	36621	88	on	ab(deep=5)@2.classic(chip=100)@2
205	978	12	1160	852	308	435	145	417	163	41.4	4.137	5.698	20177	78	gone	ab(deep=6,tt,ord,nodes=200k)@1.classic(chip=100)@2.dil(prob=15,deep=3)@1
206	978	7	3404	2512	892	1140	562	1372	330	53.0	19.832	19.547	72458	69	on	ab(deep=6,tt,ord,nodes=200k)@2.learned(model=4,eb105733,pool_games,lin,shape=129-1)@1
207	974	8	2336	1557	779	777	391	780	388	43.6	3.593	7.101	17631	76	gone	ab(deep=6,tt,ord,nodes=200k)@1.classic(chip=100)@2.dil(prob=15,deep=4)@1
208	972	25	196	129	67	66	32	63	35	53.7	25.579	23.517	52623	67	gone	ab(d6,tt,ord,nb200k)@1.learned(s9,4d37b1f7)@1
209	972	9	1840	1143	697	595	325	548	372	60.8	359.718	349.921	82442	53	gone	ab(deep=6,tt,ord,nodes=200k)@1.learned(model=113,e3cc8b4e,position_elo,mlp,mu_shape=129-512-8-1,sigma_shape=129-64-1)@1.opener(rand,moves=4)@1
210	967	7	3404	2479	925	1298	404	1181	521	55.8	420.565	412.798	102563	52	on	ab(deep=6,tt,ord,nodes=200k)@2.learned(model=110,1466db6c,position_elo,mlp,mu_shape=129-512-8-1,sigma_shape=129-64-1)@1
211	966	5	6944	4230	2714	2178	1294	2052	1420	44.3	6.502	6.408	24117	76	on	ab(deep=6,tt,ord,nodes=200k)@2.classic(chip=100)@2.dil(prob=45,deep=4)@1
212	965	25	196	127	69	62	36	65	33	54.5	168.636	149.544	58758	56	gone	ab(d6,tt,ord,nb200k)@1.learned(s23,1533231f)@1
213	965	25	196	127	69	62	36	65	33	51.6	157.984	137.814	54163	57	gone	ab(d6,tt,ord,nb200k)@1.learned(s24,d1e5f517)@1
214	963	7	3404	2466	938	1313	389	1153	549	56.4	404.240	400.025	99800	52	on	ab(deep=6,tt,ord,nodes=200k)@2.learned(model=115,21d7e638,position_elo,mlp,mu_shape=129-512-8-1,sigma_shape=129-64-1)@1
215	963	9	1734	1071	663	445	417	626	246	50.5	22.551	21.219	69824	67	gone	ab(deep=6,tt,ord,nodes=200k)@1.learned(model=459,642147d2,tdleaf_self,lin,shape=129-1)@1
216	962	7	2788	1479	1309	698	696	781	613	51.4	14.645	14.181	48331	70	gone	ab(deep=6,tt,ord,nodes=200k)@1.learned(model=99,59815079,pool_games,lin,shape=129-1)@1
217	962	25	196	126	70	65	33	61	37	53.2	252.027	229.678	53089	54	gone	ab(d6,tt,ord,nb200k)@1.learned(s33,b02b58b6)@1
218	957	7	3404	2446	958	1266	436	1180	522	56.9	408.877	404.392	103152	51	on	ab(deep=6,tt,ord,nodes=200k)@2.learned(model=112,baa2951a,position_elo,mlp,mu_shape=129-512-8-1,sigma_shape=129-64-1)@1
219	951	25	196	123	73	63	35	60	38	52.9	270.558	243.894	57249	53	gone	ab(d6,tt,ord,nb200k)@1.learned(s35,e0fe5acd)@1
220	950	12	1052	720	332	352	174	368	158	49.6	18.667	18.009	59433	67	gone	ab(deep=6,tt,ord,time=150ms)@1.learned(model=99,59815079,pool_games,lin,shape=129-1)@1
221	949	9	1756	1051	705	553	325	498	380	59.4	411.724	397.351	91423	51	gone	ab(deep=6,tt,ord,nodes=200k)@1.learned(model=112,baa2951a,position_elo,mlp,mu_shape=129-512-8-1,sigma_shape=129-64-1)@1
222	948	12	1160	816	344	423	157	393	187	41.7	5.007	8.378	24781	73	gone	ab(deep=6,tt,ord,nodes=200k)@1.classic(chip=100)@2.dil(prob=4)@1
223	947	5	6944	4089	2855	2110	1362	1979	1493	43.5	4.963	4.847	18234	77	on	ab(deep=6,tt,ord,nodes=200k)@2.classic(chip=100)@2.dil(prob=60,deep=4)@1
224	945	19	504	310	194	162	90	148	104	36.8	0.165	0.266	3704	117	gone	ab(deep=4)@1.classic(chip=100)@1
225	944	25	196	121	75	61	37	60	38	54.3	265.004	241.440	57693	53	gone	ab(d6,tt,ord,nb200k)@1.learned(s37,97ad3321)@1
226	939	7	3404	2386	1018	1235	467	1151	551	51.6	0.865	0.866	9884	96	on	ab(deep=4)@2.exp(chip=4,forward=1)@2
227	938	7	3404	2384	1020	1169	533	1215	487	56.6	459.339	454.477	100156	50	on	ab(deep=6,tt,ord,nodes=200k)@2.learned(model=79,18f19059,position_elo,mlp,mu_shape=129-256-128-1,sigma_shape=129-64-1)@1
228	937	9	1736	1015	721	527	341	488	380	52.5	17.157	16.563	55255	67	gone	ab(deep=6,tt,ord,time=150ms)@1.learned(model=76,ef183148,position_elo,lin,mu_shape=129-1,sigma_shape=129-1)@1.opener(rand,moves=8)@1
229	935	7	3404	2372	1032	1113	589	1259	443	48.5	16.182	16.011	60276	67	on	ab(deep=6,tt,ord,time=150ms)@2.learned(model=99,59815079,pool_games,lin,shape=129-1)@1
230	934	7	3404	2369	1035	1107	595	1262	440	48.2	16.794	16.610	60221	67	on	ab(deep=6,tt,ord,nodes=200k)@2.learned(model=99,59815079,pool_games,lin,shape=129-1)@1
231	934	9	1736	1008	728	505	363	503	365	50.5	16.426	15.817	50939	67	gone	ab(deep=6,tt,ord,time=150ms)@1.learned(model=10,fead67b7,weight_merge,lin,shape=129-1)@1.opener(rand,moves=8)@1
232	933	8	2252	1412	840	762	364	650	476	42.4	5.077	8.028	124703	72	gone	ab(deep=6,nodes=200k)@1.classic(chip=100)@2
233	928	5	6944	3951	2993	2076	1396	1875	1597	52.9	14.951	14.809	56472	67	on	ab(deep=6,tt,ord,time=150ms)@2.learned(model=76,ef183148,position_elo,lin,mu_shape=129-1,sigma_shape=129-1)@1.opener(rand,moves=8)@1
234	927	19	504	301	203	157	95	144	108	35.7	0.048	0.065	1097	153	gone	ab(deep=3)@1.classic(chip=100)@1
235	927	5	6944	3939	3005	2066	1406	1873	1599	52.9	15.150	14.979	56089	67	on	ab(deep=6,tt,ord,nodes=200k)@2.learned(model=76,ef183148,position_elo,lin,mu_shape=129-1,sigma_shape=129-1)@1.opener(rand,moves=8)@1
236	927	11	1264	677	587	323	309	354	278	52.5	16.192	15.345	52211	67	gone	ab(deep=6,tt,ord,nodes=200k)@1.learned(model=2,59815079,pool_games,lin,shape=129-1)@1
237	927	25	196	116	80	68	30	48	50	55.2	157.712	141.679	56720	54	gone	ab(d6,tt,ord,nb200k)@1.learned(s21,29061624)@1
238	925	8	2336	1430	906	734	434	696	472	43.4	3.394	6.056	16583	74	gone	ab(deep=6,tt,ord,nodes=200k)@1.classic(chip=100)@2.dil(prob=30,deep=4)@1
239	925	12	1160	787	373	399	181	388	192	43.6	3.759	5.573	18816	74	gone	ab(deep=6,tt,ord,nodes=200k)@1.classic(chip=100)@2.dil(prob=30,deep=3)@1
240	924	5	6944	3918	3026	1954	1518	1964	1508	50.3	14.745	14.575	53016	67	on	ab(deep=6,tt,ord,time=150ms)@2.learned(model=10,fead67b7,weight_merge,lin,shape=129-1)@1.opener(rand,moves=8)@1
241	924	7	3404	2334	1070	1202	500	1132	570	39.0	0.255	0.251	4005	116	on	ab(deep=4)@2.classic(chip=100)@2
242	924	7	3404	2334	1070	944	758	1390	312	49.0	27.190	26.873	97065	63	on	ab(deep=6,tt,ord,nodes=200k)@2.learned(model=459,642147d2,tdleaf_self,lin,shape=129-1)@1
243	923	25	196	115	81	60	38	55	43	52.7	154.251	135.400	55163	54	gone	ab(d6,tt,ord,nb200k)@1.learned(s17,56ed7027)@1
244	923	25	196	115	81	66	32	49	49	56.6	277.819	249.775	58749	51	gone	ab(d6,tt,ord,nb200k)@1.learned(s30,ba8efc12)@1
245	921	9	1904	1054	850	561	391	493	459	52.9	15.981	15.674	53575	66	gone	ab(deep=6,tt,ord,nodes=200k)@1.learned(model=76,ef183148,position_elo,lin,mu_shape=129-1,sigma_shape=129-1)@1.opener(rand,moves=8)@1
246	919	5	6944	3882	3062	1992	1480	1890	1582	50.1	14.961	14.683	52454	66	on	ab(deep=6,tt,ord,nodes=200k)@2.learned(model=10,fead67b7,weight_merge,lin,shape=129-1)@1.opener(rand,moves=8)@1
247	918	9	1840	1028	812	543	377	485	435	55.4	15.819	15.470	52411	66	gone	ab(deep=6,tt,ord,nodes=200k)@1.learned(model=99,59815079,pool_games,lin,shape=129-1)@1.opener(rand,moves=4)@1
248	918	7	3404	2313	1091	1198	504	1115	587	51.3	0.862	0.843	9924	94	on	ab(deep=4)@2.exp(chip=4,forward=2)@2
249	917	12	1160	776	384	385	195	391	189	42.7	5.414	8.957	27372	70	gone	ab(deep=6,tt,ord,nodes=200k)@1.classic(chip=100)@2.dil(prob=7)@1
250	916	25	196	113	83	59	39	54	44	53.2	154.673	134.462	54709	54	gone	ab(d6,tt,ord,nb200k)@1.learned(s18,111d8d80)@1
251	914	5	6944	3840	3104	2095	1377	1745	1727	55.3	14.913	14.730	53472	66	on	ab(deep=6,tt,ord,nodes=200k)@2.learned(model=99,59815079,pool_games,lin,shape=129-1)@1.opener(rand,moves=4)@1
252	913	8	2252	1361	891	741	385	620	506	51.3	0.514	0.812	10480	94	gone	ab(deep=4)@1.exp(chip=4,forward=2)@2
253	913	25	196	112	84	54	44	58	40	52.7	241.162	217.857	51301	51	gone	ab(d6,tt,ord,nb200k)@1.learned(s28,6d10efee)@1
254	911	23	318	182	136	94	65	88	71	38.4	5.269	8.004	28299	70	gone	ab(deep=6,tt,ord,nodes=200k)@1.classic(chip=100)@1.dil(prob=14)@1
255	911	8	2252	1356	896	700	426	656	470	52.8	0.488	0.803	9925	94	gone	ab(deep=4)@1.exp(chip=4,forward=1)@2
256	911	19	504	293	211	156	96	137	115	37.8	0.171	0.240	3691	115	gone	ab(deep=4)@1.classic(chip=100)@1.dil(prob=5)@1
257	911	19	504	293	211	154	98	139	113	37.6	5.402	7.039	123467	71	gone	ab(deep=6,nodes=200k)@1.classic(chip=100)@1.dil(prob=10)@1
258	911	9	1904	1030	874	524	428	506	446	51.2	15.630	15.135	50172	66	gone	ab(deep=6,tt,ord,nodes=200k)@1.learned(model=10,fead67b7,weight_merge,lin,shape=129-1)@1.opener(rand,moves=8)@1
259	909	25	196	111	85	58	40	53	45	55.0	253.394	229.008	54725	51	gone	ab(d6,tt,ord,nb200k)@1.learned(s36,31b20ca2)@1
260	909	19	504	292	212	148	104	144	108	35.4	8.264	10.543	184041	68	gone	ab(deep=6,noab,nodes=200k)@1.classic(chip=100)@1
261	906	25	196	110	86	64	34	46	52	53.8	148.657	130.770	53528	53	gone	ab(d6,tt,ord,nb200k)@1.learned(s15,af04747f)@1
262	904	9	1940	1061	879	521	449	540	430	52.3	17.234	16.761	56702	64	gone	ab(deep=6,tt,ord,nodes=200k)@1.learned(model=94,784bb5fe,pool_games,lin,shape=129-1)@1
263	904	9	1727	952	775	457	401	495	374	54.1	72.325	68.505	74704	56	gone	ab(deep=6,tt,ord,nodes=200k)@1.learned(model=333,06bdc1f0,tdleaf_self,mlp,shape=30-16-1)@1
264	903	10	1392	693	699	368	328	325	371	53.2	13.668	13.393	46424	66	gone	ab(d6,tt,ord,nb200k)@1.learned(s6,eac8ab99,value,lin,129-1,con100)@1.opener(rand,8)@1
265	903	7	3404	2261	1143	1150	552	1111	591	54.0	443.589	438.853	109123	48	on	ab(deep=6,tt,ord,time=150ms)@2.learned(model=113,e3cc8b4e,position_elo,mlp,mu_shape=129-512-8-1,sigma_shape=129-64-1)@1
266	900	9	1736	940	796	475	393	465	403	51.1	14.172	13.670	44633	66	gone	ab(deep=6,tt,ord,time=150ms)@1.learned(model=96,990e39e7,pool_games,lin,shape=129-1)@1.opener(rand,moves=8)@1
267	896	24	318	177	141	104	55	73	86	54.7	2.621	2.567	17300	79	gone	ab(deep=4)@1.exp(chip=64,column=1,forward=15)@1
268	895	25	196	107	89	56	42	51	47	53.6	147.864	129.625	51508	53	gone	ab(d6,tt,ord,nb200k)@1.learned(s16,500afc93)@1
269	895	25	196	107	89	57	41	50	48	53.3	162.646	146.117	56678	52	gone	ab(d6,tt,ord,nb200k)@1.learned(s26,d70c5070)@1
270	895	9	1840	977	863	519	401	458	462	53.1	14.395	14.201	48861	65	gone	ab(deep=6,tt,ord,nodes=200k)@1.learned(model=8,6f1a4264,pool_games,lin,shape=129-1)@1.opener(rand,moves=8)@1
271	895	5	6944	3697	3247	1862	1610	1835	1637	50.9	12.528	12.392	46470	66	on	ab(deep=6,tt,ord,time=150ms)@2.learned(model=96,990e39e7,pool_games,lin,shape=129-1)@1.opener(rand,moves=8)@1
272	895	9	1904	994	910	509	443	485	467	48.2	8.805	8.449	26161	69	gone	ab(deep=6,tt,ord,nodes=200k)@1.classic(chip=100)@2.opener(rand,moves=8)@1
273	892	7	3404	2223	1181	1174	528	1049	653	53.2	440.555	435.868	105957	48	on	ab(deep=6,tt,ord,time=150ms)@2.learned(model=111,78ef6974,position_elo,mlp,mu_shape=129-512-8-1,sigma_shape=129-64-1)@1
274	892	5	6944	3675	3269	1925	1547	1750	1722	50.7	12.839	12.712	46529	65	on	ab(deep=6,tt,ord,nodes=200k)@2.learned(model=96,990e39e7,pool_games,lin,shape=129-1)@1.opener(rand,moves=8)@1
275	892	25	196	106	90	54	44	52	46	53.5	278.528	252.101	58780	50	gone	ab(d6,tt,ord,nb200k)@1.learned(s34,93fd930c)@1
276	891	19	504	283	221	170	82	113	139	46.4	0.593	0.762	11861	93	gone	ab(deep=4)@1.exp(chip=4,forward=2)@1
277	887	9	1840	961	879	509	411	452	468	51.0	13.332	13.073	43919	65	gone	ab(deep=6,tt,ord,nodes=200k)@1.learned(model=96,990e39e7,pool_games,lin,shape=129-1)@1.opener(rand,moves=8)@1
278	887	8	2252	1293	959	672	454	621	505	51.7	0.504	0.813	10256	92	gone	ab(deep=4)@1.exp(chip=4,forward=4)@2
279	887	8	2252	1293	959	649	477	644	482	41.3	1.370	2.206	33881	80	gone	ab(deep=5)@1.classic(chip=100)@2
280	885	25	196	104	92	59	39	45	53	56.9	251.718	225.714	54291	50	gone	ab(d6,tt,ord,nb200k)@1.learned(s27,12a6c33c)@1
281	883	9	1736	906	830	487	381	419	449	47.5	8.798	8.489	26101	68	gone	ab(deep=6,tt,ord,time=150ms)@1.classic(chip=100)@2.opener(rand,moves=8)@1
282	882	5	6944	3603	3341	1784	1688	1819	1653	42.8	4.633	4.557	17370	73	on	ab(deep=6,tt,ord,nodes=200k)@2.classic(chip=100)@2.dil(prob=60,deep=3)@1
283	882	9	1948	1010	938	523	451	487	487	52.4	15.927	15.356	51580	63	gone	ab(deep=6,tt,ord,nodes=200k)@1.learned(model=95,07792e69,pool_games,lin,shape=129-1)@1
284	881	25	196	103	93	59	39	44	54	54.0	155.735	135.999	54938	52	gone	ab(d6,tt,ord,nb200k)@1.learned(s20,30a9414b)@1
285	881	25	196	103	93	53	45	50	48	54.1	251.347	223.615	53213	50	gone	ab(d6,tt,ord,nb200k)@1.learned(s29,ef8eac9c)@1
286	881	25	196	103	93	57	41	46	52	53.3	246.861	226.472	54277	50	gone	ab(d6,tt,ord,nb200k)@1.learned(s38,2df06048)@1
287	880	5	6944	3586	3358	1888	1584	1698	1774	47.4	8.262	8.106	29401	68	on	ab(deep=6,tt,ord,nodes=200k)@2.classic(chip=100)@2.opener(rand,moves=8)@1
288	879	5	6944	3582	3362	1927	1545	1655	1817	53.3	264.641	261.590	61932	49	on	ab(deep=6,tt,ord,nodes=200k)@2.learned(model=111,78ef6974,position_elo,mlp,mu_shape=129-512-8-1,sigma_shape=129-64-1)@1.opener(rand,moves=8)@1
289	879	5	6944	3582	3362	1964	1508	1618	1854	52.7	13.723	13.565	50738	64	on	ab(deep=6,tt,ord,nodes=200k)@2.learned(model=8,6f1a4264,pool_games,lin,shape=129-1)@1.opener(rand,moves=8)@1
290	879	7	3404	2175	1229	1114	588	1061	641	51.2	0.864	0.865	9976	90	on	ab(deep=4)@2.exp(chip=4,forward=4)@2
291	878	9	1727	900	827	487	371	413	456	54.5	21.707	20.544	67614	61	gone	ab(deep=6,tt,ord,nodes=200k)@1.learned(model=369,612a48a8,tdleaf_self,lin,shape=129-1)@1
292	877	12	1052	634	418	327	199	307	219	50.7	18.566	17.886	59294	62	gone	ab(deep=6,tt,ord,time=150ms)@1.learned(model=95,07792e69,pool_games,lin,shape=129-1)@1
293	876	12	1052	632	420	291	235	341	185	50.7	19.991	19.256	63395	62	gone	ab(deep=6,tt,ord,time=150ms)@1.learned(model=94,784bb5fe,pool_games,lin,shape=129-1)@1
294	875	5	6944	3550	3394	1828	1644	1722	1750	52.2	12.664	12.525	47424	64	on	ab(deep=6,tt,ord,time=150ms)@2.learned(model=98,5801570e,pool_games,lin,shape=129-1)@1.opener(rand,moves=8)@1
295	875	9	1736	889	847	454	414	435	433	51.7	13.947	13.509	44868	64	gone	ab(deep=6,tt,ord,time=150ms)@1.learned(model=98,5801570e,pool_games,lin,shape=129-1)@1.opener(rand,moves=8)@1
296	874	25	196	101	95	61	37	40	58	53.9	224.690	202.883	49527	50	gone	ab(d6,tt,ord,nb200k)@1.learned(s32,18116b38)@1
297	874	5	6944	3539	3405	1864	1608	1675	1797	47.6	8.118	8.034	29415	67	on	ab(deep=6,tt,ord,time=150ms)@2.classic(chip=100)@2.opener(rand,moves=8)@1
298	874	5	6944	3539	3405	1927	1545	1612	1860	52.2	13.505	13.323	51066	64	on	ab(deep=6,tt,ord,time=150ms)@2.learned(model=8,6f1a4264,pool_games,lin,shape=129-1)@1.opener(rand,moves=8)@1
299	872	8	2336	1286	1050	651	517	635	533	42.9	2.578	4.917	12592	71	gone	ab(deep=6,tt,ord,nodes=200k)@1.classic(chip=100)@2.dil(prob=45,deep=4)@1
300	872	7	3404	2150	1254	1087	615	1063	639	51.7	0.883	0.887	10198	89	on	ab(deep=4)@2.exp(chip=4,forward=8)@2
301	871	9	1840	926	914	466	454	460	460	52.0	13.214	12.942	44662	64	gone	ab(deep=6,tt,ord,nodes=200k)@1.learned(model=98,5801570e,pool_games,lin,shape=129-1)@1.opener(rand,moves=8)@1
302	871	24	318	169	149	94	65	75	84	55.5	2.632	2.638	17358	77	gone	ab(deep=4)@1.exp(chip=65,column=1,forward=14)@1
303	871	9	1840	925	915	503	417	422	498	54.1	271.513	262.398	59867	48	gone	ab(deep=6,tt,ord,nodes=200k)@1.learned(model=111,78ef6974,position_elo,mlp,mu_shape=129-512-8-1,sigma_shape=129-64-1)@1.opener(rand,moves=8)@1
304	871	9	1840	925	915	454	466	471	449	56.3	16.943	16.567	55925	62	gone	ab(deep=6,tt,ord,nodes=200k)@1.learned(model=94,784bb5fe,pool_games,lin,shape=129-1)@1.opener(rand,moves=4)@1
305	870	9	1756	888	868	524	354	364	514	60.5	61.606	59.239	13039	55	gone	ab(deep=4)@1.learned(model=111,78ef6974,position_elo,mlp,mu_shape=129-512-8-1,sigma_shape=129-64-1)@1
306	868	9	1736	875	861	469	399	406	462	52.6	14.811	14.286	48065	63	gone	ab(deep=6,tt,ord,time=150ms)@1.learned(model=4,eb105733,pool_games,lin,shape=129-1)@1.opener(rand,moves=8)@1
307	868	5	6944	3496	3448	1827	1645	1669	1803	51.8	12.920	12.767	47144	64	on	ab(deep=6,tt,ord,nodes=200k)@2.learned(model=98,5801570e,pool_games,lin,shape=129-1)@1.opener(rand,moves=8)@1
308	867	25	196	99	97	54	44	45	53	54.3	259.516	233.799	56045	49	gone	ab(d6,tt,ord,nb200k)@1.learned(s31,19904e2a)@1
309	866	9	1840	916	924	476	444	440	480	52.9	14.111	13.829	47373	63	gone	ab(deep=6,tt,ord,nodes=200k)@1.learned(model=4,eb105733,pool_games,lin,shape=129-1)@1.opener(rand,moves=8)@1
310	866	11	1264	586	678	322	310	264	368	49.5	12.683	12.569	42547	64	gone	ab(d6,tt,ord,nb200k)@1.learned(s9,e5b3b014,value,lin,129-1,con100)@1.opener(rand,8)@1
311	864	7	3404	2122	1282	980	722	1142	560	50.4	18.004	17.808	64720	61	on	ab(deep=6,tt,ord,nodes=200k)@2.learned(model=94,784bb5fe,pool_games,lin,shape=129-1)@1
312	864	9	1736	866	870	492	376	374	494	53.2	15.252	14.685	49694	62	gone	ab(deep=6,tt,ord,time=150ms)@1.learned(model=8,6f1a4264,pool_games,lin,shape=129-1)@1.opener(rand,moves=8)@1
313	861	8	2336	1254	1082	631	537	623	545	42.4	1.977	3.562	9710	73	gone	ab(deep=6,tt,ord,nodes=200k)@1.classic(chip=100)@2.dil(prob=60,deep=4)@1
314	859	10	1392	621	771	333	363	288	408	50.5	13.950	13.675	46573	63	gone	ab(d6,tt,ord,nb200k)@1.learned(s7,c7f7ce61,value,lin,129-1,con100)@1.opener(rand,8)@1
315	859	5	6944	3429	3515	1838	1634	1591	1881	52.6	13.510	13.342	49674	63	on	ab(deep=6,tt,ord,nodes=200k)@2.learned(model=4,eb105733,pool_games,lin,shape=129-1)@1.opener(rand,moves=8)@1
316	859	7	3404	2103	1301	1108	594	995	707	50.7	16.041	15.884	59550	62	on	ab(deep=6,tt,ord,time=150ms)@2.learned(model=95,07792e69,pool_games,lin,shape=129-1)@1
317	856	8	2268	1216	1052	613	529	603	523	43.4	0.176	0.247	4278	108	gone	ab(deep=4)@1.classic(chip=100)@2
318	855	7	3404	2087	1317	986	716	1101	601	50.7	17.308	17.123	64543	61	on	ab(deep=6,tt,ord,time=150ms)@2.learned(model=94,784bb5fe,pool_games,lin,shape=129-1)@1
319	854	25	196	121	75	58	40	63	35	48.0	1.286	0.972	1710	86	gone	ab(d4,tt,ord,nb200k)@1.learned(s13,068b8a37)@1
320	854	5	6944	3390	3554	1681	1791	1709	1763	55.9	15.727	15.534	57059	61	on	ab(deep=6,tt,ord,nodes=200k)@2.learned(model=94,784bb5fe,pool_games,lin,shape=129-1)@1.opener(rand,moves=4)@1
321	852	11	1160	691	469	357	223	334	246	45.0	3.002	4.685	14927	70	gone	ab(deep=6,tt,ord,nodes=200k)@1.classic(chip=100)@2.dil(prob=45,deep=3)@1
322	852	5	6944	3375	3569	1785	1687	1590	1882	52.7	13.270	13.127	49978	62	on	ab(deep=6,tt,ord,time=150ms)@2.learned(model=4,eb105733,pool_games,lin,shape=129-1)@1.opener(rand,moves=8)@1
323	849	8	2252	1193	1059	628	498	565	561	52.0	0.497	0.848	10121	87	gone	ab(deep=4)@1.exp(chip=4,forward=8)@2
324	848	8	2336	1218	1118	637	531	581	587	44.0	5.448	9.443	27627	64	gone	ab(deep=6,tt,ord,nodes=200k)@1.classic(chip=100)@2.dil(prob=10)@1
325	848	7	3404	2061	1343	1105	597	956	746	51.0	16.633	16.477	59524	61	on	ab(deep=6,tt,ord,nodes=200k)@2.learned(model=95,07792e69,pool_games,lin,shape=129-1)@1
326	846	9	1736	831	905	452	416	379	489	52.1	14.309	13.806	45957	62	gone	ab(deep=6,tt,ord,time=150ms)@1.learned(model=3,68364898,pool_games,lin,shape=129-1)@1.opener(rand,moves=8)@1
327	846	7	3404	2054	1350	1085	617	969	733	38.8	0.079	0.074	1185	136	on	ab(deep=3)@2.classic(chip=100)@2
328	846	7	3404	2054	1350	1072	630	982	720	38.0	11.231	11.035	181443	63	on	ab(deep=6,noab,nodes=200k)@2.classic(chip=100)@2
329	846	9	1904	885	1019	479	473	406	546	52.9	13.609	13.321	45441	62	gone	ab(deep=6,tt,ord,nodes=200k)@1.learned(model=3,68364898,pool_games,lin,shape=129-1)@1.opener(rand,moves=8)@1
330	843	5	6944	3309	3635	1781	1691	1528	1944	52.2	12.879	12.767	48021	62	on	ab(deep=6,tt,ord,time=150ms)@2.learned(model=3,68364898,pool_games,lin,shape=129-1)@1.opener(rand,moves=8)@1
331	842	5	6944	3301	3643	1767	1705	1534	1938	52.1	13.066	12.865	47693	62	on	ab(deep=6,tt,ord,nodes=200k)@2.learned(model=3,68364898,pool_games,lin,shape=129-1)@1.opener(rand,moves=8)@1
332	840	25	196	117	79	67	31	50	48	47.0	0.929	0.828	1586	87	gone	ab(d4,tt,ord,nb200k)@1.learned(s7,388ce3fa)@1
333	836	19	504	256	248	131	121	125	127	38.6	0.153	0.244	3513	105	gone	ab(deep=4)@1.classic(chip=100)@1.dil(prob=10)@1
334	836	19	504	256	248	143	109	113	139	47.3	0.758	0.715	14689	88	gone	ab(deep=4)@1.exp(chip=4,forward=4)@1
335	836	7	3404	2017	1387	966	736	1051	651	51.4	1.252	1.253	4780	81	on	ab(deep=4,tt,ord,nodes=200k)@2.learned(model=10,fead67b7,weight_merge,lin,shape=129-1)@1
336	835	8	2252	1156	1096	710	416	446	680	58.0	1.567	3.025	18141	72	gone	ab(deep=4)@1.classic(chip=10,wall=3,column=2)@2
337	834	7	3404	2009	1395	1022	680	987	715	53.4	0.965	0.948	11764	84	on	ab(deep=4)@2.learned(model=76,ef183148,position_elo,lin,mu_shape=129-1,sigma_shape=129-1)@1
338	832	5	6944	3226	3718	1678	1794	1548	1924	45.6	10.346	10.211	38879	62	on	ab(deep=6,tt,ord,nodes=200k)@2.classic(chip=100)@2.dil(prob=10)@1
339	832	19	504	254	250	146	106	108	144	47.7	0.759	0.743	14615	87	gone	ab(deep=4)@1.exp(chip=4,forward=1)@1
340	832	5	6944	3222	3722	1747	1725	1475	1997	53.6	278.034	274.826	65731	46	on	ab(deep=6,tt,ord,nodes=200k)@2.learned(model=113,e3cc8b4e,position_elo,mlp,mu_shape=129-512-8-1,sigma_shape=129-64-1)@1.opener(rand,moves=8)@1
341	828	9	1840	834	1006	444	476	390	530	54.3	280.701	272.574	62914	46	gone	ab(deep=6,tt,ord,nodes=200k)@1.learned(model=113,e3cc8b4e,position_elo,mlp,mu_shape=129-512-8-1,sigma_shape=129-64-1)@1.opener(rand,moves=8)@1
342	828	8	2345	1167	1178	593	584	574	594	43.3	0.165	0.227	3979	106	gone	ab(deep=4)@1.classic(chip=100)@2.dil(prob=5)@1
343	827	13	960	424	536	195	285	229	251	50.1	0.403	0.384	1515	96	gone	ab(d4,tt,ord,nb200k)@1.learned(s6,eac8ab99)@1
344	827	13	960	424	536	224	256	200	280	50.8	0.382	0.360	1431	97	gone	ab(d4,tt,ord,nb200k)@1.learned(s7,c7f7ce61)@1
345	827	24	318	155	163	86	73	69	90	37.4	5.211	7.812	28727	64	gone	ab(deep=6,tt,ord,nodes=200k)@1.classic(chip=100)@1.dil(prob=18)@1
346	826	25	196	113	83	59	39	54	44	45.5	5.230	4.127	1480	69	gone	ab(d4,tt,ord,nb200k)@1.learned(s22,93efd444)@1
347	823	25	196	112	84	62	36	50	48	48.2	1.084	0.824	1693	85	gone	ab(d4,tt,ord,nb200k)@1.learned(s6,99ac0d85)@1
348	823	25	196	112	84	61	37	51	47	47.9	0.848	0.848	1621	85	gone	ab(d4,tt,ord,nb200k)@1.learned(s8,41ebc0ab)@1
349	819	7	3404	1954	1450	926	776	1028	674	52.6	1.163	1.136	4493	81	on	ab(deep=4,tt,ord,nodes=200k)@2.learned(model=3,68364898,pool_games,lin,shape=129-1)@1
350	818	7	3404	1950	1454	1027	675	923	779	57.5	57.106	56.408	13868	52	on	ab(deep=4)@2.learned(model=111,78ef6974,position_elo,mlp,mu_shape=129-512-8-1,sigma_shape=129-64-1)@1
351	816	5	6944	3104	3840	1590	1882	1514	1958	42.6	0.232	0.226	3740	104	on	ab(deep=4)@2.classic(chip=100)@2.dil(prob=5)@1
352	816	19	504	246	258	145	107	101	151	55.9	4.461	3.527	29876	69	gone	ab(deep=4)@1.classic(chip=10,wall=3,column=2)@1
353	815	12	1052	557	495	273	253	284	242	51.2	517.242	499.575	112067	43	gone	ab(deep=6,tt,ord,time=150ms)@1.learned(model=113,e3cc8b4e,position_elo,mlp,mu_shape=129-512-8-1,sigma_shape=129-64-1)@1
354	814	9	1840	803	1037	426	494	377	543	57.2	16.292	15.985	54275	58	gone	ab(deep=6,tt,ord,nodes=200k)@1.learned(model=95,07792e69,pool_games,lin,shape=129-1)@1.opener(rand,moves=4)@1
355	812	25	196	109	87	54	44	55	43	47.6	1.298	0.897	1649	83	gone	ab(d4,tt,ord,nb200k)@1.learned(s11,e2d2f5da)@1
356	812	25	196	109	87	53	45	56	42	47.5	1.296	0.996	1625	82	gone	ab(d4,tt,ord,nb200k)@1.learned(s14,e7a789fe)@1
357	812	25	196	109	87	54	44	55	43	46.5	1.310	1.084	2017	81	gone	ab(d4,tt,ord,nb200k)@1.learned(s4,95b45b1f)@1
358	810	9	1736	759	977	431	437	328	540	50.5	13.096	12.588	41812	59	gone	ab(deep=6,tt,ord,time=150ms)@1.learned(model=99,59815079,pool_games,lin,shape=129-1)@1.opener(rand,moves=8)@1
359	809	25	196	108	88	53	45	55	43	47.7	1.264	0.836	1631	83	gone	ab(d4,tt,ord,nb200k)@1.learned(s12,fc66af48)@1
360	806	12	1052	546	506	280	246	266	260	52.0	494.624	477.389	105482	43	gone	ab(deep=6,tt,ord,time=150ms)@1.learned(model=111,78ef6974,position_elo,mlp,mu_shape=129-512-8-1,sigma_shape=129-64-1)@1
361	806	9	1726	754	972	362	496	392	476	42.3	18.948	17.845	18148	57	gone	ab(deep=6,tt,ord,nodes=200k)@1.learned(model=585,e37f6895,tdleaf_self,mlp,shape=30-32-1)@1
362	806	25	196	107	89	53	45	54	44	45.7	1.670	1.157	2158	79	gone	ab(d4,tt,ord,nb200k)@1.learned(s10,6153d426)@1
363	804	7	3404	1897	1507	1040	662	857	845	56.7	24.847	24.487	89259	55	on	ab(deep=6,tt,ord,nodes=200k)@2.learned(model=369,612a48a8,tdleaf_self,lin,shape=129-1)@1
364	802	9	1796	762	1034	387	511	375	523	54.9	0.946	0.917	11603	81	gone	ab(deep=4)@1.learned(model=76,ef183148,position_elo,lin,mu_shape=129-1,sigma_shape=129-1)@1
365	798	7	3404	1874	1530	931	771	943	759	55.1	91.108	89.922	105395	48	on	ab(deep=6,tt,ord,nodes=200k)@2.learned(model=333,06bdc1f0,tdleaf_self,mlp,shape=30-16-1)@1
366	796	9	1948	809	1139	440	534	369	605	55.3	14.863	14.453	51777	58	gone	ab(deep=6,tt,ord,nodes=200k)@1.learned(model=97,87a5093d,pool_games,lin,shape=129-1)@1
367	795	19	504	236	268	138	114	98	154	47.4	0.807	0.753	15694	83	gone	ab(deep=4)@1.exp(chip=4,forward=8)@1
368	792	25	196	103	93	50	48	53	45	46.9	1.103	0.887	1776	81	gone	ab(d4,tt,ord,nb200k)@1.learned(s5,70081fb7)@1
369	790	7	3404	1845	1559	941	761	904	798	41.8	0.010	0.006	113	274	on	ab(deep=2)@2.classic(chip=100)@2
370	789	5	6944	2910	4034	1517	1955	1393	2079	56.4	15.270	15.075	54354	57	on	ab(deep=6,tt,ord,nodes=200k)@2.learned(model=95,07792e69,pool_games,lin,shape=129-1)@1.opener(rand,moves=4)@1
371	788	25	196	102	94	46	52	56	42	49.3	5.463	3.696	1358	67	gone	ab(d4,tt,ord,nb200k)@1.learned(s15,af04747f)@1
372	788	9	1840	748	1092	413	507	335	585	49.7	12.328	12.107	41092	58	gone	ab(deep=6,tt,ord,nodes=200k)@1.learned(model=99,59815079,pool_games,lin,shape=129-1)@1.opener(rand,moves=8)@1
373	787	7	3404	1834	1570	1019	683	815	887	52.3	1.171	1.177	4555	77	on	ab(deep=4,tt,ord,nodes=200k)@2.learned(model=8,6f1a4264,pool_games,lin,shape=129-1)@1
374	786	8	2268	1030	1238	473	669	557	569	42.2	0.048	0.075	1163	126	gone	ab(deep=3)@1.classic(chip=100)@2
375	786	5	6944	2882	4062	1602	1870	1280	2192	50.2	11.623	11.490	42244	58	on	ab(deep=6,tt,ord,nodes=200k)@2.learned(model=99,59815079,pool_games,lin,shape=129-1)@1.opener(rand,moves=8)@1
376	785	7	3404	1823	1581	1172	530	651	1051	54.0	3.279	3.185	22761	67	on	ab(deep=4)@2.classic(chip=10,wall=3,column=2)@2
377	782	5	6944	2854	4090	1520	1952	1334	2138	42.3	7.226	7.109	120018	61	on	ab(deep=6,nodes=200k)@2.classic(chip=100)@2.dil(prob=10)@1
378	781	8	2336	1033	1303	517	651	516	652	44.3	1.955	3.787	9796	66	gone	ab(deep=6,tt,ord,nodes=200k)@1.classic(chip=100)@2.dil(prob=60,deep=3)@1
379	780	8	2252	1010	1242	510	616	500	626	40.1	6.901	11.244	176919	58	gone	ab(deep=6,noab,nodes=200k)@1.classic(chip=100)@2
380	778	25	196	99	97	50	48	49	49	45.7	1.595	1.183	2146	76	gone	ab(d4,tt,ord,nb200k)@1.learned(s3,8603e15c)@1
381	777	8	2336	1024	1312	517	651	507	661	43.9	5.559	9.314	28386	59	gone	ab(deep=6,tt,ord,nodes=200k)@1.classic(chip=100)@2.dil(prob=14)@1
382	776	9	1796	709	1087	358	540	351	547	52.4	0.507	0.493	1883	87	gone	ab(deep=4,tt,ord,nodes=200k)@1.learned(model=3,68364898,pool_games,lin,shape=129-1)@1
383	775	13	960	369	591	168	312	201	279	45.8	0.343	0.318	1240	93	gone	ab(d4,tt,ord,nb200k)@1.learned(s9,e5b3b014)@1
384	773	5	6944	2789	4155	1571	1901	1218	2254	50.6	11.364	11.245	42394	57	on	ab(deep=6,tt,ord,time=150ms)@2.learned(model=99,59815079,pool_games,lin,shape=129-1)@1.opener(rand,moves=8)@1
385	771	5	6944	2774	4170	1486	1986	1288	2184	50.3	287.366	284.110	67078	43	on	ab(deep=6,tt,ord,time=150ms)@2.learned(model=111,78ef6974,position_elo,mlp,mu_shape=129-512-8-1,sigma_shape=129-64-1)@1.opener(rand,moves=8)@1
386	770	9	1796	696	1100	336	562	360	538	57.4	103.858	99.109	14793	46	gone	ab(deep=4)@1.learned(model=78,2fa21eda,position_elo,mlp,mu_shape=129-128-64-1,sigma_shape=129-32-1)@1
387	768	9	1796	692	1104	278	620	414	484	59.3	259.800	248.631	14157	43	gone	ab(deep=4)@1.learned(model=79,18f19059,position_elo,mlp,mu_shape=129-256-128-1,sigma_shape=129-64-1)@1
388	767	7	3404	1757	1647	913	789	844	858	56.8	29.211	28.719	15285	52	on	ab(deep=4)@2.learned(model=78,2fa21eda,position_elo,mlp,mu_shape=129-128-64-1,sigma_shape=129-32-1)@1
389	765	7	3404	1747	1657	851	851	896	806	57.8	71.240	70.242	14803	47	on	ab(deep=4)@2.learned(model=79,18f19059,position_elo,mlp,mu_shape=129-256-128-1,sigma_shape=129-64-1)@1
390	764	10	1727	672	1055	340	518	332	537	52.2	69.693	65.837	71155	48	gone	ab(deep=6,tt,ord,nodes=200k)@1.learned(model=279,409dc0b3,tdleaf_self,mlp,shape=30-16-1)@1
391	763	9	1796	683	1113	342	556	341	557	51.3	0.456	0.452	1711	87	gone	ab(deep=4,tt,ord,nodes=200k)@1.learned(model=8,6f1a4264,pool_games,lin,shape=129-1)@1
392	762	8	2336	983	1353	488	680	495	673	42.3	4.728	7.470	116203	59	gone	ab(deep=6,nodes=200k)@1.classic(chip=100)@2.dil(prob=10)@1
393	762	7	3404	1735	1669	803	899	932	770	50.7	1.121	1.129	4385	75	on	ab(deep=4,tt,ord,nodes=200k)@2.learned(model=4,eb105733,pool_games,lin,shape=129-1)@1
394	758	8	2268	955	1313	478	664	477	649	45.6	0.005	0.010	114	219	gone	ab(deep=2)@1.classic(chip=100)@2
395	757	7	3404	1716	1688	850	852	866	836	37.6	22.603	22.357	26179	52	on	ab(deep=6,tt,ord,nodes=200k)@2.learned(model=585,e37f6895,tdleaf_self,mlp,shape=30-32-1)@1
396	755	5	6944	2662	4282	1365	2107	1297	2175	44.7	10.040	9.914	37665	57	on	ab(deep=6,tt,ord,nodes=200k)@2.classic(chip=100)@2.dil(prob=14)@1
397	754	7	3404	1706	1698	930	772	776	926	56.7	27.102	26.711	14407	51	on	ab(deep=4)@2.learned(model=77,ddaa5090,position_elo,mlp,mu_shape=129-128-64-1,sigma_shape=129-32-1)@1
398	754	12	1052	481	571	265	261	216	310	55.1	16.694	16.041	57608	54	gone	ab(deep=6,tt,ord,time=150ms)@1.learned(model=97,87a5093d,pool_games,lin,shape=129-1)@1
399	753	8	2252	937	1315	485	641	452	674	53.3	1.668	2.722	17431	66	gone	ab(deep=4)@1.exp(chip=64,column=1,forward=15)@2
400	751	7	3404	1693	1711	875	827	818	884	56.9	60.524	59.682	14803	47	on	ab(deep=4)@2.learned(model=113,e3cc8b4e,position_elo,mlp,mu_shape=129-512-8-1,sigma_shape=129-64-1)@1
401	750	25	196	91	105	46	52	45	53	48.0	6.240	4.956	1762	61	gone	ab(d4,tt,ord,nb200k)@1.learned(s23,1533231f)@1
402	750	25	196	91	105	46	52	45	53	49.0	6.262	4.835	1708	61	gone	ab(d4,tt,ord,nb200k)@1.learned(s25,64a11ec7)@1
403	748	9	1796	653	1143	338	560	315	583	58.1	97.622	93.021	14067	45	gone	ab(deep=4)@1.learned(model=77,ddaa5090,position_elo,mlp,mu_shape=129-128-64-1,sigma_shape=129-32-1)@1
404	748	22	344	85	259	31	141	54	118	47.9	0.515	0.503	1898	83	gone	ab(d4,tt,ord,nb200k)@1.learned(s9,e5b3b014,value,lin,129-1,con100)@1
405	747	25	196	90	106	44	54	46	52	47.1	9.199	7.787	1659	58	gone	ab(d4,tt,ord,nb200k)@1.learned(s34,93fd930c)@1
406	746	10	1726	637	1089	280	578	357	511	56.4	18.885	17.809	59235	53	gone	ab(deep=6,tt,ord,nodes=200k)@1.learned(model=531,748d1c8d,tdleaf_self,lin,shape=129-1)@1
407	744	10	1736	630	1106	328	540	302	566	50.7	13.473	12.996	43418	54	gone	ab(deep=6,tt,ord,time=150ms)@1.learned(model=94,784bb5fe,pool_games,lin,shape=129-1)@1.opener(rand,moves=8)@1
408	744	25	196	89	107	57	41	32	66	49.2	9.586	7.619	1610	58	gone	ab(d4,tt,ord,nb200k)@1.learned(s30,ba8efc12)@1
409	744	25	196	89	107	46	52	43	55	47.1	0.834	0.690	1567	79	gone	ab(d4,tt,ord,nb200k)@1.learned(s9,4d37b1f7)@1
410	742	7	3404	1661	1743	931	771	730	972	52.8	14.757	14.610	57238	54	on	ab(deep=6,tt,ord,nodes=200k)@2.learned(model=97,87a5093d,pool_games,lin,shape=129-1)@1
411	742	5	6944	2571	4373	1329	2143	1242	2230	42.7	0.226	0.217	3610	96	on	ab(deep=4)@2.classic(chip=100)@2.dil(prob=10)@1
412	741	8	2352	928	1424	479	705	449	719	43.9	0.158	0.247	3804	93	gone	ab(deep=4)@1.classic(chip=100)@2.dil(prob=10)@1
413	740	25	196	88	108	46	52	42	56	47.0	5.948	4.652	1646	61	gone	ab(d4,tt,ord,nb200k)@1.learned(s24,d1e5f517)@1
414	739	9	1796	635	1161	303	595	332	566	49.4	0.473	0.463	1749	83	gone	ab(deep=4,tt,ord,nodes=200k)@1.learned(model=4,eb105733,pool_games,lin,shape=129-1)@1
415	738	5	6944	2543	4401	1376	2096	1167	2305	50.7	296.600	293.384	71069	41	on	ab(deep=6,tt,ord,time=150ms)@2.learned(model=113,e3cc8b4e,position_elo,mlp,mu_shape=129-512-8-1,sigma_shape=129-64-1)@1.opener(rand,moves=8)@1
416	738	7	3404	1644	1760	867	835	777	925	56.3	60.361	59.656	15095	47	on	ab(deep=4)@2.learned(model=114,316257e9,position_elo,mlp,mu_shape=129-512-8-1,sigma_shape=129-64-1)@1
417	737	10	1727	621	1106	270	588	351	518	55.0	42.103	39.332	65608	48	gone	ab(deep=6,tt,ord,nodes=200k)@1.learned(model=261,52cd70f8,tdleaf_self,mlp,shape=129-32-1)@1
418	737	7	3404	1639	1765	919	783	720	982	53.5	14.202	14.072	57308	53	on	ab(deep=6,tt,ord,time=150ms)@2.learned(model=97,87a5093d,pool_games,lin,shape=129-1)@1
419	735	9	1840	641	1199	336	584	305	615	50.9	12.984	12.693	43642	54	gone	ab(deep=6,tt,ord,nodes=200k)@1.learned(model=94,784bb5fe,pool_games,lin,shape=129-1)@1.opener(rand,moves=8)@1
420	735	8	2400	916	1484	466	734	450	750	43.8	5.272	9.144	26813	56	gone	ab(deep=6,tt,ord,nodes=200k)@1.classic(chip=100)@2.dil(prob=18)@1
421	733	25	196	86	110	50	48	36	62	46.3	8.481	7.095	1543	57	gone	ab(d4,tt,ord,nb200k)@1.learned(s35,e0fe5acd)@1
422	733	25	318	126	192	69	90	57	102	38.2	5.891	7.611	33363	57	gone	ab(deep=6,tt,ord,nodes=200k)@1.classic(chip=100)@1.dil(prob=22)@1
423	730	7	3404	1615	1789	807	895	808	894	56.1	60.114	59.356	14830	46	on	ab(deep=4)@2.learned(model=115,21d7e638,position_elo,mlp,mu_shape=129-512-8-1,sigma_shape=129-64-1)@1
424	729	10	1756	606	1150	295	583	311	567	58.5	65.623	63.162	14119	46	gone	ab(deep=4)@1.learned(model=113,e3cc8b4e,position_elo,mlp,mu_shape=129-512-8-1,sigma_shape=129-64-1)@1
425	728	8	2252	872	1380	445	681	427	699	53.0	1.653	2.734	17288	64	gone	ab(deep=4)@1.exp(chip=65,column=1,forward=14)@2
426	728	10	1756	604	1152	346	532	258	620	57.6	56.449	54.276	12539	46	gone	ab(deep=4)@1.learned(model=110,1466db6c,position_elo,mlp,mu_shape=129-512-8-1,sigma_shape=129-64-1)@1
427	726	25	196	84	112	45	53	39	59	47.8	6.147	4.624	1671	60	gone	ab(d4,tt,ord,nb200k)@1.learned(s17,56ed7027)@1
428	726	25	196	84	112	39	59	45	53	47.8	9.923	7.920	1648	56	gone	ab(d4,tt,ord,nb200k)@1.learned(s33,b02b58b6)@1
429	723	7	3404	1588	1816	828	874	760	942	55.8	51.104	50.413	13069	46	on	ab(deep=4)@2.learned(model=110,1466db6c,position_elo,mlp,mu_shape=129-512-8-1,sigma_shape=129-64-1)@1
430	721	5	6944	2426	4518	1307	2165	1119	2353	51.0	11.904	11.777	43637	53	on	ab(deep=6,tt,ord,nodes=200k)@2.learned(model=94,784bb5fe,pool_games,lin,shape=129-1)@1.opener(rand,moves=8)@1
431	721	5	6944	2420	4524	1296	2176	1124	2348	50.9	11.638	11.528	43636	53	on	ab(deep=6,tt,ord,time=150ms)@2.learned(model=94,784bb5fe,pool_games,lin,shape=129-1)@1.opener(rand,moves=8)@1
432	720	16	524	309	215	140	122	169	93	57.4	0.340	0.284	1030	88	gone	ab(deep=4,tt,ord,nodes=200k)@1.learned(model=45,d675341a,teacher_games(deep=4),lin,shape=129-1)@1
433	719	20	504	200	304	107	145	93	159	37.2	0.006	0.002	113	476	gone	ab(deep=2)@1.classic(chip=100)@1
434	719	10	1756	588	1168	248	630	340	538	57.4	66.276	63.785	14387	45	gone	ab(deep=4)@1.learned(model=115,21d7e638,position_elo,mlp,mu_shape=129-512-8-1,sigma_shape=129-64-1)@1
435	719	25	196	82	114	44	54	38	60	47.2	6.299	4.811	1729	59	gone	ab(d4,tt,ord,nb200k)@1.learned(s19,37dc9a9a)@1
436	719	25	196	82	114	47	51	35	63	48.0	5.924	4.747	1651	59	gone	ab(d4,tt,ord,nb200k)@1.learned(s21,29061624)@1
437	719	25	196	82	114	43	55	39	59	49.3	6.487	5.033	1753	58	gone	ab(d4,tt,ord,nb200k)@1.learned(s26,d70c5070)@1
438	718	7	3404	1568	1836	780	922	788	914	53.7	2.658	2.634	17474	63	on	ab(deep=4)@2.exp(chip=64,column=1,forward=15)@2
439	717	7	3404	1565	1839	778	924	787	915	53.5	2.673	2.631	17552	63	on	ab(deep=4)@2.exp(chip=65,column=1,forward=14)@2
440	716	10	1796	590	1206	323	575	267	631	47.5	0.614	0.573	2266	78	gone	ab(deep=4,tt,ord,nodes=200k)@1.learned(model=10,fead67b7,weight_merge,lin,shape=129-1)@1
441	716	25	196	81	115	41	57	40	58	48.4	9.674	7.701	1620	55	gone	ab(d4,tt,ord,nb200k)@1.learned(s28,6d10efee)@1
442	712	25	196	80	116	41	57	39	59	49.6	10.123	8.462	1788	55	gone	ab(d4,tt,ord,nb200k)@1.learned(s37,97ad3321)@1
443	710	10	1840	592	1248	336	584	256	664	50.5	12.381	12.160	41044	52	gone	ab(deep=6,tt,ord,nodes=200k)@1.learned(model=95,07792e69,pool_games,lin,shape=129-1)@1.opener(rand,moves=8)@1
444	710	10	1756	570	1186	298	580	272	606	55.7	63.487	61.086	14152	45	gone	ab(deep=4)@1.learned(model=112,baa2951a,position_elo,mlp,mu_shape=129-512-8-1,sigma_shape=129-64-1)@1
445	709	25	196	79	117	42	56	37	61	48.3	10.243	7.770	1666	55	gone	ab(d4,tt,ord,nb200k)@1.learned(s29,ef8eac9c)@1
446	706	10	1736	559	1177	304	564	255	613	51.8	12.915	12.495	41163	52	gone	ab(deep=6,tt,ord,time=150ms)@1.learned(model=95,07792e69,pool_games,lin,shape=129-1)@1.opener(rand,moves=8)@1
447	705	16	524	299	225	132	130	167	95	58.7	0.309	0.272	956	87	gone	ab(deep=4,tt,ord,nodes=200k)@1.learned(model=34,d9ec0240,teacher_games(deep=6),lin,shape=129-1)@1
448	705	25	196	78	118	41	57	37	61	42.5	6.077	4.457	1563	58	gone	ab(d4,tt,ord,nb200k)@1.learned(s16,500afc93)@1
449	705	10	1756	561	1195	312	566	249	629	58.8	65.359	62.947	14342	44	gone	ab(deep=4)@1.learned(model=114,316257e9,position_elo,mlp,mu_shape=129-512-8-1,sigma_shape=129-64-1)@1
450	704	10	1736	556	1180	271	597	285	583	49.2	20.519	19.724	64225	49	gone	ab(deep=6,tt,ord,time=150ms)@1.learned(model=10,fead67b7,weight_merge,lin,shape=129-1)@1.dil(prob=20)@1
451	704	10	1736	555	1181	277	591	278	590	43.4	10.149	9.738	31561	53	gone	ab(deep=6,tt,ord,time=150ms)@1.classic(chip=100)@2.dil(prob=20)@1
452	702	20	472	93	379	65	171	28	208	50.6	0.460	0.424	1757	80	gone	ab(d4,tt,ord,nb200k)@1.learned(s7,c7f7ce61,value,lin,129-1,con100)@1
453	700	5	6944	2277	4667	1170	2302	1107	2365	43.9	9.789	9.665	36419	53	on	ab(deep=6,tt,ord,nodes=200k)@2.classic(chip=100)@2.dil(prob=18)@1
454	699	7	3404	1498	1906	815	887	683	1019	56.1	56.522	55.476	14304	44	on	ab(deep=4)@2.learned(model=112,baa2951a,position_elo,mlp,mu_shape=129-512-8-1,sigma_shape=129-64-1)@1
455	699	10	1736	547	1189	297	571	250	618	50.2	17.530	16.877	56622	50	gone	ab(deep=6,tt,ord,nodes=200k)@1.learned(model=98,5801570e,pool_games,lin,shape=129-1)@1.dil(prob=20)@1
456	698	10	1736	545	1191	264	604	281	587	50.4	20.465	19.678	66638	49	gone	ab(deep=6,tt,ord,time=150ms)@1.learned(model=76,ef183148,position_elo,lin,mu_shape=129-1,sigma_shape=129-1)@1.dil(prob=20)@1
457	698	25	196	76	120	44	54	32	66	49.2	12.069	9.331	1909	53	gone	ab(d4,tt,ord,nb200k)@1.learned(s27,12a6c33c)@1
458	697	7	3404	1490	1914	751	951	739	963	31.4	0.003	0.002	24	400	on	ab(deep=1)@2.classic(chip=100)@2
459	697	5	6944	2258	4686	1293	2179	965	2507	51.2	11.223	11.101	41665	52	on	ab(deep=6,tt,ord,time=150ms)@2.learned(model=95,07792e69,pool_games,lin,shape=129-1)@1.opener(rand,moves=8)@1
460	696	5	6944	2253	4691	1124	2348	1129	2343	48.4	18.336	18.105	66669	49	on	ab(deep=6,tt,ord,time=150ms)@2.learned(model=10,fead67b7,weight_merge,lin,shape=129-1)@1.dil(prob=20)@1
461	695	7	3404	1482	1922	748	954	734	968	51.4	0.020	0.019	192	160	on	ab(deep=2)@2.learned(model=76,ef183148,position_elo,lin,mu_shape=129-1,sigma_shape=129-1)@1
462	694	25	196	75	121	42	56	33	65	49.3	9.031	7.509	1638	54	gone	ab(d4,tt,ord,nb200k)@1.learned(s31,19904e2a)@1
463	693	16	524	290	234	151	111	139	123	60.7	0.375	0.341	1171	82	gone	ab(deep=4,tt,ord,nodes=200k)@1.learned(model=13,629d8cc2,teacher_games(deep=2),lin,shape=129-1)@1
464	693	16	524	290	234	156	106	134	128	62.8	0.306	0.264	928	86	gone	ab(deep=4,tt,ord,nodes=200k)@1.learned(model=22,a80f6d17,teacher_games(deep=4),lin,shape=129-1)@1
465	691	25	196	74	122	43	55	31	67	47.4	8.898	7.248	1596	54	gone	ab(d4,tt,ord,nb200k)@1.learned(s36,31b20ca2)@1
466	691	25	196	74	122	41	57	33	65	48.0	8.793	7.211	1611	54	gone	ab(d4,tt,ord,nb200k)@1.learned(s38,2df06048)@1
467	689	10	1736	529	1207	277	591	252	616	51.7	377.824	347.646	76119	37	gone	ab(deep=6,tt,ord,nodes=200k)@1.learned(model=111,78ef6974,position_elo,mlp,mu_shape=129-512-8-1,sigma_shape=129-64-1)@1.dil(prob=20)@1
468	689	10	1772	535	1237	264	630	271	607	51.5	0.019	0.014	191	177	gone	ab(deep=2)@1.learned(model=76,ef183148,position_elo,lin,mu_shape=129-1,sigma_shape=129-1)@1
469	688	20	472	87	385	57	179	30	206	50.8	0.467	0.452	1808	78	gone	ab(d4,tt,ord,nb200k)@1.learned(s6,eac8ab99,value,lin,129-1,con100)@1
470	688	10	1772	533	1239	366	528	167	711	53.1	1.613	1.504	217	65	gone	ab(deep=2)@1.learned(model=78,2fa21eda,position_elo,mlp,mu_shape=129-128-64-1,sigma_shape=129-32-1)@1
471	687	10	1736	526	1210	258	610	268	600	48.5	21.421	19.807	63699	48	gone	ab(deep=6,tt,ord,nodes=200k)@1.learned(model=10,fead67b7,weight_merge,lin,shape=129-1)@1.dil(prob=20)@1
472	687	5	6944	2193	4751	1248	2224	945	2527	51.1	11.489	11.384	41633	51	on	ab(deep=6,tt,ord,nodes=200k)@2.learned(model=95,07792e69,pool_games,lin,shape=129-1)@1.opener(rand,moves=8)@1
473	686	10	1736	524	1212	281	587	243	625	50.1	19.175	18.416	62671	48	gone	ab(deep=6,tt,ord,nodes=200k)@1.learned(model=8,6f1a4264,pool_games,lin,shape=129-1)@1.dil(prob=20)@1
474	684	10	1736	520	1216	272	596	248	620	50.7	20.139	19.379	65037	48	gone	ab(deep=6,tt,ord,nodes=200k)@1.learned(model=76,ef183148,position_elo,lin,mu_shape=129-1,sigma_shape=129-1)@1.dil(prob=20)@1
475	683	8	2336	773	1563	398	770	375	793	43.1	5.316	8.858	27212	52	gone	ab(deep=6,tt,ord,nodes=200k)@1.classic(chip=100)@2.dil(prob=22)@1
476	682	5	6944	2163	4781	1038	2434	1125	2347	48.6	18.536	18.171	66011	48	on	ab(deep=6,tt,ord,nodes=200k)@2.learned(model=10,fead67b7,weight_merge,lin,shape=129-1)@1.dil(prob=20)@1
477	682	10	1736	516	1220	261	607	255	613	43.9	10.857	9.968	31698	51	gone	ab(deep=6,tt,ord,nodes=200k)@1.classic(chip=100)@2.dil(prob=20)@1
478	678	25	318	110	208	52	107	58	101	38.3	5.691	7.216	31655	53	gone	ab(deep=6,tt,ord,nodes=200k)@1.classic(chip=100)@1.dil(prob=28)@1
479	677	16	524	279	245	127	135	152	110	51.5	0.267	0.257	789	85	gone	ab(deep=4,tt,ord,nodes=200k)@1.learned(model=67,1c5729aa,pool_games,lin,shape=129-1)@1
480	677	10	1736	507	1229	256	612	251	617	50.3	18.559	17.862	60226	48	gone	ab(deep=6,tt,ord,nodes=200k)@1.learned(model=3,68364898,pool_games,lin,shape=129-1)@1.dil(prob=20)@1
481	676	10	1736	506	1230	252	616	254	614	50.7	18.607	17.877	60206	48	gone	ab(deep=6,tt,ord,time=150ms)@1.learned(model=3,68364898,pool_games,lin,shape=129-1)@1.dil(prob=20)@1
482	676	16	524	278	246	164	98	114	148	60.7	0.307	0.267	945	84	gone	ab(deep=4,tt,ord,nodes=200k)@1.learned(model=44,a24e33eb,teacher_games(deep=4),lin,shape=129-1)@1
483	675	5	6944	2113	4831	1084	2388	1029	2443	43.7	9.525	9.419	35838	51	on	ab(deep=6,tt,ord,time=150ms)@2.classic(chip=100)@2.dil(prob=20)@1
484	674	10	1736	503	1233	264	604	239	629	50.6	17.428	16.767	57354	48	gone	ab(deep=6,tt,ord,time=150ms)@1.learned(model=98,5801570e,pool_games,lin,shape=129-1)@1.dil(prob=20)@1
485	674	5	6944	2109	4835	1082	2390	1027	2445	50.1	15.490	15.325	59231	48	on	ab(deep=6,tt,ord,time=150ms)@2.learned(model=98,5801570e,pool_games,lin,shape=129-1)@1.dil(prob=20)@1
486	673	20	504	179	325	88	164	91	161	37.5	4.915	6.031	111833	54	gone	ab(deep=6,nodes=200k)@1.classic(chip=100)@1.dil(prob=25)@1
487	673	5	6944	2103	4841	1070	2402	1033	2439	50.8	17.730	17.536	68096	48	on	ab(deep=6,tt,ord,time=150ms)@2.learned(model=76,ef183148,position_elo,lin,mu_shape=129-1,sigma_shape=129-1)@1.dil(prob=20)@1
488	673	10	1736	501	1235	273	595	228	640	49.6	18.095	17.331	57712	48	gone	ab(deep=6,tt,ord,time=150ms)@1.learned(model=96,990e39e7,pool_games,lin,shape=129-1)@1.dil(prob=20)@1
489	672	25	196	69	127	36	62	33	65	46.8	5.843	4.614	1618	55	gone	ab(d4,tt,ord,nb200k)@1.learned(s18,111d8d80)@1
490	672	25	196	69	127	35	63	34	64	49.6	6.982	5.157	1821	55	gone	ab(d4,tt,ord,nb200k)@1.learned(s20,30a9414b)@1
491	671	10	1840	519	1321	278	642	241	679	59.0	13.953	13.625	49588	49	gone	ab(deep=6,tt,ord,nodes=200k)@1.learned(model=97,87a5093d,pool_games,lin,shape=129-1)@1.opener(rand,moves=4)@1
492	670	5	6944	2085	4859	1049	2423	1036	2436	50.6	17.840	17.632	67202	48	on	ab(deep=6,tt,ord,nodes=200k)@2.learned(model=76,ef183148,position_elo,lin,mu_shape=129-1,sigma_shape=129-1)@1.dil(prob=20)@1
493	670	10	1736	496	1240	239	629	257	611	50.1	18.938	18.280	62006	47	gone	ab(deep=6,tt,ord,nodes=200k)@1.learned(model=4,eb105733,pool_games,lin,shape=129-1)@1.dil(prob=20)@1
494	670	10	1736	495	1241	274	594	221	647	48.0	320.347	308.732	65997	37	gone	ab(deep=6,tt,ord,time=150ms)@1.learned(model=111,78ef6974,position_elo,mlp,mu_shape=129-512-8-1,sigma_shape=129-64-1)@1.opener(rand,moves=8)@1
495	669	5	6944	2075	4869	1066	2406	1009	2463	49.1	16.063	15.880	60242	48	on	ab(deep=6,tt,ord,time=150ms)@2.learned(model=96,990e39e7,pool_games,lin,shape=129-1)@1.dil(prob=20)@1
496	669	5	6944	2074	4870	1047	2425	1027	2445	44.0	9.643	9.507	35849	51	on	ab(deep=6,tt,ord,nodes=200k)@2.classic(chip=100)@2.dil(prob=20)@1
497	668	10	1736	493	1243	255	613	238	630	48.8	18.274	17.543	57569	47	gone	ab(deep=6,tt,ord,nodes=200k)@1.learned(model=96,990e39e7,pool_games,lin,shape=129-1)@1.dil(prob=20)@1
498	668	16	524	272	252	131	131	141	121	57.2	0.390	0.330	1260	80	gone	ab(d4,tt,ord,nb200k)@1.learned(s10,0ff9b1c8)@1
499	666	16	524	271	253	122	140	149	113	50.6	0.586	0.508	796	74	gone	ab(deep=4,tt,ord,nodes=200k)@1.learned(model=61,a4ffae3c,pool_games,lin,shape=30-1)@1
500	665	26	196	67	129	36	62	31	67	48.6	10.041	7.881	1700	51	gone	ab(d4,tt,ord,nb200k)@1.learned(s32,18116b38)@1
501	664	10	1736	486	1250	245	623	241	627	49.8	18.869	18.215	62515	47	gone	ab(deep=6,tt,ord,time=150ms)@1.learned(model=8,6f1a4264,pool_games,lin,shape=129-1)@1.dil(prob=20)@1
502	664	5	6944	2045	4899	1023	2449	1022	2450	50.3	15.839	15.625	59005	48	on	ab(deep=6,tt,ord,nodes=200k)@2.learned(model=98,5801570e,pool_games,lin,shape=129-1)@1.dil(prob=20)@1
503	663	5	6944	2035	4909	1045	2427	990	2482	49.4	16.373	16.187	59810	47	on	ab(deep=6,tt,ord,nodes=200k)@2.learned(model=96,990e39e7,pool_games,lin,shape=129-1)@1.dil(prob=20)@1
504	661	16	524	267	257	130	132	137	125	59.4	0.307	0.273	935	82	gone	ab(deep=4,tt,ord,nodes=200k)@1.learned(model=16,d12688ec,teacher_games(deep=4),lin,shape=129-1)@1
505	661	16	524	267	257	124	138	143	119	55.0	0.364	0.312	1104	80	gone	ab(deep=4,tt,ord,nodes=200k)@1.learned(model=36,f5470908,teacher_games(deep=6),lin,shape=129-1)@1
506	661	16	524	267	257	148	114	119	143	50.1	0.524	0.442	737	75	gone	ab(deep=4,tt,ord,nodes=200k)@1.learned(model=66,847120cf,pool_games,lin,shape=30-1)@1
507	659	5	6944	2014	4930	1049	2423	965	2507	43.8	9.497	9.363	35099	50	on	ab(deep=6,tt,ord,nodes=200k)@2.classic(chip=100)@2.dil(prob=22)@1
508	658	16	524	265	259	132	130	133	129	59.0	0.365	0.311	1065	79	gone	ab(deep=4,tt,ord,nodes=200k)@1.learned(model=42,cc89a549,teacher_games(deep=4),lin,shape=129-1)@1
509	658	10	1736	475	1261	248	620	227	641	48.6	332.301	320.313	69313	36	gone	ab(deep=6,tt,ord,time=150ms)@1.learned(model=113,e3cc8b4e,position_elo,mlp,mu_shape=129-512-8-1,sigma_shape=129-64-1)@1.opener(rand,moves=8)@1
510	657	5	6944	2001	4943	994	2478	1007	2465	50.3	16.631	16.423	61976	47	on	ab(deep=6,tt,ord,nodes=200k)@2.learned(model=3,68364898,pool_games,lin,shape=129-1)@1.dil(prob=20)@1
511	655	16	524	263	261	148	114	115	147	51.6	0.618	0.557	833	72	gone	ab(deep=4,tt,ord,nodes=200k)@1.learned(model=57,a639450c,pool_games,lin,shape=30-1)@1
512	654	16	524	262	262	120	142	142	120	51.0	0.559	0.467	746	74	gone	ab(deep=4,tt,ord,nodes=200k)@1.learned(model=58,8a52cfde,pool_games,lin,shape=30-1)@1
513	653	5	6944	1975	4969	985	2487	990	2482	50.3	16.593	16.388	62669	47	on	ab(deep=6,tt,ord,time=150ms)@2.learned(model=3,68364898,pool_games,lin,shape=129-1)@1.dil(prob=20)@1
514	652	16	524	261	263	114	148	147	115	58.2	0.319	0.270	958	81	gone	ab(deep=4,tt,ord,nodes=200k)@1.learned(model=39,e57b6cbb,teacher_games(deep=4),lin,shape=129-1)@1
515	650	5	5614	1960	3654	970	1837	990	1817	33.1	0.001	0.002	0	371	on	greedy@1.classic(chip=100)@2
516	649	10	1736	460	1276	256	612	204	664	51.5	377.784	363.578	81437	35	gone	ab(deep=6,tt,ord,nodes=200k)@1.learned(model=113,e3cc8b4e,position_elo,mlp,mu_shape=129-512-8-1,sigma_shape=129-64-1)@1.dil(prob=20)@1
517	649	20	504	168	336	82	170	86	166	39.0	0.138	0.184	2984	86	gone	ab(deep=4)@1.classic(chip=100)@1.dil(prob=25)@1
518	648	16	524	258	266	130	132	128	134	57.3	0.323	0.273	987	80	gone	ab(deep=4,tt,ord,nodes=200k)@1.learned(model=49,080031ad,teacher_games(deep=4),lin,shape=129-1)@1
519	648	5	6944	1941	5003	1039	2433	902	2570	51.1	330.045	324.938	78423	35	on	ab(deep=6,tt,ord,nodes=200k)@2.learned(model=111,78ef6974,position_elo,mlp,mu_shape=129-512-8-1,sigma_shape=129-64-1)@1.dil(prob=20)@1
520	647	16	524	257	267	131	131	126	136	58.2	0.303	0.271	932	80	gone	ab(deep=4,tt,ord,nodes=200k)@1.learned(model=47,d8e7cb78,teacher_games(deep=4),lin,shape=129-1)@1
521	645	10	1736	453	1283	225	643	228	640	47.3	16.635	15.951	52405	46	gone	ab(deep=6,tt,ord,nodes=200k)@1.learned(model=99,59815079,pool_games,lin,shape=129-1)@1.dil(prob=20)@1
522	644	5	6944	1921	5023	1009	2463	912	2560	49.9	16.922	16.716	63599	46	on	ab(deep=6,tt,ord,nodes=200k)@2.learned(model=8,6f1a4264,pool_games,lin,shape=129-1)@1.dil(prob=20)@1
523	642	5	6944	1906	5038	882	2590	1024	2448	49.7	16.784	16.586	64192	46	on	ab(deep=6,tt,ord,time=150ms)@2.learned(model=4,eb105733,pool_games,lin,shape=129-1)@1.dil(prob=20)@1
524	641	16	524	253	271	126	136	127	135	53.4	0.273	0.234	790	81	gone	ab(deep=4,tt,ord,nodes=200k)@1.learned(model=68,2a6c5a04,pool_games,lin,shape=129-1)@1
525	641	16	524	253	271	119	143	134	128	55.8	0.324	0.281	1082	79	gone	ab(deep=4,tt,ord,nodes=200k)@1.learned(model=72,c9f64f64,teacher_games(deep=4),lin,shape=129-1)@1
526	641	5	6944	1902	5042	1019	2453	883	2589	50.1	16.656	16.453	64096	46	on	ab(deep=6,tt,ord,time=150ms)@2.learned(model=8,6f1a4264,pool_games,lin,shape=129-1)@1.dil(prob=20)@1
527	640	10	1736	445	1291	200	668	245	623	48.9	18.919	18.187	62546	45	gone	ab(deep=6,tt,ord,time=150ms)@1.learned(model=4,eb105733,pool_games,lin,shape=129-1)@1.dil(prob=20)@1
528	639	16	524	251	273	134	128	117	145	51.8	0.514	0.445	721	73	gone	ab(deep=4,tt,ord,nodes=200k)@1.learned(model=65,3ae65557,pool_games,lin,shape=30-1)@1
529	637	16	524	250	274	109	153	141	121	58.7	0.377	0.297	1145	78	gone	ab(deep=4,tt,ord,nodes=200k)@1.learned(model=52,60638ed7,model_games(gen=?,deep=4),lin,shape=129-1)@1
530	637	16	524	250	274	116	146	134	128	51.1	0.263	0.262	783	79	gone	ab(deep=4,tt,ord,nodes=200k)@1.learned(model=60,3a0fec50,pool_games,lin,shape=129-1)@1
531	634	16	524	248	276	132	130	116	146	56.6	0.342	0.273	1021	78	gone	ab(deep=4,tt,ord,nodes=200k)@1.learned(model=33,3551d6b1,teacher_games(deep=6),lin,shape=129-1)@1
532	633	16	524	247	277	116	146	131	131	55.4	0.338	0.295	1112	77	gone	ab(d4,tt,ord,nb200k)@1.learned(s7,fc796f83)@1
533	633	16	524	247	277	119	143	128	134	54.7	0.296	0.271	1047	78	gone	ab(d4,tt,ord,nb200k)@1.learned(s78,c428beb0)@1
534	632	16	524	246	278	131	131	115	147	56.4	0.312	0.276	1105	78	gone	ab(d4,tt,ord,nb200k)@1.learned(s76,2e412bc4)@1
535	630	10	1736	429	1307	233	635	196	672	46.8	16.369	15.698	52517	45	gone	ab(deep=6,tt,ord,time=150ms)@1.learned(model=99,59815079,pool_games,lin,shape=129-1)@1.dil(prob=20)@1
536	629	16	524	244	280	116	146	128	134	51.3	0.261	0.206	762	82	gone	ab(deep=4,tt,ord,nodes=200k)@1.learned(model=64,e5f3229a,pool_games,lin,shape=129-1)@1
537	629	5	6944	1825	5119	827	2645	998	2474	49.3	17.046	16.807	63598	45	on	ab(deep=6,tt,ord,nodes=200k)@2.learned(model=4,eb105733,pool_games,lin,shape=129-1)@1.dil(prob=20)@1
538	625	16	524	241	283	149	113	92	170	57.9	0.291	0.234	911	79	gone	ab(deep=4,tt,ord,nodes=200k)@1.learned(model=30,7d34ec8a,teacher_games(deep=6),lin,shape=129-1)@1
539	625	16	524	241	283	114	148	127	135	55.7	0.385	0.345	1195	74	gone	ab(deep=4,tt,ord,nodes=200k)@1.learned(model=38,0314b24f,teacher_games(deep=6),lin,shape=129-1)@1
540	625	7	3404	1223	2181	653	1049	570	1132	54.0	88.812	87.936	101639	38	on	ab(deep=6,tt,ord,nodes=200k)@2.learned(model=279,409dc0b3,tdleaf_self,mlp,shape=30-16-1)@1
541	623	16	524	240	284	113	149	127	135	52.2	0.575	0.513	797	69	gone	ab(deep=4,tt,ord,nodes=200k)@1.learned(model=62,78c12b90,pool_games,lin,shape=30-1)@1
542	623	5	6944	1788	5156	937	2535	851	2621	51.3	341.357	337.341	83340	34	on	ab(deep=6,tt,ord,nodes=200k)@2.learned(model=113,e3cc8b4e,position_elo,mlp,mu_shape=129-512-8-1,sigma_shape=129-64-1)@1.dil(prob=20)@1
543	621	5	6944	1779	5165	943	2529	836	2636	58.5	12.676	12.520	49025	46	on	ab(deep=6,tt,ord,nodes=200k)@2.learned(model=97,87a5093d,pool_games,lin,shape=129-1)@1.opener(rand,moves=4)@1
544	619	11	1736	412	1324	210	658	202	666	45.9	16.516	15.857	52819	44	gone	ab(deep=6,tt,ord,time=150ms)@1.learned(model=95,07792e69,pool_games,lin,shape=129-1)@1.dil(prob=20)@1
545	619	7	3404	1203	2201	687	1015	516	1186	52.8	0.495	0.491	218	69	on	ab(deep=2)@2.learned(model=78,2fa21eda,position_elo,mlp,mu_shape=129-128-64-1,sigma_shape=129-32-1)@1
546	617	16	524	235	289	122	140	113	149	57.3	0.259	0.225	987	79	gone	ab(d4,tt,ord,nb200k)@1.learned(s9,e27d9f48)@1
547	614	5	6944	1740	5204	905	2567	835	2637	47.0	14.196	14.016	51665	45	on	ab(deep=6,tt,ord,nodes=200k)@2.learned(model=99,59815079,pool_games,lin,shape=129-1)@1.dil(prob=20)@1
548	614	16	524	233	291	109	153	124	138	56.1	0.265	0.245	1015	77	gone	ab(d4,tt,ord,nb200k)@1.learned(s80,5b9b1a34)@1
549	613	5	6944	1733	5211	921	2551	812	2660	47.3	13.814	13.677	51678	45	on	ab(deep=6,tt,ord,time=150ms)@2.learned(model=99,59815079,pool_games,lin,shape=129-1)@1.dil(prob=20)@1
550	613	6	5614	1741	3873	992	1815	749	2058	54.8	0.006	0.008	0	198	on	greedy@1.classic(chip=10,wall=3,column=2)@2
551	611	16	524	231	293	123	139	108	154	58.0	0.304	0.276	1009	75	gone	ab(deep=4,tt,ord,nodes=200k)@1.learned(model=70,68972f05,teacher_games(deep=4),lin,shape=129-1)@1
552	610	16	524	230	294	118	144	112	150	56.8	0.322	0.275	1114	75	gone	ab(deep=4,tt,ord,nodes=200k)@1.learned(model=73,4b9da81b,teacher_games(deep=4),lin,shape=129-1)@1
553	607	16	524	228	296	116	146	112	150	59.2	0.342	0.319	1085	73	gone	ab(deep=4,tt,ord,nodes=200k)@1.learned(model=48,ee557e97,teacher_games(deep=4),lin,shape=129-1)@1
554	604	16	524	226	298	129	133	97	165	56.6	0.353	0.284	1078	74	gone	ab(deep=4,tt,ord,nodes=200k)@1.learned(model=26,aedd28f9,teacher_games(deep=4),lin,shape=129-1)@1
555	604	16	524	226	298	103	159	123	139	49.9	0.264	0.225	783	77	gone	ab(deep=4,tt,ord,nodes=200k)@1.learned(model=63,716ed803,pool_games,lin,shape=129-1)@1
556	604	7	3404	1149	2255	530	1172	619	1083	60.1	19.061	18.829	70941	43	on	ab(deep=6,tt,ord,nodes=200k)@2.learned(model=531,748d1c8d,tdleaf_self,lin,shape=129-1)@1
557	603	16	524	225	299	106	156	119	143	55.4	0.324	0.280	1200	74	gone	ab(d4,tt,ord,nb200k)@1.learned(s77,ba5a5adb)@1
558	602	11	1736	385	1351	209	659	176	692	46.1	16.813	16.194	53095	43	gone	ab(deep=6,tt,ord,nodes=200k)@1.learned(model=95,07792e69,pool_games,lin,shape=129-1)@1.dil(prob=20)@1
559	601	9	2400	578	1822	299	901	279	921	41.9	5.201	8.352	26878	46	gone	ab(deep=6,tt,ord,nodes=200k)@1.classic(chip=100)@2.dil(prob=28)@1
560	600	11	1736	383	1353	184	684	199	669	45.6	17.521	16.872	56487	43	gone	ab(deep=6,tt,ord,time=150ms)@1.learned(model=94,784bb5fe,pool_games,lin,shape=129-1)@1.dil(prob=20)@1
561	600	7	3404	1136	2268	516	1186	620	1082	57.3	43.651	43.210	79798	39	on	ab(deep=6,tt,ord,nodes=200k)@2.learned(model=261,52cd70f8,tdleaf_self,mlp,shape=129-32-1)@1
562	600	16	524	223	301	97	165	126	136	54.3	0.320	0.284	963	74	gone	ab(deep=4,tt,ord,nodes=200k)@1.learned(model=28,6c8ae585,teacher_games(deep=6),lin,shape=129-1)@1
563	599	16	524	222	302	92	170	130	132	54.6	0.359	0.319	1097	72	gone	ab(deep=4,tt,ord,nodes=200k)@1.learned(model=31,8fd20ff6,teacher_games(deep=6),lin,shape=129-1)@1
564	599	16	524	222	302	109	153	113	149	55.0	0.329	0.319	1084	72	gone	ab(deep=4,tt,ord,nodes=200k)@1.learned(model=69,0f527c41,teacher_games(deep=4),lin,shape=129-1)@1
565	599	16	524	222	302	96	166	126	136	56.0	0.329	0.292	1196	73	gone	ab(deep=4,tt,ord,nodes=200k)@1.learned(model=75,8cb3c846,teacher_games(deep=6),lin,shape=129-1)@1
566	598	6	6944	1643	5301	867	2605	776	2696	41.5	6.207	6.132	102937	48	on	ab(deep=6,nodes=200k)@2.classic(chip=100)@2.dil(prob=25)@1
567	598	9	2336	567	1769	287	881	280	888	42.3	4.084	6.414	100109	47	gone	ab(deep=6,nodes=200k)@1.classic(chip=100)@2.dil(prob=25)@1
568	597	6	6944	1642	5302	866	2606	776	2696	48.9	369.218	364.910	88629	32	on	ab(deep=6,tt,ord,time=150ms)@2.learned(model=111,78ef6974,position_elo,mlp,mu_shape=129-512-8-1,sigma_shape=129-64-1)@1.dil(prob=20)@1
569	597	16	524	221	303	91	171	130	132	65.1	0.405	0.352	1261	71	gone	ab(deep=4,tt,ord,nodes=200k)@1.learned(model=11,4fb7f74b,teacher_games(deep=2),lin,shape=129-1)@1
570	597	16	524	221	303	101	161	120	142	51.5	0.281	0.235	804	76	gone	ab(deep=4,tt,ord,nodes=200k)@1.learned(model=59,57cf2958,pool_games,lin,shape=129-1)@1
571	596	16	524	220	304	105	157	115	147	54.3	0.300	0.282	1051	73	gone	ab(deep=4,tt,ord,nodes=200k)@1.learned(model=74,151941d5,teacher_games(deep=4),lin,shape=129-1)@1
572	595	21	504	145	359	75	177	70	182	56.5	0.004	0.005	0	233	gone	greedy@1.classic(chip=10,wall=3,column=2)@1
573	593	16	524	218	306	108	154	110	152	56.1	0.344	0.320	1191	71	gone	ab(deep=4,tt,ord,nodes=200k)@1.learned(model=71,3f0a5881,teacher_games(deep=4),lin,shape=129-1)@1
574	592	11	1736	371	1365	173	695	198	670	46.3	17.612	16.907	56025	42	gone	ab(deep=6,tt,ord,nodes=200k)@1.learned(model=94,784bb5fe,pool_games,lin,shape=129-1)@1.dil(prob=20)@1
575	592	16	524	217	307	109	153	108	154	64.9	0.337	0.289	1102	72	gone	ab(deep=4,tt,ord,nodes=200k)@1.learned(model=14,3d28f8f6,teacher_games(deep=2),lin,shape=129-1)@1
576	592	16	524	217	307	107	155	110	152	61.4	0.349	0.338	1092	70	gone	ab(deep=4,tt,ord,nodes=200k)@1.learned(model=32,870e9f28,teacher_games(deep=6),lin,shape=129-1)@1
577	590	16	524	216	308	106	156	110	152	54.8	0.340	0.279	1027	73	gone	ab(deep=4,tt,ord,nodes=200k)@1.learned(model=53,8e142fea,model_games(gen=?,deep=4),lin,shape=129-1)@1
578	589	16	524	215	309	107	155	108	154	63.8	0.334	0.284	1035	72	gone	ab(deep=4,tt,ord,nodes=200k)@1.learned(model=23,eb109fd1,teacher_games(deep=4),lin,shape=129-1)@1
579	589	16	524	215	309	99	163	116	146	60.1	0.332	0.306	1034	71	gone	ab(deep=4,tt,ord,nodes=200k)@1.learned(model=41,969172a5,teacher_games(deep=4),lin,shape=129-1)@1
580	588	7	3404	1094	2310	619	1083	475	1227	54.5	0.476	0.475	210	66	on	ab(deep=2)@2.learned(model=77,ddaa5090,position_elo,mlp,mu_shape=129-128-64-1,sigma_shape=129-32-1)@1
581	587	9	2352	545	1807	275	909	270	898	43.2	0.133	0.199	3221	77	gone	ab(deep=4)@1.classic(chip=100)@2.dil(prob=25)@1
582	586	16	524	213	311	127	135	86	176	59.1	0.349	0.299	1066	71	gone	ab(deep=4,tt,ord,nodes=200k)@1.learned(model=18,f6f8e14e,teacher_games(deep=4),lin,shape=129-1)@1
583	586	16	524	213	311	121	141	92	170	56.3	0.393	0.354	1217	69	gone	ab(deep=4,tt,ord,nodes=200k)@1.learned(model=25,2417d2ef,teacher_games(deep=4),lin,shape=129-1)@1
584	585	16	524	212	312	134	128	78	184	59.4	0.326	0.247	1979	73	gone	ab(d4,tt,ord,nb200k)@1.learned(s3,9c12fe2e)@1
585	585	16	524	212	312	106	156	106	156	57.1	0.287	0.240	1109	74	gone	ab(d4,tt,ord,nb200k)@1.learned(s79,b2b57c78)@1
586	585	16	524	212	312	101	161	111	151	54.5	0.260	0.221	986	75	gone	ab(d4,tt,ord,nb200k)@1.learned(s8,126d9fb2)@1
587	585	16	524	212	312	87	175	125	137	59.1	0.360	0.292	1127	71	gone	ab(deep=4,tt,ord,nodes=200k)@1.learned(model=43,3c894531,teacher_games(deep=4),lin,shape=129-1)@1
588	583	16	524	211	313	135	127	76	186	59.0	0.339	0.281	1035	72	gone	ab(deep=4,tt,ord,nodes=200k)@1.learned(model=24,fe676e2e,teacher_games(deep=4),lin,shape=129-1)@1
589	582	11	1840	369	1471	216	704	153	767	53.4	10.582	10.367	37880	44	gone	ab(deep=6,tt,ord,nodes=200k)@1.learned(model=97,87a5093d,pool_games,lin,shape=129-1)@1.opener(rand,moves=8)@1
590	581	6	6944	1551	5393	808	2664	743	2729	41.8	0.195	0.192	3105	77	on	ab(deep=4)@2.classic(chip=100)@2.dil(prob=25)@1
591	580	16	524	209	315	97	165	112	150	55.8	0.321	0.282	996	71	gone	ab(deep=4,tt,ord,nodes=200k)@1.learned(model=50,7279a22a,teacher_games(deep=4),lin,shape=129-1)@1
592	579	6	6944	1537	5407	817	2655	720	2752	49.1	380.145	375.780	93581	31	on	ab(deep=6,tt,ord,time=150ms)@2.learned(model=113,e3cc8b4e,position_elo,mlp,mu_shape=129-512-8-1,sigma_shape=129-64-1)@1.dil(prob=20)@1
593	578	16	524	207	317	93	169	114	148	58.4	0.331	0.293	1037	70	gone	ab(deep=4,tt,ord,nodes=200k)@1.learned(model=46,e59671ae,teacher_games(deep=4),lin,shape=129-1)@1
594	573	11	1736	343	1393	192	676	151	717	53.2	10.936	10.487	37514	43	gone	ab(deep=6,tt,ord,time=150ms)@1.learned(model=97,87a5093d,pool_games,lin,shape=129-1)@1.opener(rand,moves=8)@1
595	573	5	9688	2086	7602	1059	3785	1027	3817	49.4	0.001	0.002	0	419	on	smart(pieces=2)@1
596	572	11	1772	343	1429	180	714	163	715	54.1	1.599	1.485	208	54	gone	ab(deep=2)@1.learned(model=77,ddaa5090,position_elo,mlp,mu_shape=129-128-64-1,sigma_shape=129-32-1)@1
597	571	6	6944	1496	5448	762	2710	734	2738	42.7	8.950	8.834	33055	44	on	ab(deep=6,tt,ord,nodes=200k)@2.classic(chip=100)@2.dil(prob=28)@1
598	570	16	524	202	322	87	175	115	147	57.7	0.321	0.270	995	71	gone	ab(deep=4,tt,ord,nodes=200k)@1.learned(model=17,8a6b139b,teacher_games(deep=4),lin,shape=129-1)@1
599	569	16	524	201	323	107	155	94	168	55.3	0.306	0.269	972	70	gone	ab(d4,tt,ord,nb200k)@1.learned(s6,6078c2b8)@1
600	569	16	524	201	323	111	151	90	172	59.6	0.357	0.305	1116	69	gone	ab(deep=4,tt,ord,nodes=200k)@1.learned(model=37,c07509c1,teacher_games(deep=6),lin,shape=129-1)@1
601	565	6	6944	1463	5481	695	2777	768	2704	46.1	14.976	14.800	56206	41	on	ab(deep=6,tt,ord,time=150ms)@2.learned(model=94,784bb5fe,pool_games,lin,shape=129-1)@1.dil(prob=20)@1
602	565	16	524	198	326	109	153	89	173	59.1	0.329	0.254	979	71	gone	ab(deep=4,tt,ord,nodes=200k)@1.learned(model=27,ee3dc4e8,teacher_games(deep=6),lin,shape=129-1)@1
603	561	6	6944	1441	5503	680	2792	761	2711	46.3	15.211	15.012	55806	40	on	ab(deep=6,tt,ord,nodes=200k)@2.learned(model=94,784bb5fe,pool_games,lin,shape=129-1)@1.dil(prob=20)@1
604	561	16	524	195	329	87	175	108	154	61.5	0.281	0.233	873	71	gone	ab(deep=4,tt,ord,nodes=200k)@1.learned(model=15,4b6e327b,teacher_games(deep=4),lin,shape=129-1)@1
605	558	16	524	193	331	98	164	95	167	52.4	0.357	0.316	1110	67	gone	ab(deep=4,tt,ord,nodes=200k)@1.learned(model=56,000e690f,model_games(gen=?,deep=4),lin,shape=129-1)@1
606	556	6	6944	1417	5527	696	2776	721	2751	46.0	14.043	13.880	52252	40	on	ab(deep=6,tt,ord,time=150ms)@2.learned(model=95,07792e69,pool_games,lin,shape=129-1)@1.dil(prob=20)@1
607	555	6	6944	1412	5532	723	2749	689	2783	45.9	14.394	14.229	52064	40	on	ab(deep=6,tt,ord,nodes=200k)@2.learned(model=95,07792e69,pool_games,lin,shape=129-1)@1.dil(prob=20)@1
608	553	11	1736	315	1421	149	719	166	702	46.6	454.625	437.946	97758	30	gone	ab(deep=6,tt,ord,time=150ms)@1.learned(model=113,e3cc8b4e,position_elo,mlp,mu_shape=129-512-8-1,sigma_shape=129-64-1)@1.dil(prob=20)@1
609	551	11	1736	312	1424	163	705	149	719	46.6	429.244	413.264	91028	30	gone	ab(deep=6,tt,ord,time=150ms)@1.learned(model=111,78ef6974,position_elo,mlp,mu_shape=129-512-8-1,sigma_shape=129-64-1)@1.dil(prob=20)@1
610	548	16	524	186	338	93	169	93	169	60.7	0.343	0.290	1041	67	gone	ab(deep=4,tt,ord,nodes=200k)@1.learned(model=21,bc235a23,teacher_games(deep=4),lin,shape=129-1)@1
611	546	16	524	185	339	97	165	88	174	55.7	0.366	0.304	1140	66	gone	ab(deep=4,tt,ord,nodes=200k)@1.learned(model=54,703d77f7,teacher_games(deep=2),lin,shape=129-1)@1
612	545	9	2268	448	1820	201	941	247	879	35.0	0.001	0.003	24	264	gone	ab(deep=1)@1.classic(chip=100)@2
613	532	16	524	175	349	107	155	68	194	61.4	0.417	0.366	1299	62	gone	ab(deep=4,tt,ord,nodes=200k)@1.learned(model=12,e146a4fd,teacher_games(deep=2),lin,shape=129-1)@1
614	532	16	524	175	349	84	178	91	171	57.1	0.385	0.335	1227	63	gone	ab(deep=4,tt,ord,nodes=200k)@1.learned(model=29,42a2fbaa,teacher_games(deep=6),lin,shape=129-1)@1
615	529	22	504	119	385	53	199	66	186	33.3	0.001	0.002	24	347	gone	ab(deep=1)@1.classic(chip=100)@1
616	526	12	1772	281	1491	145	749	136	742	50.9	4.372	4.115	216	44	gone	ab(deep=2)@1.learned(model=79,18f19059,position_elo,mlp,mu_shape=129-256-128-1,sigma_shape=129-64-1)@1
617	526	16	524	171	353	63	199	108	154	53.4	0.322	0.275	982	65	gone	ab(deep=4,tt,ord,nodes=200k)@1.learned(model=19,b002ba49,teacher_games(deep=4),lin,shape=129-1)@1
618	523	8	3404	885	2519	458	1244	427	1275	53.5	1.208	1.189	214	51	on	ab(deep=2)@2.learned(model=79,18f19059,position_elo,mlp,mu_shape=129-256-128-1,sigma_shape=129-64-1)@1
619	520	6	6944	1237	5707	666	2806	571	2901	51.8	9.680	9.565	37554	39	on	ab(deep=6,tt,ord,nodes=200k)@2.learned(model=97,87a5093d,pool_games,lin,shape=129-1)@1.opener(rand,moves=8)@1
620	520	16	524	167	357	76	186	91	171	56.1	0.290	0.240	1769	66	gone	ab(d4,tt,ord,nb200k)@1.learned(s5,02a0e14f)@1
621	518	22	504	115	389	55	197	60	192	33.6	0.001	0.000	0	-	gone	greedy@1.classic(chip=100)@1
622	517	6	6944	1225	5719	661	2811	564	2908	52.2	9.398	9.280	37406	39	on	ab(deep=6,tt,ord,time=150ms)@2.learned(model=97,87a5093d,pool_games,lin,shape=129-1)@1.opener(rand,moves=8)@1
623	514	10	2336	394	1942	200	968	194	974	40.8	4.727	7.916	24596	40	gone	ab(deep=6,tt,ord,nodes=200k)@1.classic(chip=100)@2.dil(prob=35)@1
624	509	16	524	160	364	66	196	94	168	53.9	0.309	0.252	961	64	gone	ab(d4,tt,ord,nb200k)@1.learned(s20,2fd22539)@1
625	508	12	1736	257	1479	145	723	112	756	46.0	15.595	15.042	53517	37	gone	ab(deep=6,tt,ord,time=150ms)@1.learned(model=97,87a5093d,pool_games,lin,shape=129-1)@1.dil(prob=20)@1
626	507	28	318	66	252	36	123	30	129	37.7	5.622	6.720	31845	40	gone	ab(deep=6,tt,ord,nodes=200k)@1.classic(chip=100)@1.dil(prob=35)@1
627	506	16	524	158	366	84	178	74	188	60.2	0.375	0.325	1220	61	gone	ab(deep=4,tt,ord,nodes=200k)@1.learned(model=51,58f9dd8c,teacher_games(deep=2),lin,shape=129-1)@1
628	506	16	524	158	366	76	186	82	180	52.8	0.346	0.280	1064	62	gone	ab(deep=4,tt,ord,nodes=200k)@1.learned(model=55,a8f871c9,model_games(gen=?,deep=4),lin,shape=129-1)@1
629	499	6	6944	1140	5804	571	2901	569	2903	41.6	8.102	8.000	30295	38	on	ab(deep=6,tt,ord,nodes=200k)@2.classic(chip=100)@2.dil(prob=35)@1
630	494	12	1736	241	1495	135	733	106	762	46.4	15.923	15.389	53711	36	gone	ab(deep=6,tt,ord,nodes=200k)@1.learned(model=97,87a5093d,pool_games,lin,shape=129-1)@1.dil(prob=20)@1
631	494	17	524	150	374	77	185	73	189	56.8	0.257	0.195	760	65	gone	ab(deep=4,tt,ord,nodes=200k)@1.learned(model=40,71aad91c,teacher_games(deep=4),lin,shape=129-1)@1
632	483	5	9688	1457	8231	734	4110	723	4121	50.1	0.001	0.001	0	377	on	smart(pieces=4)@1
633	483	17	524	143	381	79	183	64	198	56.9	0.276	0.224	1620	62	gone	ab(d4,tt,ord,nb200k)@1.learned(s4,c324e8a7)@1
634	471	17	524	136	388	56	206	80	182	56.8	0.380	0.292	1208	58	gone	ab(deep=4,tt,ord,nodes=200k)@1.learned(model=35,adc3f876,teacher_games(deep=6),lin,shape=129-1)@1
635	467	29	318	57	261	33	126	24	135	36.7	5.165	5.991	29635	37	gone	ab(deep=6,tt,ord,nodes=200k)@1.classic(chip=100)@1.dil(prob=43)@1
636	455	7	6944	952	5992	518	2954	434	3038	45.9	12.978	12.800	52027	33	on	ab(deep=6,tt,ord,time=150ms)@2.learned(model=97,87a5093d,pool_games,lin,shape=129-1)@1.dil(prob=20)@1
637	454	6	9688	1279	8409	624	4220	655	4189	48.0	0.001	0.002	0	317	on	smart(pieces=6)@1
638	448	7	6944	925	6019	509	2963	416	3056	46.1	13.225	13.057	51606	33	on	ab(deep=6,tt,ord,nodes=200k)@2.learned(model=97,87a5093d,pool_games,lin,shape=129-1)@1.dil(prob=20)@1
639	447	11	2400	279	2121	145	1055	134	1066	39.4	4.293	6.963	22343	35	gone	ab(deep=6,tt,ord,nodes=200k)@1.classic(chip=100)@2.dil(prob=43)@1
640	437	6	9688	1187	8501	592	4252	595	4249	46.5	0.001	0.001	0	357	on	tiered@1
641	418	7	6944	814	6130	443	3029	371	3101	39.8	7.234	7.130	27115	33	on	ab(deep=6,tt,ord,nodes=200k)@2.classic(chip=100)@2.dil(prob=43)@1
642	394	25	504	73	431	35	217	38	214	35.4	3.089	4.231	70009	33	gone	ab(deep=6,nodes=200k)@1.classic(chip=100)@1.dil(prob=50)@1
643	392	12	2336	200	2136	94	1074	106	1062	38.3	2.817	4.412	69152	32	gone	ab(deep=6,nodes=200k)@1.classic(chip=100)@2.dil(prob=50)@1
644	382	12	2336	187	2149	99	1069	88	1080	38.3	0.092	0.129	2205	54	gone	ab(deep=4)@1.classic(chip=100)@2.dil(prob=50)@1
645	377	32	318	39	279	21	138	18	141	33.7	4.301	5.078	24222	31	gone	ab(deep=6,tt,ord,nodes=200k)@1.classic(chip=100)@1.dil(prob=52)@1
646	344	13	2336	142	2194	80	1088	62	1106	36.7	3.888	6.069	20222	27	gone	ab(deep=6,tt,ord,nodes=200k)@1.classic(chip=100)@2.dil(prob=52)@1
647	335	8	6944	558	6386	285	3187	273	3199	37.9	4.326	4.269	71120	28	on	ab(deep=6,nodes=200k)@2.classic(chip=100)@2.dil(prob=50)@1
648	330	8	6944	545	6399	303	3169	242	3230	38.2	0.134	0.136	2105	47	on	ab(deep=4)@2.classic(chip=100)@2.dil(prob=50)@1
649	330	27	504	55	449	31	221	24	228	34.3	0.103	0.130	2209	47	gone	ab(deep=4)@1.classic(chip=100)@1.dil(prob=50)@1
650	310	9	6944	495	6449	257	3215	238	3234	38.1	6.262	6.171	23432	25	on	ab(deep=6,tt,ord,nodes=200k)@2.classic(chip=100)@2.dil(prob=52)@1
651	271	36	318	22	296	13	146	9	150	31.4	3.071	3.684	17364	23	gone	ab(deep=6,tt,ord,nodes=200k)@1.classic(chip=100)@1.dil(prob=63)@1
652	267	15	2400	69	2331	37	1163	32	1168	33.8	2.900	4.742	15389	22	gone	ab(deep=6,tt,ord,nodes=200k)@1.classic(chip=100)@2.dil(prob=63)@1
653	215	17	2336	32	2304	22	1146	10	1158	31.2	2.028	3.335	10889	18	gone	ab(deep=6,tt,ord,nodes=200k)@1.classic(chip=100)@2.dil(prob=75)@1
654	210	40	318	14	304	8	151	6	153	28.7	2.805	2.590	15640	18	gone	ab(deep=6,tt,ord,nodes=200k)@1.classic(chip=100)@1.dil(prob=75)@1
655	192	11	6944	265	6679	144	3328	121	3351	35.3	5.059	4.974	18811	16	on	ab(deep=6,tt,ord,nodes=200k)@2.classic(chip=100)@2.dil(prob=63)@1
656	65	14	6944	115	6829	59	3413	56	3416	32.3	3.462	3.382	12989	6	on	ab(deep=6,tt,ord,nodes=200k)@2.classic(chip=100)@2.dil(prob=75)@1
657	0	14	11096	9	11087	6	5542	3	5545	25.8	0.001	0.001	0	-	anchor	rand@1
