# Current standings: active roster only, from the same fit as ratings.tsv.
# Compare Elo only WITHIN one head and WITHIN this file (never across fits).
# Retired ('gone') agents are excluded by design; see ratings.tsv for the full history.
# eff_evaluator elides the turn weight t when the search cannot act on it (no qs/part):
#   t shifts every leaf by one constant at fixed depth, so it reorders nothing there.
#   Compare cores on eff_evaluator; 'evaluator' and 'id' keep the exact canonical form.
head	elo	pm	games	cpu_ms_move	active	eff_evaluator	evaluator	id
ab(deep=12,tt,ord,time=150ms)@3	1235	10	3664	58.604	on	learned(model=169,4975683c,tdleaf_self,lin,shape=129-1)@1	learned(model=169,4975683c,tdleaf_self,lin,shape=129-1)@1	ab(deep=12,tt,ord,time=150ms)@3.learned(model=169,4975683c,tdleaf_self,lin,shape=129-1)@1
ab(deep=12,tt,ord,time=150ms)@3	1059	8	3664	68.830	on	classic(chip=100)@2	classic(chip=100)@2	ab(deep=12,tt,ord,time=150ms)@3.classic(chip=100)@2
ab(deep=6,tt,ord,nodes=200k)@3	1201	7	6044	25.190	on	learned(model=169,4975683c,tdleaf_self,lin,shape=129-1)@1	learned(model=169,4975683c,tdleaf_self,lin,shape=129-1)@1	ab(deep=6,tt,ord,nodes=200k)@3.learned(model=169,4975683c,tdleaf_self,lin,shape=129-1)@1
ab(deep=6,tt,ord,nodes=200k)@3	1185	7	6044	25.955	on	learned(model=602,68cbb27d,tdleaf_self,lin,shape=129-1)@1	learned(model=602,68cbb27d,tdleaf_self,lin,shape=129-1)@1	ab(deep=6,tt,ord,nodes=200k)@3.learned(model=602,68cbb27d,tdleaf_self,lin,shape=129-1)@1
ab(deep=6,tt,ord,nodes=200k)@3	1155	7	6042	26.169	on	learned(model=349,5ee50d5c,tdleaf_self,lin,shape=129-1)@1	learned(model=349,5ee50d5c,tdleaf_self,lin,shape=129-1)@1	ab(deep=6,tt,ord,nodes=200k)@3.learned(model=349,5ee50d5c,tdleaf_self,lin,shape=129-1)@1
ab(deep=6,tt,ord,nodes=200k)@3	1130	7	6044	27.314	on	learned(model=603,2da121ee,tdleaf_self,lin,shape=129-1)@1	learned(model=603,2da121ee,tdleaf_self,lin,shape=129-1)@1	ab(deep=6,tt,ord,nodes=200k)@3.learned(model=603,2da121ee,tdleaf_self,lin,shape=129-1)@1
ab(deep=6,tt,ord,nodes=200k)@3	1122	7	6044	28.056	on	learned(model=171,10d3530c,tdleaf_self,lin,shape=129-1)@1	learned(model=171,10d3530c,tdleaf_self,lin,shape=129-1)@1	ab(deep=6,tt,ord,nodes=200k)@3.learned(model=171,10d3530c,tdleaf_self,lin,shape=129-1)@1
ab(deep=6,tt,ord,nodes=200k)@3	1113	6	6044	27.625	on	learned(model=351,42d88d8e,tdleaf_self,lin,shape=129-1)@1	learned(model=351,42d88d8e,tdleaf_self,lin,shape=129-1)@1	ab(deep=6,tt,ord,nodes=200k)@3.learned(model=351,42d88d8e,tdleaf_self,lin,shape=129-1)@1
ab(deep=6,tt,ord,nodes=200k)@3	1110	6	6044	10.925	on	classic(chip=100)@2.opener(book,book=2)@1	classic(chip=100)@2.opener(book,book=2)@1	ab(deep=6,tt,ord,nodes=200k)@3.classic(chip=100)@2.opener(book,book=2)@1
ab(deep=6,tt,ord,nodes=200k)@3	1102	6	6044	10.956	on	classic(chip=100)@2.opener(book,book=9)@1	classic(chip=100)@2.opener(book,book=9)@1	ab(deep=6,tt,ord,nodes=200k)@3.classic(chip=100)@2.opener(book,book=9)@1
ab(deep=6,tt,ord,nodes=200k)@3	1100	6	6042	11.107	on	classic(chip=100)@2.opener(book,book=8)@1	classic(chip=100)@2.opener(book,book=8)@1	ab(deep=6,tt,ord,nodes=200k)@3.classic(chip=100)@2.opener(book,book=8)@1
ab(deep=6,tt,ord,nodes=200k)@3	1100	6	6044	11.277	on	classic(chip=100)@2.opener(book,book=7)@1	classic(chip=100)@2.opener(book,book=7)@1	ab(deep=6,tt,ord,nodes=200k)@3.classic(chip=100)@2.opener(book,book=7)@1
ab(deep=6,tt,ord,nodes=200k)@3	1099	6	6044	10.729	on	classic(chip=100)@2.opener(book,book=4)@1	classic(chip=100)@2.opener(book,book=4)@1	ab(deep=6,tt,ord,nodes=200k)@3.classic(chip=100)@2.opener(book,book=4)@1
ab(deep=6,tt,ord,nodes=200k)@3	1094	6	6044	11.339	on	classic(chip=100)@2.opener(book,book=14)@1	classic(chip=100)@2.opener(book,book=14)@1	ab(deep=6,tt,ord,nodes=200k)@3.classic(chip=100)@2.opener(book,book=14)@1
ab(deep=6,tt,ord,nodes=200k)@3	1081	6	6044	18.046	on	learned(model=441,01db390c,tdleaf_self,lin,shape=129-1)@1	learned(model=441,01db390c,tdleaf_self,lin,shape=129-1)@1	ab(deep=6,tt,ord,nodes=200k)@3.learned(model=441,01db390c,tdleaf_self,lin,shape=129-1)@1
ab(deep=6,tt,ord,nodes=200k)@3	1080	6	6042	11.293	on	classic(chip=100)@2.opener(book,book=13)@1	classic(chip=100)@2.opener(book,book=13)@1	ab(deep=6,tt,ord,nodes=200k)@3.classic(chip=100)@2.opener(book,book=13)@1
ab(deep=6,tt,ord,nodes=200k)@3	1071	6	6044	10.857	on	classic(chip=100)@2.opener(book,book=1)@1	classic(chip=100)@2.opener(book,book=1)@1	ab(deep=6,tt,ord,nodes=200k)@3.classic(chip=100)@2.opener(book,book=1)@1
ab(deep=6,tt,ord,nodes=200k)@3	1062	6	6044	18.633	on	learned(model=96,990e39e7,pool_games,lin,shape=129-1)@1	learned(model=96,990e39e7,pool_games,lin,shape=129-1)@1	ab(deep=6,tt,ord,nodes=200k)@3.learned(model=96,990e39e7,pool_games,lin,shape=129-1)@1
ab(deep=6,tt,ord,nodes=200k)@3	1061	6	6044	11.333	on	classic(chip=100)@2	classic(chip=100)@2	ab(deep=6,tt,ord,nodes=200k)@3.classic(chip=100)@2
ab(deep=6,tt,ord,nodes=200k)@3	1060	6	6042	18.048	on	learned(model=98,5801570e,pool_games,lin,shape=129-1)@1.opener(book,book=16)@1	learned(model=98,5801570e,pool_games,lin,shape=129-1)@1.opener(book,book=16)@1	ab(deep=6,tt,ord,nodes=200k)@3.learned(model=98,5801570e,pool_games,lin,shape=129-1)@1.opener(book,book=16)@1
ab(deep=6,tt,ord,nodes=200k)@3	1058	6	6043	18.037	on	learned(model=98,5801570e,pool_games,lin,shape=129-1)@1.opener(book,book=10)@1	learned(model=98,5801570e,pool_games,lin,shape=129-1)@1.opener(book,book=10)@1	ab(deep=6,tt,ord,nodes=200k)@3.learned(model=98,5801570e,pool_games,lin,shape=129-1)@1.opener(book,book=10)@1
ab(deep=6,tt,ord,nodes=200k)@3	1056	6	6042	21.957	on	learned(model=10,fead67b7,weight_merge,lin,shape=129-1)@1	learned(model=10,fead67b7,weight_merge,lin,shape=129-1)@1	ab(deep=6,tt,ord,nodes=200k)@3.learned(model=10,fead67b7,weight_merge,lin,shape=129-1)@1
ab(deep=6,tt,ord,nodes=200k)@3	1054	6	6044	17.319	on	learned(model=98,5801570e,pool_games,lin,shape=129-1)@1.opener(book,book=12)@1	learned(model=98,5801570e,pool_games,lin,shape=129-1)@1.opener(book,book=12)@1	ab(deep=6,tt,ord,nodes=200k)@3.learned(model=98,5801570e,pool_games,lin,shape=129-1)@1.opener(book,book=12)@1
ab(deep=6,tt,ord,nodes=200k)@3	1052	6	6042	17.661	on	learned(model=98,5801570e,pool_games,lin,shape=129-1)@1.opener(book,book=11)@1	learned(model=98,5801570e,pool_games,lin,shape=129-1)@1.opener(book,book=11)@1	ab(deep=6,tt,ord,nodes=200k)@3.learned(model=98,5801570e,pool_games,lin,shape=129-1)@1.opener(book,book=11)@1
ab(deep=6,tt,ord,nodes=200k)@3	1051	6	6043	18.207	on	learned(model=98,5801570e,pool_games,lin,shape=129-1)@1.opener(book,book=15)@1	learned(model=98,5801570e,pool_games,lin,shape=129-1)@1.opener(book,book=15)@1	ab(deep=6,tt,ord,nodes=200k)@3.learned(model=98,5801570e,pool_games,lin,shape=129-1)@1.opener(book,book=15)@1
ab(deep=6,tt,ord,nodes=200k)@3	1048	6	6042	17.125	on	learned(model=98,5801570e,pool_games,lin,shape=129-1)@1.opener(book,book=4)@1	learned(model=98,5801570e,pool_games,lin,shape=129-1)@1.opener(book,book=4)@1	ab(deep=6,tt,ord,nodes=200k)@3.learned(model=98,5801570e,pool_games,lin,shape=129-1)@1.opener(book,book=4)@1
ab(deep=6,tt,ord,nodes=200k)@3	1047	6	6042	17.780	on	learned(model=98,5801570e,pool_games,lin,shape=129-1)@1.opener(book,book=1)@1	learned(model=98,5801570e,pool_games,lin,shape=129-1)@1.opener(book,book=1)@1	ab(deep=6,tt,ord,nodes=200k)@3.learned(model=98,5801570e,pool_games,lin,shape=129-1)@1.opener(book,book=1)@1
ab(deep=6,tt,ord,nodes=200k)@3	1047	6	6043	17.802	on	learned(model=98,5801570e,pool_games,lin,shape=129-1)@1.opener(book,book=2)@1	learned(model=98,5801570e,pool_games,lin,shape=129-1)@1.opener(book,book=2)@1	ab(deep=6,tt,ord,nodes=200k)@3.learned(model=98,5801570e,pool_games,lin,shape=129-1)@1.opener(book,book=2)@1
ab(deep=6,tt,ord,nodes=200k)@3	1047	6	6042	18.451	on	learned(model=98,5801570e,pool_games,lin,shape=129-1)@1	learned(model=98,5801570e,pool_games,lin,shape=129-1)@1	ab(deep=6,tt,ord,nodes=200k)@3.learned(model=98,5801570e,pool_games,lin,shape=129-1)@1
ab(deep=6,tt,ord,nodes=200k)@3	1031	4	10324	17.182	on	learned(model=96,990e39e7,pool_games,lin,shape=129-1)@1.opener(rand,moves=4)@1	learned(model=96,990e39e7,pool_games,lin,shape=129-1)@1.opener(rand,moves=4)@1	ab(deep=6,tt,ord,nodes=200k)@3.learned(model=96,990e39e7,pool_games,lin,shape=129-1)@1.opener(rand,moves=4)@1
ab(deep=6,tt,ord,nodes=200k)@3	1026	4	10326	19.382	on	learned(model=10,fead67b7,weight_merge,lin,shape=129-1)@1.opener(rand,moves=4)@1	learned(model=10,fead67b7,weight_merge,lin,shape=129-1)@1.opener(rand,moves=4)@1	ab(deep=6,tt,ord,nodes=200k)@3.learned(model=10,fead67b7,weight_merge,lin,shape=129-1)@1.opener(rand,moves=4)@1
ab(deep=6,tt,ord,nodes=200k)@3	1018	4	10326	10.614	on	classic(chip=100)@2.opener(rand,moves=4)@1	classic(chip=100)@2.opener(rand,moves=4)@1	ab(deep=6,tt,ord,nodes=200k)@3.classic(chip=100)@2.opener(rand,moves=4)@1
ab(deep=6,tt,ord,nodes=200k)@3	1011	4	10326	20.065	on	learned(model=76,ef183148,position_elo,lin,mu_shape=129-1,sigma_shape=129-1)@1.opener(rand,moves=4)@1	learned(model=76,ef183148,position_elo,lin,mu_shape=129-1,sigma_shape=129-1)@1.opener(rand,moves=4)@1	ab(deep=6,tt,ord,nodes=200k)@3.learned(model=76,ef183148,position_elo,lin,mu_shape=129-1,sigma_shape=129-1)@1.opener(rand,moves=4)@1
ab(deep=6,tt,ord,nodes=200k)@3	1003	6	6044	49.753	on	learned(model=405,111c40c8,tdleaf_self,mlp,shape=129-32-1)@1	learned(model=405,111c40c8,tdleaf_self,mlp,shape=129-32-1)@1	ab(deep=6,tt,ord,nodes=200k)@3.learned(model=405,111c40c8,tdleaf_self,mlp,shape=129-32-1)@1
ab(deep=6,tt,ord,nodes=200k)@3	1001	6	6043	179.898	on	learned(model=78,2fa21eda,position_elo,mlp,mu_shape=129-128-64-1,sigma_shape=129-32-1)@1	learned(model=78,2fa21eda,position_elo,mlp,mu_shape=129-128-64-1,sigma_shape=129-32-1)@1	ab(deep=6,tt,ord,nodes=200k)@3.learned(model=78,2fa21eda,position_elo,mlp,mu_shape=129-128-64-1,sigma_shape=129-32-1)@1
ab(deep=6,tt,ord,nodes=200k)@3	1000	4	10324	16.881	on	learned(model=98,5801570e,pool_games,lin,shape=129-1)@1.opener(rand,moves=4)@1	learned(model=98,5801570e,pool_games,lin,shape=129-1)@1.opener(rand,moves=4)@1	ab(deep=6,tt,ord,nodes=200k)@3.learned(model=98,5801570e,pool_games,lin,shape=129-1)@1.opener(rand,moves=4)@1
ab(deep=6,tt,ord,nodes=200k)@3	999	6	6044	19.317	on	learned(model=3,68364898,pool_games,lin,shape=129-1)@1	learned(model=3,68364898,pool_games,lin,shape=129-1)@1	ab(deep=6,tt,ord,nodes=200k)@3.learned(model=3,68364898,pool_games,lin,shape=129-1)@1
ab(deep=6,tt,ord,nodes=200k)@3	992	4	10327	9.528	on	classic(chip=100)@2.dil(prob=15,deep=4)@1	classic(chip=100)@2.dil(prob=15,deep=4)@1	ab(deep=6,tt,ord,nodes=200k)@3.classic(chip=100)@2.dil(prob=15,deep=4)@1
ab(deep=6,tt,ord,nodes=200k)@3	986	4	10326	351.297	on	learned(model=111,78ef6974,position_elo,mlp,mu_shape=129-512-8-1,sigma_shape=129-64-1)@1.opener(rand,moves=4)@1	learned(model=111,78ef6974,position_elo,mlp,mu_shape=129-512-8-1,sigma_shape=129-64-1)@1.opener(rand,moves=4)@1	ab(deep=6,tt,ord,nodes=200k)@3.learned(model=111,78ef6974,position_elo,mlp,mu_shape=129-512-8-1,sigma_shape=129-64-1)@1.opener(rand,moves=4)@1
ab(deep=6,tt,ord,nodes=200k)@3	985	6	6044	18.000	on	learned(model=3,68364898,pool_games,lin,shape=129-1)@1.opener(book,book=2)@1	learned(model=3,68364898,pool_games,lin,shape=129-1)@1.opener(book,book=2)@1	ab(deep=6,tt,ord,nodes=200k)@3.learned(model=3,68364898,pool_games,lin,shape=129-1)@1.opener(book,book=2)@1
ab(deep=6,tt,ord,nodes=200k)@3	980	6	6044	405.754	on	learned(model=111,78ef6974,position_elo,mlp,mu_shape=129-512-8-1,sigma_shape=129-64-1)@1	learned(model=111,78ef6974,position_elo,mlp,mu_shape=129-512-8-1,sigma_shape=129-64-1)@1	ab(deep=6,tt,ord,nodes=200k)@3.learned(model=111,78ef6974,position_elo,mlp,mu_shape=129-512-8-1,sigma_shape=129-64-1)@1
ab(deep=6,tt,ord,nodes=200k)@3	975	6	6044	73.883	on	learned(model=387,607b64aa,tdleaf_self,lin,shape=30-1)@1	learned(model=387,607b64aa,tdleaf_self,lin,shape=30-1)@1	ab(deep=6,tt,ord,nodes=200k)@3.learned(model=387,607b64aa,tdleaf_self,lin,shape=30-1)@1
ab(deep=6,tt,ord,nodes=200k)@3	967	6	6044	19.005	on	learned(model=3,68364898,pool_games,lin,shape=129-1)@1.opener(book,book=18)@1	learned(model=3,68364898,pool_games,lin,shape=129-1)@1.opener(book,book=18)@1	ab(deep=6,tt,ord,nodes=200k)@3.learned(model=3,68364898,pool_games,lin,shape=129-1)@1.opener(book,book=18)@1
ab(deep=6,tt,ord,nodes=200k)@3	966	4	10327	8.066	on	classic(chip=100)@2.dil(prob=30,deep=4)@1	classic(chip=100)@2.dil(prob=30,deep=4)@1	ab(deep=6,tt,ord,nodes=200k)@3.classic(chip=100)@2.dil(prob=30,deep=4)@1
ab(deep=6,tt,ord,nodes=200k)@3	964	6	6044	19.066	on	learned(model=3,68364898,pool_games,lin,shape=129-1)@1.opener(book,book=17)@1	learned(model=3,68364898,pool_games,lin,shape=129-1)@1.opener(book,book=17)@1	ab(deep=6,tt,ord,nodes=200k)@3.learned(model=3,68364898,pool_games,lin,shape=129-1)@1.opener(book,book=17)@1
ab(deep=6,tt,ord,nodes=200k)@3	963	6	6042	19.443	on	learned(model=8,6f1a4264,pool_games,lin,shape=129-1)@1	learned(model=8,6f1a4264,pool_games,lin,shape=129-1)@1	ab(deep=6,tt,ord,nodes=200k)@3.learned(model=8,6f1a4264,pool_games,lin,shape=129-1)@1
ab(deep=6,tt,ord,nodes=200k)@3	963	4	10326	17.717	on	learned(model=8,6f1a4264,pool_games,lin,shape=129-1)@1.opener(rand,moves=4)@1	learned(model=8,6f1a4264,pool_games,lin,shape=129-1)@1.opener(rand,moves=4)@1	ab(deep=6,tt,ord,nodes=200k)@3.learned(model=8,6f1a4264,pool_games,lin,shape=129-1)@1.opener(rand,moves=4)@1
ab(deep=6,tt,ord,nodes=200k)@3	960	6	6044	22.237	on	learned(model=76,ef183148,position_elo,lin,mu_shape=129-1,sigma_shape=129-1)@1	learned(model=76,ef183148,position_elo,lin,mu_shape=129-1,sigma_shape=129-1)@1	ab(deep=6,tt,ord,nodes=200k)@3.learned(model=76,ef183148,position_elo,lin,mu_shape=129-1,sigma_shape=129-1)@1
ab(deep=6,tt,ord,nodes=200k)@3	956	5	6042	19.005	on	learned(model=3,68364898,pool_games,lin,shape=129-1)@1.opener(book,book=6)@1	learned(model=3,68364898,pool_games,lin,shape=129-1)@1.opener(book,book=6)@1	ab(deep=6,tt,ord,nodes=200k)@3.learned(model=3,68364898,pool_games,lin,shape=129-1)@1.opener(book,book=6)@1
ab(deep=6,tt,ord,nodes=200k)@3	952	4	10328	17.212	on	learned(model=3,68364898,pool_games,lin,shape=129-1)@1.opener(rand,moves=4)@1	learned(model=3,68364898,pool_games,lin,shape=129-1)@1.opener(rand,moves=4)@1	ab(deep=6,tt,ord,nodes=200k)@3.learned(model=3,68364898,pool_games,lin,shape=129-1)@1.opener(rand,moves=4)@1
ab(deep=6,tt,ord,nodes=200k)@3	943	5	6044	398.582	on	learned(model=114,316257e9,position_elo,mlp,mu_shape=129-512-8-1,sigma_shape=129-64-1)@1	learned(model=114,316257e9,position_elo,mlp,mu_shape=129-512-8-1,sigma_shape=129-64-1)@1	ab(deep=6,tt,ord,nodes=200k)@3.learned(model=114,316257e9,position_elo,mlp,mu_shape=129-512-8-1,sigma_shape=129-64-1)@1
ab(deep=6,tt,ord,nodes=200k)@3	942	4	10326	17.382	on	learned(model=4,eb105733,pool_games,lin,shape=129-1)@1.opener(rand,moves=4)@1	learned(model=4,eb105733,pool_games,lin,shape=129-1)@1.opener(rand,moves=4)@1	ab(deep=6,tt,ord,nodes=200k)@3.learned(model=4,eb105733,pool_games,lin,shape=129-1)@1.opener(rand,moves=4)@1
ab(deep=6,tt,ord,nodes=200k)@3	939	4	10326	6.487	on	classic(chip=100)@2.dil(prob=45,deep=4)@1	classic(chip=100)@2.dil(prob=45,deep=4)@1	ab(deep=6,tt,ord,nodes=200k)@3.classic(chip=100)@2.dil(prob=45,deep=4)@1
ab(deep=6,tt,ord,nodes=200k)@3	939	5	6043	180.434	on	learned(model=77,ddaa5090,position_elo,mlp,mu_shape=129-128-64-1,sigma_shape=129-32-1)@1	learned(model=77,ddaa5090,position_elo,mlp,mu_shape=129-128-64-1,sigma_shape=129-32-1)@1	ab(deep=6,tt,ord,nodes=200k)@3.learned(model=77,ddaa5090,position_elo,mlp,mu_shape=129-128-64-1,sigma_shape=129-32-1)@1
ab(deep=6,tt,ord,nodes=200k)@3	932	5	6044	409.464	on	learned(model=113,e3cc8b4e,position_elo,mlp,mu_shape=129-512-8-1,sigma_shape=129-64-1)@1	learned(model=113,e3cc8b4e,position_elo,mlp,mu_shape=129-512-8-1,sigma_shape=129-64-1)@1	ab(deep=6,tt,ord,nodes=200k)@3.learned(model=113,e3cc8b4e,position_elo,mlp,mu_shape=129-512-8-1,sigma_shape=129-64-1)@1
ab(deep=6,tt,ord,nodes=200k)@3	926	4	10326	364.055	on	learned(model=113,e3cc8b4e,position_elo,mlp,mu_shape=129-512-8-1,sigma_shape=129-64-1)@1.opener(rand,moves=4)@1	learned(model=113,e3cc8b4e,position_elo,mlp,mu_shape=129-512-8-1,sigma_shape=129-64-1)@1.opener(rand,moves=4)@1	ab(deep=6,tt,ord,nodes=200k)@3.learned(model=113,e3cc8b4e,position_elo,mlp,mu_shape=129-512-8-1,sigma_shape=129-64-1)@1.opener(rand,moves=4)@1
ab(deep=6,tt,ord,nodes=200k)@3	923	5	6044	419.166	on	learned(model=110,1466db6c,position_elo,mlp,mu_shape=129-512-8-1,sigma_shape=129-64-1)@1	learned(model=110,1466db6c,position_elo,mlp,mu_shape=129-512-8-1,sigma_shape=129-64-1)@1	ab(deep=6,tt,ord,nodes=200k)@3.learned(model=110,1466db6c,position_elo,mlp,mu_shape=129-512-8-1,sigma_shape=129-64-1)@1
ab(deep=6,tt,ord,nodes=200k)@3	918	4	10326	4.936	on	classic(chip=100)@2.dil(prob=60,deep=4)@1	classic(chip=100)@2.dil(prob=60,deep=4)@1	ab(deep=6,tt,ord,nodes=200k)@3.classic(chip=100)@2.dil(prob=60,deep=4)@1
ab(deep=6,tt,ord,nodes=200k)@3	912	5	6044	19.317	on	learned(model=4,eb105733,pool_games,lin,shape=129-1)@1	learned(model=4,eb105733,pool_games,lin,shape=129-1)@1	ab(deep=6,tt,ord,nodes=200k)@3.learned(model=4,eb105733,pool_games,lin,shape=129-1)@1
ab(deep=6,tt,ord,nodes=200k)@3	904	5	6044	26.548	on	learned(model=459,642147d2,tdleaf_self,lin,shape=129-1)@1	learned(model=459,642147d2,tdleaf_self,lin,shape=129-1)@1	ab(deep=6,tt,ord,nodes=200k)@3.learned(model=459,642147d2,tdleaf_self,lin,shape=129-1)@1
ab(deep=6,tt,ord,nodes=200k)@3	904	5	6044	414.805	on	learned(model=115,21d7e638,position_elo,mlp,mu_shape=129-512-8-1,sigma_shape=129-64-1)@1	learned(model=115,21d7e638,position_elo,mlp,mu_shape=129-512-8-1,sigma_shape=129-64-1)@1	ab(deep=6,tt,ord,nodes=200k)@3.learned(model=115,21d7e638,position_elo,mlp,mu_shape=129-512-8-1,sigma_shape=129-64-1)@1
ab(deep=6,tt,ord,nodes=200k)@3	903	5	6044	418.884	on	learned(model=112,baa2951a,position_elo,mlp,mu_shape=129-512-8-1,sigma_shape=129-64-1)@1	learned(model=112,baa2951a,position_elo,mlp,mu_shape=129-512-8-1,sigma_shape=129-64-1)@1	ab(deep=6,tt,ord,nodes=200k)@3.learned(model=112,baa2951a,position_elo,mlp,mu_shape=129-512-8-1,sigma_shape=129-64-1)@1
ab(deep=6,tt,ord,nodes=200k)@3	898	5	6043	16.608	on	learned(model=99,59815079,pool_games,lin,shape=129-1)@1	learned(model=99,59815079,pool_games,lin,shape=129-1)@1	ab(deep=6,tt,ord,nodes=200k)@3.learned(model=99,59815079,pool_games,lin,shape=129-1)@1
ab(deep=6,tt,ord,nodes=200k)@3	892	5	6044	461.036	on	learned(model=79,18f19059,position_elo,mlp,mu_shape=129-256-128-1,sigma_shape=129-64-1)@1	learned(model=79,18f19059,position_elo,mlp,mu_shape=129-256-128-1,sigma_shape=129-64-1)@1	ab(deep=6,tt,ord,nodes=200k)@3.learned(model=79,18f19059,position_elo,mlp,mu_shape=129-256-128-1,sigma_shape=129-64-1)@1
ab(deep=6,tt,ord,nodes=200k)@3	886	4	10326	14.486	on	learned(model=10,fead67b7,weight_merge,lin,shape=129-1)@1.opener(rand,moves=8)@1	learned(model=10,fead67b7,weight_merge,lin,shape=129-1)@1.opener(rand,moves=8)@1	ab(deep=6,tt,ord,nodes=200k)@3.learned(model=10,fead67b7,weight_merge,lin,shape=129-1)@1.opener(rand,moves=8)@1
ab(deep=6,tt,ord,nodes=200k)@3	875	4	10321	14.744	on	learned(model=99,59815079,pool_games,lin,shape=129-1)@1.opener(rand,moves=4)@1	learned(model=99,59815079,pool_games,lin,shape=129-1)@1.opener(rand,moves=4)@1	ab(deep=6,tt,ord,nodes=200k)@3.learned(model=99,59815079,pool_games,lin,shape=129-1)@1.opener(rand,moves=4)@1
ab(deep=6,tt,ord,nodes=200k)@3	874	4	10326	15.103	on	learned(model=76,ef183148,position_elo,lin,mu_shape=129-1,sigma_shape=129-1)@1.opener(rand,moves=8)@1	learned(model=76,ef183148,position_elo,lin,mu_shape=129-1,sigma_shape=129-1)@1.opener(rand,moves=8)@1	ab(deep=6,tt,ord,nodes=200k)@3.learned(model=76,ef183148,position_elo,lin,mu_shape=129-1,sigma_shape=129-1)@1.opener(rand,moves=8)@1
ab(deep=6,tt,ord,nodes=200k)@3	858	4	10326	4.588	on	classic(chip=100)@2.dil(prob=60,deep=3)@1	classic(chip=100)@2.dil(prob=60,deep=3)@1	ab(deep=6,tt,ord,nodes=200k)@3.classic(chip=100)@2.dil(prob=60,deep=3)@1
ab(deep=6,tt,ord,nodes=200k)@3	848	4	10328	8.200	on	classic(chip=100)@2.opener(rand,moves=8)@1	classic(chip=100)@2.opener(rand,moves=8)@1	ab(deep=6,tt,ord,nodes=200k)@3.classic(chip=100)@2.opener(rand,moves=8)@1
ab(deep=6,tt,ord,nodes=200k)@3	846	4	10326	12.700	on	learned(model=96,990e39e7,pool_games,lin,shape=129-1)@1.opener(rand,moves=8)@1	learned(model=96,990e39e7,pool_games,lin,shape=129-1)@1.opener(rand,moves=8)@1	ab(deep=6,tt,ord,nodes=200k)@3.learned(model=96,990e39e7,pool_games,lin,shape=129-1)@1.opener(rand,moves=8)@1
ab(deep=6,tt,ord,nodes=200k)@3	831	4	10326	13.507	on	learned(model=8,6f1a4264,pool_games,lin,shape=129-1)@1.opener(rand,moves=8)@1	learned(model=8,6f1a4264,pool_games,lin,shape=129-1)@1.opener(rand,moves=8)@1	ab(deep=6,tt,ord,nodes=200k)@3.learned(model=8,6f1a4264,pool_games,lin,shape=129-1)@1.opener(rand,moves=8)@1
ab(deep=6,tt,ord,nodes=200k)@3	830	4	10326	268.899	on	learned(model=111,78ef6974,position_elo,mlp,mu_shape=129-512-8-1,sigma_shape=129-64-1)@1.opener(rand,moves=8)@1	learned(model=111,78ef6974,position_elo,mlp,mu_shape=129-512-8-1,sigma_shape=129-64-1)@1.opener(rand,moves=8)@1	ab(deep=6,tt,ord,nodes=200k)@3.learned(model=111,78ef6974,position_elo,mlp,mu_shape=129-512-8-1,sigma_shape=129-64-1)@1.opener(rand,moves=8)@1
ab(deep=6,tt,ord,nodes=200k)@3	825	4	10323	12.774	on	learned(model=98,5801570e,pool_games,lin,shape=129-1)@1.opener(rand,moves=8)@1	learned(model=98,5801570e,pool_games,lin,shape=129-1)@1.opener(rand,moves=8)@1	ab(deep=6,tt,ord,nodes=200k)@3.learned(model=98,5801570e,pool_games,lin,shape=129-1)@1.opener(rand,moves=8)@1
ab(deep=6,tt,ord,nodes=200k)@3	814	5	6044	16.297	on	learned(model=95,07792e69,pool_games,lin,shape=129-1)@1	learned(model=95,07792e69,pool_games,lin,shape=129-1)@1	ab(deep=6,tt,ord,nodes=200k)@3.learned(model=95,07792e69,pool_games,lin,shape=129-1)@1
ab(deep=6,tt,ord,nodes=200k)@3	814	5	6044	17.667	on	learned(model=94,784bb5fe,pool_games,lin,shape=129-1)@1	learned(model=94,784bb5fe,pool_games,lin,shape=129-1)@1	ab(deep=6,tt,ord,nodes=200k)@3.learned(model=94,784bb5fe,pool_games,lin,shape=129-1)@1
ab(deep=6,tt,ord,nodes=200k)@3	811	4	10326	15.513	on	learned(model=94,784bb5fe,pool_games,lin,shape=129-1)@1.opener(rand,moves=4)@1	learned(model=94,784bb5fe,pool_games,lin,shape=129-1)@1.opener(rand,moves=4)@1	ab(deep=6,tt,ord,nodes=200k)@3.learned(model=94,784bb5fe,pool_games,lin,shape=129-1)@1.opener(rand,moves=4)@1
ab(deep=6,tt,ord,nodes=200k)@3	805	4	10326	13.282	on	learned(model=4,eb105733,pool_games,lin,shape=129-1)@1.opener(rand,moves=8)@1	learned(model=4,eb105733,pool_games,lin,shape=129-1)@1.opener(rand,moves=8)@1	ab(deep=6,tt,ord,nodes=200k)@3.learned(model=4,eb105733,pool_games,lin,shape=129-1)@1.opener(rand,moves=8)@1
ab(deep=6,tt,ord,nodes=200k)@3	805	4	10328	10.378	on	classic(chip=100)@2.dil(prob=10)@1	classic(chip=100)@2.dil(prob=10)@1	ab(deep=6,tt,ord,nodes=200k)@3.classic(chip=100)@2.dil(prob=10)@1
ab(deep=6,tt,ord,nodes=200k)@3	800	4	10326	12.923	on	learned(model=3,68364898,pool_games,lin,shape=129-1)@1.opener(rand,moves=8)@1	learned(model=3,68364898,pool_games,lin,shape=129-1)@1.opener(rand,moves=8)@1	ab(deep=6,tt,ord,nodes=200k)@3.learned(model=3,68364898,pool_games,lin,shape=129-1)@1.opener(rand,moves=8)@1
ab(deep=6,tt,ord,nodes=200k)@3	791	5	6044	91.454	on	learned(model=333,06bdc1f0,tdleaf_self,mlp,shape=30-16-1)@1	learned(model=333,06bdc1f0,tdleaf_self,mlp,shape=30-16-1)@1	ab(deep=6,tt,ord,nodes=200k)@3.learned(model=333,06bdc1f0,tdleaf_self,mlp,shape=30-16-1)@1
ab(deep=6,tt,ord,nodes=200k)@3	785	4	10326	281.931	on	learned(model=113,e3cc8b4e,position_elo,mlp,mu_shape=129-512-8-1,sigma_shape=129-64-1)@1.opener(rand,moves=8)@1	learned(model=113,e3cc8b4e,position_elo,mlp,mu_shape=129-512-8-1,sigma_shape=129-64-1)@1.opener(rand,moves=8)@1	ab(deep=6,tt,ord,nodes=200k)@3.learned(model=113,e3cc8b4e,position_elo,mlp,mu_shape=129-512-8-1,sigma_shape=129-64-1)@1.opener(rand,moves=8)@1
ab(deep=6,tt,ord,nodes=200k)@3	756	5	6044	24.480	on	learned(model=369,612a48a8,tdleaf_self,lin,shape=129-1)@1	learned(model=369,612a48a8,tdleaf_self,lin,shape=129-1)@1	ab(deep=6,tt,ord,nodes=200k)@3.learned(model=369,612a48a8,tdleaf_self,lin,shape=129-1)@1
ab(deep=6,tt,ord,nodes=200k)@3	754	4	10327	14.868	on	learned(model=95,07792e69,pool_games,lin,shape=129-1)@1.opener(rand,moves=4)@1	learned(model=95,07792e69,pool_games,lin,shape=129-1)@1.opener(rand,moves=4)@1	ab(deep=6,tt,ord,nodes=200k)@3.learned(model=95,07792e69,pool_games,lin,shape=129-1)@1.opener(rand,moves=4)@1
ab(deep=6,tt,ord,nodes=200k)@3	752	4	10321	11.641	on	learned(model=99,59815079,pool_games,lin,shape=129-1)@1.opener(rand,moves=8)@1	learned(model=99,59815079,pool_games,lin,shape=129-1)@1.opener(rand,moves=8)@1	ab(deep=6,tt,ord,nodes=200k)@3.learned(model=99,59815079,pool_games,lin,shape=129-1)@1.opener(rand,moves=8)@1
ab(deep=6,tt,ord,nodes=200k)@3	738	4	10328	10.005	on	classic(chip=100)@2.dil(prob=14)@1	classic(chip=100)@2.dil(prob=14)@1	ab(deep=6,tt,ord,nodes=200k)@3.classic(chip=100)@2.dil(prob=14)@1
ab(deep=6,tt,ord,nodes=200k)@3	718	5	6044	22.815	on	learned(model=585,e37f6895,tdleaf_self,mlp,shape=30-32-1)@1	learned(model=585,e37f6895,tdleaf_self,mlp,shape=30-32-1)@1	ab(deep=6,tt,ord,nodes=200k)@3.learned(model=585,e37f6895,tdleaf_self,mlp,shape=30-32-1)@1
ab(deep=6,tt,ord,nodes=200k)@3	700	4	10325	11.853	on	learned(model=94,784bb5fe,pool_games,lin,shape=129-1)@1.opener(rand,moves=8)@1	learned(model=94,784bb5fe,pool_games,lin,shape=129-1)@1.opener(rand,moves=8)@1	ab(deep=6,tt,ord,nodes=200k)@3.learned(model=94,784bb5fe,pool_games,lin,shape=129-1)@1.opener(rand,moves=8)@1
ab(deep=6,tt,ord,nodes=200k)@3	689	5	6042	14.548	on	learned(model=97,87a5093d,pool_games,lin,shape=129-1)@1	learned(model=97,87a5093d,pool_games,lin,shape=129-1)@1	ab(deep=6,tt,ord,nodes=200k)@3.learned(model=97,87a5093d,pool_games,lin,shape=129-1)@1
ab(deep=6,tt,ord,nodes=200k)@3	681	4	10327	9.736	on	classic(chip=100)@2.dil(prob=18)@1	classic(chip=100)@2.dil(prob=18)@1	ab(deep=6,tt,ord,nodes=200k)@3.classic(chip=100)@2.dil(prob=18)@1
ab(deep=6,tt,ord,nodes=200k)@3	663	4	10328	17.877	on	learned(model=10,fead67b7,weight_merge,lin,shape=129-1)@1.dil(prob=20)@1	learned(model=10,fead67b7,weight_merge,lin,shape=129-1)@1.dil(prob=20)@1	ab(deep=6,tt,ord,nodes=200k)@3.learned(model=10,fead67b7,weight_merge,lin,shape=129-1)@1.dil(prob=20)@1
ab(deep=6,tt,ord,nodes=200k)@3	652	4	10325	11.423	on	learned(model=95,07792e69,pool_games,lin,shape=129-1)@1.opener(rand,moves=8)@1	learned(model=95,07792e69,pool_games,lin,shape=129-1)@1.opener(rand,moves=8)@1	ab(deep=6,tt,ord,nodes=200k)@3.learned(model=95,07792e69,pool_games,lin,shape=129-1)@1.opener(rand,moves=8)@1
ab(deep=6,tt,ord,nodes=200k)@3	652	4	10328	9.534	on	classic(chip=100)@2.dil(prob=20)@1	classic(chip=100)@2.dil(prob=20)@1	ab(deep=6,tt,ord,nodes=200k)@3.classic(chip=100)@2.dil(prob=20)@1
ab(deep=6,tt,ord,nodes=200k)@3	642	4	10327	9.381	on	classic(chip=100)@2.dil(prob=22)@1	classic(chip=100)@2.dil(prob=22)@1	ab(deep=6,tt,ord,nodes=200k)@3.classic(chip=100)@2.dil(prob=22)@1
ab(deep=6,tt,ord,nodes=200k)@3	640	4	10326	17.834	on	learned(model=76,ef183148,position_elo,lin,mu_shape=129-1,sigma_shape=129-1)@1.dil(prob=20)@1	learned(model=76,ef183148,position_elo,lin,mu_shape=129-1,sigma_shape=129-1)@1.dil(prob=20)@1	ab(deep=6,tt,ord,nodes=200k)@3.learned(model=76,ef183148,position_elo,lin,mu_shape=129-1,sigma_shape=129-1)@1.dil(prob=20)@1
ab(deep=6,tt,ord,nodes=200k)@3	633	4	10324	15.608	on	learned(model=98,5801570e,pool_games,lin,shape=129-1)@1.dil(prob=20)@1	learned(model=98,5801570e,pool_games,lin,shape=129-1)@1.dil(prob=20)@1	ab(deep=6,tt,ord,nodes=200k)@3.learned(model=98,5801570e,pool_games,lin,shape=129-1)@1.dil(prob=20)@1
ab(deep=6,tt,ord,nodes=200k)@3	628	4	10324	16.140	on	learned(model=96,990e39e7,pool_games,lin,shape=129-1)@1.dil(prob=20)@1	learned(model=96,990e39e7,pool_games,lin,shape=129-1)@1.dil(prob=20)@1	ab(deep=6,tt,ord,nodes=200k)@3.learned(model=96,990e39e7,pool_games,lin,shape=129-1)@1.dil(prob=20)@1
ab(deep=6,tt,ord,nodes=200k)@3	624	4	10326	332.124	on	learned(model=111,78ef6974,position_elo,mlp,mu_shape=129-512-8-1,sigma_shape=129-64-1)@1.dil(prob=20)@1	learned(model=111,78ef6974,position_elo,mlp,mu_shape=129-512-8-1,sigma_shape=129-64-1)@1.dil(prob=20)@1	ab(deep=6,tt,ord,nodes=200k)@3.learned(model=111,78ef6974,position_elo,mlp,mu_shape=129-512-8-1,sigma_shape=129-64-1)@1.dil(prob=20)@1
ab(deep=6,tt,ord,nodes=200k)@3	622	4	10326	16.416	on	learned(model=3,68364898,pool_games,lin,shape=129-1)@1.dil(prob=20)@1	learned(model=3,68364898,pool_games,lin,shape=129-1)@1.dil(prob=20)@1	ab(deep=6,tt,ord,nodes=200k)@3.learned(model=3,68364898,pool_games,lin,shape=129-1)@1.dil(prob=20)@1
ab(deep=6,tt,ord,nodes=200k)@3	608	4	10328	16.539	on	learned(model=8,6f1a4264,pool_games,lin,shape=129-1)@1.dil(prob=20)@1	learned(model=8,6f1a4264,pool_games,lin,shape=129-1)@1.dil(prob=20)@1	ab(deep=6,tt,ord,nodes=200k)@3.learned(model=8,6f1a4264,pool_games,lin,shape=129-1)@1.dil(prob=20)@1
ab(deep=6,tt,ord,nodes=200k)@3	597	4	10326	16.761	on	learned(model=4,eb105733,pool_games,lin,shape=129-1)@1.dil(prob=20)@1	learned(model=4,eb105733,pool_games,lin,shape=129-1)@1.dil(prob=20)@1	ab(deep=6,tt,ord,nodes=200k)@3.learned(model=4,eb105733,pool_games,lin,shape=129-1)@1.dil(prob=20)@1
ab(deep=6,tt,ord,nodes=200k)@3	596	4	10326	346.742	on	learned(model=113,e3cc8b4e,position_elo,mlp,mu_shape=129-512-8-1,sigma_shape=129-64-1)@1.dil(prob=20)@1	learned(model=113,e3cc8b4e,position_elo,mlp,mu_shape=129-512-8-1,sigma_shape=129-64-1)@1.dil(prob=20)@1	ab(deep=6,tt,ord,nodes=200k)@3.learned(model=113,e3cc8b4e,position_elo,mlp,mu_shape=129-512-8-1,sigma_shape=129-64-1)@1.dil(prob=20)@1
ab(deep=6,tt,ord,nodes=200k)@3	593	4	10322	13.965	on	learned(model=99,59815079,pool_games,lin,shape=129-1)@1.dil(prob=20)@1	learned(model=99,59815079,pool_games,lin,shape=129-1)@1.dil(prob=20)@1	ab(deep=6,tt,ord,nodes=200k)@3.learned(model=99,59815079,pool_games,lin,shape=129-1)@1.dil(prob=20)@1
ab(deep=6,tt,ord,nodes=200k)@3	586	5	6044	90.048	on	learned(model=279,409dc0b3,tdleaf_self,mlp,shape=30-16-1)@1	learned(model=279,409dc0b3,tdleaf_self,mlp,shape=30-16-1)@1	ab(deep=6,tt,ord,nodes=200k)@3.learned(model=279,409dc0b3,tdleaf_self,mlp,shape=30-16-1)@1
ab(deep=6,tt,ord,nodes=200k)@3	581	4	10323	12.502	on	learned(model=97,87a5093d,pool_games,lin,shape=129-1)@1.opener(rand,moves=4)@1	learned(model=97,87a5093d,pool_games,lin,shape=129-1)@1.opener(rand,moves=4)@1	ab(deep=6,tt,ord,nodes=200k)@3.learned(model=97,87a5093d,pool_games,lin,shape=129-1)@1.opener(rand,moves=4)@1
ab(deep=6,tt,ord,nodes=200k)@3	580	5	6042	18.764	on	learned(model=531,748d1c8d,tdleaf_self,lin,shape=129-1)@1	learned(model=531,748d1c8d,tdleaf_self,lin,shape=129-1)@1	ab(deep=6,tt,ord,nodes=200k)@3.learned(model=531,748d1c8d,tdleaf_self,lin,shape=129-1)@1
ab(deep=6,tt,ord,nodes=200k)@3	555	5	10327	8.851	on	classic(chip=100)@2.dil(prob=28)@1	classic(chip=100)@2.dil(prob=28)@1	ab(deep=6,tt,ord,nodes=200k)@3.classic(chip=100)@2.dil(prob=28)@1
ab(deep=6,tt,ord,nodes=200k)@3	555	5	6042	44.363	on	learned(model=261,52cd70f8,tdleaf_self,mlp,shape=129-32-1)@1	learned(model=261,52cd70f8,tdleaf_self,mlp,shape=129-32-1)@1	ab(deep=6,tt,ord,nodes=200k)@3.learned(model=261,52cd70f8,tdleaf_self,mlp,shape=129-32-1)@1
ab(deep=6,tt,ord,nodes=200k)@3	536	5	10325	14.054	on	learned(model=95,07792e69,pool_games,lin,shape=129-1)@1.dil(prob=20)@1	learned(model=95,07792e69,pool_games,lin,shape=129-1)@1.dil(prob=20)@1	ab(deep=6,tt,ord,nodes=200k)@3.learned(model=95,07792e69,pool_games,lin,shape=129-1)@1.dil(prob=20)@1
ab(deep=6,tt,ord,nodes=200k)@3	535	5	10325	15.057	on	learned(model=94,784bb5fe,pool_games,lin,shape=129-1)@1.dil(prob=20)@1	learned(model=94,784bb5fe,pool_games,lin,shape=129-1)@1.dil(prob=20)@1	ab(deep=6,tt,ord,nodes=200k)@3.learned(model=94,784bb5fe,pool_games,lin,shape=129-1)@1.dil(prob=20)@1
ab(deep=6,tt,ord,nodes=200k)@3	498	5	10327	8.076	on	classic(chip=100)@2.dil(prob=35)@1	classic(chip=100)@2.dil(prob=35)@1	ab(deep=6,tt,ord,nodes=200k)@3.classic(chip=100)@2.dil(prob=35)@1
ab(deep=6,tt,ord,nodes=200k)@3	491	5	10324	9.562	on	learned(model=97,87a5093d,pool_games,lin,shape=129-1)@1.opener(rand,moves=8)@1	learned(model=97,87a5093d,pool_games,lin,shape=129-1)@1.opener(rand,moves=8)@1	ab(deep=6,tt,ord,nodes=200k)@3.learned(model=97,87a5093d,pool_games,lin,shape=129-1)@1.opener(rand,moves=8)@1
ab(deep=6,tt,ord,nodes=200k)@3	433	5	10325	12.959	on	learned(model=97,87a5093d,pool_games,lin,shape=129-1)@1.dil(prob=20)@1	learned(model=97,87a5093d,pool_games,lin,shape=129-1)@1.dil(prob=20)@1	ab(deep=6,tt,ord,nodes=200k)@3.learned(model=97,87a5093d,pool_games,lin,shape=129-1)@1.dil(prob=20)@1
ab(deep=6,tt,ord,nodes=200k)@3	404	5	10328	7.161	on	classic(chip=100)@2.dil(prob=43)@1	classic(chip=100)@2.dil(prob=43)@1	ab(deep=6,tt,ord,nodes=200k)@3.classic(chip=100)@2.dil(prob=43)@1
ab(deep=6,tt,ord,nodes=200k)@3	302	7	10326	6.155	on	classic(chip=100)@2.dil(prob=52)@1	classic(chip=100)@2.dil(prob=52)@1	ab(deep=6,tt,ord,nodes=200k)@3.classic(chip=100)@2.dil(prob=52)@1
ab(deep=6,tt,ord,nodes=200k)@3	193	8	10328	4.896	on	classic(chip=100)@2.dil(prob=63)@1	classic(chip=100)@2.dil(prob=63)@1	ab(deep=6,tt,ord,nodes=200k)@3.classic(chip=100)@2.dil(prob=63)@1
ab(deep=6,tt,ord,nodes=200k)@3	84	10	10326	3.370	on	classic(chip=100)@2.dil(prob=75)@1	classic(chip=100)@2.dil(prob=75)@1	ab(deep=6,tt,ord,nodes=200k)@3.classic(chip=100)@2.dil(prob=75)@1
ab(deep=12,tt,ord,nodes=200k)@3	1195	8	4356	47.336	on	learned(model=169,4975683c,tdleaf_self,lin,shape=129-1)@1	learned(model=169,4975683c,tdleaf_self,lin,shape=129-1)@1	ab(deep=12,tt,ord,nodes=200k)@3.learned(model=169,4975683c,tdleaf_self,lin,shape=129-1)@1
ab(deep=12,tt,ord,nodes=200k)@3	1071	7	4356	39.739	on	classic(chip=100)@2	classic(chip=100)@2	ab(deep=12,tt,ord,nodes=200k)@3.classic(chip=100)@2
ab(deep=12,tt,ord,retain,time=25ms)@3	1173	6	6992	21.260	on	learned(model=602,68cbb27d,tdleaf_self,lin,shape=129-1)@1	learned(model=602,68cbb27d,tdleaf_self,lin,shape=129-1)@1	ab(deep=12,tt,ord,retain,time=25ms)@3.learned(model=602,68cbb27d,tdleaf_self,lin,shape=129-1)@1
ab(deep=12,tt,ord,retain,time=25ms)@3	1170	6	7296	21.329	on	learned(model=169,4975683c,tdleaf_self,lin,shape=129-1)@1	learned(model=169,4975683c,tdleaf_self,lin,shape=129-1)@1	ab(deep=12,tt,ord,retain,time=25ms)@3.learned(model=169,4975683c,tdleaf_self,lin,shape=129-1)@1
ab(deep=12,tt,ord,retain,time=25ms)@3	1146	6	6992	21.175	on	learned(model=349,5ee50d5c,tdleaf_self,lin,shape=129-1)@1	learned(model=349,5ee50d5c,tdleaf_self,lin,shape=129-1)@1	ab(deep=12,tt,ord,retain,time=25ms)@3.learned(model=349,5ee50d5c,tdleaf_self,lin,shape=129-1)@1
ab(deep=12,tt,ord,retain,time=25ms)@3	1141	6	6992	21.431	on	learned(model=171,10d3530c,tdleaf_self,lin,shape=129-1)@1	learned(model=171,10d3530c,tdleaf_self,lin,shape=129-1)@1	ab(deep=12,tt,ord,retain,time=25ms)@3.learned(model=171,10d3530c,tdleaf_self,lin,shape=129-1)@1
ab(deep=12,tt,ord,retain,time=25ms)@3	1134	6	6992	21.181	on	learned(model=351,42d88d8e,tdleaf_self,lin,shape=129-1)@1	learned(model=351,42d88d8e,tdleaf_self,lin,shape=129-1)@1	ab(deep=12,tt,ord,retain,time=25ms)@3.learned(model=351,42d88d8e,tdleaf_self,lin,shape=129-1)@1
ab(deep=12,tt,ord,retain,time=25ms)@3	1102	6	6992	21.482	on	learned(model=603,2da121ee,tdleaf_self,lin,shape=129-1)@1	learned(model=603,2da121ee,tdleaf_self,lin,shape=129-1)@1	ab(deep=12,tt,ord,retain,time=25ms)@3.learned(model=603,2da121ee,tdleaf_self,lin,shape=129-1)@1
ab(deep=12,tt,ord,retain,time=25ms)@3	1056	5	6992	21.266	on	learned(model=98,5801570e,pool_games,lin,shape=129-1)@1	learned(model=98,5801570e,pool_games,lin,shape=129-1)@1	ab(deep=12,tt,ord,retain,time=25ms)@3.learned(model=98,5801570e,pool_games,lin,shape=129-1)@1
ab(deep=12,tt,ord,retain,time=25ms)@3	1048	5	6992	21.132	on	learned(model=441,01db390c,tdleaf_self,lin,shape=129-1)@1	learned(model=441,01db390c,tdleaf_self,lin,shape=129-1)@1	ab(deep=12,tt,ord,retain,time=25ms)@3.learned(model=441,01db390c,tdleaf_self,lin,shape=129-1)@1
ab(deep=12,tt,ord,retain,time=25ms)@3	1046	5	6992	21.463	on	learned(model=96,990e39e7,pool_games,lin,shape=129-1)@1	learned(model=96,990e39e7,pool_games,lin,shape=129-1)@1	ab(deep=12,tt,ord,retain,time=25ms)@3.learned(model=96,990e39e7,pool_games,lin,shape=129-1)@1
ab(deep=12,tt,ord,retain,time=25ms)@3	1029	5	6992	21.499	on	learned(model=10,fead67b7,weight_merge,lin,shape=129-1)@1	learned(model=10,fead67b7,weight_merge,lin,shape=129-1)@1	ab(deep=12,tt,ord,retain,time=25ms)@3.learned(model=10,fead67b7,weight_merge,lin,shape=129-1)@1
ab(deep=12,tt,ord,retain,time=25ms)@3	1016	5	7296	20.827	on	classic(chip=100)@2	classic(chip=100)@2	ab(deep=12,tt,ord,retain,time=25ms)@3.classic(chip=100)@2
ab(deep=12,tt,ord,retain,time=25ms)@3	1010	5	6992	21.289	on	learned(model=3,68364898,pool_games,lin,shape=129-1)@1	learned(model=3,68364898,pool_games,lin,shape=129-1)@1	ab(deep=12,tt,ord,retain,time=25ms)@3.learned(model=3,68364898,pool_games,lin,shape=129-1)@1
ab(deep=12,tt,ord,retain,time=25ms)@3	985	5	6992	21.589	on	learned(model=76,ef183148,position_elo,lin,mu_shape=129-1,sigma_shape=129-1)@1	learned(model=76,ef183148,position_elo,lin,mu_shape=129-1,sigma_shape=129-1)@1	ab(deep=12,tt,ord,retain,time=25ms)@3.learned(model=76,ef183148,position_elo,lin,mu_shape=129-1,sigma_shape=129-1)@1
ab(deep=12,tt,ord,retain,time=25ms)@3	969	5	6992	21.570	on	learned(model=8,6f1a4264,pool_games,lin,shape=129-1)@1	learned(model=8,6f1a4264,pool_games,lin,shape=129-1)@1	ab(deep=12,tt,ord,retain,time=25ms)@3.learned(model=8,6f1a4264,pool_games,lin,shape=129-1)@1
ab(deep=12,tt,ord,retain,time=25ms)@3	961	5	6992	14.159	on	learned(model=169,4975683c,tdleaf_self,lin,shape=129-1)@1.opener(rand,moves=8)@1	learned(model=169,4975683c,tdleaf_self,lin,shape=129-1)@1.opener(rand,moves=8)@1	ab(deep=12,tt,ord,retain,time=25ms)@3.learned(model=169,4975683c,tdleaf_self,lin,shape=129-1)@1.opener(rand,moves=8)@1
ab(deep=12,tt,ord,retain,time=25ms)@3	947	5	6992	14.037	on	learned(model=171,10d3530c,tdleaf_self,lin,shape=129-1)@1.opener(rand,moves=8)@1	learned(model=171,10d3530c,tdleaf_self,lin,shape=129-1)@1.opener(rand,moves=8)@1	ab(deep=12,tt,ord,retain,time=25ms)@3.learned(model=171,10d3530c,tdleaf_self,lin,shape=129-1)@1.opener(rand,moves=8)@1
ab(deep=12,tt,ord,retain,time=25ms)@3	947	5	6992	21.295	on	learned(model=4,eb105733,pool_games,lin,shape=129-1)@1	learned(model=4,eb105733,pool_games,lin,shape=129-1)@1	ab(deep=12,tt,ord,retain,time=25ms)@3.learned(model=4,eb105733,pool_games,lin,shape=129-1)@1
ab(deep=12,tt,ord,retain,time=25ms)@3	943	5	6992	13.707	on	learned(model=351,42d88d8e,tdleaf_self,lin,shape=129-1)@1.opener(rand,moves=8)@1	learned(model=351,42d88d8e,tdleaf_self,lin,shape=129-1)@1.opener(rand,moves=8)@1	ab(deep=12,tt,ord,retain,time=25ms)@3.learned(model=351,42d88d8e,tdleaf_self,lin,shape=129-1)@1.opener(rand,moves=8)@1
ab(deep=12,tt,ord,retain,time=25ms)@3	943	5	6992	13.818	on	learned(model=349,5ee50d5c,tdleaf_self,lin,shape=129-1)@1.opener(rand,moves=8)@1	learned(model=349,5ee50d5c,tdleaf_self,lin,shape=129-1)@1.opener(rand,moves=8)@1	ab(deep=12,tt,ord,retain,time=25ms)@3.learned(model=349,5ee50d5c,tdleaf_self,lin,shape=129-1)@1.opener(rand,moves=8)@1
ab(deep=12,tt,ord,retain,time=25ms)@3	939	5	6992	14.000	on	learned(model=602,68cbb27d,tdleaf_self,lin,shape=129-1)@1.opener(rand,moves=8)@1	learned(model=602,68cbb27d,tdleaf_self,lin,shape=129-1)@1.opener(rand,moves=8)@1	ab(deep=12,tt,ord,retain,time=25ms)@3.learned(model=602,68cbb27d,tdleaf_self,lin,shape=129-1)@1.opener(rand,moves=8)@1
ab(deep=12,tt,ord,retain,time=25ms)@3	931	5	6992	21.616	on	learned(model=459,642147d2,tdleaf_self,lin,shape=129-1)@1	learned(model=459,642147d2,tdleaf_self,lin,shape=129-1)@1	ab(deep=12,tt,ord,retain,time=25ms)@3.learned(model=459,642147d2,tdleaf_self,lin,shape=129-1)@1
ab(deep=12,tt,ord,retain,time=25ms)@3	930	5	6992	13.976	on	learned(model=603,2da121ee,tdleaf_self,lin,shape=129-1)@1.opener(rand,moves=8)@1	learned(model=603,2da121ee,tdleaf_self,lin,shape=129-1)@1.opener(rand,moves=8)@1	ab(deep=12,tt,ord,retain,time=25ms)@3.learned(model=603,2da121ee,tdleaf_self,lin,shape=129-1)@1.opener(rand,moves=8)@1
ab(deep=12,tt,ord,retain,time=25ms)@3	908	5	6992	21.502	on	learned(model=99,59815079,pool_games,lin,shape=129-1)@1	learned(model=99,59815079,pool_games,lin,shape=129-1)@1	ab(deep=12,tt,ord,retain,time=25ms)@3.learned(model=99,59815079,pool_games,lin,shape=129-1)@1
ab(deep=12,tt,ord,retain,time=25ms)@3	886	5	6992	13.973	on	learned(model=10,fead67b7,weight_merge,lin,shape=129-1)@1.opener(rand,moves=8)@1	learned(model=10,fead67b7,weight_merge,lin,shape=129-1)@1.opener(rand,moves=8)@1	ab(deep=12,tt,ord,retain,time=25ms)@3.learned(model=10,fead67b7,weight_merge,lin,shape=129-1)@1.opener(rand,moves=8)@1
ab(deep=12,tt,ord,retain,time=25ms)@3	885	5	6992	21.718	on	learned(model=405,111c40c8,tdleaf_self,mlp,shape=129-32-1)@1	learned(model=405,111c40c8,tdleaf_self,mlp,shape=129-32-1)@1	ab(deep=12,tt,ord,retain,time=25ms)@3.learned(model=405,111c40c8,tdleaf_self,mlp,shape=129-32-1)@1
ab(deep=12,tt,ord,retain,time=25ms)@3	861	5	6992	14.309	on	learned(model=76,ef183148,position_elo,lin,mu_shape=129-1,sigma_shape=129-1)@1.opener(rand,moves=8)@1	learned(model=76,ef183148,position_elo,lin,mu_shape=129-1,sigma_shape=129-1)@1.opener(rand,moves=8)@1	ab(deep=12,tt,ord,retain,time=25ms)@3.learned(model=76,ef183148,position_elo,lin,mu_shape=129-1,sigma_shape=129-1)@1.opener(rand,moves=8)@1
ab(deep=12,tt,ord,retain,time=25ms)@3	857	5	6992	14.097	on	learned(model=96,990e39e7,pool_games,lin,shape=129-1)@1.opener(rand,moves=8)@1	learned(model=96,990e39e7,pool_games,lin,shape=129-1)@1.opener(rand,moves=8)@1	ab(deep=12,tt,ord,retain,time=25ms)@3.learned(model=96,990e39e7,pool_games,lin,shape=129-1)@1.opener(rand,moves=8)@1
ab(deep=12,tt,ord,retain,time=25ms)@3	854	5	6992	21.948	on	learned(model=387,607b64aa,tdleaf_self,lin,shape=30-1)@1	learned(model=387,607b64aa,tdleaf_self,lin,shape=30-1)@1	ab(deep=12,tt,ord,retain,time=25ms)@3.learned(model=387,607b64aa,tdleaf_self,lin,shape=30-1)@1
ab(deep=12,tt,ord,retain,time=25ms)@3	847	5	6992	13.516	on	classic(chip=100)@2.opener(rand,moves=8)@1	classic(chip=100)@2.opener(rand,moves=8)@1	ab(deep=12,tt,ord,retain,time=25ms)@3.classic(chip=100)@2.opener(rand,moves=8)@1
ab(deep=12,tt,ord,retain,time=25ms)@3	838	5	6992	21.587	on	learned(model=94,784bb5fe,pool_games,lin,shape=129-1)@1	learned(model=94,784bb5fe,pool_games,lin,shape=129-1)@1	ab(deep=12,tt,ord,retain,time=25ms)@3.learned(model=94,784bb5fe,pool_games,lin,shape=129-1)@1
ab(deep=12,tt,ord,retain,time=25ms)@3	837	5	6992	14.030	on	learned(model=441,01db390c,tdleaf_self,lin,shape=129-1)@1.opener(rand,moves=8)@1	learned(model=441,01db390c,tdleaf_self,lin,shape=129-1)@1.opener(rand,moves=8)@1	ab(deep=12,tt,ord,retain,time=25ms)@3.learned(model=441,01db390c,tdleaf_self,lin,shape=129-1)@1.opener(rand,moves=8)@1
ab(deep=12,tt,ord,retain,time=25ms)@3	829	5	6992	14.349	on	learned(model=8,6f1a4264,pool_games,lin,shape=129-1)@1.opener(rand,moves=8)@1	learned(model=8,6f1a4264,pool_games,lin,shape=129-1)@1.opener(rand,moves=8)@1	ab(deep=12,tt,ord,retain,time=25ms)@3.learned(model=8,6f1a4264,pool_games,lin,shape=129-1)@1.opener(rand,moves=8)@1
ab(deep=12,tt,ord,retain,time=25ms)@3	822	5	6992	13.868	on	learned(model=459,642147d2,tdleaf_self,lin,shape=129-1)@1.opener(rand,moves=8)@1	learned(model=459,642147d2,tdleaf_self,lin,shape=129-1)@1.opener(rand,moves=8)@1	ab(deep=12,tt,ord,retain,time=25ms)@3.learned(model=459,642147d2,tdleaf_self,lin,shape=129-1)@1.opener(rand,moves=8)@1
ab(deep=12,tt,ord,retain,time=25ms)@3	822	5	6992	14.287	on	learned(model=98,5801570e,pool_games,lin,shape=129-1)@1.opener(rand,moves=8)@1	learned(model=98,5801570e,pool_games,lin,shape=129-1)@1.opener(rand,moves=8)@1	ab(deep=12,tt,ord,retain,time=25ms)@3.learned(model=98,5801570e,pool_games,lin,shape=129-1)@1.opener(rand,moves=8)@1
ab(deep=12,tt,ord,retain,time=25ms)@3	808	5	6992	14.243	on	learned(model=3,68364898,pool_games,lin,shape=129-1)@1.opener(rand,moves=8)@1	learned(model=3,68364898,pool_games,lin,shape=129-1)@1.opener(rand,moves=8)@1	ab(deep=12,tt,ord,retain,time=25ms)@3.learned(model=3,68364898,pool_games,lin,shape=129-1)@1.opener(rand,moves=8)@1
ab(deep=12,tt,ord,retain,time=25ms)@3	801	5	6992	14.132	on	learned(model=4,eb105733,pool_games,lin,shape=129-1)@1.opener(rand,moves=8)@1	learned(model=4,eb105733,pool_games,lin,shape=129-1)@1.opener(rand,moves=8)@1	ab(deep=12,tt,ord,retain,time=25ms)@3.learned(model=4,eb105733,pool_games,lin,shape=129-1)@1.opener(rand,moves=8)@1
ab(deep=12,tt,ord,retain,time=25ms)@3	791	5	6992	14.733	on	learned(model=387,607b64aa,tdleaf_self,lin,shape=30-1)@1.opener(rand,moves=8)@1	learned(model=387,607b64aa,tdleaf_self,lin,shape=30-1)@1.opener(rand,moves=8)@1	ab(deep=12,tt,ord,retain,time=25ms)@3.learned(model=387,607b64aa,tdleaf_self,lin,shape=30-1)@1.opener(rand,moves=8)@1
ab(deep=12,tt,ord,retain,time=25ms)@3	786	5	6992	21.852	on	learned(model=95,07792e69,pool_games,lin,shape=129-1)@1	learned(model=95,07792e69,pool_games,lin,shape=129-1)@1	ab(deep=12,tt,ord,retain,time=25ms)@3.learned(model=95,07792e69,pool_games,lin,shape=129-1)@1
ab(deep=12,tt,ord,retain,time=25ms)@3	776	5	6992	14.440	on	learned(model=405,111c40c8,tdleaf_self,mlp,shape=129-32-1)@1.opener(rand,moves=8)@1	learned(model=405,111c40c8,tdleaf_self,mlp,shape=129-32-1)@1.opener(rand,moves=8)@1	ab(deep=12,tt,ord,retain,time=25ms)@3.learned(model=405,111c40c8,tdleaf_self,mlp,shape=129-32-1)@1.opener(rand,moves=8)@1
ab(deep=12,tt,ord,retain,time=25ms)@3	765	5	6992	22.360	on	learned(model=78,2fa21eda,position_elo,mlp,mu_shape=129-128-64-1,sigma_shape=129-32-1)@1	learned(model=78,2fa21eda,position_elo,mlp,mu_shape=129-128-64-1,sigma_shape=129-32-1)@1	ab(deep=12,tt,ord,retain,time=25ms)@3.learned(model=78,2fa21eda,position_elo,mlp,mu_shape=129-128-64-1,sigma_shape=129-32-1)@1
ab(deep=12,tt,ord,retain,time=25ms)@3	763	5	6992	22.297	on	learned(model=77,ddaa5090,position_elo,mlp,mu_shape=129-128-64-1,sigma_shape=129-32-1)@1	learned(model=77,ddaa5090,position_elo,mlp,mu_shape=129-128-64-1,sigma_shape=129-32-1)@1	ab(deep=12,tt,ord,retain,time=25ms)@3.learned(model=77,ddaa5090,position_elo,mlp,mu_shape=129-128-64-1,sigma_shape=129-32-1)@1
ab(deep=12,tt,ord,retain,time=25ms)@3	759	5	6992	14.234	on	learned(model=99,59815079,pool_games,lin,shape=129-1)@1.opener(rand,moves=8)@1	learned(model=99,59815079,pool_games,lin,shape=129-1)@1.opener(rand,moves=8)@1	ab(deep=12,tt,ord,retain,time=25ms)@3.learned(model=99,59815079,pool_games,lin,shape=129-1)@1.opener(rand,moves=8)@1
ab(deep=12,tt,ord,retain,time=25ms)@3	723	5	6992	21.825	on	learned(model=369,612a48a8,tdleaf_self,lin,shape=129-1)@1	learned(model=369,612a48a8,tdleaf_self,lin,shape=129-1)@1	ab(deep=12,tt,ord,retain,time=25ms)@3.learned(model=369,612a48a8,tdleaf_self,lin,shape=129-1)@1
ab(deep=12,tt,ord,retain,time=25ms)@3	713	5	6992	21.651	on	learned(model=333,06bdc1f0,tdleaf_self,mlp,shape=30-16-1)@1	learned(model=333,06bdc1f0,tdleaf_self,mlp,shape=30-16-1)@1	ab(deep=12,tt,ord,retain,time=25ms)@3.learned(model=333,06bdc1f0,tdleaf_self,mlp,shape=30-16-1)@1
ab(deep=12,tt,ord,retain,time=25ms)@3	711	5	6992	14.355	on	learned(model=94,784bb5fe,pool_games,lin,shape=129-1)@1.opener(rand,moves=8)@1	learned(model=94,784bb5fe,pool_games,lin,shape=129-1)@1.opener(rand,moves=8)@1	ab(deep=12,tt,ord,retain,time=25ms)@3.learned(model=94,784bb5fe,pool_games,lin,shape=129-1)@1.opener(rand,moves=8)@1
ab(deep=12,tt,ord,retain,time=25ms)@3	709	5	6992	17.032	on	learned(model=349,5ee50d5c,tdleaf_self,lin,shape=129-1)@1.dil(prob=20)@1	learned(model=349,5ee50d5c,tdleaf_self,lin,shape=129-1)@1.dil(prob=20)@1	ab(deep=12,tt,ord,retain,time=25ms)@3.learned(model=349,5ee50d5c,tdleaf_self,lin,shape=129-1)@1.dil(prob=20)@1
ab(deep=12,tt,ord,retain,time=25ms)@3	708	5	6992	17.166	on	learned(model=602,68cbb27d,tdleaf_self,lin,shape=129-1)@1.dil(prob=20)@1	learned(model=602,68cbb27d,tdleaf_self,lin,shape=129-1)@1.dil(prob=20)@1	ab(deep=12,tt,ord,retain,time=25ms)@3.learned(model=602,68cbb27d,tdleaf_self,lin,shape=129-1)@1.dil(prob=20)@1
ab(deep=12,tt,ord,retain,time=25ms)@3	707	5	6992	22.651	on	learned(model=111,78ef6974,position_elo,mlp,mu_shape=129-512-8-1,sigma_shape=129-64-1)@1	learned(model=111,78ef6974,position_elo,mlp,mu_shape=129-512-8-1,sigma_shape=129-64-1)@1	ab(deep=12,tt,ord,retain,time=25ms)@3.learned(model=111,78ef6974,position_elo,mlp,mu_shape=129-512-8-1,sigma_shape=129-64-1)@1
ab(deep=12,tt,ord,retain,time=25ms)@3	705	5	6992	17.257	on	learned(model=169,4975683c,tdleaf_self,lin,shape=129-1)@1.dil(prob=20)@1	learned(model=169,4975683c,tdleaf_self,lin,shape=129-1)@1.dil(prob=20)@1	ab(deep=12,tt,ord,retain,time=25ms)@3.learned(model=169,4975683c,tdleaf_self,lin,shape=129-1)@1.dil(prob=20)@1
ab(deep=12,tt,ord,retain,time=25ms)@3	703	5	6992	17.011	on	learned(model=351,42d88d8e,tdleaf_self,lin,shape=129-1)@1.dil(prob=20)@1	learned(model=351,42d88d8e,tdleaf_self,lin,shape=129-1)@1.dil(prob=20)@1	ab(deep=12,tt,ord,retain,time=25ms)@3.learned(model=351,42d88d8e,tdleaf_self,lin,shape=129-1)@1.dil(prob=20)@1
ab(deep=12,tt,ord,retain,time=25ms)@3	701	5	6992	17.218	on	learned(model=171,10d3530c,tdleaf_self,lin,shape=129-1)@1.dil(prob=20)@1	learned(model=171,10d3530c,tdleaf_self,lin,shape=129-1)@1.dil(prob=20)@1	ab(deep=12,tt,ord,retain,time=25ms)@3.learned(model=171,10d3530c,tdleaf_self,lin,shape=129-1)@1.dil(prob=20)@1
ab(deep=12,tt,ord,retain,time=25ms)@3	699	5	6992	17.152	on	learned(model=603,2da121ee,tdleaf_self,lin,shape=129-1)@1.dil(prob=20)@1	learned(model=603,2da121ee,tdleaf_self,lin,shape=129-1)@1.dil(prob=20)@1	ab(deep=12,tt,ord,retain,time=25ms)@3.learned(model=603,2da121ee,tdleaf_self,lin,shape=129-1)@1.dil(prob=20)@1
ab(deep=12,tt,ord,retain,time=25ms)@3	690	5	7296	22.118	on	learned(model=97,87a5093d,pool_games,lin,shape=129-1)@1	learned(model=97,87a5093d,pool_games,lin,shape=129-1)@1	ab(deep=12,tt,ord,retain,time=25ms)@3.learned(model=97,87a5093d,pool_games,lin,shape=129-1)@1
ab(deep=12,tt,ord,retain,time=25ms)@3	680	5	6992	14.539	on	learned(model=95,07792e69,pool_games,lin,shape=129-1)@1.opener(rand,moves=8)@1	learned(model=95,07792e69,pool_games,lin,shape=129-1)@1.opener(rand,moves=8)@1	ab(deep=12,tt,ord,retain,time=25ms)@3.learned(model=95,07792e69,pool_games,lin,shape=129-1)@1.opener(rand,moves=8)@1
ab(deep=12,tt,ord,retain,time=25ms)@3	670	5	6992	17.037	on	learned(model=441,01db390c,tdleaf_self,lin,shape=129-1)@1.dil(prob=20)@1	learned(model=441,01db390c,tdleaf_self,lin,shape=129-1)@1.dil(prob=20)@1	ab(deep=12,tt,ord,retain,time=25ms)@3.learned(model=441,01db390c,tdleaf_self,lin,shape=129-1)@1.dil(prob=20)@1
ab(deep=12,tt,ord,retain,time=25ms)@3	667	5	6992	16.880	on	classic(chip=100)@2.dil(prob=20)@1	classic(chip=100)@2.dil(prob=20)@1	ab(deep=12,tt,ord,retain,time=25ms)@3.classic(chip=100)@2.dil(prob=20)@1
ab(deep=12,tt,ord,retain,time=25ms)@3	666	5	6992	17.188	on	learned(model=10,fead67b7,weight_merge,lin,shape=129-1)@1.dil(prob=20)@1	learned(model=10,fead67b7,weight_merge,lin,shape=129-1)@1.dil(prob=20)@1	ab(deep=12,tt,ord,retain,time=25ms)@3.learned(model=10,fead67b7,weight_merge,lin,shape=129-1)@1.dil(prob=20)@1
ab(deep=12,tt,ord,retain,time=25ms)@3	663	5	6992	21.216	on	learned(model=585,e37f6895,tdleaf_self,mlp,shape=30-32-1)@1	learned(model=585,e37f6895,tdleaf_self,mlp,shape=30-32-1)@1	ab(deep=12,tt,ord,retain,time=25ms)@3.learned(model=585,e37f6895,tdleaf_self,mlp,shape=30-32-1)@1
ab(deep=12,tt,ord,retain,time=25ms)@3	658	5	6992	14.545	on	learned(model=369,612a48a8,tdleaf_self,lin,shape=129-1)@1.opener(rand,moves=8)@1	learned(model=369,612a48a8,tdleaf_self,lin,shape=129-1)@1.opener(rand,moves=8)@1	ab(deep=12,tt,ord,retain,time=25ms)@3.learned(model=369,612a48a8,tdleaf_self,lin,shape=129-1)@1.opener(rand,moves=8)@1
ab(deep=12,tt,ord,retain,time=25ms)@3	645	5	6992	14.991	on	learned(model=77,ddaa5090,position_elo,mlp,mu_shape=129-128-64-1,sigma_shape=129-32-1)@1.opener(rand,moves=8)@1	learned(model=77,ddaa5090,position_elo,mlp,mu_shape=129-128-64-1,sigma_shape=129-32-1)@1.opener(rand,moves=8)@1	ab(deep=12,tt,ord,retain,time=25ms)@3.learned(model=77,ddaa5090,position_elo,mlp,mu_shape=129-128-64-1,sigma_shape=129-32-1)@1.opener(rand,moves=8)@1
ab(deep=12,tt,ord,retain,time=25ms)@3	637	5	6992	17.172	on	learned(model=76,ef183148,position_elo,lin,mu_shape=129-1,sigma_shape=129-1)@1.dil(prob=20)@1	learned(model=76,ef183148,position_elo,lin,mu_shape=129-1,sigma_shape=129-1)@1.dil(prob=20)@1	ab(deep=12,tt,ord,retain,time=25ms)@3.learned(model=76,ef183148,position_elo,lin,mu_shape=129-1,sigma_shape=129-1)@1.dil(prob=20)@1
ab(deep=12,tt,ord,retain,time=25ms)@3	636	5	6992	17.198	on	learned(model=98,5801570e,pool_games,lin,shape=129-1)@1.dil(prob=20)@1	learned(model=98,5801570e,pool_games,lin,shape=129-1)@1.dil(prob=20)@1	ab(deep=12,tt,ord,retain,time=25ms)@3.learned(model=98,5801570e,pool_games,lin,shape=129-1)@1.dil(prob=20)@1
ab(deep=12,tt,ord,retain,time=25ms)@3	634	5	6992	14.943	on	learned(model=78,2fa21eda,position_elo,mlp,mu_shape=129-128-64-1,sigma_shape=129-32-1)@1.opener(rand,moves=8)@1	learned(model=78,2fa21eda,position_elo,mlp,mu_shape=129-128-64-1,sigma_shape=129-32-1)@1.opener(rand,moves=8)@1	ab(deep=12,tt,ord,retain,time=25ms)@3.learned(model=78,2fa21eda,position_elo,mlp,mu_shape=129-128-64-1,sigma_shape=129-32-1)@1.opener(rand,moves=8)@1
ab(deep=12,tt,ord,retain,time=25ms)@3	629	5	6992	17.214	on	learned(model=96,990e39e7,pool_games,lin,shape=129-1)@1.dil(prob=20)@1	learned(model=96,990e39e7,pool_games,lin,shape=129-1)@1.dil(prob=20)@1	ab(deep=12,tt,ord,retain,time=25ms)@3.learned(model=96,990e39e7,pool_games,lin,shape=129-1)@1.dil(prob=20)@1
ab(deep=12,tt,ord,retain,time=25ms)@3	626	5	6992	22.701	on	learned(model=110,1466db6c,position_elo,mlp,mu_shape=129-512-8-1,sigma_shape=129-64-1)@1	learned(model=110,1466db6c,position_elo,mlp,mu_shape=129-512-8-1,sigma_shape=129-64-1)@1	ab(deep=12,tt,ord,retain,time=25ms)@3.learned(model=110,1466db6c,position_elo,mlp,mu_shape=129-512-8-1,sigma_shape=129-64-1)@1
ab(deep=12,tt,ord,retain,time=25ms)@3	623	5	6992	17.219	on	learned(model=459,642147d2,tdleaf_self,lin,shape=129-1)@1.dil(prob=20)@1	learned(model=459,642147d2,tdleaf_self,lin,shape=129-1)@1.dil(prob=20)@1	ab(deep=12,tt,ord,retain,time=25ms)@3.learned(model=459,642147d2,tdleaf_self,lin,shape=129-1)@1.dil(prob=20)@1
ab(deep=12,tt,ord,retain,time=25ms)@3	615	5	6992	17.126	on	learned(model=3,68364898,pool_games,lin,shape=129-1)@1.dil(prob=20)@1	learned(model=3,68364898,pool_games,lin,shape=129-1)@1.dil(prob=20)@1	ab(deep=12,tt,ord,retain,time=25ms)@3.learned(model=3,68364898,pool_games,lin,shape=129-1)@1.dil(prob=20)@1
ab(deep=12,tt,ord,retain,time=25ms)@3	608	5	6992	17.267	on	learned(model=8,6f1a4264,pool_games,lin,shape=129-1)@1.dil(prob=20)@1	learned(model=8,6f1a4264,pool_games,lin,shape=129-1)@1.dil(prob=20)@1	ab(deep=12,tt,ord,retain,time=25ms)@3.learned(model=8,6f1a4264,pool_games,lin,shape=129-1)@1.dil(prob=20)@1
ab(deep=12,tt,ord,retain,time=25ms)@3	607	5	6992	17.239	on	learned(model=99,59815079,pool_games,lin,shape=129-1)@1.dil(prob=20)@1	learned(model=99,59815079,pool_games,lin,shape=129-1)@1.dil(prob=20)@1	ab(deep=12,tt,ord,retain,time=25ms)@3.learned(model=99,59815079,pool_games,lin,shape=129-1)@1.dil(prob=20)@1
ab(deep=12,tt,ord,retain,time=25ms)@3	607	5	6992	17.045	on	learned(model=4,eb105733,pool_games,lin,shape=129-1)@1.dil(prob=20)@1	learned(model=4,eb105733,pool_games,lin,shape=129-1)@1.dil(prob=20)@1	ab(deep=12,tt,ord,retain,time=25ms)@3.learned(model=4,eb105733,pool_games,lin,shape=129-1)@1.dil(prob=20)@1
ab(deep=12,tt,ord,retain,time=25ms)@3	602	5	6992	22.437	on	learned(model=79,18f19059,position_elo,mlp,mu_shape=129-256-128-1,sigma_shape=129-64-1)@1	learned(model=79,18f19059,position_elo,mlp,mu_shape=129-256-128-1,sigma_shape=129-64-1)@1	ab(deep=12,tt,ord,retain,time=25ms)@3.learned(model=79,18f19059,position_elo,mlp,mu_shape=129-256-128-1,sigma_shape=129-64-1)@1
ab(deep=12,tt,ord,retain,time=25ms)@3	600	5	6992	13.565	on	learned(model=333,06bdc1f0,tdleaf_self,mlp,shape=30-16-1)@1.opener(rand,moves=8)@1	learned(model=333,06bdc1f0,tdleaf_self,mlp,shape=30-16-1)@1.opener(rand,moves=8)@1	ab(deep=12,tt,ord,retain,time=25ms)@3.learned(model=333,06bdc1f0,tdleaf_self,mlp,shape=30-16-1)@1.opener(rand,moves=8)@1
ab(deep=12,tt,ord,retain,time=25ms)@3	581	5	6992	17.250	on	learned(model=387,607b64aa,tdleaf_self,lin,shape=30-1)@1.dil(prob=20)@1	learned(model=387,607b64aa,tdleaf_self,lin,shape=30-1)@1.dil(prob=20)@1	ab(deep=12,tt,ord,retain,time=25ms)@3.learned(model=387,607b64aa,tdleaf_self,lin,shape=30-1)@1.dil(prob=20)@1
ab(deep=12,tt,ord,retain,time=25ms)@3	580	5	6992	14.895	on	learned(model=111,78ef6974,position_elo,mlp,mu_shape=129-512-8-1,sigma_shape=129-64-1)@1.opener(rand,moves=8)@1	learned(model=111,78ef6974,position_elo,mlp,mu_shape=129-512-8-1,sigma_shape=129-64-1)@1.opener(rand,moves=8)@1	ab(deep=12,tt,ord,retain,time=25ms)@3.learned(model=111,78ef6974,position_elo,mlp,mu_shape=129-512-8-1,sigma_shape=129-64-1)@1.opener(rand,moves=8)@1
ab(deep=12,tt,ord,retain,time=25ms)@3	577	5	6992	17.259	on	learned(model=405,111c40c8,tdleaf_self,mlp,shape=129-32-1)@1.dil(prob=20)@1	learned(model=405,111c40c8,tdleaf_self,mlp,shape=129-32-1)@1.dil(prob=20)@1	ab(deep=12,tt,ord,retain,time=25ms)@3.learned(model=405,111c40c8,tdleaf_self,mlp,shape=129-32-1)@1.dil(prob=20)@1
ab(deep=12,tt,ord,retain,time=25ms)@3	574	5	6992	16.716	on	learned(model=585,e37f6895,tdleaf_self,mlp,shape=30-32-1)@1.dil(prob=20)@1	learned(model=585,e37f6895,tdleaf_self,mlp,shape=30-32-1)@1.dil(prob=20)@1	ab(deep=12,tt,ord,retain,time=25ms)@3.learned(model=585,e37f6895,tdleaf_self,mlp,shape=30-32-1)@1.dil(prob=20)@1
ab(deep=12,tt,ord,retain,time=25ms)@3	571	5	6992	22.260	on	learned(model=531,748d1c8d,tdleaf_self,lin,shape=129-1)@1	learned(model=531,748d1c8d,tdleaf_self,lin,shape=129-1)@1	ab(deep=12,tt,ord,retain,time=25ms)@3.learned(model=531,748d1c8d,tdleaf_self,lin,shape=129-1)@1
ab(deep=12,tt,ord,retain,time=25ms)@3	551	5	6992	17.300	on	learned(model=95,07792e69,pool_games,lin,shape=129-1)@1.dil(prob=20)@1	learned(model=95,07792e69,pool_games,lin,shape=129-1)@1.dil(prob=20)@1	ab(deep=12,tt,ord,retain,time=25ms)@3.learned(model=95,07792e69,pool_games,lin,shape=129-1)@1.dil(prob=20)@1
ab(deep=12,tt,ord,retain,time=25ms)@3	536	5	6992	17.141	on	learned(model=94,784bb5fe,pool_games,lin,shape=129-1)@1.dil(prob=20)@1	learned(model=94,784bb5fe,pool_games,lin,shape=129-1)@1.dil(prob=20)@1	ab(deep=12,tt,ord,retain,time=25ms)@3.learned(model=94,784bb5fe,pool_games,lin,shape=129-1)@1.dil(prob=20)@1
ab(deep=12,tt,ord,retain,time=25ms)@3	525	5	6991	15.042	on	learned(model=531,748d1c8d,tdleaf_self,lin,shape=129-1)@1.opener(rand,moves=8)@1	learned(model=531,748d1c8d,tdleaf_self,lin,shape=129-1)@1.opener(rand,moves=8)@1	ab(deep=12,tt,ord,retain,time=25ms)@3.learned(model=531,748d1c8d,tdleaf_self,lin,shape=129-1)@1.opener(rand,moves=8)@1
ab(deep=12,tt,ord,retain,time=25ms)@3	522	5	6992	15.065	on	learned(model=97,87a5093d,pool_games,lin,shape=129-1)@1.opener(rand,moves=8)@1	learned(model=97,87a5093d,pool_games,lin,shape=129-1)@1.opener(rand,moves=8)@1	ab(deep=12,tt,ord,retain,time=25ms)@3.learned(model=97,87a5093d,pool_games,lin,shape=129-1)@1.opener(rand,moves=8)@1
ab(deep=12,tt,ord,retain,time=25ms)@3	508	5	6992	14.804	on	learned(model=110,1466db6c,position_elo,mlp,mu_shape=129-512-8-1,sigma_shape=129-64-1)@1.opener(rand,moves=8)@1	learned(model=110,1466db6c,position_elo,mlp,mu_shape=129-512-8-1,sigma_shape=129-64-1)@1.opener(rand,moves=8)@1	ab(deep=12,tt,ord,retain,time=25ms)@3.learned(model=110,1466db6c,position_elo,mlp,mu_shape=129-512-8-1,sigma_shape=129-64-1)@1.opener(rand,moves=8)@1
ab(deep=12,tt,ord,retain,time=25ms)@3	504	6	6992	17.712	on	learned(model=77,ddaa5090,position_elo,mlp,mu_shape=129-128-64-1,sigma_shape=129-32-1)@1.dil(prob=20)@1	learned(model=77,ddaa5090,position_elo,mlp,mu_shape=129-128-64-1,sigma_shape=129-32-1)@1.dil(prob=20)@1	ab(deep=12,tt,ord,retain,time=25ms)@3.learned(model=77,ddaa5090,position_elo,mlp,mu_shape=129-128-64-1,sigma_shape=129-32-1)@1.dil(prob=20)@1
ab(deep=12,tt,ord,retain,time=25ms)@3	499	6	6992	14.536	on	learned(model=79,18f19059,position_elo,mlp,mu_shape=129-256-128-1,sigma_shape=129-64-1)@1.opener(rand,moves=8)@1	learned(model=79,18f19059,position_elo,mlp,mu_shape=129-256-128-1,sigma_shape=129-64-1)@1.opener(rand,moves=8)@1	ab(deep=12,tt,ord,retain,time=25ms)@3.learned(model=79,18f19059,position_elo,mlp,mu_shape=129-256-128-1,sigma_shape=129-64-1)@1.opener(rand,moves=8)@1
ab(deep=12,tt,ord,retain,time=25ms)@3	492	6	6992	17.740	on	learned(model=78,2fa21eda,position_elo,mlp,mu_shape=129-128-64-1,sigma_shape=129-32-1)@1.dil(prob=20)@1	learned(model=78,2fa21eda,position_elo,mlp,mu_shape=129-128-64-1,sigma_shape=129-32-1)@1.dil(prob=20)@1	ab(deep=12,tt,ord,retain,time=25ms)@3.learned(model=78,2fa21eda,position_elo,mlp,mu_shape=129-128-64-1,sigma_shape=129-32-1)@1.dil(prob=20)@1
ab(deep=12,tt,ord,retain,time=25ms)@3	489	6	6992	17.246	on	learned(model=369,612a48a8,tdleaf_self,lin,shape=129-1)@1.dil(prob=20)@1	learned(model=369,612a48a8,tdleaf_self,lin,shape=129-1)@1.dil(prob=20)@1	ab(deep=12,tt,ord,retain,time=25ms)@3.learned(model=369,612a48a8,tdleaf_self,lin,shape=129-1)@1.dil(prob=20)@1
ab(deep=12,tt,ord,retain,time=25ms)@3	484	6	6992	22.194	on	learned(model=261,52cd70f8,tdleaf_self,mlp,shape=129-32-1)@1	learned(model=261,52cd70f8,tdleaf_self,mlp,shape=129-32-1)@1	ab(deep=12,tt,ord,retain,time=25ms)@3.learned(model=261,52cd70f8,tdleaf_self,mlp,shape=129-32-1)@1
ab(deep=12,tt,ord,retain,time=25ms)@3	478	6	6992	21.882	on	learned(model=279,409dc0b3,tdleaf_self,mlp,shape=30-16-1)@1	learned(model=279,409dc0b3,tdleaf_self,mlp,shape=30-16-1)@1	ab(deep=12,tt,ord,retain,time=25ms)@3.learned(model=279,409dc0b3,tdleaf_self,mlp,shape=30-16-1)@1
ab(deep=12,tt,ord,retain,time=25ms)@3	469	6	6992	14.286	on	learned(model=279,409dc0b3,tdleaf_self,mlp,shape=30-16-1)@1.opener(rand,moves=8)@1	learned(model=279,409dc0b3,tdleaf_self,mlp,shape=30-16-1)@1.opener(rand,moves=8)@1	ab(deep=12,tt,ord,retain,time=25ms)@3.learned(model=279,409dc0b3,tdleaf_self,mlp,shape=30-16-1)@1.opener(rand,moves=8)@1
ab(deep=12,tt,ord,retain,time=25ms)@3	461	6	6992	17.855	on	learned(model=111,78ef6974,position_elo,mlp,mu_shape=129-512-8-1,sigma_shape=129-64-1)@1.dil(prob=20)@1	learned(model=111,78ef6974,position_elo,mlp,mu_shape=129-512-8-1,sigma_shape=129-64-1)@1.dil(prob=20)@1	ab(deep=12,tt,ord,retain,time=25ms)@3.learned(model=111,78ef6974,position_elo,mlp,mu_shape=129-512-8-1,sigma_shape=129-64-1)@1.dil(prob=20)@1
ab(deep=12,tt,ord,retain,time=25ms)@3	461	6	6992	17.010	on	learned(model=333,06bdc1f0,tdleaf_self,mlp,shape=30-16-1)@1.dil(prob=20)@1	learned(model=333,06bdc1f0,tdleaf_self,mlp,shape=30-16-1)@1.dil(prob=20)@1	ab(deep=12,tt,ord,retain,time=25ms)@3.learned(model=333,06bdc1f0,tdleaf_self,mlp,shape=30-16-1)@1.dil(prob=20)@1
ab(deep=12,tt,ord,retain,time=25ms)@3	449	6	6992	13.920	on	learned(model=585,e37f6895,tdleaf_self,mlp,shape=30-32-1)@1.opener(rand,moves=8)@1	learned(model=585,e37f6895,tdleaf_self,mlp,shape=30-32-1)@1.opener(rand,moves=8)@1	ab(deep=12,tt,ord,retain,time=25ms)@3.learned(model=585,e37f6895,tdleaf_self,mlp,shape=30-32-1)@1.opener(rand,moves=8)@1
ab(deep=12,tt,ord,retain,time=25ms)@3	442	6	6992	17.413	on	learned(model=97,87a5093d,pool_games,lin,shape=129-1)@1.dil(prob=20)@1	learned(model=97,87a5093d,pool_games,lin,shape=129-1)@1.dil(prob=20)@1	ab(deep=12,tt,ord,retain,time=25ms)@3.learned(model=97,87a5093d,pool_games,lin,shape=129-1)@1.dil(prob=20)@1
ab(deep=12,tt,ord,retain,time=25ms)@3	424	6	6992	14.174	on	learned(model=261,52cd70f8,tdleaf_self,mlp,shape=129-32-1)@1.opener(rand,moves=8)@1	learned(model=261,52cd70f8,tdleaf_self,mlp,shape=129-32-1)@1.opener(rand,moves=8)@1	ab(deep=12,tt,ord,retain,time=25ms)@3.learned(model=261,52cd70f8,tdleaf_self,mlp,shape=129-32-1)@1.opener(rand,moves=8)@1
ab(deep=12,tt,ord,retain,time=25ms)@3	406	6	6992	17.801	on	learned(model=110,1466db6c,position_elo,mlp,mu_shape=129-512-8-1,sigma_shape=129-64-1)@1.dil(prob=20)@1	learned(model=110,1466db6c,position_elo,mlp,mu_shape=129-512-8-1,sigma_shape=129-64-1)@1.dil(prob=20)@1	ab(deep=12,tt,ord,retain,time=25ms)@3.learned(model=110,1466db6c,position_elo,mlp,mu_shape=129-512-8-1,sigma_shape=129-64-1)@1.dil(prob=20)@1
ab(deep=12,tt,ord,retain,time=25ms)@3	403	6	6992	17.591	on	learned(model=79,18f19059,position_elo,mlp,mu_shape=129-256-128-1,sigma_shape=129-64-1)@1.dil(prob=20)@1	learned(model=79,18f19059,position_elo,mlp,mu_shape=129-256-128-1,sigma_shape=129-64-1)@1.dil(prob=20)@1	ab(deep=12,tt,ord,retain,time=25ms)@3.learned(model=79,18f19059,position_elo,mlp,mu_shape=129-256-128-1,sigma_shape=129-64-1)@1.dil(prob=20)@1
ab(deep=12,tt,ord,retain,time=25ms)@3	349	7	6992	17.494	on	learned(model=531,748d1c8d,tdleaf_self,lin,shape=129-1)@1.dil(prob=20)@1	learned(model=531,748d1c8d,tdleaf_self,lin,shape=129-1)@1.dil(prob=20)@1	ab(deep=12,tt,ord,retain,time=25ms)@3.learned(model=531,748d1c8d,tdleaf_self,lin,shape=129-1)@1.dil(prob=20)@1
ab(deep=12,tt,ord,retain,time=25ms)@3	331	7	6992	17.305	on	learned(model=279,409dc0b3,tdleaf_self,mlp,shape=30-16-1)@1.dil(prob=20)@1	learned(model=279,409dc0b3,tdleaf_self,mlp,shape=30-16-1)@1.dil(prob=20)@1	ab(deep=12,tt,ord,retain,time=25ms)@3.learned(model=279,409dc0b3,tdleaf_self,mlp,shape=30-16-1)@1.dil(prob=20)@1
ab(deep=12,tt,ord,retain,time=25ms)@3	325	7	6992	17.524	on	learned(model=261,52cd70f8,tdleaf_self,mlp,shape=129-32-1)@1.dil(prob=20)@1	learned(model=261,52cd70f8,tdleaf_self,mlp,shape=129-32-1)@1.dil(prob=20)@1	ab(deep=12,tt,ord,retain,time=25ms)@3.learned(model=261,52cd70f8,tdleaf_self,mlp,shape=129-32-1)@1.dil(prob=20)@1
ab(deep=12,tt,ord,rem=70,retain,nodes=100k)@3	1167	8	5260	22.656	on	learned(model=169,4975683c,tdleaf_self,lin,shape=129-1)@1	learned(model=169,4975683c,tdleaf_self,lin,shape=129-1)@1	ab(deep=12,tt,ord,rem=70,retain,nodes=100k)@3.learned(model=169,4975683c,tdleaf_self,lin,shape=129-1)@1
ab(deep=12,tt,ord,rem=70,retain,nodes=100k)@3	1161	8	5022	22.825	on	learned(model=602,68cbb27d,tdleaf_self,lin,shape=129-1)@1	learned(model=602,68cbb27d,tdleaf_self,lin,shape=129-1)@1	ab(deep=12,tt,ord,rem=70,retain,nodes=100k)@3.learned(model=602,68cbb27d,tdleaf_self,lin,shape=129-1)@1
ab(deep=12,tt,ord,rem=70,retain,nodes=100k)@3	1148	7	5260	22.909	on	learned(model=349,5ee50d5c,tdleaf_self,lin,shape=129-1)@1	learned(model=349,5ee50d5c,tdleaf_self,lin,shape=129-1)@1	ab(deep=12,tt,ord,rem=70,retain,nodes=100k)@3.learned(model=349,5ee50d5c,tdleaf_self,lin,shape=129-1)@1
ab(deep=12,tt,ord,rem=70,retain,nodes=100k)@3	1143	8	5022	22.787	on	learned(model=351,42d88d8e,tdleaf_self,lin,shape=129-1)@1	learned(model=351,42d88d8e,tdleaf_self,lin,shape=129-1)@1	ab(deep=12,tt,ord,rem=70,retain,nodes=100k)@3.learned(model=351,42d88d8e,tdleaf_self,lin,shape=129-1)@1
ab(deep=12,tt,ord,rem=70,retain,nodes=100k)@3	1131	8	5022	22.782	on	learned(model=171,10d3530c,tdleaf_self,lin,shape=129-1)@1	learned(model=171,10d3530c,tdleaf_self,lin,shape=129-1)@1	ab(deep=12,tt,ord,rem=70,retain,nodes=100k)@3.learned(model=171,10d3530c,tdleaf_self,lin,shape=129-1)@1
ab(deep=12,tt,ord,rem=70,retain,nodes=100k)@3	1096	7	5022	22.704	on	learned(model=603,2da121ee,tdleaf_self,lin,shape=129-1)@1	learned(model=603,2da121ee,tdleaf_self,lin,shape=129-1)@1	ab(deep=12,tt,ord,rem=70,retain,nodes=100k)@3.learned(model=603,2da121ee,tdleaf_self,lin,shape=129-1)@1
ab(deep=12,tt,ord,rem=70,retain,nodes=100k)@3	1068	7	5022	22.547	on	learned(model=96,990e39e7,pool_games,lin,shape=129-1)@1	learned(model=96,990e39e7,pool_games,lin,shape=129-1)@1	ab(deep=12,tt,ord,rem=70,retain,nodes=100k)@3.learned(model=96,990e39e7,pool_games,lin,shape=129-1)@1
ab(deep=12,tt,ord,rem=70,retain,nodes=100k)@3	1059	6	5260	19.911	on	classic(chip=100)@2	classic(chip=100)@2	ab(deep=12,tt,ord,rem=70,retain,nodes=100k)@3.classic(chip=100)@2
ab(deep=12,tt,ord,rem=70,retain,nodes=100k)@3	1056	7	5022	22.729	on	learned(model=441,01db390c,tdleaf_self,lin,shape=129-1)@1	learned(model=441,01db390c,tdleaf_self,lin,shape=129-1)@1	ab(deep=12,tt,ord,rem=70,retain,nodes=100k)@3.learned(model=441,01db390c,tdleaf_self,lin,shape=129-1)@1
ab(deep=12,tt,ord,rem=70,retain,nodes=100k)@3	1027	7	5022	22.290	on	learned(model=98,5801570e,pool_games,lin,shape=129-1)@1	learned(model=98,5801570e,pool_games,lin,shape=129-1)@1	ab(deep=12,tt,ord,rem=70,retain,nodes=100k)@3.learned(model=98,5801570e,pool_games,lin,shape=129-1)@1
ab(deep=12,tt,ord,rem=70,retain,nodes=100k)@3	1019	6	5022	23.501	on	learned(model=10,fead67b7,weight_merge,lin,shape=129-1)@1	learned(model=10,fead67b7,weight_merge,lin,shape=129-1)@1	ab(deep=12,tt,ord,rem=70,retain,nodes=100k)@3.learned(model=10,fead67b7,weight_merge,lin,shape=129-1)@1
ab(deep=12,tt,ord,rem=70,retain,nodes=100k)@3	993	6	5022	22.599	on	learned(model=3,68364898,pool_games,lin,shape=129-1)@1	learned(model=3,68364898,pool_games,lin,shape=129-1)@1	ab(deep=12,tt,ord,rem=70,retain,nodes=100k)@3.learned(model=3,68364898,pool_games,lin,shape=129-1)@1
ab(deep=12,tt,ord,rem=70,retain,nodes=100k)@3	984	6	5022	22.526	on	learned(model=76,ef183148,position_elo,lin,mu_shape=129-1,sigma_shape=129-1)@1	learned(model=76,ef183148,position_elo,lin,mu_shape=129-1,sigma_shape=129-1)@1	ab(deep=12,tt,ord,rem=70,retain,nodes=100k)@3.learned(model=76,ef183148,position_elo,lin,mu_shape=129-1,sigma_shape=129-1)@1
ab(deep=12,tt,ord,rem=70,retain,nodes=100k)@3	977	6	5022	175.953	on	learned(model=78,2fa21eda,position_elo,mlp,mu_shape=129-128-64-1,sigma_shape=129-32-1)@1	learned(model=78,2fa21eda,position_elo,mlp,mu_shape=129-128-64-1,sigma_shape=129-32-1)@1	ab(deep=12,tt,ord,rem=70,retain,nodes=100k)@3.learned(model=78,2fa21eda,position_elo,mlp,mu_shape=129-128-64-1,sigma_shape=129-32-1)@1
ab(deep=12,tt,ord,rem=70,retain,nodes=100k)@3	963	6	5022	56.351	on	learned(model=387,607b64aa,tdleaf_self,lin,shape=30-1)@1	learned(model=387,607b64aa,tdleaf_self,lin,shape=30-1)@1	ab(deep=12,tt,ord,rem=70,retain,nodes=100k)@3.learned(model=387,607b64aa,tdleaf_self,lin,shape=30-1)@1
ab(deep=12,tt,ord,rem=70,retain,nodes=100k)@3	957	6	5022	44.437	on	learned(model=405,111c40c8,tdleaf_self,mlp,shape=129-32-1)@1	learned(model=405,111c40c8,tdleaf_self,mlp,shape=129-32-1)@1	ab(deep=12,tt,ord,rem=70,retain,nodes=100k)@3.learned(model=405,111c40c8,tdleaf_self,mlp,shape=129-32-1)@1
ab(deep=12,tt,ord,rem=70,retain,nodes=100k)@3	954	6	5022	22.461	on	learned(model=4,eb105733,pool_games,lin,shape=129-1)@1	learned(model=4,eb105733,pool_games,lin,shape=129-1)@1	ab(deep=12,tt,ord,rem=70,retain,nodes=100k)@3.learned(model=4,eb105733,pool_games,lin,shape=129-1)@1
ab(deep=12,tt,ord,rem=70,retain,nodes=100k)@3	954	5	6992	15.109	on	learned(model=169,4975683c,tdleaf_self,lin,shape=129-1)@1.opener(rand,moves=8)@1	learned(model=169,4975683c,tdleaf_self,lin,shape=129-1)@1.opener(rand,moves=8)@1	ab(deep=12,tt,ord,rem=70,retain,nodes=100k)@3.learned(model=169,4975683c,tdleaf_self,lin,shape=129-1)@1.opener(rand,moves=8)@1
ab(deep=12,tt,ord,rem=70,retain,nodes=100k)@3	952	6	5022	388.067	on	learned(model=111,78ef6974,position_elo,mlp,mu_shape=129-512-8-1,sigma_shape=129-64-1)@1	learned(model=111,78ef6974,position_elo,mlp,mu_shape=129-512-8-1,sigma_shape=129-64-1)@1	ab(deep=12,tt,ord,rem=70,retain,nodes=100k)@3.learned(model=111,78ef6974,position_elo,mlp,mu_shape=129-512-8-1,sigma_shape=129-64-1)@1
ab(deep=12,tt,ord,rem=70,retain,nodes=100k)@3	951	5	6992	14.880	on	learned(model=171,10d3530c,tdleaf_self,lin,shape=129-1)@1.opener(rand,moves=8)@1	learned(model=171,10d3530c,tdleaf_self,lin,shape=129-1)@1.opener(rand,moves=8)@1	ab(deep=12,tt,ord,rem=70,retain,nodes=100k)@3.learned(model=171,10d3530c,tdleaf_self,lin,shape=129-1)@1.opener(rand,moves=8)@1
ab(deep=12,tt,ord,rem=70,retain,nodes=100k)@3	949	5	6992	14.954	on	learned(model=349,5ee50d5c,tdleaf_self,lin,shape=129-1)@1.opener(rand,moves=8)@1	learned(model=349,5ee50d5c,tdleaf_self,lin,shape=129-1)@1.opener(rand,moves=8)@1	ab(deep=12,tt,ord,rem=70,retain,nodes=100k)@3.learned(model=349,5ee50d5c,tdleaf_self,lin,shape=129-1)@1.opener(rand,moves=8)@1
ab(deep=12,tt,ord,rem=70,retain,nodes=100k)@3	946	5	6992	14.787	on	learned(model=351,42d88d8e,tdleaf_self,lin,shape=129-1)@1.opener(rand,moves=8)@1	learned(model=351,42d88d8e,tdleaf_self,lin,shape=129-1)@1.opener(rand,moves=8)@1	ab(deep=12,tt,ord,rem=70,retain,nodes=100k)@3.learned(model=351,42d88d8e,tdleaf_self,lin,shape=129-1)@1.opener(rand,moves=8)@1
ab(deep=12,tt,ord,rem=70,retain,nodes=100k)@3	940	6	5022	22.424	on	learned(model=8,6f1a4264,pool_games,lin,shape=129-1)@1	learned(model=8,6f1a4264,pool_games,lin,shape=129-1)@1	ab(deep=12,tt,ord,rem=70,retain,nodes=100k)@3.learned(model=8,6f1a4264,pool_games,lin,shape=129-1)@1
ab(deep=12,tt,ord,rem=70,retain,nodes=100k)@3	938	5	6992	15.085	on	learned(model=602,68cbb27d,tdleaf_self,lin,shape=129-1)@1.opener(rand,moves=8)@1	learned(model=602,68cbb27d,tdleaf_self,lin,shape=129-1)@1.opener(rand,moves=8)@1	ab(deep=12,tt,ord,rem=70,retain,nodes=100k)@3.learned(model=602,68cbb27d,tdleaf_self,lin,shape=129-1)@1.opener(rand,moves=8)@1
ab(deep=12,tt,ord,rem=70,retain,nodes=100k)@3	934	5	6992	14.906	on	learned(model=603,2da121ee,tdleaf_self,lin,shape=129-1)@1.opener(rand,moves=8)@1	learned(model=603,2da121ee,tdleaf_self,lin,shape=129-1)@1.opener(rand,moves=8)@1	ab(deep=12,tt,ord,rem=70,retain,nodes=100k)@3.learned(model=603,2da121ee,tdleaf_self,lin,shape=129-1)@1.opener(rand,moves=8)@1
ab(deep=12,tt,ord,rem=70,retain,nodes=100k)@3	933	6	5022	173.217	on	learned(model=77,ddaa5090,position_elo,mlp,mu_shape=129-128-64-1,sigma_shape=129-32-1)@1	learned(model=77,ddaa5090,position_elo,mlp,mu_shape=129-128-64-1,sigma_shape=129-32-1)@1	ab(deep=12,tt,ord,rem=70,retain,nodes=100k)@3.learned(model=77,ddaa5090,position_elo,mlp,mu_shape=129-128-64-1,sigma_shape=129-32-1)@1
ab(deep=12,tt,ord,rem=70,retain,nodes=100k)@3	910	6	5022	22.832	on	learned(model=99,59815079,pool_games,lin,shape=129-1)@1	learned(model=99,59815079,pool_games,lin,shape=129-1)@1	ab(deep=12,tt,ord,rem=70,retain,nodes=100k)@3.learned(model=99,59815079,pool_games,lin,shape=129-1)@1
ab(deep=12,tt,ord,rem=70,retain,nodes=100k)@3	901	6	5022	22.974	on	learned(model=459,642147d2,tdleaf_self,lin,shape=129-1)@1	learned(model=459,642147d2,tdleaf_self,lin,shape=129-1)@1	ab(deep=12,tt,ord,rem=70,retain,nodes=100k)@3.learned(model=459,642147d2,tdleaf_self,lin,shape=129-1)@1
ab(deep=12,tt,ord,rem=70,retain,nodes=100k)@3	896	6	5022	375.630	on	learned(model=110,1466db6c,position_elo,mlp,mu_shape=129-512-8-1,sigma_shape=129-64-1)@1	learned(model=110,1466db6c,position_elo,mlp,mu_shape=129-512-8-1,sigma_shape=129-64-1)@1	ab(deep=12,tt,ord,rem=70,retain,nodes=100k)@3.learned(model=110,1466db6c,position_elo,mlp,mu_shape=129-512-8-1,sigma_shape=129-64-1)@1
ab(deep=12,tt,ord,rem=70,retain,nodes=100k)@3	890	5	6992	15.395	on	learned(model=10,fead67b7,weight_merge,lin,shape=129-1)@1.opener(rand,moves=8)@1	learned(model=10,fead67b7,weight_merge,lin,shape=129-1)@1.opener(rand,moves=8)@1	ab(deep=12,tt,ord,rem=70,retain,nodes=100k)@3.learned(model=10,fead67b7,weight_merge,lin,shape=129-1)@1.opener(rand,moves=8)@1
ab(deep=12,tt,ord,rem=70,retain,nodes=100k)@3	884	6	5022	417.269	on	learned(model=79,18f19059,position_elo,mlp,mu_shape=129-256-128-1,sigma_shape=129-64-1)@1	learned(model=79,18f19059,position_elo,mlp,mu_shape=129-256-128-1,sigma_shape=129-64-1)@1	ab(deep=12,tt,ord,rem=70,retain,nodes=100k)@3.learned(model=79,18f19059,position_elo,mlp,mu_shape=129-256-128-1,sigma_shape=129-64-1)@1
ab(deep=12,tt,ord,rem=70,retain,nodes=100k)@3	871	5	6992	15.182	on	learned(model=76,ef183148,position_elo,lin,mu_shape=129-1,sigma_shape=129-1)@1.opener(rand,moves=8)@1	learned(model=76,ef183148,position_elo,lin,mu_shape=129-1,sigma_shape=129-1)@1.opener(rand,moves=8)@1	ab(deep=12,tt,ord,rem=70,retain,nodes=100k)@3.learned(model=76,ef183148,position_elo,lin,mu_shape=129-1,sigma_shape=129-1)@1.opener(rand,moves=8)@1
ab(deep=12,tt,ord,rem=70,retain,nodes=100k)@3	861	5	6992	13.649	on	classic(chip=100)@2.opener(rand,moves=8)@1	classic(chip=100)@2.opener(rand,moves=8)@1	ab(deep=12,tt,ord,rem=70,retain,nodes=100k)@3.classic(chip=100)@2.opener(rand,moves=8)@1
ab(deep=12,tt,ord,rem=70,retain,nodes=100k)@3	854	5	6992	15.065	on	learned(model=96,990e39e7,pool_games,lin,shape=129-1)@1.opener(rand,moves=8)@1	learned(model=96,990e39e7,pool_games,lin,shape=129-1)@1.opener(rand,moves=8)@1	ab(deep=12,tt,ord,rem=70,retain,nodes=100k)@3.learned(model=96,990e39e7,pool_games,lin,shape=129-1)@1.opener(rand,moves=8)@1
ab(deep=12,tt,ord,rem=70,retain,nodes=100k)@3	853	5	6992	35.754	on	learned(model=387,607b64aa,tdleaf_self,lin,shape=30-1)@1.opener(rand,moves=8)@1	learned(model=387,607b64aa,tdleaf_self,lin,shape=30-1)@1.opener(rand,moves=8)@1	ab(deep=12,tt,ord,rem=70,retain,nodes=100k)@3.learned(model=387,607b64aa,tdleaf_self,lin,shape=30-1)@1.opener(rand,moves=8)@1
ab(deep=12,tt,ord,rem=70,retain,nodes=100k)@3	842	5	6992	15.109	on	learned(model=441,01db390c,tdleaf_self,lin,shape=129-1)@1.opener(rand,moves=8)@1	learned(model=441,01db390c,tdleaf_self,lin,shape=129-1)@1.opener(rand,moves=8)@1	ab(deep=12,tt,ord,rem=70,retain,nodes=100k)@3.learned(model=441,01db390c,tdleaf_self,lin,shape=129-1)@1.opener(rand,moves=8)@1
ab(deep=12,tt,ord,rem=70,retain,nodes=100k)@3	838	5	6992	15.213	on	learned(model=98,5801570e,pool_games,lin,shape=129-1)@1.opener(rand,moves=8)@1	learned(model=98,5801570e,pool_games,lin,shape=129-1)@1.opener(rand,moves=8)@1	ab(deep=12,tt,ord,rem=70,retain,nodes=100k)@3.learned(model=98,5801570e,pool_games,lin,shape=129-1)@1.opener(rand,moves=8)@1
ab(deep=12,tt,ord,rem=70,retain,nodes=100k)@3	835	5	6992	15.226	on	learned(model=8,6f1a4264,pool_games,lin,shape=129-1)@1.opener(rand,moves=8)@1	learned(model=8,6f1a4264,pool_games,lin,shape=129-1)@1.opener(rand,moves=8)@1	ab(deep=12,tt,ord,rem=70,retain,nodes=100k)@3.learned(model=8,6f1a4264,pool_games,lin,shape=129-1)@1.opener(rand,moves=8)@1
ab(deep=12,tt,ord,rem=70,retain,nodes=100k)@3	831	5	6992	29.411	on	learned(model=405,111c40c8,tdleaf_self,mlp,shape=129-32-1)@1.opener(rand,moves=8)@1	learned(model=405,111c40c8,tdleaf_self,mlp,shape=129-32-1)@1.opener(rand,moves=8)@1	ab(deep=12,tt,ord,rem=70,retain,nodes=100k)@3.learned(model=405,111c40c8,tdleaf_self,mlp,shape=129-32-1)@1.opener(rand,moves=8)@1
ab(deep=12,tt,ord,rem=70,retain,nodes=100k)@3	823	5	6992	264.086	on	learned(model=111,78ef6974,position_elo,mlp,mu_shape=129-512-8-1,sigma_shape=129-64-1)@1.opener(rand,moves=8)@1	learned(model=111,78ef6974,position_elo,mlp,mu_shape=129-512-8-1,sigma_shape=129-64-1)@1.opener(rand,moves=8)@1	ab(deep=12,tt,ord,rem=70,retain,nodes=100k)@3.learned(model=111,78ef6974,position_elo,mlp,mu_shape=129-512-8-1,sigma_shape=129-64-1)@1.opener(rand,moves=8)@1
ab(deep=12,tt,ord,rem=70,retain,nodes=100k)@3	818	6	5022	22.640	on	learned(model=94,784bb5fe,pool_games,lin,shape=129-1)@1	learned(model=94,784bb5fe,pool_games,lin,shape=129-1)@1	ab(deep=12,tt,ord,rem=70,retain,nodes=100k)@3.learned(model=94,784bb5fe,pool_games,lin,shape=129-1)@1
ab(deep=12,tt,ord,rem=70,retain,nodes=100k)@3	815	5	6992	14.724	on	learned(model=459,642147d2,tdleaf_self,lin,shape=129-1)@1.opener(rand,moves=8)@1	learned(model=459,642147d2,tdleaf_self,lin,shape=129-1)@1.opener(rand,moves=8)@1	ab(deep=12,tt,ord,rem=70,retain,nodes=100k)@3.learned(model=459,642147d2,tdleaf_self,lin,shape=129-1)@1.opener(rand,moves=8)@1
ab(deep=12,tt,ord,rem=70,retain,nodes=100k)@3	814	5	6992	15.131	on	learned(model=4,eb105733,pool_games,lin,shape=129-1)@1.opener(rand,moves=8)@1	learned(model=4,eb105733,pool_games,lin,shape=129-1)@1.opener(rand,moves=8)@1	ab(deep=12,tt,ord,rem=70,retain,nodes=100k)@3.learned(model=4,eb105733,pool_games,lin,shape=129-1)@1.opener(rand,moves=8)@1
ab(deep=12,tt,ord,rem=70,retain,nodes=100k)@3	807	5	6992	15.358	on	learned(model=3,68364898,pool_games,lin,shape=129-1)@1.opener(rand,moves=8)@1	learned(model=3,68364898,pool_games,lin,shape=129-1)@1.opener(rand,moves=8)@1	ab(deep=12,tt,ord,rem=70,retain,nodes=100k)@3.learned(model=3,68364898,pool_games,lin,shape=129-1)@1.opener(rand,moves=8)@1
ab(deep=12,tt,ord,rem=70,retain,nodes=100k)@3	805	5	6992	123.822	on	learned(model=78,2fa21eda,position_elo,mlp,mu_shape=129-128-64-1,sigma_shape=129-32-1)@1.opener(rand,moves=8)@1	learned(model=78,2fa21eda,position_elo,mlp,mu_shape=129-128-64-1,sigma_shape=129-32-1)@1.opener(rand,moves=8)@1	ab(deep=12,tt,ord,rem=70,retain,nodes=100k)@3.learned(model=78,2fa21eda,position_elo,mlp,mu_shape=129-128-64-1,sigma_shape=129-32-1)@1.opener(rand,moves=8)@1
ab(deep=12,tt,ord,rem=70,retain,nodes=100k)@3	797	5	6992	121.020	on	learned(model=77,ddaa5090,position_elo,mlp,mu_shape=129-128-64-1,sigma_shape=129-32-1)@1.opener(rand,moves=8)@1	learned(model=77,ddaa5090,position_elo,mlp,mu_shape=129-128-64-1,sigma_shape=129-32-1)@1.opener(rand,moves=8)@1	ab(deep=12,tt,ord,rem=70,retain,nodes=100k)@3.learned(model=77,ddaa5090,position_elo,mlp,mu_shape=129-128-64-1,sigma_shape=129-32-1)@1.opener(rand,moves=8)@1
ab(deep=12,tt,ord,rem=70,retain,nodes=100k)@3	774	5	5022	22.864	on	learned(model=95,07792e69,pool_games,lin,shape=129-1)@1	learned(model=95,07792e69,pool_games,lin,shape=129-1)@1	ab(deep=12,tt,ord,rem=70,retain,nodes=100k)@3.learned(model=95,07792e69,pool_games,lin,shape=129-1)@1
ab(deep=12,tt,ord,rem=70,retain,nodes=100k)@3	773	5	5022	74.229	on	learned(model=333,06bdc1f0,tdleaf_self,mlp,shape=30-16-1)@1	learned(model=333,06bdc1f0,tdleaf_self,mlp,shape=30-16-1)@1	ab(deep=12,tt,ord,rem=70,retain,nodes=100k)@3.learned(model=333,06bdc1f0,tdleaf_self,mlp,shape=30-16-1)@1
ab(deep=12,tt,ord,rem=70,retain,nodes=100k)@3	770	5	6992	292.177	on	learned(model=79,18f19059,position_elo,mlp,mu_shape=129-256-128-1,sigma_shape=129-64-1)@1.opener(rand,moves=8)@1	learned(model=79,18f19059,position_elo,mlp,mu_shape=129-256-128-1,sigma_shape=129-64-1)@1.opener(rand,moves=8)@1	ab(deep=12,tt,ord,rem=70,retain,nodes=100k)@3.learned(model=79,18f19059,position_elo,mlp,mu_shape=129-256-128-1,sigma_shape=129-64-1)@1.opener(rand,moves=8)@1
ab(deep=12,tt,ord,rem=70,retain,nodes=100k)@3	757	5	6992	15.188	on	learned(model=99,59815079,pool_games,lin,shape=129-1)@1.opener(rand,moves=8)@1	learned(model=99,59815079,pool_games,lin,shape=129-1)@1.opener(rand,moves=8)@1	ab(deep=12,tt,ord,rem=70,retain,nodes=100k)@3.learned(model=99,59815079,pool_games,lin,shape=129-1)@1.opener(rand,moves=8)@1
ab(deep=12,tt,ord,rem=70,retain,nodes=100k)@3	739	5	6992	255.280	on	learned(model=110,1466db6c,position_elo,mlp,mu_shape=129-512-8-1,sigma_shape=129-64-1)@1.opener(rand,moves=8)@1	learned(model=110,1466db6c,position_elo,mlp,mu_shape=129-512-8-1,sigma_shape=129-64-1)@1.opener(rand,moves=8)@1	ab(deep=12,tt,ord,rem=70,retain,nodes=100k)@3.learned(model=110,1466db6c,position_elo,mlp,mu_shape=129-512-8-1,sigma_shape=129-64-1)@1.opener(rand,moves=8)@1
ab(deep=12,tt,ord,rem=70,retain,nodes=100k)@3	735	5	5022	69.698	on	learned(model=585,e37f6895,tdleaf_self,mlp,shape=30-32-1)@1	learned(model=585,e37f6895,tdleaf_self,mlp,shape=30-32-1)@1	ab(deep=12,tt,ord,rem=70,retain,nodes=100k)@3.learned(model=585,e37f6895,tdleaf_self,mlp,shape=30-32-1)@1
ab(deep=12,tt,ord,rem=70,retain,nodes=100k)@3	726	5	5022	23.247	on	learned(model=369,612a48a8,tdleaf_self,lin,shape=129-1)@1	learned(model=369,612a48a8,tdleaf_self,lin,shape=129-1)@1	ab(deep=12,tt,ord,rem=70,retain,nodes=100k)@3.learned(model=369,612a48a8,tdleaf_self,lin,shape=129-1)@1
ab(deep=12,tt,ord,rem=70,retain,nodes=100k)@3	710	5	6992	18.258	on	learned(model=349,5ee50d5c,tdleaf_self,lin,shape=129-1)@1.dil(prob=20)@1	learned(model=349,5ee50d5c,tdleaf_self,lin,shape=129-1)@1.dil(prob=20)@1	ab(deep=12,tt,ord,rem=70,retain,nodes=100k)@3.learned(model=349,5ee50d5c,tdleaf_self,lin,shape=129-1)@1.dil(prob=20)@1
ab(deep=12,tt,ord,rem=70,retain,nodes=100k)@3	705	5	6992	18.153	on	learned(model=351,42d88d8e,tdleaf_self,lin,shape=129-1)@1.dil(prob=20)@1	learned(model=351,42d88d8e,tdleaf_self,lin,shape=129-1)@1.dil(prob=20)@1	ab(deep=12,tt,ord,rem=70,retain,nodes=100k)@3.learned(model=351,42d88d8e,tdleaf_self,lin,shape=129-1)@1.dil(prob=20)@1
ab(deep=12,tt,ord,rem=70,retain,nodes=100k)@3	704	5	6992	18.075	on	learned(model=171,10d3530c,tdleaf_self,lin,shape=129-1)@1.dil(prob=20)@1	learned(model=171,10d3530c,tdleaf_self,lin,shape=129-1)@1.dil(prob=20)@1	ab(deep=12,tt,ord,rem=70,retain,nodes=100k)@3.learned(model=171,10d3530c,tdleaf_self,lin,shape=129-1)@1.dil(prob=20)@1
ab(deep=12,tt,ord,rem=70,retain,nodes=100k)@3	702	5	6992	18.166	on	learned(model=169,4975683c,tdleaf_self,lin,shape=129-1)@1.dil(prob=20)@1	learned(model=169,4975683c,tdleaf_self,lin,shape=129-1)@1.dil(prob=20)@1	ab(deep=12,tt,ord,rem=70,retain,nodes=100k)@3.learned(model=169,4975683c,tdleaf_self,lin,shape=129-1)@1.dil(prob=20)@1
ab(deep=12,tt,ord,rem=70,retain,nodes=100k)@3	701	5	6992	15.090	on	learned(model=94,784bb5fe,pool_games,lin,shape=129-1)@1.opener(rand,moves=8)@1	learned(model=94,784bb5fe,pool_games,lin,shape=129-1)@1.opener(rand,moves=8)@1	ab(deep=12,tt,ord,rem=70,retain,nodes=100k)@3.learned(model=94,784bb5fe,pool_games,lin,shape=129-1)@1.opener(rand,moves=8)@1
ab(deep=12,tt,ord,rem=70,retain,nodes=100k)@3	700	5	6992	18.163	on	learned(model=602,68cbb27d,tdleaf_self,lin,shape=129-1)@1.dil(prob=20)@1	learned(model=602,68cbb27d,tdleaf_self,lin,shape=129-1)@1.dil(prob=20)@1	ab(deep=12,tt,ord,rem=70,retain,nodes=100k)@3.learned(model=602,68cbb27d,tdleaf_self,lin,shape=129-1)@1.dil(prob=20)@1
ab(deep=12,tt,ord,rem=70,retain,nodes=100k)@3	698	5	5260	21.488	on	learned(model=97,87a5093d,pool_games,lin,shape=129-1)@1	learned(model=97,87a5093d,pool_games,lin,shape=129-1)@1	ab(deep=12,tt,ord,rem=70,retain,nodes=100k)@3.learned(model=97,87a5093d,pool_games,lin,shape=129-1)@1
ab(deep=12,tt,ord,rem=70,retain,nodes=100k)@3	695	5	6992	18.071	on	learned(model=603,2da121ee,tdleaf_self,lin,shape=129-1)@1.dil(prob=20)@1	learned(model=603,2da121ee,tdleaf_self,lin,shape=129-1)@1.dil(prob=20)@1	ab(deep=12,tt,ord,rem=70,retain,nodes=100k)@3.learned(model=603,2da121ee,tdleaf_self,lin,shape=129-1)@1.dil(prob=20)@1
ab(deep=12,tt,ord,rem=70,retain,nodes=100k)@3	675	5	6992	16.333	on	classic(chip=100)@2.dil(prob=20)@1	classic(chip=100)@2.dil(prob=20)@1	ab(deep=12,tt,ord,rem=70,retain,nodes=100k)@3.classic(chip=100)@2.dil(prob=20)@1
ab(deep=12,tt,ord,rem=70,retain,nodes=100k)@3	670	5	6992	18.350	on	learned(model=441,01db390c,tdleaf_self,lin,shape=129-1)@1.dil(prob=20)@1	learned(model=441,01db390c,tdleaf_self,lin,shape=129-1)@1.dil(prob=20)@1	ab(deep=12,tt,ord,rem=70,retain,nodes=100k)@3.learned(model=441,01db390c,tdleaf_self,lin,shape=129-1)@1.dil(prob=20)@1
ab(deep=12,tt,ord,rem=70,retain,nodes=100k)@3	668	5	6992	15.468	on	learned(model=95,07792e69,pool_games,lin,shape=129-1)@1.opener(rand,moves=8)@1	learned(model=95,07792e69,pool_games,lin,shape=129-1)@1.opener(rand,moves=8)@1	ab(deep=12,tt,ord,rem=70,retain,nodes=100k)@3.learned(model=95,07792e69,pool_games,lin,shape=129-1)@1.opener(rand,moves=8)@1
ab(deep=12,tt,ord,rem=70,retain,nodes=100k)@3	665	5	6992	46.001	on	learned(model=333,06bdc1f0,tdleaf_self,mlp,shape=30-16-1)@1.opener(rand,moves=8)@1	learned(model=333,06bdc1f0,tdleaf_self,mlp,shape=30-16-1)@1.opener(rand,moves=8)@1	ab(deep=12,tt,ord,rem=70,retain,nodes=100k)@3.learned(model=333,06bdc1f0,tdleaf_self,mlp,shape=30-16-1)@1.opener(rand,moves=8)@1
ab(deep=12,tt,ord,rem=70,retain,nodes=100k)@3	657	5	6992	18.599	on	learned(model=10,fead67b7,weight_merge,lin,shape=129-1)@1.dil(prob=20)@1	learned(model=10,fead67b7,weight_merge,lin,shape=129-1)@1.dil(prob=20)@1	ab(deep=12,tt,ord,rem=70,retain,nodes=100k)@3.learned(model=10,fead67b7,weight_merge,lin,shape=129-1)@1.dil(prob=20)@1
ab(deep=12,tt,ord,rem=70,retain,nodes=100k)@3	654	5	6992	15.235	on	learned(model=369,612a48a8,tdleaf_self,lin,shape=129-1)@1.opener(rand,moves=8)@1	learned(model=369,612a48a8,tdleaf_self,lin,shape=129-1)@1.opener(rand,moves=8)@1	ab(deep=12,tt,ord,rem=70,retain,nodes=100k)@3.learned(model=369,612a48a8,tdleaf_self,lin,shape=129-1)@1.opener(rand,moves=8)@1
ab(deep=12,tt,ord,rem=70,retain,nodes=100k)@3	645	5	6992	18.016	on	learned(model=76,ef183148,position_elo,lin,mu_shape=129-1,sigma_shape=129-1)@1.dil(prob=20)@1	learned(model=76,ef183148,position_elo,lin,mu_shape=129-1,sigma_shape=129-1)@1.dil(prob=20)@1	ab(deep=12,tt,ord,rem=70,retain,nodes=100k)@3.learned(model=76,ef183148,position_elo,lin,mu_shape=129-1,sigma_shape=129-1)@1.dil(prob=20)@1
ab(deep=12,tt,ord,rem=70,retain,nodes=100k)@3	637	5	6992	18.169	on	learned(model=96,990e39e7,pool_games,lin,shape=129-1)@1.dil(prob=20)@1	learned(model=96,990e39e7,pool_games,lin,shape=129-1)@1.dil(prob=20)@1	ab(deep=12,tt,ord,rem=70,retain,nodes=100k)@3.learned(model=96,990e39e7,pool_games,lin,shape=129-1)@1.dil(prob=20)@1
ab(deep=12,tt,ord,rem=70,retain,nodes=100k)@3	636	5	6992	45.463	on	learned(model=387,607b64aa,tdleaf_self,lin,shape=30-1)@1.dil(prob=20)@1	learned(model=387,607b64aa,tdleaf_self,lin,shape=30-1)@1.dil(prob=20)@1	ab(deep=12,tt,ord,rem=70,retain,nodes=100k)@3.learned(model=387,607b64aa,tdleaf_self,lin,shape=30-1)@1.dil(prob=20)@1
ab(deep=12,tt,ord,rem=70,retain,nodes=100k)@3	635	5	6992	17.991	on	learned(model=98,5801570e,pool_games,lin,shape=129-1)@1.dil(prob=20)@1	learned(model=98,5801570e,pool_games,lin,shape=129-1)@1.dil(prob=20)@1	ab(deep=12,tt,ord,rem=70,retain,nodes=100k)@3.learned(model=98,5801570e,pool_games,lin,shape=129-1)@1.dil(prob=20)@1
ab(deep=12,tt,ord,rem=70,retain,nodes=100k)@3	624	5	6992	18.239	on	learned(model=459,642147d2,tdleaf_self,lin,shape=129-1)@1.dil(prob=20)@1	learned(model=459,642147d2,tdleaf_self,lin,shape=129-1)@1.dil(prob=20)@1	ab(deep=12,tt,ord,rem=70,retain,nodes=100k)@3.learned(model=459,642147d2,tdleaf_self,lin,shape=129-1)@1.dil(prob=20)@1
ab(deep=12,tt,ord,rem=70,retain,nodes=100k)@3	615	5	6992	18.310	on	learned(model=3,68364898,pool_games,lin,shape=129-1)@1.dil(prob=20)@1	learned(model=3,68364898,pool_games,lin,shape=129-1)@1.dil(prob=20)@1	ab(deep=12,tt,ord,rem=70,retain,nodes=100k)@3.learned(model=3,68364898,pool_games,lin,shape=129-1)@1.dil(prob=20)@1
ab(deep=12,tt,ord,rem=70,retain,nodes=100k)@3	614	5	6992	309.910	on	learned(model=111,78ef6974,position_elo,mlp,mu_shape=129-512-8-1,sigma_shape=129-64-1)@1.dil(prob=20)@1	learned(model=111,78ef6974,position_elo,mlp,mu_shape=129-512-8-1,sigma_shape=129-64-1)@1.dil(prob=20)@1	ab(deep=12,tt,ord,rem=70,retain,nodes=100k)@3.learned(model=111,78ef6974,position_elo,mlp,mu_shape=129-512-8-1,sigma_shape=129-64-1)@1.dil(prob=20)@1
ab(deep=12,tt,ord,rem=70,retain,nodes=100k)@3	612	5	6992	17.988	on	learned(model=8,6f1a4264,pool_games,lin,shape=129-1)@1.dil(prob=20)@1	learned(model=8,6f1a4264,pool_games,lin,shape=129-1)@1.dil(prob=20)@1	ab(deep=12,tt,ord,rem=70,retain,nodes=100k)@3.learned(model=8,6f1a4264,pool_games,lin,shape=129-1)@1.dil(prob=20)@1
ab(deep=12,tt,ord,rem=70,retain,nodes=100k)@3	611	5	6992	18.375	on	learned(model=99,59815079,pool_games,lin,shape=129-1)@1.dil(prob=20)@1	learned(model=99,59815079,pool_games,lin,shape=129-1)@1.dil(prob=20)@1	ab(deep=12,tt,ord,rem=70,retain,nodes=100k)@3.learned(model=99,59815079,pool_games,lin,shape=129-1)@1.dil(prob=20)@1
ab(deep=12,tt,ord,rem=70,retain,nodes=100k)@3	608	5	6992	140.817	on	learned(model=77,ddaa5090,position_elo,mlp,mu_shape=129-128-64-1,sigma_shape=129-32-1)@1.dil(prob=20)@1	learned(model=77,ddaa5090,position_elo,mlp,mu_shape=129-128-64-1,sigma_shape=129-32-1)@1.dil(prob=20)@1	ab(deep=12,tt,ord,rem=70,retain,nodes=100k)@3.learned(model=77,ddaa5090,position_elo,mlp,mu_shape=129-128-64-1,sigma_shape=129-32-1)@1.dil(prob=20)@1
ab(deep=12,tt,ord,rem=70,retain,nodes=100k)@3	606	5	6992	141.636	on	learned(model=78,2fa21eda,position_elo,mlp,mu_shape=129-128-64-1,sigma_shape=129-32-1)@1.dil(prob=20)@1	learned(model=78,2fa21eda,position_elo,mlp,mu_shape=129-128-64-1,sigma_shape=129-32-1)@1.dil(prob=20)@1	ab(deep=12,tt,ord,rem=70,retain,nodes=100k)@3.learned(model=78,2fa21eda,position_elo,mlp,mu_shape=129-128-64-1,sigma_shape=129-32-1)@1.dil(prob=20)@1
ab(deep=12,tt,ord,rem=70,retain,nodes=100k)@3	598	5	6992	35.587	on	learned(model=405,111c40c8,tdleaf_self,mlp,shape=129-32-1)@1.dil(prob=20)@1	learned(model=405,111c40c8,tdleaf_self,mlp,shape=129-32-1)@1.dil(prob=20)@1	ab(deep=12,tt,ord,rem=70,retain,nodes=100k)@3.learned(model=405,111c40c8,tdleaf_self,mlp,shape=129-32-1)@1.dil(prob=20)@1
ab(deep=12,tt,ord,rem=70,retain,nodes=100k)@3	598	5	6992	18.078	on	learned(model=4,eb105733,pool_games,lin,shape=129-1)@1.dil(prob=20)@1	learned(model=4,eb105733,pool_games,lin,shape=129-1)@1.dil(prob=20)@1	ab(deep=12,tt,ord,rem=70,retain,nodes=100k)@3.learned(model=4,eb105733,pool_games,lin,shape=129-1)@1.dil(prob=20)@1
ab(deep=12,tt,ord,rem=70,retain,nodes=100k)@3	590	6	5022	75.220	on	learned(model=279,409dc0b3,tdleaf_self,mlp,shape=30-16-1)@1	learned(model=279,409dc0b3,tdleaf_self,mlp,shape=30-16-1)@1	ab(deep=12,tt,ord,rem=70,retain,nodes=100k)@3.learned(model=279,409dc0b3,tdleaf_self,mlp,shape=30-16-1)@1
ab(deep=12,tt,ord,rem=70,retain,nodes=100k)@3	576	5	6992	55.225	on	learned(model=585,e37f6895,tdleaf_self,mlp,shape=30-32-1)@1.dil(prob=20)@1	learned(model=585,e37f6895,tdleaf_self,mlp,shape=30-32-1)@1.dil(prob=20)@1	ab(deep=12,tt,ord,rem=70,retain,nodes=100k)@3.learned(model=585,e37f6895,tdleaf_self,mlp,shape=30-32-1)@1.dil(prob=20)@1
ab(deep=12,tt,ord,rem=70,retain,nodes=100k)@3	571	5	6992	335.398	on	learned(model=79,18f19059,position_elo,mlp,mu_shape=129-256-128-1,sigma_shape=129-64-1)@1.dil(prob=20)@1	learned(model=79,18f19059,position_elo,mlp,mu_shape=129-256-128-1,sigma_shape=129-64-1)@1.dil(prob=20)@1	ab(deep=12,tt,ord,rem=70,retain,nodes=100k)@3.learned(model=79,18f19059,position_elo,mlp,mu_shape=129-256-128-1,sigma_shape=129-64-1)@1.dil(prob=20)@1
ab(deep=12,tt,ord,rem=70,retain,nodes=100k)@3	570	6	5022	22.985	on	learned(model=531,748d1c8d,tdleaf_self,lin,shape=129-1)@1	learned(model=531,748d1c8d,tdleaf_self,lin,shape=129-1)@1	ab(deep=12,tt,ord,rem=70,retain,nodes=100k)@3.learned(model=531,748d1c8d,tdleaf_self,lin,shape=129-1)@1
ab(deep=12,tt,ord,rem=70,retain,nodes=100k)@3	561	5	6992	302.269	on	learned(model=110,1466db6c,position_elo,mlp,mu_shape=129-512-8-1,sigma_shape=129-64-1)@1.dil(prob=20)@1	learned(model=110,1466db6c,position_elo,mlp,mu_shape=129-512-8-1,sigma_shape=129-64-1)@1.dil(prob=20)@1	ab(deep=12,tt,ord,rem=70,retain,nodes=100k)@3.learned(model=110,1466db6c,position_elo,mlp,mu_shape=129-512-8-1,sigma_shape=129-64-1)@1.dil(prob=20)@1
ab(deep=12,tt,ord,rem=70,retain,nodes=100k)@3	547	5	6992	18.080	on	learned(model=94,784bb5fe,pool_games,lin,shape=129-1)@1.dil(prob=20)@1	learned(model=94,784bb5fe,pool_games,lin,shape=129-1)@1.dil(prob=20)@1	ab(deep=12,tt,ord,rem=70,retain,nodes=100k)@3.learned(model=94,784bb5fe,pool_games,lin,shape=129-1)@1.dil(prob=20)@1
ab(deep=12,tt,ord,rem=70,retain,nodes=100k)@3	540	6	5022	48.396	on	learned(model=261,52cd70f8,tdleaf_self,mlp,shape=129-32-1)@1	learned(model=261,52cd70f8,tdleaf_self,mlp,shape=129-32-1)@1	ab(deep=12,tt,ord,rem=70,retain,nodes=100k)@3.learned(model=261,52cd70f8,tdleaf_self,mlp,shape=129-32-1)@1
ab(deep=12,tt,ord,rem=70,retain,nodes=100k)@3	540	5	6992	18.374	on	learned(model=95,07792e69,pool_games,lin,shape=129-1)@1.dil(prob=20)@1	learned(model=95,07792e69,pool_games,lin,shape=129-1)@1.dil(prob=20)@1	ab(deep=12,tt,ord,rem=70,retain,nodes=100k)@3.learned(model=95,07792e69,pool_games,lin,shape=129-1)@1.dil(prob=20)@1
ab(deep=12,tt,ord,rem=70,retain,nodes=100k)@3	530	5	6992	46.779	on	learned(model=279,409dc0b3,tdleaf_self,mlp,shape=30-16-1)@1.opener(rand,moves=8)@1	learned(model=279,409dc0b3,tdleaf_self,mlp,shape=30-16-1)@1.opener(rand,moves=8)@1	ab(deep=12,tt,ord,rem=70,retain,nodes=100k)@3.learned(model=279,409dc0b3,tdleaf_self,mlp,shape=30-16-1)@1.opener(rand,moves=8)@1
ab(deep=12,tt,ord,rem=70,retain,nodes=100k)@3	511	5	6992	15.090	on	learned(model=531,748d1c8d,tdleaf_self,lin,shape=129-1)@1.opener(rand,moves=8)@1	learned(model=531,748d1c8d,tdleaf_self,lin,shape=129-1)@1.opener(rand,moves=8)@1	ab(deep=12,tt,ord,rem=70,retain,nodes=100k)@3.learned(model=531,748d1c8d,tdleaf_self,lin,shape=129-1)@1.opener(rand,moves=8)@1
ab(deep=12,tt,ord,rem=70,retain,nodes=100k)@3	497	6	6992	14.511	on	learned(model=97,87a5093d,pool_games,lin,shape=129-1)@1.opener(rand,moves=8)@1	learned(model=97,87a5093d,pool_games,lin,shape=129-1)@1.opener(rand,moves=8)@1	ab(deep=12,tt,ord,rem=70,retain,nodes=100k)@3.learned(model=97,87a5093d,pool_games,lin,shape=129-1)@1.opener(rand,moves=8)@1
ab(deep=12,tt,ord,rem=70,retain,nodes=100k)@3	485	6	6992	60.055	on	learned(model=333,06bdc1f0,tdleaf_self,mlp,shape=30-16-1)@1.dil(prob=20)@1	learned(model=333,06bdc1f0,tdleaf_self,mlp,shape=30-16-1)@1.dil(prob=20)@1	ab(deep=12,tt,ord,rem=70,retain,nodes=100k)@3.learned(model=333,06bdc1f0,tdleaf_self,mlp,shape=30-16-1)@1.dil(prob=20)@1
ab(deep=12,tt,ord,rem=70,retain,nodes=100k)@3	482	6	6992	18.316	on	learned(model=369,612a48a8,tdleaf_self,lin,shape=129-1)@1.dil(prob=20)@1	learned(model=369,612a48a8,tdleaf_self,lin,shape=129-1)@1.dil(prob=20)@1	ab(deep=12,tt,ord,rem=70,retain,nodes=100k)@3.learned(model=369,612a48a8,tdleaf_self,lin,shape=129-1)@1.dil(prob=20)@1
ab(deep=12,tt,ord,rem=70,retain,nodes=100k)@3	470	6	6992	31.028	on	learned(model=261,52cd70f8,tdleaf_self,mlp,shape=129-32-1)@1.opener(rand,moves=8)@1	learned(model=261,52cd70f8,tdleaf_self,mlp,shape=129-32-1)@1.opener(rand,moves=8)@1	ab(deep=12,tt,ord,rem=70,retain,nodes=100k)@3.learned(model=261,52cd70f8,tdleaf_self,mlp,shape=129-32-1)@1.opener(rand,moves=8)@1
ab(deep=12,tt,ord,rem=70,retain,nodes=100k)@3	470	6	6992	39.505	on	learned(model=585,e37f6895,tdleaf_self,mlp,shape=30-32-1)@1.opener(rand,moves=8)@1	learned(model=585,e37f6895,tdleaf_self,mlp,shape=30-32-1)@1.opener(rand,moves=8)@1	ab(deep=12,tt,ord,rem=70,retain,nodes=100k)@3.learned(model=585,e37f6895,tdleaf_self,mlp,shape=30-32-1)@1.opener(rand,moves=8)@1
ab(deep=12,tt,ord,rem=70,retain,nodes=100k)@3	458	6	6992	17.107	on	learned(model=97,87a5093d,pool_games,lin,shape=129-1)@1.dil(prob=20)@1	learned(model=97,87a5093d,pool_games,lin,shape=129-1)@1.dil(prob=20)@1	ab(deep=12,tt,ord,rem=70,retain,nodes=100k)@3.learned(model=97,87a5093d,pool_games,lin,shape=129-1)@1.dil(prob=20)@1
ab(deep=12,tt,ord,rem=70,retain,nodes=100k)@3	374	7	6992	61.007	on	learned(model=279,409dc0b3,tdleaf_self,mlp,shape=30-16-1)@1.dil(prob=20)@1	learned(model=279,409dc0b3,tdleaf_self,mlp,shape=30-16-1)@1.dil(prob=20)@1	ab(deep=12,tt,ord,rem=70,retain,nodes=100k)@3.learned(model=279,409dc0b3,tdleaf_self,mlp,shape=30-16-1)@1.dil(prob=20)@1
ab(deep=12,tt,ord,rem=70,retain,nodes=100k)@3	355	7	6992	18.029	on	learned(model=531,748d1c8d,tdleaf_self,lin,shape=129-1)@1.dil(prob=20)@1	learned(model=531,748d1c8d,tdleaf_self,lin,shape=129-1)@1.dil(prob=20)@1	ab(deep=12,tt,ord,rem=70,retain,nodes=100k)@3.learned(model=531,748d1c8d,tdleaf_self,lin,shape=129-1)@1.dil(prob=20)@1
ab(deep=12,tt,ord,rem=70,retain,nodes=100k)@3	332	7	6992	38.785	on	learned(model=261,52cd70f8,tdleaf_self,mlp,shape=129-32-1)@1.dil(prob=20)@1	learned(model=261,52cd70f8,tdleaf_self,mlp,shape=129-32-1)@1.dil(prob=20)@1	ab(deep=12,tt,ord,rem=70,retain,nodes=100k)@3.learned(model=261,52cd70f8,tdleaf_self,mlp,shape=129-32-1)@1.dil(prob=20)@1
ab(deep=6,tt,ord,time=150ms)@3	1157	9	3664	24.708	on	learned(model=169,4975683c,tdleaf_self,lin,shape=129-1)@1	learned(model=169,4975683c,tdleaf_self,lin,shape=129-1)@1	ab(deep=6,tt,ord,time=150ms)@3.learned(model=169,4975683c,tdleaf_self,lin,shape=129-1)@1
ab(deep=6,tt,ord,time=150ms)@3	1057	8	3664	21.033	on	learned(model=10,fead67b7,weight_merge,lin,shape=129-1)@1	learned(model=10,fead67b7,weight_merge,lin,shape=129-1)@1	ab(deep=6,tt,ord,time=150ms)@3.learned(model=10,fead67b7,weight_merge,lin,shape=129-1)@1
ab(deep=6,tt,ord,time=150ms)@3	1021	8	3664	11.394	on	classic(chip=100)@2	classic(chip=100)@2	ab(deep=6,tt,ord,time=150ms)@3.classic(chip=100)@2
ab(deep=6,tt,ord,time=150ms)@3	1014	7	3664	18.060	on	learned(model=96,990e39e7,pool_games,lin,shape=129-1)@1	learned(model=96,990e39e7,pool_games,lin,shape=129-1)@1	ab(deep=6,tt,ord,time=150ms)@3.learned(model=96,990e39e7,pool_games,lin,shape=129-1)@1
ab(deep=6,tt,ord,time=150ms)@3	1009	7	3664	18.167	on	learned(model=98,5801570e,pool_games,lin,shape=129-1)@1	learned(model=98,5801570e,pool_games,lin,shape=129-1)@1	ab(deep=6,tt,ord,time=150ms)@3.learned(model=98,5801570e,pool_games,lin,shape=129-1)@1
ab(deep=6,tt,ord,time=150ms)@3	953	7	3664	18.878	on	learned(model=3,68364898,pool_games,lin,shape=129-1)@1	learned(model=3,68364898,pool_games,lin,shape=129-1)@1	ab(deep=6,tt,ord,time=150ms)@3.learned(model=3,68364898,pool_games,lin,shape=129-1)@1
ab(deep=6,tt,ord,time=150ms)@3	938	7	3664	22.345	on	learned(model=76,ef183148,position_elo,lin,mu_shape=129-1,sigma_shape=129-1)@1	learned(model=76,ef183148,position_elo,lin,mu_shape=129-1,sigma_shape=129-1)@1	ab(deep=6,tt,ord,time=150ms)@3.learned(model=76,ef183148,position_elo,lin,mu_shape=129-1,sigma_shape=129-1)@1
ab(deep=6,tt,ord,time=150ms)@3	917	7	3664	19.047	on	learned(model=8,6f1a4264,pool_games,lin,shape=129-1)@1	learned(model=8,6f1a4264,pool_games,lin,shape=129-1)@1	ab(deep=6,tt,ord,time=150ms)@3.learned(model=8,6f1a4264,pool_games,lin,shape=129-1)@1
ab(deep=6,tt,ord,time=150ms)@3	916	7	3664	18.475	on	learned(model=4,eb105733,pool_games,lin,shape=129-1)@1	learned(model=4,eb105733,pool_games,lin,shape=129-1)@1	ab(deep=6,tt,ord,time=150ms)@3.learned(model=4,eb105733,pool_games,lin,shape=129-1)@1
ab(deep=6,tt,ord,time=150ms)@3	899	7	3664	14.041	on	learned(model=10,fead67b7,weight_merge,lin,shape=129-1)@1.opener(rand,moves=8)@1	learned(model=10,fead67b7,weight_merge,lin,shape=129-1)@1.opener(rand,moves=8)@1	ab(deep=6,tt,ord,time=150ms)@3.learned(model=10,fead67b7,weight_merge,lin,shape=129-1)@1.opener(rand,moves=8)@1
ab(deep=6,tt,ord,time=150ms)@3	895	7	3664	16.050	on	learned(model=99,59815079,pool_games,lin,shape=129-1)@1	learned(model=99,59815079,pool_games,lin,shape=129-1)@1	ab(deep=6,tt,ord,time=150ms)@3.learned(model=99,59815079,pool_games,lin,shape=129-1)@1
ab(deep=6,tt,ord,time=150ms)@3	863	7	3664	15.197	on	learned(model=76,ef183148,position_elo,lin,mu_shape=129-1,sigma_shape=129-1)@1.opener(rand,moves=8)@1	learned(model=76,ef183148,position_elo,lin,mu_shape=129-1,sigma_shape=129-1)@1.opener(rand,moves=8)@1	ab(deep=6,tt,ord,time=150ms)@3.learned(model=76,ef183148,position_elo,lin,mu_shape=129-1,sigma_shape=129-1)@1.opener(rand,moves=8)@1
ab(deep=6,tt,ord,time=150ms)@3	861	7	3664	8.327	on	classic(chip=100)@2.opener(rand,moves=8)@1	classic(chip=100)@2.opener(rand,moves=8)@1	ab(deep=6,tt,ord,time=150ms)@3.classic(chip=100)@2.opener(rand,moves=8)@1
ab(deep=6,tt,ord,time=150ms)@3	854	7	3664	12.561	on	learned(model=96,990e39e7,pool_games,lin,shape=129-1)@1.opener(rand,moves=8)@1	learned(model=96,990e39e7,pool_games,lin,shape=129-1)@1.opener(rand,moves=8)@1	ab(deep=6,tt,ord,time=150ms)@3.learned(model=96,990e39e7,pool_games,lin,shape=129-1)@1.opener(rand,moves=8)@1
ab(deep=6,tt,ord,time=150ms)@3	828	7	3664	12.693	on	learned(model=98,5801570e,pool_games,lin,shape=129-1)@1.opener(rand,moves=8)@1	learned(model=98,5801570e,pool_games,lin,shape=129-1)@1.opener(rand,moves=8)@1	ab(deep=6,tt,ord,time=150ms)@3.learned(model=98,5801570e,pool_games,lin,shape=129-1)@1.opener(rand,moves=8)@1
ab(deep=6,tt,ord,time=150ms)@3	815	7	3664	13.288	on	learned(model=8,6f1a4264,pool_games,lin,shape=129-1)@1.opener(rand,moves=8)@1	learned(model=8,6f1a4264,pool_games,lin,shape=129-1)@1.opener(rand,moves=8)@1	ab(deep=6,tt,ord,time=150ms)@3.learned(model=8,6f1a4264,pool_games,lin,shape=129-1)@1.opener(rand,moves=8)@1
ab(deep=6,tt,ord,time=150ms)@3	809	7	3664	75.250	on	learned(model=111,78ef6974,position_elo,mlp,mu_shape=129-512-8-1,sigma_shape=129-64-1)@1	learned(model=111,78ef6974,position_elo,mlp,mu_shape=129-512-8-1,sigma_shape=129-64-1)@1	ab(deep=6,tt,ord,time=150ms)@3.learned(model=111,78ef6974,position_elo,mlp,mu_shape=129-512-8-1,sigma_shape=129-64-1)@1
ab(deep=6,tt,ord,time=150ms)@3	809	7	3664	13.256	on	learned(model=4,eb105733,pool_games,lin,shape=129-1)@1.opener(rand,moves=8)@1	learned(model=4,eb105733,pool_games,lin,shape=129-1)@1.opener(rand,moves=8)@1	ab(deep=6,tt,ord,time=150ms)@3.learned(model=4,eb105733,pool_games,lin,shape=129-1)@1.opener(rand,moves=8)@1
ab(deep=6,tt,ord,time=150ms)@3	808	7	3664	17.304	on	learned(model=94,784bb5fe,pool_games,lin,shape=129-1)@1	learned(model=94,784bb5fe,pool_games,lin,shape=129-1)@1	ab(deep=6,tt,ord,time=150ms)@3.learned(model=94,784bb5fe,pool_games,lin,shape=129-1)@1
ab(deep=6,tt,ord,time=150ms)@3	807	7	3664	15.775	on	learned(model=95,07792e69,pool_games,lin,shape=129-1)@1	learned(model=95,07792e69,pool_games,lin,shape=129-1)@1	ab(deep=6,tt,ord,time=150ms)@3.learned(model=95,07792e69,pool_games,lin,shape=129-1)@1
ab(deep=6,tt,ord,time=150ms)@3	802	7	3664	12.976	on	learned(model=3,68364898,pool_games,lin,shape=129-1)@1.opener(rand,moves=8)@1	learned(model=3,68364898,pool_games,lin,shape=129-1)@1.opener(rand,moves=8)@1	ab(deep=6,tt,ord,time=150ms)@3.learned(model=3,68364898,pool_games,lin,shape=129-1)@1.opener(rand,moves=8)@1
ab(deep=6,tt,ord,time=150ms)@3	768	6	3664	72.127	on	learned(model=113,e3cc8b4e,position_elo,mlp,mu_shape=129-512-8-1,sigma_shape=129-64-1)@1	learned(model=113,e3cc8b4e,position_elo,mlp,mu_shape=129-512-8-1,sigma_shape=129-64-1)@1	ab(deep=6,tt,ord,time=150ms)@3.learned(model=113,e3cc8b4e,position_elo,mlp,mu_shape=129-512-8-1,sigma_shape=129-64-1)@1
ab(deep=6,tt,ord,time=150ms)@3	759	6	3664	11.649	on	learned(model=99,59815079,pool_games,lin,shape=129-1)@1.opener(rand,moves=8)@1	learned(model=99,59815079,pool_games,lin,shape=129-1)@1.opener(rand,moves=8)@1	ab(deep=6,tt,ord,time=150ms)@3.learned(model=99,59815079,pool_games,lin,shape=129-1)@1.opener(rand,moves=8)@1
ab(deep=6,tt,ord,time=150ms)@3	702	6	3664	12.066	on	learned(model=94,784bb5fe,pool_games,lin,shape=129-1)@1.opener(rand,moves=8)@1	learned(model=94,784bb5fe,pool_games,lin,shape=129-1)@1.opener(rand,moves=8)@1	ab(deep=6,tt,ord,time=150ms)@3.learned(model=94,784bb5fe,pool_games,lin,shape=129-1)@1.opener(rand,moves=8)@1
ab(deep=6,tt,ord,time=150ms)@3	698	6	3664	47.840	on	learned(model=111,78ef6974,position_elo,mlp,mu_shape=129-512-8-1,sigma_shape=129-64-1)@1.opener(rand,moves=8)@1	learned(model=111,78ef6974,position_elo,mlp,mu_shape=129-512-8-1,sigma_shape=129-64-1)@1.opener(rand,moves=8)@1	ab(deep=6,tt,ord,time=150ms)@3.learned(model=111,78ef6974,position_elo,mlp,mu_shape=129-512-8-1,sigma_shape=129-64-1)@1.opener(rand,moves=8)@1
ab(deep=6,tt,ord,time=150ms)@3	687	6	3664	14.531	on	learned(model=97,87a5093d,pool_games,lin,shape=129-1)@1	learned(model=97,87a5093d,pool_games,lin,shape=129-1)@1	ab(deep=6,tt,ord,time=150ms)@3.learned(model=97,87a5093d,pool_games,lin,shape=129-1)@1
ab(deep=6,tt,ord,time=150ms)@3	677	7	3664	9.540	on	classic(chip=100)@2.dil(prob=20)@1	classic(chip=100)@2.dil(prob=20)@1	ab(deep=6,tt,ord,time=150ms)@3.classic(chip=100)@2.dil(prob=20)@1
ab(deep=6,tt,ord,time=150ms)@3	659	7	3664	11.430	on	learned(model=95,07792e69,pool_games,lin,shape=129-1)@1.opener(rand,moves=8)@1	learned(model=95,07792e69,pool_games,lin,shape=129-1)@1.opener(rand,moves=8)@1	ab(deep=6,tt,ord,time=150ms)@3.learned(model=95,07792e69,pool_games,lin,shape=129-1)@1.opener(rand,moves=8)@1
ab(deep=6,tt,ord,time=150ms)@3	658	7	3664	17.174	on	learned(model=10,fead67b7,weight_merge,lin,shape=129-1)@1.dil(prob=20)@1	learned(model=10,fead67b7,weight_merge,lin,shape=129-1)@1.dil(prob=20)@1	ab(deep=6,tt,ord,time=150ms)@3.learned(model=10,fead67b7,weight_merge,lin,shape=129-1)@1.dil(prob=20)@1
ab(deep=6,tt,ord,time=150ms)@3	649	7	3664	46.895	on	learned(model=113,e3cc8b4e,position_elo,mlp,mu_shape=129-512-8-1,sigma_shape=129-64-1)@1.opener(rand,moves=8)@1	learned(model=113,e3cc8b4e,position_elo,mlp,mu_shape=129-512-8-1,sigma_shape=129-64-1)@1.opener(rand,moves=8)@1	ab(deep=6,tt,ord,time=150ms)@3.learned(model=113,e3cc8b4e,position_elo,mlp,mu_shape=129-512-8-1,sigma_shape=129-64-1)@1.opener(rand,moves=8)@1
ab(deep=6,tt,ord,time=150ms)@3	641	7	3664	15.549	on	learned(model=96,990e39e7,pool_games,lin,shape=129-1)@1.dil(prob=20)@1	learned(model=96,990e39e7,pool_games,lin,shape=129-1)@1.dil(prob=20)@1	ab(deep=6,tt,ord,time=150ms)@3.learned(model=96,990e39e7,pool_games,lin,shape=129-1)@1.dil(prob=20)@1
ab(deep=6,tt,ord,time=150ms)@3	635	7	3664	17.886	on	learned(model=76,ef183148,position_elo,lin,mu_shape=129-1,sigma_shape=129-1)@1.dil(prob=20)@1	learned(model=76,ef183148,position_elo,lin,mu_shape=129-1,sigma_shape=129-1)@1.dil(prob=20)@1	ab(deep=6,tt,ord,time=150ms)@3.learned(model=76,ef183148,position_elo,lin,mu_shape=129-1,sigma_shape=129-1)@1.dil(prob=20)@1
ab(deep=6,tt,ord,time=150ms)@3	621	7	3664	16.156	on	learned(model=3,68364898,pool_games,lin,shape=129-1)@1.dil(prob=20)@1	learned(model=3,68364898,pool_games,lin,shape=129-1)@1.dil(prob=20)@1	ab(deep=6,tt,ord,time=150ms)@3.learned(model=3,68364898,pool_games,lin,shape=129-1)@1.dil(prob=20)@1
ab(deep=6,tt,ord,time=150ms)@3	618	7	3663	15.280	on	learned(model=98,5801570e,pool_games,lin,shape=129-1)@1.dil(prob=20)@1	learned(model=98,5801570e,pool_games,lin,shape=129-1)@1.dil(prob=20)@1	ab(deep=6,tt,ord,time=150ms)@3.learned(model=98,5801570e,pool_games,lin,shape=129-1)@1.dil(prob=20)@1
ab(deep=6,tt,ord,time=150ms)@3	604	7	3664	13.583	on	learned(model=99,59815079,pool_games,lin,shape=129-1)@1.dil(prob=20)@1	learned(model=99,59815079,pool_games,lin,shape=129-1)@1.dil(prob=20)@1	ab(deep=6,tt,ord,time=150ms)@3.learned(model=99,59815079,pool_games,lin,shape=129-1)@1.dil(prob=20)@1
ab(deep=6,tt,ord,time=150ms)@3	603	7	3664	16.165	on	learned(model=8,6f1a4264,pool_games,lin,shape=129-1)@1.dil(prob=20)@1	learned(model=8,6f1a4264,pool_games,lin,shape=129-1)@1.dil(prob=20)@1	ab(deep=6,tt,ord,time=150ms)@3.learned(model=8,6f1a4264,pool_games,lin,shape=129-1)@1.dil(prob=20)@1
ab(deep=6,tt,ord,time=150ms)@3	591	7	3664	16.152	on	learned(model=4,eb105733,pool_games,lin,shape=129-1)@1.dil(prob=20)@1	learned(model=4,eb105733,pool_games,lin,shape=129-1)@1.dil(prob=20)@1	ab(deep=6,tt,ord,time=150ms)@3.learned(model=4,eb105733,pool_games,lin,shape=129-1)@1.dil(prob=20)@1
ab(deep=6,tt,ord,time=150ms)@3	555	7	3664	14.708	on	learned(model=94,784bb5fe,pool_games,lin,shape=129-1)@1.dil(prob=20)@1	learned(model=94,784bb5fe,pool_games,lin,shape=129-1)@1.dil(prob=20)@1	ab(deep=6,tt,ord,time=150ms)@3.learned(model=94,784bb5fe,pool_games,lin,shape=129-1)@1.dil(prob=20)@1
ab(deep=6,tt,ord,time=150ms)@3	543	7	3664	13.620	on	learned(model=95,07792e69,pool_games,lin,shape=129-1)@1.dil(prob=20)@1	learned(model=95,07792e69,pool_games,lin,shape=129-1)@1.dil(prob=20)@1	ab(deep=6,tt,ord,time=150ms)@3.learned(model=95,07792e69,pool_games,lin,shape=129-1)@1.dil(prob=20)@1
ab(deep=6,tt,ord,time=150ms)@3	537	7	3664	61.395	on	learned(model=111,78ef6974,position_elo,mlp,mu_shape=129-512-8-1,sigma_shape=129-64-1)@1.dil(prob=20)@1	learned(model=111,78ef6974,position_elo,mlp,mu_shape=129-512-8-1,sigma_shape=129-64-1)@1.dil(prob=20)@1	ab(deep=6,tt,ord,time=150ms)@3.learned(model=111,78ef6974,position_elo,mlp,mu_shape=129-512-8-1,sigma_shape=129-64-1)@1.dil(prob=20)@1
ab(deep=6,tt,ord,time=150ms)@3	502	7	3664	9.761	on	learned(model=97,87a5093d,pool_games,lin,shape=129-1)@1.opener(rand,moves=8)@1	learned(model=97,87a5093d,pool_games,lin,shape=129-1)@1.opener(rand,moves=8)@1	ab(deep=6,tt,ord,time=150ms)@3.learned(model=97,87a5093d,pool_games,lin,shape=129-1)@1.opener(rand,moves=8)@1
ab(deep=6,tt,ord,time=150ms)@3	497	7	3664	58.992	on	learned(model=113,e3cc8b4e,position_elo,mlp,mu_shape=129-512-8-1,sigma_shape=129-64-1)@1.dil(prob=20)@1	learned(model=113,e3cc8b4e,position_elo,mlp,mu_shape=129-512-8-1,sigma_shape=129-64-1)@1.dil(prob=20)@1	ab(deep=6,tt,ord,time=150ms)@3.learned(model=113,e3cc8b4e,position_elo,mlp,mu_shape=129-512-8-1,sigma_shape=129-64-1)@1.dil(prob=20)@1
ab(deep=6,tt,ord,time=150ms)@3	474	7	3664	13.039	on	learned(model=97,87a5093d,pool_games,lin,shape=129-1)@1.dil(prob=20)@1	learned(model=97,87a5093d,pool_games,lin,shape=129-1)@1.dil(prob=20)@1	ab(deep=6,tt,ord,time=150ms)@3.learned(model=97,87a5093d,pool_games,lin,shape=129-1)@1.dil(prob=20)@1
ab(deep=8,tt,ord,nodes=2m)@3	1130	7	6042	137.345	on	classic(chip=100)@2	classic(chip=100)@2	ab(deep=8,tt,ord,nodes=2m)@3.classic(chip=100)@2
ab(deep=8,tt,ord,nodes=2m)@3	1068	4	10320	114.388	on	classic(chip=100)@2.dil(prob=15,deep=6)@1	classic(chip=100)@2.dil(prob=15,deep=6)@1	ab(deep=8,tt,ord,nodes=2m)@3.classic(chip=100)@2.dil(prob=15,deep=6)@1
ab(deep=8,tt,ord,nodes=2m)@3	1055	4	10320	95.821	on	classic(chip=100)@2.dil(prob=30,deep=6)@1	classic(chip=100)@2.dil(prob=30,deep=6)@1	ab(deep=8,tt,ord,nodes=2m)@3.classic(chip=100)@2.dil(prob=30,deep=6)@1
ab(deep=6,ord,nodes=200k)@3	1110	6	6044	39.935	on	adv(chip=77,support=-2,control=1,noiseseed=1,racewin=1)@1	adv(chip=77,support=-2,control=1,noiseseed=1,racewin=1)@1	ab(deep=6,ord,nodes=200k)@3.adv(chip=77,support=-2,control=1,noiseseed=1,racewin=1)@1
ab(deep=6,ord,nodes=200k)@3	1100	6	6044	39.825	on	adv(chip=77,support=-2,control=1,noiseseed=1,racewin=1)@1.opener(book,book=19)@1	adv(chip=77,support=-2,control=1,noiseseed=1,racewin=1)@1.opener(book,book=19)@1	ab(deep=6,ord,nodes=200k)@3.adv(chip=77,support=-2,control=1,noiseseed=1,racewin=1)@1.opener(book,book=19)@1
ab(deep=6,ord,nodes=200k)@3	1100	6	6043	39.554	on	adv(chip=77,support=-2,control=1,noiseseed=1,racewin=1)@1.opener(book,book=20)@1	adv(chip=77,support=-2,control=1,noiseseed=1,racewin=1)@1.opener(book,book=20)@1	ab(deep=6,ord,nodes=200k)@3.adv(chip=77,support=-2,control=1,noiseseed=1,racewin=1)@1.opener(book,book=20)@1
ab(deep=6,ord,nodes=200k)@3	1100	6	6044	38.733	on	adv(chip=77,support=-2,control=1,noiseseed=1,racewin=1)@1.opener(book,book=3)@1	adv(chip=77,support=-2,control=1,noiseseed=1,racewin=1)@1.opener(book,book=3)@1	ab(deep=6,ord,nodes=200k)@3.adv(chip=77,support=-2,control=1,noiseseed=1,racewin=1)@1.opener(book,book=3)@1
ab(deep=6,ord,nodes=200k)@3	1083	6	6044	38.389	on	adv(chip=77,support=-2,control=1,noiseseed=1,racewin=1)@1.opener(book,book=2)@1	adv(chip=77,support=-2,control=1,noiseseed=1,racewin=1)@1.opener(book,book=2)@1	ab(deep=6,ord,nodes=200k)@3.adv(chip=77,support=-2,control=1,noiseseed=1,racewin=1)@1.opener(book,book=2)@1
ab(deep=6,ord,nodes=200k)@3	1069	6	6044	11.884	on	classic(chip=100)@2	classic(chip=100)@2	ab(deep=6,ord,nodes=200k)@3.classic(chip=100)@2
ab(deep=6,ord,nodes=200k)@3	1066	6	6044	20.603	on	adv(chip=75,hole=3,race=2,noiseseed=1,racewin=1)@1	adv(chip=75,hole=3,race=2,noiseseed=1,racewin=1)@1	ab(deep=6,ord,nodes=200k)@3.adv(chip=75,hole=3,race=2,noiseseed=1,racewin=1)@1
ab(deep=6,tt,ord,margin=25,nodes=200k)@3	1073	6	6044	10.566	on	classic(chip=100)@2	classic(chip=100)@2	ab(deep=6,tt,ord,margin=25,nodes=200k)@3.classic(chip=100)@2
ab(deep=6,tt,ord,qs,nodes=200k)@3	1072	6	6042	12.410	on	classic(turn=1,chip=4)@2	classic(turn=1,chip=4)@2	ab(deep=6,tt,ord,qs,nodes=200k)@3.classic(turn=1,chip=4)@2
ab(deep=6,tt,ord,qs,nodes=200k)@3	1035	6	6042	20.098	on	learned(model=98,5801570e,pool_games,lin,shape=129-1)@1	learned(model=98,5801570e,pool_games,lin,shape=129-1)@1	ab(deep=6,tt,ord,qs,nodes=200k)@3.learned(model=98,5801570e,pool_games,lin,shape=129-1)@1
ab(deep=6,tt,ord,margin=100,nodes=200k)@3	1072	6	6043	11.054	on	classic(chip=100)@2	classic(chip=100)@2	ab(deep=6,tt,ord,margin=100,nodes=200k)@3.classic(chip=100)@2
ab(deep=6,tt,nodes=200k)@3	1071	6	6044	11.524	on	classic(chip=100)@2	classic(chip=100)@2	ab(deep=6,tt,nodes=200k)@3.classic(chip=100)@2
ab(deep=6,tt,ord,margin=50,nodes=200k)@3	1069	6	6044	10.533	on	classic(chip=100)@2	classic(chip=100)@2	ab(deep=6,tt,ord,margin=50,nodes=200k)@3.classic(chip=100)@2
gaz(sims=500,cvisit=800,cscale=70,m=20)@1	1066	4	10160	5.699	on	learned(model=1545,4755d5f8,gumbel_self,joint,value_shape=129-32-1,policy_shape=9-32-1)@1	learned(model=1545,4755d5f8,gumbel_self,joint,value_shape=129-32-1,policy_shape=9-32-1)@1	gaz(sims=500,cvisit=800,cscale=70,m=20)@1.learned(model=1545,4755d5f8,gumbel_self,joint,value_shape=129-32-1,policy_shape=9-32-1)@1
gaz(sims=300,cvisit=600,cscale=100,m=12)@1	1061	4	10158	5.548	on	learned(model=1465,5d6df7c0,gumbel_self,joint,value_shape=129-64-1,policy_shape=9-64-1)@1	learned(model=1465,5d6df7c0,gumbel_self,joint,value_shape=129-64-1,policy_shape=9-64-1)@1	gaz(sims=300,cvisit=600,cscale=100,m=12)@1.learned(model=1465,5d6df7c0,gumbel_self,joint,value_shape=129-64-1,policy_shape=9-64-1)@1
gaz(sims=300,cvisit=400,cscale=70)@1	1055	4	10159	81.478	on	learned(model=1849,a1dea895,gumbel_self,joint,value_shape=129-1,policy_shape=9-32-1)@1	learned(model=1849,a1dea895,gumbel_self,joint,value_shape=129-1,policy_shape=9-32-1)@1	gaz(sims=300,cvisit=400,cscale=70)@1.learned(model=1849,a1dea895,gumbel_self,joint,value_shape=129-1,policy_shape=9-32-1)@1
gaz(sims=500,cvisit=800,cscale=70,m=8)@1	1049	4	10160	23.266	on	learned(model=1449,dc567440,gumbel_self,joint,value_shape=129-64-32-1,policy_shape=9-64-32-1)@1	learned(model=1449,dc567440,gumbel_self,joint,value_shape=129-64-32-1,policy_shape=9-64-32-1)@1	gaz(sims=500,cvisit=800,cscale=70,m=8)@1.learned(model=1449,dc567440,gumbel_self,joint,value_shape=129-64-32-1,policy_shape=9-64-32-1)@1
gaz(sims=300,cvisit=1000,cscale=40,m=8)@1	1008	4	10159	3.186	on	learned(model=1533,57845dcd,gumbel_self,joint,value_shape=129-32-1,policy_shape=9-32-1)@1	learned(model=1533,57845dcd,gumbel_self,joint,value_shape=129-32-1,policy_shape=9-32-1)@1	gaz(sims=300,cvisit=1000,cscale=40,m=8)@1.learned(model=1533,57845dcd,gumbel_self,joint,value_shape=129-32-1,policy_shape=9-32-1)@1
ab(deep=6,nodes=200k)@3	980	6	6044	7.862	on	classic(chip=100)@2	classic(chip=100)@2	ab(deep=6,nodes=200k)@3.classic(chip=100)@2
ab(deep=6,nodes=200k)@3	766	4	10328	7.163	on	classic(chip=100)@2.dil(prob=10)@1	classic(chip=100)@2.dil(prob=10)@1	ab(deep=6,nodes=200k)@3.classic(chip=100)@2.dil(prob=10)@1
ab(deep=6,nodes=200k)@3	583	4	10328	6.123	on	classic(chip=100)@2.dil(prob=25)@1	classic(chip=100)@2.dil(prob=25)@1	ab(deep=6,nodes=200k)@3.classic(chip=100)@2.dil(prob=25)@1
ab(deep=6,nodes=200k)@3	318	6	10328	4.262	on	classic(chip=100)@2.dil(prob=50)@1	classic(chip=100)@2.dil(prob=50)@1	ab(deep=6,nodes=200k)@3.classic(chip=100)@2.dil(prob=50)@1
ab(deep=5)@3	943	5	6044	2.222	on	classic(chip=100)@2	classic(chip=100)@2	ab(deep=5)@3.classic(chip=100)@2
ab(deep=4)@3	930	5	6044	0.882	on	exp(chip=4,forward=1)@2	exp(chip=4,forward=1)@2	ab(deep=4)@3.exp(chip=4,forward=1)@2
ab(deep=4)@3	913	5	6044	0.879	on	exp(chip=4,forward=2)@2	exp(chip=4,forward=2)@2	ab(deep=4)@3.exp(chip=4,forward=2)@2
ab(deep=4)@3	911	5	6044	0.246	on	classic(chip=100)@2	classic(chip=100)@2	ab(deep=4)@3.classic(chip=100)@2
ab(deep=4)@3	883	5	6044	0.902	on	exp(chip=4,forward=4)@2	exp(chip=4,forward=4)@2	ab(deep=4)@3.exp(chip=4,forward=4)@2
ab(deep=4)@3	859	5	6044	0.922	on	exp(chip=4,forward=8)@2	exp(chip=4,forward=8)@2	ab(deep=4)@3.exp(chip=4,forward=8)@2
ab(deep=4)@3	799	4	10328	0.229	on	classic(chip=100)@2.dil(prob=5)@1	classic(chip=100)@2.dil(prob=5)@1	ab(deep=4)@3.classic(chip=100)@2.dil(prob=5)@1
ab(deep=4)@3	793	5	6044	0.945	on	learned(model=76,ef183148,position_elo,lin,mu_shape=129-1,sigma_shape=129-1)@1	learned(model=76,ef183148,position_elo,lin,mu_shape=129-1,sigma_shape=129-1)@1	ab(deep=4)@3.learned(model=76,ef183148,position_elo,lin,mu_shape=129-1,sigma_shape=129-1)@1
ab(deep=4)@3	778	5	6044	3.257	on	classic(chip=10,wall=3,column=2)@2	classic(chip=10,wall=3,column=2)@2	ab(deep=4)@3.classic(chip=10,wall=3,column=2)@2
ab(deep=4)@3	776	5	6044	58.664	on	learned(model=111,78ef6974,position_elo,mlp,mu_shape=129-512-8-1,sigma_shape=129-64-1)@1	learned(model=111,78ef6974,position_elo,mlp,mu_shape=129-512-8-1,sigma_shape=129-64-1)@1	ab(deep=4)@3.learned(model=111,78ef6974,position_elo,mlp,mu_shape=129-512-8-1,sigma_shape=129-64-1)@1
ab(deep=4)@3	738	5	6044	29.202	on	learned(model=78,2fa21eda,position_elo,mlp,mu_shape=129-128-64-1,sigma_shape=129-32-1)@1	learned(model=78,2fa21eda,position_elo,mlp,mu_shape=129-128-64-1,sigma_shape=129-32-1)@1	ab(deep=4)@3.learned(model=78,2fa21eda,position_elo,mlp,mu_shape=129-128-64-1,sigma_shape=129-32-1)@1
ab(deep=4)@3	728	4	10328	0.219	on	classic(chip=100)@2.dil(prob=10)@1	classic(chip=100)@2.dil(prob=10)@1	ab(deep=4)@3.classic(chip=100)@2.dil(prob=10)@1
ab(deep=4)@3	725	5	6044	69.797	on	learned(model=79,18f19059,position_elo,mlp,mu_shape=129-256-128-1,sigma_shape=129-64-1)@1	learned(model=79,18f19059,position_elo,mlp,mu_shape=129-256-128-1,sigma_shape=129-64-1)@1	ab(deep=4)@3.learned(model=79,18f19059,position_elo,mlp,mu_shape=129-256-128-1,sigma_shape=129-64-1)@1
ab(deep=4)@3	724	5	6044	2.659	on	exp(chip=64,column=1,forward=15)@2	exp(chip=64,column=1,forward=15)@2	ab(deep=4)@3.exp(chip=64,column=1,forward=15)@2
ab(deep=4)@3	723	5	6044	2.679	on	exp(chip=65,column=1,forward=14)@2	exp(chip=65,column=1,forward=14)@2	ab(deep=4)@3.exp(chip=65,column=1,forward=14)@2
ab(deep=4)@3	718	5	6044	27.510	on	learned(model=77,ddaa5090,position_elo,mlp,mu_shape=129-128-64-1,sigma_shape=129-32-1)@1	learned(model=77,ddaa5090,position_elo,mlp,mu_shape=129-128-64-1,sigma_shape=129-32-1)@1	ab(deep=4)@3.learned(model=77,ddaa5090,position_elo,mlp,mu_shape=129-128-64-1,sigma_shape=129-32-1)@1
ab(deep=4)@3	715	5	6044	61.896	on	learned(model=113,e3cc8b4e,position_elo,mlp,mu_shape=129-512-8-1,sigma_shape=129-64-1)@1	learned(model=113,e3cc8b4e,position_elo,mlp,mu_shape=129-512-8-1,sigma_shape=129-64-1)@1	ab(deep=4)@3.learned(model=113,e3cc8b4e,position_elo,mlp,mu_shape=129-512-8-1,sigma_shape=129-64-1)@1
ab(deep=4)@3	700	5	6044	61.127	on	learned(model=114,316257e9,position_elo,mlp,mu_shape=129-512-8-1,sigma_shape=129-64-1)@1	learned(model=114,316257e9,position_elo,mlp,mu_shape=129-512-8-1,sigma_shape=129-64-1)@1	ab(deep=4)@3.learned(model=114,316257e9,position_elo,mlp,mu_shape=129-512-8-1,sigma_shape=129-64-1)@1
ab(deep=4)@3	699	5	6044	60.889	on	learned(model=115,21d7e638,position_elo,mlp,mu_shape=129-512-8-1,sigma_shape=129-64-1)@1	learned(model=115,21d7e638,position_elo,mlp,mu_shape=129-512-8-1,sigma_shape=129-64-1)@1	ab(deep=4)@3.learned(model=115,21d7e638,position_elo,mlp,mu_shape=129-512-8-1,sigma_shape=129-64-1)@1
ab(deep=4)@3	689	5	6044	52.100	on	learned(model=110,1466db6c,position_elo,mlp,mu_shape=129-512-8-1,sigma_shape=129-64-1)@1	learned(model=110,1466db6c,position_elo,mlp,mu_shape=129-512-8-1,sigma_shape=129-64-1)@1	ab(deep=4)@3.learned(model=110,1466db6c,position_elo,mlp,mu_shape=129-512-8-1,sigma_shape=129-64-1)@1
ab(deep=4)@3	671	5	6044	56.833	on	learned(model=112,baa2951a,position_elo,mlp,mu_shape=129-512-8-1,sigma_shape=129-64-1)@1	learned(model=112,baa2951a,position_elo,mlp,mu_shape=129-512-8-1,sigma_shape=129-64-1)@1	ab(deep=4)@3.learned(model=112,baa2951a,position_elo,mlp,mu_shape=129-512-8-1,sigma_shape=129-64-1)@1
ab(deep=4)@3	565	4	10328	0.193	on	classic(chip=100)@2.dil(prob=25)@1	classic(chip=100)@2.dil(prob=25)@1	ab(deep=4)@3.classic(chip=100)@2.dil(prob=25)@1
ab(deep=4)@3	323	6	10328	0.134	on	classic(chip=100)@2.dil(prob=50)@1	classic(chip=100)@2.dil(prob=50)@1	ab(deep=4)@3.classic(chip=100)@2.dil(prob=50)@1
ab(deep=6,noab,nodes=200k)@3	814	5	6044	11.082	on	classic(chip=100)@2	classic(chip=100)@2	ab(deep=6,noab,nodes=200k)@3.classic(chip=100)@2
ab(deep=3)@3	811	5	6044	0.075	on	classic(chip=100)@2	classic(chip=100)@2	ab(deep=3)@3.classic(chip=100)@2
ab(deep=4,tt,ord,nodes=200k)@3	807	5	6044	1.209	on	learned(model=10,fead67b7,weight_merge,lin,shape=129-1)@1	learned(model=10,fead67b7,weight_merge,lin,shape=129-1)@1	ab(deep=4,tt,ord,nodes=200k)@3.learned(model=10,fead67b7,weight_merge,lin,shape=129-1)@1
ab(deep=4,tt,ord,nodes=200k)@3	774	5	6044	1.126	on	learned(model=3,68364898,pool_games,lin,shape=129-1)@1	learned(model=3,68364898,pool_games,lin,shape=129-1)@1	ab(deep=4,tt,ord,nodes=200k)@3.learned(model=3,68364898,pool_games,lin,shape=129-1)@1
ab(deep=4,tt,ord,nodes=200k)@3	746	5	6044	1.144	on	learned(model=8,6f1a4264,pool_games,lin,shape=129-1)@1	learned(model=8,6f1a4264,pool_games,lin,shape=129-1)@1	ab(deep=4,tt,ord,nodes=200k)@3.learned(model=8,6f1a4264,pool_games,lin,shape=129-1)@1
ab(deep=4,tt,ord,nodes=200k)@3	720	5	6044	1.084	on	learned(model=4,eb105733,pool_games,lin,shape=129-1)@1	learned(model=4,eb105733,pool_games,lin,shape=129-1)@1	ab(deep=4,tt,ord,nodes=200k)@3.learned(model=4,eb105733,pool_games,lin,shape=129-1)@1
ab(deep=2)@3	774	5	6044	0.008	on	classic(chip=100)@2	classic(chip=100)@2	ab(deep=2)@3.classic(chip=100)@2
ab(deep=2)@3	666	5	6044	0.021	on	learned(model=76,ef183148,position_elo,lin,mu_shape=129-1,sigma_shape=129-1)@1	learned(model=76,ef183148,position_elo,lin,mu_shape=129-1,sigma_shape=129-1)@1	ab(deep=2)@3.learned(model=76,ef183148,position_elo,lin,mu_shape=129-1,sigma_shape=129-1)@1
ab(deep=2)@3	577	5	6044	0.500	on	learned(model=78,2fa21eda,position_elo,mlp,mu_shape=129-128-64-1,sigma_shape=129-32-1)@1	learned(model=78,2fa21eda,position_elo,mlp,mu_shape=129-128-64-1,sigma_shape=129-32-1)@1	ab(deep=2)@3.learned(model=78,2fa21eda,position_elo,mlp,mu_shape=129-128-64-1,sigma_shape=129-32-1)@1
ab(deep=2)@3	544	5	6044	0.481	on	learned(model=77,ddaa5090,position_elo,mlp,mu_shape=129-128-64-1,sigma_shape=129-32-1)@1	learned(model=77,ddaa5090,position_elo,mlp,mu_shape=129-128-64-1,sigma_shape=129-32-1)@1	ab(deep=2)@3.learned(model=77,ddaa5090,position_elo,mlp,mu_shape=129-128-64-1,sigma_shape=129-32-1)@1
ab(deep=2)@3	485	6	6044	1.167	on	learned(model=79,18f19059,position_elo,mlp,mu_shape=129-256-128-1,sigma_shape=129-64-1)@1	learned(model=79,18f19059,position_elo,mlp,mu_shape=129-256-128-1,sigma_shape=129-64-1)@1	ab(deep=2)@3.learned(model=79,18f19059,position_elo,mlp,mu_shape=129-256-128-1,sigma_shape=129-64-1)@1
ab(deep=1)@3	664	5	6060	0.002	on	classic(chip=100)@2	classic(chip=100)@2	ab(deep=1)@3.classic(chip=100)@2
greedy@1	633	5	8000	0.002	on	classic(chip=100)@2	classic(chip=100)@2	greedy@1.classic(chip=100)@2
greedy@1	595	5	8000	0.009	on	classic(chip=10,wall=3,column=2)@2	classic(chip=10,wall=3,column=2)@2	greedy@1.classic(chip=10,wall=3,column=2)@2
smart(pieces=2)@1	561	4	12728	0.001	on	-	-	smart(pieces=2)@1
smart(pieces=4)@1	467	5	12728	0.001	on	-	-	smart(pieces=4)@1
smart(pieces=6)@1	443	5	12728	0.002	on	-	-	smart(pieces=6)@1
tiered@1	430	5	12728	0.002	on	-	-	tiered@1
rand@1	0	11	13800	0.001	anchor	-	-	rand@1
