# Current standings: active roster only, from the same fit as ratings.tsv.
# Compare Elo only WITHIN one head and WITHIN this file (never across fits).
# Retired ('gone') agents are excluded by design; see ratings.tsv for the full history.
# eff_evaluator elides the turn weight t when the search cannot act on it (no qs/part):
#   t shifts every leaf by one constant at fixed depth, so it reorders nothing there.
#   Compare cores on eff_evaluator; 'evaluator' and 'id' keep the exact canonical form.
head	elo	pm	games	cpu_ms_move	active	eff_evaluator	evaluator	id
ab(deep=6,tt,ord,nodes=200k)@3	1227	0	4724	25.082	on	learned(model=169,4975683c,tdleaf_self,lin,shape=129-1)@1	learned(model=169,4975683c,tdleaf_self,lin,shape=129-1)@1	ab(deep=6,tt,ord,nodes=200k)@3.learned(model=169,4975683c,tdleaf_self,lin,shape=129-1)@1
ab(deep=6,tt,ord,nodes=200k)@3	1208	0	4724	25.799	on	learned(model=602,68cbb27d,tdleaf_self,lin,shape=129-1)@1	learned(model=602,68cbb27d,tdleaf_self,lin,shape=129-1)@1	ab(deep=6,tt,ord,nodes=200k)@3.learned(model=602,68cbb27d,tdleaf_self,lin,shape=129-1)@1
ab(deep=6,tt,ord,nodes=200k)@3	1180	0	4722	26.158	on	learned(model=349,5ee50d5c,tdleaf_self,lin,shape=129-1)@1	learned(model=349,5ee50d5c,tdleaf_self,lin,shape=129-1)@1	ab(deep=6,tt,ord,nodes=200k)@3.learned(model=349,5ee50d5c,tdleaf_self,lin,shape=129-1)@1
ab(deep=6,tt,ord,nodes=200k)@3	1141	0	4724	27.242	on	learned(model=603,2da121ee,tdleaf_self,lin,shape=129-1)@1	learned(model=603,2da121ee,tdleaf_self,lin,shape=129-1)@1	ab(deep=6,tt,ord,nodes=200k)@3.learned(model=603,2da121ee,tdleaf_self,lin,shape=129-1)@1
ab(deep=6,tt,ord,nodes=200k)@3	1139	0	4724	10.759	on	classic(chip=100)@2.opener(book,book=2)@1	classic(chip=100)@2.opener(book,book=2)@1	ab(deep=6,tt,ord,nodes=200k)@3.classic(chip=100)@2.opener(book,book=2)@1
ab(deep=6,tt,ord,nodes=200k)@3	1139	0	4724	10.791	on	classic(chip=100)@2.opener(book,book=9)@1	classic(chip=100)@2.opener(book,book=9)@1	ab(deep=6,tt,ord,nodes=200k)@3.classic(chip=100)@2.opener(book,book=9)@1
ab(deep=6,tt,ord,nodes=200k)@3	1134	0	4724	11.205	on	classic(chip=100)@2.opener(book,book=7)@1	classic(chip=100)@2.opener(book,book=7)@1	ab(deep=6,tt,ord,nodes=200k)@3.classic(chip=100)@2.opener(book,book=7)@1
ab(deep=6,tt,ord,nodes=200k)@3	1130	0	4722	11.021	on	classic(chip=100)@2.opener(book,book=8)@1	classic(chip=100)@2.opener(book,book=8)@1	ab(deep=6,tt,ord,nodes=200k)@3.classic(chip=100)@2.opener(book,book=8)@1
ab(deep=6,tt,ord,nodes=200k)@3	1123	0	4724	10.611	on	classic(chip=100)@2.opener(book,book=4)@1	classic(chip=100)@2.opener(book,book=4)@1	ab(deep=6,tt,ord,nodes=200k)@3.classic(chip=100)@2.opener(book,book=4)@1
ab(deep=6,tt,ord,nodes=200k)@3	1121	0	4724	11.275	on	classic(chip=100)@2.opener(book,book=14)@1	classic(chip=100)@2.opener(book,book=14)@1	ab(deep=6,tt,ord,nodes=200k)@3.classic(chip=100)@2.opener(book,book=14)@1
ab(deep=6,tt,ord,nodes=200k)@3	1113	0	4724	27.583	on	learned(model=351,42d88d8e,tdleaf_self,lin,shape=129-1)@1	learned(model=351,42d88d8e,tdleaf_self,lin,shape=129-1)@1	ab(deep=6,tt,ord,nodes=200k)@3.learned(model=351,42d88d8e,tdleaf_self,lin,shape=129-1)@1
ab(deep=6,tt,ord,nodes=200k)@3	1111	0	4724	28.065	on	learned(model=171,10d3530c,tdleaf_self,lin,shape=129-1)@1	learned(model=171,10d3530c,tdleaf_self,lin,shape=129-1)@1	ab(deep=6,tt,ord,nodes=200k)@3.learned(model=171,10d3530c,tdleaf_self,lin,shape=129-1)@1
ab(deep=6,tt,ord,nodes=200k)@3	1104	0	4722	11.247	on	classic(chip=100)@2.opener(book,book=13)@1	classic(chip=100)@2.opener(book,book=13)@1	ab(deep=6,tt,ord,nodes=200k)@3.classic(chip=100)@2.opener(book,book=13)@1
ab(deep=6,tt,ord,nodes=200k)@3	1102	0	4724	17.956	on	learned(model=441,01db390c,tdleaf_self,lin,shape=129-1)@1	learned(model=441,01db390c,tdleaf_self,lin,shape=129-1)@1	ab(deep=6,tt,ord,nodes=200k)@3.learned(model=441,01db390c,tdleaf_self,lin,shape=129-1)@1
ab(deep=6,tt,ord,nodes=200k)@3	1101	0	4723	17.960	on	learned(model=98,5801570e,pool_games,lin,shape=129-1)@1.opener(book,book=10)@1	learned(model=98,5801570e,pool_games,lin,shape=129-1)@1.opener(book,book=10)@1	ab(deep=6,tt,ord,nodes=200k)@3.learned(model=98,5801570e,pool_games,lin,shape=129-1)@1.opener(book,book=10)@1
ab(deep=6,tt,ord,nodes=200k)@3	1095	0	4724	17.168	on	learned(model=98,5801570e,pool_games,lin,shape=129-1)@1.opener(book,book=12)@1	learned(model=98,5801570e,pool_games,lin,shape=129-1)@1.opener(book,book=12)@1	ab(deep=6,tt,ord,nodes=200k)@3.learned(model=98,5801570e,pool_games,lin,shape=129-1)@1.opener(book,book=12)@1
ab(deep=6,tt,ord,nodes=200k)@3	1094	0	4724	18.603	on	learned(model=96,990e39e7,pool_games,lin,shape=129-1)@1	learned(model=96,990e39e7,pool_games,lin,shape=129-1)@1	ab(deep=6,tt,ord,nodes=200k)@3.learned(model=96,990e39e7,pool_games,lin,shape=129-1)@1
ab(deep=6,tt,ord,nodes=200k)@3	1088	0	4722	16.867	on	learned(model=98,5801570e,pool_games,lin,shape=129-1)@1.opener(book,book=4)@1	learned(model=98,5801570e,pool_games,lin,shape=129-1)@1.opener(book,book=4)@1	ab(deep=6,tt,ord,nodes=200k)@3.learned(model=98,5801570e,pool_games,lin,shape=129-1)@1.opener(book,book=4)@1
ab(deep=6,tt,ord,nodes=200k)@3	1087	0	4722	18.446	on	learned(model=98,5801570e,pool_games,lin,shape=129-1)@1	learned(model=98,5801570e,pool_games,lin,shape=129-1)@1	ab(deep=6,tt,ord,nodes=200k)@3.learned(model=98,5801570e,pool_games,lin,shape=129-1)@1
ab(deep=6,tt,ord,nodes=200k)@3	1086	0	4724	11.237	on	classic(chip=100)@2	classic(chip=100)@2	ab(deep=6,tt,ord,nodes=200k)@3.classic(chip=100)@2
ab(deep=6,tt,ord,nodes=200k)@3	1086	0	4724	10.720	on	classic(chip=100)@2.opener(book,book=1)@1	classic(chip=100)@2.opener(book,book=1)@1	ab(deep=6,tt,ord,nodes=200k)@3.classic(chip=100)@2.opener(book,book=1)@1
ab(deep=6,tt,ord,nodes=200k)@3	1086	0	4722	18.027	on	learned(model=98,5801570e,pool_games,lin,shape=129-1)@1.opener(book,book=16)@1	learned(model=98,5801570e,pool_games,lin,shape=129-1)@1.opener(book,book=16)@1	ab(deep=6,tt,ord,nodes=200k)@3.learned(model=98,5801570e,pool_games,lin,shape=129-1)@1.opener(book,book=16)@1
ab(deep=6,tt,ord,nodes=200k)@3	1084	0	4723	18.178	on	learned(model=98,5801570e,pool_games,lin,shape=129-1)@1.opener(book,book=15)@1	learned(model=98,5801570e,pool_games,lin,shape=129-1)@1.opener(book,book=15)@1	ab(deep=6,tt,ord,nodes=200k)@3.learned(model=98,5801570e,pool_games,lin,shape=129-1)@1.opener(book,book=15)@1
ab(deep=6,tt,ord,nodes=200k)@3	1082	0	4722	22.025	on	learned(model=10,fead67b7,weight_merge,lin,shape=129-1)@1	learned(model=10,fead67b7,weight_merge,lin,shape=129-1)@1	ab(deep=6,tt,ord,nodes=200k)@3.learned(model=10,fead67b7,weight_merge,lin,shape=129-1)@1
ab(deep=6,tt,ord,nodes=200k)@3	1080	0	4722	17.561	on	learned(model=98,5801570e,pool_games,lin,shape=129-1)@1.opener(book,book=11)@1	learned(model=98,5801570e,pool_games,lin,shape=129-1)@1.opener(book,book=11)@1	ab(deep=6,tt,ord,nodes=200k)@3.learned(model=98,5801570e,pool_games,lin,shape=129-1)@1.opener(book,book=11)@1
ab(deep=6,tt,ord,nodes=200k)@3	1078	0	4723	17.649	on	learned(model=98,5801570e,pool_games,lin,shape=129-1)@1.opener(book,book=2)@1	learned(model=98,5801570e,pool_games,lin,shape=129-1)@1.opener(book,book=2)@1	ab(deep=6,tt,ord,nodes=200k)@3.learned(model=98,5801570e,pool_games,lin,shape=129-1)@1.opener(book,book=2)@1
ab(deep=6,tt,ord,nodes=200k)@3	1072	0	4722	17.597	on	learned(model=98,5801570e,pool_games,lin,shape=129-1)@1.opener(book,book=1)@1	learned(model=98,5801570e,pool_games,lin,shape=129-1)@1.opener(book,book=1)@1	ab(deep=6,tt,ord,nodes=200k)@3.learned(model=98,5801570e,pool_games,lin,shape=129-1)@1.opener(book,book=1)@1
ab(deep=6,tt,ord,nodes=200k)@3	1057	0	8740	17.222	on	learned(model=96,990e39e7,pool_games,lin,shape=129-1)@1.opener(rand,moves=4)@1	learned(model=96,990e39e7,pool_games,lin,shape=129-1)@1.opener(rand,moves=4)@1	ab(deep=6,tt,ord,nodes=200k)@3.learned(model=96,990e39e7,pool_games,lin,shape=129-1)@1.opener(rand,moves=4)@1
ab(deep=6,tt,ord,nodes=200k)@3	1040	0	4724	19.314	on	learned(model=3,68364898,pool_games,lin,shape=129-1)@1	learned(model=3,68364898,pool_games,lin,shape=129-1)@1	ab(deep=6,tt,ord,nodes=200k)@3.learned(model=3,68364898,pool_games,lin,shape=129-1)@1
ab(deep=6,tt,ord,nodes=200k)@3	1037	0	8742	10.568	on	classic(chip=100)@2.opener(rand,moves=4)@1	classic(chip=100)@2.opener(rand,moves=4)@1	ab(deep=6,tt,ord,nodes=200k)@3.classic(chip=100)@2.opener(rand,moves=4)@1
ab(deep=6,tt,ord,nodes=200k)@3	1034	0	8742	19.452	on	learned(model=10,fead67b7,weight_merge,lin,shape=129-1)@1.opener(rand,moves=4)@1	learned(model=10,fead67b7,weight_merge,lin,shape=129-1)@1.opener(rand,moves=4)@1	ab(deep=6,tt,ord,nodes=200k)@3.learned(model=10,fead67b7,weight_merge,lin,shape=129-1)@1.opener(rand,moves=4)@1
ab(deep=6,tt,ord,nodes=200k)@3	1032	0	4723	178.439	on	learned(model=78,2fa21eda,position_elo,mlp,mu_shape=129-128-64-1,sigma_shape=129-32-1)@1	learned(model=78,2fa21eda,position_elo,mlp,mu_shape=129-128-64-1,sigma_shape=129-32-1)@1	ab(deep=6,tt,ord,nodes=200k)@3.learned(model=78,2fa21eda,position_elo,mlp,mu_shape=129-128-64-1,sigma_shape=129-32-1)@1
ab(deep=6,tt,ord,nodes=200k)@3	1030	0	8742	20.016	on	learned(model=76,ef183148,position_elo,lin,mu_shape=129-1,sigma_shape=129-1)@1.opener(rand,moves=4)@1	learned(model=76,ef183148,position_elo,lin,mu_shape=129-1,sigma_shape=129-1)@1.opener(rand,moves=4)@1	ab(deep=6,tt,ord,nodes=200k)@3.learned(model=76,ef183148,position_elo,lin,mu_shape=129-1,sigma_shape=129-1)@1.opener(rand,moves=4)@1
ab(deep=6,tt,ord,nodes=200k)@3	1027	0	8740	16.898	on	learned(model=98,5801570e,pool_games,lin,shape=129-1)@1.opener(rand,moves=4)@1	learned(model=98,5801570e,pool_games,lin,shape=129-1)@1.opener(rand,moves=4)@1	ab(deep=6,tt,ord,nodes=200k)@3.learned(model=98,5801570e,pool_games,lin,shape=129-1)@1.opener(rand,moves=4)@1
ab(deep=6,tt,ord,nodes=200k)@3	1025	0	4724	49.214	on	learned(model=405,111c40c8,tdleaf_self,mlp,shape=129-32-1)@1	learned(model=405,111c40c8,tdleaf_self,mlp,shape=129-32-1)@1	ab(deep=6,tt,ord,nodes=200k)@3.learned(model=405,111c40c8,tdleaf_self,mlp,shape=129-32-1)@1
ab(deep=6,tt,ord,nodes=200k)@3	1009	0	4722	19.439	on	learned(model=8,6f1a4264,pool_games,lin,shape=129-1)@1	learned(model=8,6f1a4264,pool_games,lin,shape=129-1)@1	ab(deep=6,tt,ord,nodes=200k)@3.learned(model=8,6f1a4264,pool_games,lin,shape=129-1)@1
ab(deep=6,tt,ord,nodes=200k)@3	1007	0	8742	349.010	on	learned(model=111,78ef6974,position_elo,mlp,mu_shape=129-512-8-1,sigma_shape=129-64-1)@1.opener(rand,moves=4)@1	learned(model=111,78ef6974,position_elo,mlp,mu_shape=129-512-8-1,sigma_shape=129-64-1)@1.opener(rand,moves=4)@1	ab(deep=6,tt,ord,nodes=200k)@3.learned(model=111,78ef6974,position_elo,mlp,mu_shape=129-512-8-1,sigma_shape=129-64-1)@1.opener(rand,moves=4)@1
ab(deep=6,tt,ord,nodes=200k)@3	1002	0	4724	404.555	on	learned(model=111,78ef6974,position_elo,mlp,mu_shape=129-512-8-1,sigma_shape=129-64-1)@1	learned(model=111,78ef6974,position_elo,mlp,mu_shape=129-512-8-1,sigma_shape=129-64-1)@1	ab(deep=6,tt,ord,nodes=200k)@3.learned(model=111,78ef6974,position_elo,mlp,mu_shape=129-512-8-1,sigma_shape=129-64-1)@1
ab(deep=6,tt,ord,nodes=200k)@3	999	0	4724	17.855	on	learned(model=3,68364898,pool_games,lin,shape=129-1)@1.opener(book,book=2)@1	learned(model=3,68364898,pool_games,lin,shape=129-1)@1.opener(book,book=2)@1	ab(deep=6,tt,ord,nodes=200k)@3.learned(model=3,68364898,pool_games,lin,shape=129-1)@1.opener(book,book=2)@1
ab(deep=6,tt,ord,nodes=200k)@3	993	0	8742	17.762	on	learned(model=8,6f1a4264,pool_games,lin,shape=129-1)@1.opener(rand,moves=4)@1	learned(model=8,6f1a4264,pool_games,lin,shape=129-1)@1.opener(rand,moves=4)@1	ab(deep=6,tt,ord,nodes=200k)@3.learned(model=8,6f1a4264,pool_games,lin,shape=129-1)@1.opener(rand,moves=4)@1
ab(deep=6,tt,ord,nodes=200k)@3	992	0	8743	9.430	on	classic(chip=100)@2.dil(prob=15,deep=4)@1	classic(chip=100)@2.dil(prob=15,deep=4)@1	ab(deep=6,tt,ord,nodes=200k)@3.classic(chip=100)@2.dil(prob=15,deep=4)@1
ab(deep=6,tt,ord,nodes=200k)@3	987	0	4724	19.092	on	learned(model=3,68364898,pool_games,lin,shape=129-1)@1.opener(book,book=17)@1	learned(model=3,68364898,pool_games,lin,shape=129-1)@1.opener(book,book=17)@1	ab(deep=6,tt,ord,nodes=200k)@3.learned(model=3,68364898,pool_games,lin,shape=129-1)@1.opener(book,book=17)@1
ab(deep=6,tt,ord,nodes=200k)@3	984	0	4724	19.017	on	learned(model=3,68364898,pool_games,lin,shape=129-1)@1.opener(book,book=18)@1	learned(model=3,68364898,pool_games,lin,shape=129-1)@1.opener(book,book=18)@1	ab(deep=6,tt,ord,nodes=200k)@3.learned(model=3,68364898,pool_games,lin,shape=129-1)@1.opener(book,book=18)@1
ab(deep=6,tt,ord,nodes=200k)@3	982	0	4722	19.006	on	learned(model=3,68364898,pool_games,lin,shape=129-1)@1.opener(book,book=6)@1	learned(model=3,68364898,pool_games,lin,shape=129-1)@1.opener(book,book=6)@1	ab(deep=6,tt,ord,nodes=200k)@3.learned(model=3,68364898,pool_games,lin,shape=129-1)@1.opener(book,book=6)@1
ab(deep=6,tt,ord,nodes=200k)@3	980	0	4724	22.135	on	learned(model=76,ef183148,position_elo,lin,mu_shape=129-1,sigma_shape=129-1)@1	learned(model=76,ef183148,position_elo,lin,mu_shape=129-1,sigma_shape=129-1)@1	ab(deep=6,tt,ord,nodes=200k)@3.learned(model=76,ef183148,position_elo,lin,mu_shape=129-1,sigma_shape=129-1)@1
ab(deep=6,tt,ord,nodes=200k)@3	979	0	8744	17.228	on	learned(model=3,68364898,pool_games,lin,shape=129-1)@1.opener(rand,moves=4)@1	learned(model=3,68364898,pool_games,lin,shape=129-1)@1.opener(rand,moves=4)@1	ab(deep=6,tt,ord,nodes=200k)@3.learned(model=3,68364898,pool_games,lin,shape=129-1)@1.opener(rand,moves=4)@1
ab(deep=6,tt,ord,nodes=200k)@3	974	0	4724	395.438	on	learned(model=114,316257e9,position_elo,mlp,mu_shape=129-512-8-1,sigma_shape=129-64-1)@1	learned(model=114,316257e9,position_elo,mlp,mu_shape=129-512-8-1,sigma_shape=129-64-1)@1	ab(deep=6,tt,ord,nodes=200k)@3.learned(model=114,316257e9,position_elo,mlp,mu_shape=129-512-8-1,sigma_shape=129-64-1)@1
ab(deep=6,tt,ord,nodes=200k)@3	970	0	4724	73.734	on	learned(model=387,607b64aa,tdleaf_self,lin,shape=30-1)@1	learned(model=387,607b64aa,tdleaf_self,lin,shape=30-1)@1	ab(deep=6,tt,ord,nodes=200k)@3.learned(model=387,607b64aa,tdleaf_self,lin,shape=30-1)@1
ab(deep=6,tt,ord,nodes=200k)@3	965	0	8742	17.410	on	learned(model=4,eb105733,pool_games,lin,shape=129-1)@1.opener(rand,moves=4)@1	learned(model=4,eb105733,pool_games,lin,shape=129-1)@1.opener(rand,moves=4)@1	ab(deep=6,tt,ord,nodes=200k)@3.learned(model=4,eb105733,pool_games,lin,shape=129-1)@1.opener(rand,moves=4)@1
ab(deep=6,tt,ord,nodes=200k)@3	960	0	8743	8.003	on	classic(chip=100)@2.dil(prob=30,deep=4)@1	classic(chip=100)@2.dil(prob=30,deep=4)@1	ab(deep=6,tt,ord,nodes=200k)@3.classic(chip=100)@2.dil(prob=30,deep=4)@1
ab(deep=6,tt,ord,nodes=200k)@3	960	0	4723	179.769	on	learned(model=77,ddaa5090,position_elo,mlp,mu_shape=129-128-64-1,sigma_shape=129-32-1)@1	learned(model=77,ddaa5090,position_elo,mlp,mu_shape=129-128-64-1,sigma_shape=129-32-1)@1	ab(deep=6,tt,ord,nodes=200k)@3.learned(model=77,ddaa5090,position_elo,mlp,mu_shape=129-128-64-1,sigma_shape=129-32-1)@1
ab(deep=6,tt,ord,nodes=200k)@3	946	0	8742	362.553	on	learned(model=113,e3cc8b4e,position_elo,mlp,mu_shape=129-512-8-1,sigma_shape=129-64-1)@1.opener(rand,moves=4)@1	learned(model=113,e3cc8b4e,position_elo,mlp,mu_shape=129-512-8-1,sigma_shape=129-64-1)@1.opener(rand,moves=4)@1	ab(deep=6,tt,ord,nodes=200k)@3.learned(model=113,e3cc8b4e,position_elo,mlp,mu_shape=129-512-8-1,sigma_shape=129-64-1)@1.opener(rand,moves=4)@1
ab(deep=6,tt,ord,nodes=200k)@3	942	0	4724	416.928	on	learned(model=110,1466db6c,position_elo,mlp,mu_shape=129-512-8-1,sigma_shape=129-64-1)@1	learned(model=110,1466db6c,position_elo,mlp,mu_shape=129-512-8-1,sigma_shape=129-64-1)@1	ab(deep=6,tt,ord,nodes=200k)@3.learned(model=110,1466db6c,position_elo,mlp,mu_shape=129-512-8-1,sigma_shape=129-64-1)@1
ab(deep=6,tt,ord,nodes=200k)@3	940	0	4724	407.750	on	learned(model=113,e3cc8b4e,position_elo,mlp,mu_shape=129-512-8-1,sigma_shape=129-64-1)@1	learned(model=113,e3cc8b4e,position_elo,mlp,mu_shape=129-512-8-1,sigma_shape=129-64-1)@1	ab(deep=6,tt,ord,nodes=200k)@3.learned(model=113,e3cc8b4e,position_elo,mlp,mu_shape=129-512-8-1,sigma_shape=129-64-1)@1
ab(deep=6,tt,ord,nodes=200k)@3	936	0	4724	416.215	on	learned(model=112,baa2951a,position_elo,mlp,mu_shape=129-512-8-1,sigma_shape=129-64-1)@1	learned(model=112,baa2951a,position_elo,mlp,mu_shape=129-512-8-1,sigma_shape=129-64-1)@1	ab(deep=6,tt,ord,nodes=200k)@3.learned(model=112,baa2951a,position_elo,mlp,mu_shape=129-512-8-1,sigma_shape=129-64-1)@1
ab(deep=6,tt,ord,nodes=200k)@3	932	0	8742	6.433	on	classic(chip=100)@2.dil(prob=45,deep=4)@1	classic(chip=100)@2.dil(prob=45,deep=4)@1	ab(deep=6,tt,ord,nodes=200k)@3.classic(chip=100)@2.dil(prob=45,deep=4)@1
ab(deep=6,tt,ord,nodes=200k)@3	927	0	4724	19.365	on	learned(model=4,eb105733,pool_games,lin,shape=129-1)@1	learned(model=4,eb105733,pool_games,lin,shape=129-1)@1	ab(deep=6,tt,ord,nodes=200k)@3.learned(model=4,eb105733,pool_games,lin,shape=129-1)@1
ab(deep=6,tt,ord,nodes=200k)@3	922	0	4724	412.395	on	learned(model=115,21d7e638,position_elo,mlp,mu_shape=129-512-8-1,sigma_shape=129-64-1)@1	learned(model=115,21d7e638,position_elo,mlp,mu_shape=129-512-8-1,sigma_shape=129-64-1)@1	ab(deep=6,tt,ord,nodes=200k)@3.learned(model=115,21d7e638,position_elo,mlp,mu_shape=129-512-8-1,sigma_shape=129-64-1)@1
ab(deep=6,tt,ord,nodes=200k)@3	915	0	8742	4.900	on	classic(chip=100)@2.dil(prob=60,deep=4)@1	classic(chip=100)@2.dil(prob=60,deep=4)@1	ab(deep=6,tt,ord,nodes=200k)@3.classic(chip=100)@2.dil(prob=60,deep=4)@1
ab(deep=6,tt,ord,nodes=200k)@3	902	0	4723	16.567	on	learned(model=99,59815079,pool_games,lin,shape=129-1)@1	learned(model=99,59815079,pool_games,lin,shape=129-1)@1	ab(deep=6,tt,ord,nodes=200k)@3.learned(model=99,59815079,pool_games,lin,shape=129-1)@1
ab(deep=6,tt,ord,nodes=200k)@3	898	0	4724	26.561	on	learned(model=459,642147d2,tdleaf_self,lin,shape=129-1)@1	learned(model=459,642147d2,tdleaf_self,lin,shape=129-1)@1	ab(deep=6,tt,ord,nodes=200k)@3.learned(model=459,642147d2,tdleaf_self,lin,shape=129-1)@1
ab(deep=6,tt,ord,nodes=200k)@3	890	0	4724	459.059	on	learned(model=79,18f19059,position_elo,mlp,mu_shape=129-256-128-1,sigma_shape=129-64-1)@1	learned(model=79,18f19059,position_elo,mlp,mu_shape=129-256-128-1,sigma_shape=129-64-1)@1	ab(deep=6,tt,ord,nodes=200k)@3.learned(model=79,18f19059,position_elo,mlp,mu_shape=129-256-128-1,sigma_shape=129-64-1)@1
ab(deep=6,tt,ord,nodes=200k)@3	886	0	8737	14.721	on	learned(model=99,59815079,pool_games,lin,shape=129-1)@1.opener(rand,moves=4)@1	learned(model=99,59815079,pool_games,lin,shape=129-1)@1.opener(rand,moves=4)@1	ab(deep=6,tt,ord,nodes=200k)@3.learned(model=99,59815079,pool_games,lin,shape=129-1)@1.opener(rand,moves=4)@1
ab(deep=6,tt,ord,nodes=200k)@3	883	0	8742	14.448	on	learned(model=10,fead67b7,weight_merge,lin,shape=129-1)@1.opener(rand,moves=8)@1	learned(model=10,fead67b7,weight_merge,lin,shape=129-1)@1.opener(rand,moves=8)@1	ab(deep=6,tt,ord,nodes=200k)@3.learned(model=10,fead67b7,weight_merge,lin,shape=129-1)@1.opener(rand,moves=8)@1
ab(deep=6,tt,ord,nodes=200k)@3	880	0	8742	14.976	on	learned(model=76,ef183148,position_elo,lin,mu_shape=129-1,sigma_shape=129-1)@1.opener(rand,moves=8)@1	learned(model=76,ef183148,position_elo,lin,mu_shape=129-1,sigma_shape=129-1)@1.opener(rand,moves=8)@1	ab(deep=6,tt,ord,nodes=200k)@3.learned(model=76,ef183148,position_elo,lin,mu_shape=129-1,sigma_shape=129-1)@1.opener(rand,moves=8)@1
ab(deep=6,tt,ord,nodes=200k)@3	851	0	8742	4.561	on	classic(chip=100)@2.dil(prob=60,deep=3)@1	classic(chip=100)@2.dil(prob=60,deep=3)@1	ab(deep=6,tt,ord,nodes=200k)@3.classic(chip=100)@2.dil(prob=60,deep=3)@1
ab(deep=6,tt,ord,nodes=200k)@3	846	0	8744	8.135	on	classic(chip=100)@2.opener(rand,moves=8)@1	classic(chip=100)@2.opener(rand,moves=8)@1	ab(deep=6,tt,ord,nodes=200k)@3.classic(chip=100)@2.opener(rand,moves=8)@1
ab(deep=6,tt,ord,nodes=200k)@3	846	0	8742	12.619	on	learned(model=96,990e39e7,pool_games,lin,shape=129-1)@1.opener(rand,moves=8)@1	learned(model=96,990e39e7,pool_games,lin,shape=129-1)@1.opener(rand,moves=8)@1	ab(deep=6,tt,ord,nodes=200k)@3.learned(model=96,990e39e7,pool_games,lin,shape=129-1)@1.opener(rand,moves=8)@1
ab(deep=6,tt,ord,nodes=200k)@3	835	0	8742	13.475	on	learned(model=8,6f1a4264,pool_games,lin,shape=129-1)@1.opener(rand,moves=8)@1	learned(model=8,6f1a4264,pool_games,lin,shape=129-1)@1.opener(rand,moves=8)@1	ab(deep=6,tt,ord,nodes=200k)@3.learned(model=8,6f1a4264,pool_games,lin,shape=129-1)@1.opener(rand,moves=8)@1
ab(deep=6,tt,ord,nodes=200k)@3	832	0	8742	266.703	on	learned(model=111,78ef6974,position_elo,mlp,mu_shape=129-512-8-1,sigma_shape=129-64-1)@1.opener(rand,moves=8)@1	learned(model=111,78ef6974,position_elo,mlp,mu_shape=129-512-8-1,sigma_shape=129-64-1)@1.opener(rand,moves=8)@1	ab(deep=6,tt,ord,nodes=200k)@3.learned(model=111,78ef6974,position_elo,mlp,mu_shape=129-512-8-1,sigma_shape=129-64-1)@1.opener(rand,moves=8)@1
ab(deep=6,tt,ord,nodes=200k)@3	831	0	4724	17.650	on	learned(model=94,784bb5fe,pool_games,lin,shape=129-1)@1	learned(model=94,784bb5fe,pool_games,lin,shape=129-1)@1	ab(deep=6,tt,ord,nodes=200k)@3.learned(model=94,784bb5fe,pool_games,lin,shape=129-1)@1
ab(deep=6,tt,ord,nodes=200k)@3	826	0	8742	15.469	on	learned(model=94,784bb5fe,pool_games,lin,shape=129-1)@1.opener(rand,moves=4)@1	learned(model=94,784bb5fe,pool_games,lin,shape=129-1)@1.opener(rand,moves=4)@1	ab(deep=6,tt,ord,nodes=200k)@3.learned(model=94,784bb5fe,pool_games,lin,shape=129-1)@1.opener(rand,moves=4)@1
ab(deep=6,tt,ord,nodes=200k)@3	825	0	8739	12.711	on	learned(model=98,5801570e,pool_games,lin,shape=129-1)@1.opener(rand,moves=8)@1	learned(model=98,5801570e,pool_games,lin,shape=129-1)@1.opener(rand,moves=8)@1	ab(deep=6,tt,ord,nodes=200k)@3.learned(model=98,5801570e,pool_games,lin,shape=129-1)@1.opener(rand,moves=8)@1
ab(deep=6,tt,ord,nodes=200k)@3	823	0	4724	16.254	on	learned(model=95,07792e69,pool_games,lin,shape=129-1)@1	learned(model=95,07792e69,pool_games,lin,shape=129-1)@1	ab(deep=6,tt,ord,nodes=200k)@3.learned(model=95,07792e69,pool_games,lin,shape=129-1)@1
ab(deep=6,tt,ord,nodes=200k)@3	811	0	8742	13.214	on	learned(model=4,eb105733,pool_games,lin,shape=129-1)@1.opener(rand,moves=8)@1	learned(model=4,eb105733,pool_games,lin,shape=129-1)@1.opener(rand,moves=8)@1	ab(deep=6,tt,ord,nodes=200k)@3.learned(model=4,eb105733,pool_games,lin,shape=129-1)@1.opener(rand,moves=8)@1
ab(deep=6,tt,ord,nodes=200k)@3	799	0	8744	10.318	on	classic(chip=100)@2.dil(prob=10)@1	classic(chip=100)@2.dil(prob=10)@1	ab(deep=6,tt,ord,nodes=200k)@3.classic(chip=100)@2.dil(prob=10)@1
ab(deep=6,tt,ord,nodes=200k)@3	797	0	8742	12.835	on	learned(model=3,68364898,pool_games,lin,shape=129-1)@1.opener(rand,moves=8)@1	learned(model=3,68364898,pool_games,lin,shape=129-1)@1.opener(rand,moves=8)@1	ab(deep=6,tt,ord,nodes=200k)@3.learned(model=3,68364898,pool_games,lin,shape=129-1)@1.opener(rand,moves=8)@1
ab(deep=6,tt,ord,nodes=200k)@3	785	0	8742	280.297	on	learned(model=113,e3cc8b4e,position_elo,mlp,mu_shape=129-512-8-1,sigma_shape=129-64-1)@1.opener(rand,moves=8)@1	learned(model=113,e3cc8b4e,position_elo,mlp,mu_shape=129-512-8-1,sigma_shape=129-64-1)@1.opener(rand,moves=8)@1	ab(deep=6,tt,ord,nodes=200k)@3.learned(model=113,e3cc8b4e,position_elo,mlp,mu_shape=129-512-8-1,sigma_shape=129-64-1)@1.opener(rand,moves=8)@1
ab(deep=6,tt,ord,nodes=200k)@3	785	0	4724	90.738	on	learned(model=333,06bdc1f0,tdleaf_self,mlp,shape=30-16-1)@1	learned(model=333,06bdc1f0,tdleaf_self,mlp,shape=30-16-1)@1	ab(deep=6,tt,ord,nodes=200k)@3.learned(model=333,06bdc1f0,tdleaf_self,mlp,shape=30-16-1)@1
ab(deep=6,tt,ord,nodes=200k)@3	781	0	4724	24.465	on	learned(model=369,612a48a8,tdleaf_self,lin,shape=129-1)@1	learned(model=369,612a48a8,tdleaf_self,lin,shape=129-1)@1	ab(deep=6,tt,ord,nodes=200k)@3.learned(model=369,612a48a8,tdleaf_self,lin,shape=129-1)@1
ab(deep=6,tt,ord,nodes=200k)@3	754	0	8743	14.863	on	learned(model=95,07792e69,pool_games,lin,shape=129-1)@1.opener(rand,moves=4)@1	learned(model=95,07792e69,pool_games,lin,shape=129-1)@1.opener(rand,moves=4)@1	ab(deep=6,tt,ord,nodes=200k)@3.learned(model=95,07792e69,pool_games,lin,shape=129-1)@1.opener(rand,moves=4)@1
ab(deep=6,tt,ord,nodes=200k)@3	749	0	8737	11.543	on	learned(model=99,59815079,pool_games,lin,shape=129-1)@1.opener(rand,moves=8)@1	learned(model=99,59815079,pool_games,lin,shape=129-1)@1.opener(rand,moves=8)@1	ab(deep=6,tt,ord,nodes=200k)@3.learned(model=99,59815079,pool_games,lin,shape=129-1)@1.opener(rand,moves=8)@1
ab(deep=6,tt,ord,nodes=200k)@3	725	0	8744	9.945	on	classic(chip=100)@2.dil(prob=14)@1	classic(chip=100)@2.dil(prob=14)@1	ab(deep=6,tt,ord,nodes=200k)@3.classic(chip=100)@2.dil(prob=14)@1
ab(deep=6,tt,ord,nodes=200k)@3	688	0	8741	11.738	on	learned(model=94,784bb5fe,pool_games,lin,shape=129-1)@1.opener(rand,moves=8)@1	learned(model=94,784bb5fe,pool_games,lin,shape=129-1)@1.opener(rand,moves=8)@1	ab(deep=6,tt,ord,nodes=200k)@3.learned(model=94,784bb5fe,pool_games,lin,shape=129-1)@1.opener(rand,moves=8)@1
ab(deep=6,tt,ord,nodes=200k)@3	681	0	4722	14.418	on	learned(model=97,87a5093d,pool_games,lin,shape=129-1)@1	learned(model=97,87a5093d,pool_games,lin,shape=129-1)@1	ab(deep=6,tt,ord,nodes=200k)@3.learned(model=97,87a5093d,pool_games,lin,shape=129-1)@1
ab(deep=6,tt,ord,nodes=200k)@3	670	0	4724	22.730	on	learned(model=585,e37f6895,tdleaf_self,mlp,shape=30-32-1)@1	learned(model=585,e37f6895,tdleaf_self,mlp,shape=30-32-1)@1	ab(deep=6,tt,ord,nodes=200k)@3.learned(model=585,e37f6895,tdleaf_self,mlp,shape=30-32-1)@1
ab(deep=6,tt,ord,nodes=200k)@3	663	0	8743	9.673	on	classic(chip=100)@2.dil(prob=18)@1	classic(chip=100)@2.dil(prob=18)@1	ab(deep=6,tt,ord,nodes=200k)@3.classic(chip=100)@2.dil(prob=18)@1
ab(deep=6,tt,ord,nodes=200k)@3	660	0	8744	17.921	on	learned(model=10,fead67b7,weight_merge,lin,shape=129-1)@1.dil(prob=20)@1	learned(model=10,fead67b7,weight_merge,lin,shape=129-1)@1.dil(prob=20)@1	ab(deep=6,tt,ord,nodes=200k)@3.learned(model=10,fead67b7,weight_merge,lin,shape=129-1)@1.dil(prob=20)@1
ab(deep=6,tt,ord,nodes=200k)@3	650	0	8741	11.342	on	learned(model=95,07792e69,pool_games,lin,shape=129-1)@1.opener(rand,moves=8)@1	learned(model=95,07792e69,pool_games,lin,shape=129-1)@1.opener(rand,moves=8)@1	ab(deep=6,tt,ord,nodes=200k)@3.learned(model=95,07792e69,pool_games,lin,shape=129-1)@1.opener(rand,moves=8)@1
ab(deep=6,tt,ord,nodes=200k)@3	640	0	8742	17.782	on	learned(model=76,ef183148,position_elo,lin,mu_shape=129-1,sigma_shape=129-1)@1.dil(prob=20)@1	learned(model=76,ef183148,position_elo,lin,mu_shape=129-1,sigma_shape=129-1)@1.dil(prob=20)@1	ab(deep=6,tt,ord,nodes=200k)@3.learned(model=76,ef183148,position_elo,lin,mu_shape=129-1,sigma_shape=129-1)@1.dil(prob=20)@1
ab(deep=6,tt,ord,nodes=200k)@3	638	0	8744	9.501	on	classic(chip=100)@2.dil(prob=20)@1	classic(chip=100)@2.dil(prob=20)@1	ab(deep=6,tt,ord,nodes=200k)@3.classic(chip=100)@2.dil(prob=20)@1
ab(deep=6,tt,ord,nodes=200k)@3	638	0	8740	15.611	on	learned(model=98,5801570e,pool_games,lin,shape=129-1)@1.dil(prob=20)@1	learned(model=98,5801570e,pool_games,lin,shape=129-1)@1.dil(prob=20)@1	ab(deep=6,tt,ord,nodes=200k)@3.learned(model=98,5801570e,pool_games,lin,shape=129-1)@1.dil(prob=20)@1
ab(deep=6,tt,ord,nodes=200k)@3	631	0	8740	16.154	on	learned(model=96,990e39e7,pool_games,lin,shape=129-1)@1.dil(prob=20)@1	learned(model=96,990e39e7,pool_games,lin,shape=129-1)@1.dil(prob=20)@1	ab(deep=6,tt,ord,nodes=200k)@3.learned(model=96,990e39e7,pool_games,lin,shape=129-1)@1.dil(prob=20)@1
ab(deep=6,tt,ord,nodes=200k)@3	630	0	8743	9.365	on	classic(chip=100)@2.dil(prob=22)@1	classic(chip=100)@2.dil(prob=22)@1	ab(deep=6,tt,ord,nodes=200k)@3.classic(chip=100)@2.dil(prob=22)@1
ab(deep=6,tt,ord,nodes=200k)@3	629	0	8742	16.403	on	learned(model=3,68364898,pool_games,lin,shape=129-1)@1.dil(prob=20)@1	learned(model=3,68364898,pool_games,lin,shape=129-1)@1.dil(prob=20)@1	ab(deep=6,tt,ord,nodes=200k)@3.learned(model=3,68364898,pool_games,lin,shape=129-1)@1.dil(prob=20)@1
ab(deep=6,tt,ord,nodes=200k)@3	626	0	8742	331.007	on	learned(model=111,78ef6974,position_elo,mlp,mu_shape=129-512-8-1,sigma_shape=129-64-1)@1.dil(prob=20)@1	learned(model=111,78ef6974,position_elo,mlp,mu_shape=129-512-8-1,sigma_shape=129-64-1)@1.dil(prob=20)@1	ab(deep=6,tt,ord,nodes=200k)@3.learned(model=111,78ef6974,position_elo,mlp,mu_shape=129-512-8-1,sigma_shape=129-64-1)@1.dil(prob=20)@1
ab(deep=6,tt,ord,nodes=200k)@3	619	0	8744	16.553	on	learned(model=8,6f1a4264,pool_games,lin,shape=129-1)@1.dil(prob=20)@1	learned(model=8,6f1a4264,pool_games,lin,shape=129-1)@1.dil(prob=20)@1	ab(deep=6,tt,ord,nodes=200k)@3.learned(model=8,6f1a4264,pool_games,lin,shape=129-1)@1.dil(prob=20)@1
ab(deep=6,tt,ord,nodes=200k)@3	600	0	8742	16.813	on	learned(model=4,eb105733,pool_games,lin,shape=129-1)@1.dil(prob=20)@1	learned(model=4,eb105733,pool_games,lin,shape=129-1)@1.dil(prob=20)@1	ab(deep=6,tt,ord,nodes=200k)@3.learned(model=4,eb105733,pool_games,lin,shape=129-1)@1.dil(prob=20)@1
ab(deep=6,tt,ord,nodes=200k)@3	597	0	8742	345.545	on	learned(model=113,e3cc8b4e,position_elo,mlp,mu_shape=129-512-8-1,sigma_shape=129-64-1)@1.dil(prob=20)@1	learned(model=113,e3cc8b4e,position_elo,mlp,mu_shape=129-512-8-1,sigma_shape=129-64-1)@1.dil(prob=20)@1	ab(deep=6,tt,ord,nodes=200k)@3.learned(model=113,e3cc8b4e,position_elo,mlp,mu_shape=129-512-8-1,sigma_shape=129-64-1)@1.dil(prob=20)@1
ab(deep=6,tt,ord,nodes=200k)@3	592	0	4724	89.442	on	learned(model=279,409dc0b3,tdleaf_self,mlp,shape=30-16-1)@1	learned(model=279,409dc0b3,tdleaf_self,mlp,shape=30-16-1)@1	ab(deep=6,tt,ord,nodes=200k)@3.learned(model=279,409dc0b3,tdleaf_self,mlp,shape=30-16-1)@1
ab(deep=6,tt,ord,nodes=200k)@3	577	0	4722	43.906	on	learned(model=261,52cd70f8,tdleaf_self,mlp,shape=129-32-1)@1	learned(model=261,52cd70f8,tdleaf_self,mlp,shape=129-32-1)@1	ab(deep=6,tt,ord,nodes=200k)@3.learned(model=261,52cd70f8,tdleaf_self,mlp,shape=129-32-1)@1
ab(deep=6,tt,ord,nodes=200k)@3	577	0	8738	13.979	on	learned(model=99,59815079,pool_games,lin,shape=129-1)@1.dil(prob=20)@1	learned(model=99,59815079,pool_games,lin,shape=129-1)@1.dil(prob=20)@1	ab(deep=6,tt,ord,nodes=200k)@3.learned(model=99,59815079,pool_games,lin,shape=129-1)@1.dil(prob=20)@1
ab(deep=6,tt,ord,nodes=200k)@3	574	0	4722	18.703	on	learned(model=531,748d1c8d,tdleaf_self,lin,shape=129-1)@1	learned(model=531,748d1c8d,tdleaf_self,lin,shape=129-1)@1	ab(deep=6,tt,ord,nodes=200k)@3.learned(model=531,748d1c8d,tdleaf_self,lin,shape=129-1)@1
ab(deep=6,tt,ord,nodes=200k)@3	571	0	8739	12.451	on	learned(model=97,87a5093d,pool_games,lin,shape=129-1)@1.opener(rand,moves=4)@1	learned(model=97,87a5093d,pool_games,lin,shape=129-1)@1.opener(rand,moves=4)@1	ab(deep=6,tt,ord,nodes=200k)@3.learned(model=97,87a5093d,pool_games,lin,shape=129-1)@1.opener(rand,moves=4)@1
ab(deep=6,tt,ord,nodes=200k)@3	536	0	8743	8.841	on	classic(chip=100)@2.dil(prob=28)@1	classic(chip=100)@2.dil(prob=28)@1	ab(deep=6,tt,ord,nodes=200k)@3.classic(chip=100)@2.dil(prob=28)@1
ab(deep=6,tt,ord,nodes=200k)@3	532	0	8741	15.011	on	learned(model=94,784bb5fe,pool_games,lin,shape=129-1)@1.dil(prob=20)@1	learned(model=94,784bb5fe,pool_games,lin,shape=129-1)@1.dil(prob=20)@1	ab(deep=6,tt,ord,nodes=200k)@3.learned(model=94,784bb5fe,pool_games,lin,shape=129-1)@1.dil(prob=20)@1
ab(deep=6,tt,ord,nodes=200k)@3	515	0	8741	14.085	on	learned(model=95,07792e69,pool_games,lin,shape=129-1)@1.dil(prob=20)@1	learned(model=95,07792e69,pool_games,lin,shape=129-1)@1.dil(prob=20)@1	ab(deep=6,tt,ord,nodes=200k)@3.learned(model=95,07792e69,pool_games,lin,shape=129-1)@1.dil(prob=20)@1
ab(deep=6,tt,ord,nodes=200k)@3	471	0	8740	9.491	on	learned(model=97,87a5093d,pool_games,lin,shape=129-1)@1.opener(rand,moves=8)@1	learned(model=97,87a5093d,pool_games,lin,shape=129-1)@1.opener(rand,moves=8)@1	ab(deep=6,tt,ord,nodes=200k)@3.learned(model=97,87a5093d,pool_games,lin,shape=129-1)@1.opener(rand,moves=8)@1
ab(deep=6,tt,ord,nodes=200k)@3	460	0	8743	8.023	on	classic(chip=100)@2.dil(prob=35)@1	classic(chip=100)@2.dil(prob=35)@1	ab(deep=6,tt,ord,nodes=200k)@3.classic(chip=100)@2.dil(prob=35)@1
ab(deep=6,tt,ord,nodes=200k)@3	390	0	8741	12.928	on	learned(model=97,87a5093d,pool_games,lin,shape=129-1)@1.dil(prob=20)@1	learned(model=97,87a5093d,pool_games,lin,shape=129-1)@1.dil(prob=20)@1	ab(deep=6,tt,ord,nodes=200k)@3.learned(model=97,87a5093d,pool_games,lin,shape=129-1)@1.dil(prob=20)@1
ab(deep=6,tt,ord,nodes=200k)@3	371	0	8744	7.139	on	classic(chip=100)@2.dil(prob=43)@1	classic(chip=100)@2.dil(prob=43)@1	ab(deep=6,tt,ord,nodes=200k)@3.classic(chip=100)@2.dil(prob=43)@1
ab(deep=6,tt,ord,nodes=200k)@3	270	0	8742	6.139	on	classic(chip=100)@2.dil(prob=52)@1	classic(chip=100)@2.dil(prob=52)@1	ab(deep=6,tt,ord,nodes=200k)@3.classic(chip=100)@2.dil(prob=52)@1
ab(deep=6,tt,ord,nodes=200k)@3	165	0	8744	4.890	on	classic(chip=100)@2.dil(prob=63)@1	classic(chip=100)@2.dil(prob=63)@1	ab(deep=6,tt,ord,nodes=200k)@3.classic(chip=100)@2.dil(prob=63)@1
ab(deep=6,tt,ord,nodes=200k)@3	64	0	8742	3.377	on	classic(chip=100)@2.dil(prob=75)@1	classic(chip=100)@2.dil(prob=75)@1	ab(deep=6,tt,ord,nodes=200k)@3.classic(chip=100)@2.dil(prob=75)@1
ab(deep=12,tt,ord,time=150ms)@3	1218	13	2080	58.533	on	learned(model=169,4975683c,tdleaf_self,lin,shape=129-1)@1	learned(model=169,4975683c,tdleaf_self,lin,shape=129-1)@1	ab(deep=12,tt,ord,time=150ms)@3.learned(model=169,4975683c,tdleaf_self,lin,shape=129-1)@1
ab(deep=12,tt,ord,time=150ms)@3	1054	10	2080	68.655	on	classic(chip=100)@2	classic(chip=100)@2	ab(deep=12,tt,ord,time=150ms)@3.classic(chip=100)@2
ab(deep=12,tt,ord,nodes=200k)@3	1185	0	3036	47.633	on	learned(model=169,4975683c,tdleaf_self,lin,shape=129-1)@1	learned(model=169,4975683c,tdleaf_self,lin,shape=129-1)@1	ab(deep=12,tt,ord,nodes=200k)@3.learned(model=169,4975683c,tdleaf_self,lin,shape=129-1)@1
ab(deep=12,tt,ord,nodes=200k)@3	1068	0	3036	40.107	on	classic(chip=100)@2	classic(chip=100)@2	ab(deep=12,tt,ord,nodes=200k)@3.classic(chip=100)@2
ab(deep=12,tt,ord,retain,time=25ms)@3	1162	8	3896	21.300	on	learned(model=169,4975683c,tdleaf_self,lin,shape=129-1)@1	learned(model=169,4975683c,tdleaf_self,lin,shape=129-1)@1	ab(deep=12,tt,ord,retain,time=25ms)@3.learned(model=169,4975683c,tdleaf_self,lin,shape=129-1)@1
ab(deep=12,tt,ord,retain,time=25ms)@3	1160	8	3592	21.252	on	learned(model=602,68cbb27d,tdleaf_self,lin,shape=129-1)@1	learned(model=602,68cbb27d,tdleaf_self,lin,shape=129-1)@1	ab(deep=12,tt,ord,retain,time=25ms)@3.learned(model=602,68cbb27d,tdleaf_self,lin,shape=129-1)@1
ab(deep=12,tt,ord,retain,time=25ms)@3	1142	8	3592	21.345	on	learned(model=349,5ee50d5c,tdleaf_self,lin,shape=129-1)@1	learned(model=349,5ee50d5c,tdleaf_self,lin,shape=129-1)@1	ab(deep=12,tt,ord,retain,time=25ms)@3.learned(model=349,5ee50d5c,tdleaf_self,lin,shape=129-1)@1
ab(deep=12,tt,ord,retain,time=25ms)@3	1135	8	3592	21.400	on	learned(model=171,10d3530c,tdleaf_self,lin,shape=129-1)@1	learned(model=171,10d3530c,tdleaf_self,lin,shape=129-1)@1	ab(deep=12,tt,ord,retain,time=25ms)@3.learned(model=171,10d3530c,tdleaf_self,lin,shape=129-1)@1
ab(deep=12,tt,ord,retain,time=25ms)@3	1130	8	3592	21.343	on	learned(model=351,42d88d8e,tdleaf_self,lin,shape=129-1)@1	learned(model=351,42d88d8e,tdleaf_self,lin,shape=129-1)@1	ab(deep=12,tt,ord,retain,time=25ms)@3.learned(model=351,42d88d8e,tdleaf_self,lin,shape=129-1)@1
ab(deep=12,tt,ord,retain,time=25ms)@3	1103	8	3592	21.439	on	learned(model=603,2da121ee,tdleaf_self,lin,shape=129-1)@1	learned(model=603,2da121ee,tdleaf_self,lin,shape=129-1)@1	ab(deep=12,tt,ord,retain,time=25ms)@3.learned(model=603,2da121ee,tdleaf_self,lin,shape=129-1)@1
ab(deep=12,tt,ord,retain,time=25ms)@3	1054	7	3592	21.234	on	learned(model=441,01db390c,tdleaf_self,lin,shape=129-1)@1	learned(model=441,01db390c,tdleaf_self,lin,shape=129-1)@1	ab(deep=12,tt,ord,retain,time=25ms)@3.learned(model=441,01db390c,tdleaf_self,lin,shape=129-1)@1
ab(deep=12,tt,ord,retain,time=25ms)@3	1053	7	3592	21.468	on	learned(model=96,990e39e7,pool_games,lin,shape=129-1)@1	learned(model=96,990e39e7,pool_games,lin,shape=129-1)@1	ab(deep=12,tt,ord,retain,time=25ms)@3.learned(model=96,990e39e7,pool_games,lin,shape=129-1)@1
ab(deep=12,tt,ord,retain,time=25ms)@3	1051	7	3592	21.283	on	learned(model=98,5801570e,pool_games,lin,shape=129-1)@1	learned(model=98,5801570e,pool_games,lin,shape=129-1)@1	ab(deep=12,tt,ord,retain,time=25ms)@3.learned(model=98,5801570e,pool_games,lin,shape=129-1)@1
ab(deep=12,tt,ord,retain,time=25ms)@3	1030	7	3592	21.465	on	learned(model=10,fead67b7,weight_merge,lin,shape=129-1)@1	learned(model=10,fead67b7,weight_merge,lin,shape=129-1)@1	ab(deep=12,tt,ord,retain,time=25ms)@3.learned(model=10,fead67b7,weight_merge,lin,shape=129-1)@1
ab(deep=12,tt,ord,retain,time=25ms)@3	1011	7	3896	20.902	on	classic(chip=100)@2	classic(chip=100)@2	ab(deep=12,tt,ord,retain,time=25ms)@3.classic(chip=100)@2
ab(deep=12,tt,ord,retain,time=25ms)@3	1010	7	3592	21.386	on	learned(model=3,68364898,pool_games,lin,shape=129-1)@1	learned(model=3,68364898,pool_games,lin,shape=129-1)@1	ab(deep=12,tt,ord,retain,time=25ms)@3.learned(model=3,68364898,pool_games,lin,shape=129-1)@1
ab(deep=12,tt,ord,retain,time=25ms)@3	986	7	3592	21.585	on	learned(model=76,ef183148,position_elo,lin,mu_shape=129-1,sigma_shape=129-1)@1	learned(model=76,ef183148,position_elo,lin,mu_shape=129-1,sigma_shape=129-1)@1	ab(deep=12,tt,ord,retain,time=25ms)@3.learned(model=76,ef183148,position_elo,lin,mu_shape=129-1,sigma_shape=129-1)@1
ab(deep=12,tt,ord,retain,time=25ms)@3	965	7	3592	21.537	on	learned(model=8,6f1a4264,pool_games,lin,shape=129-1)@1	learned(model=8,6f1a4264,pool_games,lin,shape=129-1)@1	ab(deep=12,tt,ord,retain,time=25ms)@3.learned(model=8,6f1a4264,pool_games,lin,shape=129-1)@1
ab(deep=12,tt,ord,retain,time=25ms)@3	957	7	3592	14.181	on	learned(model=169,4975683c,tdleaf_self,lin,shape=129-1)@1.opener(rand,moves=8)@1	learned(model=169,4975683c,tdleaf_self,lin,shape=129-1)@1.opener(rand,moves=8)@1	ab(deep=12,tt,ord,retain,time=25ms)@3.learned(model=169,4975683c,tdleaf_self,lin,shape=129-1)@1.opener(rand,moves=8)@1
ab(deep=12,tt,ord,retain,time=25ms)@3	956	7	3592	13.972	on	learned(model=171,10d3530c,tdleaf_self,lin,shape=129-1)@1.opener(rand,moves=8)@1	learned(model=171,10d3530c,tdleaf_self,lin,shape=129-1)@1.opener(rand,moves=8)@1	ab(deep=12,tt,ord,retain,time=25ms)@3.learned(model=171,10d3530c,tdleaf_self,lin,shape=129-1)@1.opener(rand,moves=8)@1
ab(deep=12,tt,ord,retain,time=25ms)@3	956	7	3592	21.438	on	learned(model=4,eb105733,pool_games,lin,shape=129-1)@1	learned(model=4,eb105733,pool_games,lin,shape=129-1)@1	ab(deep=12,tt,ord,retain,time=25ms)@3.learned(model=4,eb105733,pool_games,lin,shape=129-1)@1
ab(deep=12,tt,ord,retain,time=25ms)@3	952	7	3592	13.824	on	learned(model=351,42d88d8e,tdleaf_self,lin,shape=129-1)@1.opener(rand,moves=8)@1	learned(model=351,42d88d8e,tdleaf_self,lin,shape=129-1)@1.opener(rand,moves=8)@1	ab(deep=12,tt,ord,retain,time=25ms)@3.learned(model=351,42d88d8e,tdleaf_self,lin,shape=129-1)@1.opener(rand,moves=8)@1
ab(deep=12,tt,ord,retain,time=25ms)@3	945	7	3592	13.847	on	learned(model=349,5ee50d5c,tdleaf_self,lin,shape=129-1)@1.opener(rand,moves=8)@1	learned(model=349,5ee50d5c,tdleaf_self,lin,shape=129-1)@1.opener(rand,moves=8)@1	ab(deep=12,tt,ord,retain,time=25ms)@3.learned(model=349,5ee50d5c,tdleaf_self,lin,shape=129-1)@1.opener(rand,moves=8)@1
ab(deep=12,tt,ord,retain,time=25ms)@3	942	7	3592	14.034	on	learned(model=602,68cbb27d,tdleaf_self,lin,shape=129-1)@1.opener(rand,moves=8)@1	learned(model=602,68cbb27d,tdleaf_self,lin,shape=129-1)@1.opener(rand,moves=8)@1	ab(deep=12,tt,ord,retain,time=25ms)@3.learned(model=602,68cbb27d,tdleaf_self,lin,shape=129-1)@1.opener(rand,moves=8)@1
ab(deep=12,tt,ord,retain,time=25ms)@3	933	7	3592	13.968	on	learned(model=603,2da121ee,tdleaf_self,lin,shape=129-1)@1.opener(rand,moves=8)@1	learned(model=603,2da121ee,tdleaf_self,lin,shape=129-1)@1.opener(rand,moves=8)@1	ab(deep=12,tt,ord,retain,time=25ms)@3.learned(model=603,2da121ee,tdleaf_self,lin,shape=129-1)@1.opener(rand,moves=8)@1
ab(deep=12,tt,ord,retain,time=25ms)@3	930	7	3592	21.670	on	learned(model=459,642147d2,tdleaf_self,lin,shape=129-1)@1	learned(model=459,642147d2,tdleaf_self,lin,shape=129-1)@1	ab(deep=12,tt,ord,retain,time=25ms)@3.learned(model=459,642147d2,tdleaf_self,lin,shape=129-1)@1
ab(deep=12,tt,ord,retain,time=25ms)@3	904	7	3592	21.479	on	learned(model=99,59815079,pool_games,lin,shape=129-1)@1	learned(model=99,59815079,pool_games,lin,shape=129-1)@1	ab(deep=12,tt,ord,retain,time=25ms)@3.learned(model=99,59815079,pool_games,lin,shape=129-1)@1
ab(deep=12,tt,ord,retain,time=25ms)@3	894	7	3592	13.896	on	learned(model=10,fead67b7,weight_merge,lin,shape=129-1)@1.opener(rand,moves=8)@1	learned(model=10,fead67b7,weight_merge,lin,shape=129-1)@1.opener(rand,moves=8)@1	ab(deep=12,tt,ord,retain,time=25ms)@3.learned(model=10,fead67b7,weight_merge,lin,shape=129-1)@1.opener(rand,moves=8)@1
ab(deep=12,tt,ord,retain,time=25ms)@3	890	7	3592	21.916	on	learned(model=405,111c40c8,tdleaf_self,mlp,shape=129-32-1)@1	learned(model=405,111c40c8,tdleaf_self,mlp,shape=129-32-1)@1	ab(deep=12,tt,ord,retain,time=25ms)@3.learned(model=405,111c40c8,tdleaf_self,mlp,shape=129-32-1)@1
ab(deep=12,tt,ord,retain,time=25ms)@3	872	7	3592	14.158	on	learned(model=96,990e39e7,pool_games,lin,shape=129-1)@1.opener(rand,moves=8)@1	learned(model=96,990e39e7,pool_games,lin,shape=129-1)@1.opener(rand,moves=8)@1	ab(deep=12,tt,ord,retain,time=25ms)@3.learned(model=96,990e39e7,pool_games,lin,shape=129-1)@1.opener(rand,moves=8)@1
ab(deep=12,tt,ord,retain,time=25ms)@3	862	7	3592	22.100	on	learned(model=387,607b64aa,tdleaf_self,lin,shape=30-1)@1	learned(model=387,607b64aa,tdleaf_self,lin,shape=30-1)@1	ab(deep=12,tt,ord,retain,time=25ms)@3.learned(model=387,607b64aa,tdleaf_self,lin,shape=30-1)@1
ab(deep=12,tt,ord,retain,time=25ms)@3	861	7	3592	14.243	on	learned(model=76,ef183148,position_elo,lin,mu_shape=129-1,sigma_shape=129-1)@1.opener(rand,moves=8)@1	learned(model=76,ef183148,position_elo,lin,mu_shape=129-1,sigma_shape=129-1)@1.opener(rand,moves=8)@1	ab(deep=12,tt,ord,retain,time=25ms)@3.learned(model=76,ef183148,position_elo,lin,mu_shape=129-1,sigma_shape=129-1)@1.opener(rand,moves=8)@1
ab(deep=12,tt,ord,retain,time=25ms)@3	853	7	3592	13.535	on	classic(chip=100)@2.opener(rand,moves=8)@1	classic(chip=100)@2.opener(rand,moves=8)@1	ab(deep=12,tt,ord,retain,time=25ms)@3.classic(chip=100)@2.opener(rand,moves=8)@1
ab(deep=12,tt,ord,retain,time=25ms)@3	844	7	3592	14.111	on	learned(model=441,01db390c,tdleaf_self,lin,shape=129-1)@1.opener(rand,moves=8)@1	learned(model=441,01db390c,tdleaf_self,lin,shape=129-1)@1.opener(rand,moves=8)@1	ab(deep=12,tt,ord,retain,time=25ms)@3.learned(model=441,01db390c,tdleaf_self,lin,shape=129-1)@1.opener(rand,moves=8)@1
ab(deep=12,tt,ord,retain,time=25ms)@3	840	7	3592	21.556	on	learned(model=94,784bb5fe,pool_games,lin,shape=129-1)@1	learned(model=94,784bb5fe,pool_games,lin,shape=129-1)@1	ab(deep=12,tt,ord,retain,time=25ms)@3.learned(model=94,784bb5fe,pool_games,lin,shape=129-1)@1
ab(deep=12,tt,ord,retain,time=25ms)@3	838	7	3592	14.353	on	learned(model=8,6f1a4264,pool_games,lin,shape=129-1)@1.opener(rand,moves=8)@1	learned(model=8,6f1a4264,pool_games,lin,shape=129-1)@1.opener(rand,moves=8)@1	ab(deep=12,tt,ord,retain,time=25ms)@3.learned(model=8,6f1a4264,pool_games,lin,shape=129-1)@1.opener(rand,moves=8)@1
ab(deep=12,tt,ord,retain,time=25ms)@3	832	7	3592	14.292	on	learned(model=98,5801570e,pool_games,lin,shape=129-1)@1.opener(rand,moves=8)@1	learned(model=98,5801570e,pool_games,lin,shape=129-1)@1.opener(rand,moves=8)@1	ab(deep=12,tt,ord,retain,time=25ms)@3.learned(model=98,5801570e,pool_games,lin,shape=129-1)@1.opener(rand,moves=8)@1
ab(deep=12,tt,ord,retain,time=25ms)@3	823	7	3592	13.852	on	learned(model=459,642147d2,tdleaf_self,lin,shape=129-1)@1.opener(rand,moves=8)@1	learned(model=459,642147d2,tdleaf_self,lin,shape=129-1)@1.opener(rand,moves=8)@1	ab(deep=12,tt,ord,retain,time=25ms)@3.learned(model=459,642147d2,tdleaf_self,lin,shape=129-1)@1.opener(rand,moves=8)@1
ab(deep=12,tt,ord,retain,time=25ms)@3	817	7	3592	14.354	on	learned(model=3,68364898,pool_games,lin,shape=129-1)@1.opener(rand,moves=8)@1	learned(model=3,68364898,pool_games,lin,shape=129-1)@1.opener(rand,moves=8)@1	ab(deep=12,tt,ord,retain,time=25ms)@3.learned(model=3,68364898,pool_games,lin,shape=129-1)@1.opener(rand,moves=8)@1
ab(deep=12,tt,ord,retain,time=25ms)@3	812	7	3592	14.282	on	learned(model=4,eb105733,pool_games,lin,shape=129-1)@1.opener(rand,moves=8)@1	learned(model=4,eb105733,pool_games,lin,shape=129-1)@1.opener(rand,moves=8)@1	ab(deep=12,tt,ord,retain,time=25ms)@3.learned(model=4,eb105733,pool_games,lin,shape=129-1)@1.opener(rand,moves=8)@1
ab(deep=12,tt,ord,retain,time=25ms)@3	804	7	3592	14.811	on	learned(model=387,607b64aa,tdleaf_self,lin,shape=30-1)@1.opener(rand,moves=8)@1	learned(model=387,607b64aa,tdleaf_self,lin,shape=30-1)@1.opener(rand,moves=8)@1	ab(deep=12,tt,ord,retain,time=25ms)@3.learned(model=387,607b64aa,tdleaf_self,lin,shape=30-1)@1.opener(rand,moves=8)@1
ab(deep=12,tt,ord,retain,time=25ms)@3	789	7	3592	21.849	on	learned(model=95,07792e69,pool_games,lin,shape=129-1)@1	learned(model=95,07792e69,pool_games,lin,shape=129-1)@1	ab(deep=12,tt,ord,retain,time=25ms)@3.learned(model=95,07792e69,pool_games,lin,shape=129-1)@1
ab(deep=12,tt,ord,retain,time=25ms)@3	782	7	3592	14.548	on	learned(model=405,111c40c8,tdleaf_self,mlp,shape=129-32-1)@1.opener(rand,moves=8)@1	learned(model=405,111c40c8,tdleaf_self,mlp,shape=129-32-1)@1.opener(rand,moves=8)@1	ab(deep=12,tt,ord,retain,time=25ms)@3.learned(model=405,111c40c8,tdleaf_self,mlp,shape=129-32-1)@1.opener(rand,moves=8)@1
ab(deep=12,tt,ord,retain,time=25ms)@3	773	7	3592	22.311	on	learned(model=78,2fa21eda,position_elo,mlp,mu_shape=129-128-64-1,sigma_shape=129-32-1)@1	learned(model=78,2fa21eda,position_elo,mlp,mu_shape=129-128-64-1,sigma_shape=129-32-1)@1	ab(deep=12,tt,ord,retain,time=25ms)@3.learned(model=78,2fa21eda,position_elo,mlp,mu_shape=129-128-64-1,sigma_shape=129-32-1)@1
ab(deep=12,tt,ord,retain,time=25ms)@3	771	7	3592	14.287	on	learned(model=99,59815079,pool_games,lin,shape=129-1)@1.opener(rand,moves=8)@1	learned(model=99,59815079,pool_games,lin,shape=129-1)@1.opener(rand,moves=8)@1	ab(deep=12,tt,ord,retain,time=25ms)@3.learned(model=99,59815079,pool_games,lin,shape=129-1)@1.opener(rand,moves=8)@1
ab(deep=12,tt,ord,retain,time=25ms)@3	768	7	3592	22.319	on	learned(model=77,ddaa5090,position_elo,mlp,mu_shape=129-128-64-1,sigma_shape=129-32-1)@1	learned(model=77,ddaa5090,position_elo,mlp,mu_shape=129-128-64-1,sigma_shape=129-32-1)@1	ab(deep=12,tt,ord,retain,time=25ms)@3.learned(model=77,ddaa5090,position_elo,mlp,mu_shape=129-128-64-1,sigma_shape=129-32-1)@1
ab(deep=12,tt,ord,retain,time=25ms)@3	725	7	3592	17.146	on	learned(model=349,5ee50d5c,tdleaf_self,lin,shape=129-1)@1.dil(prob=20)@1	learned(model=349,5ee50d5c,tdleaf_self,lin,shape=129-1)@1.dil(prob=20)@1	ab(deep=12,tt,ord,retain,time=25ms)@3.learned(model=349,5ee50d5c,tdleaf_self,lin,shape=129-1)@1.dil(prob=20)@1
ab(deep=12,tt,ord,retain,time=25ms)@3	725	7	3592	21.974	on	learned(model=369,612a48a8,tdleaf_self,lin,shape=129-1)@1	learned(model=369,612a48a8,tdleaf_self,lin,shape=129-1)@1	ab(deep=12,tt,ord,retain,time=25ms)@3.learned(model=369,612a48a8,tdleaf_self,lin,shape=129-1)@1
ab(deep=12,tt,ord,retain,time=25ms)@3	723	7	3592	14.422	on	learned(model=94,784bb5fe,pool_games,lin,shape=129-1)@1.opener(rand,moves=8)@1	learned(model=94,784bb5fe,pool_games,lin,shape=129-1)@1.opener(rand,moves=8)@1	ab(deep=12,tt,ord,retain,time=25ms)@3.learned(model=94,784bb5fe,pool_games,lin,shape=129-1)@1.opener(rand,moves=8)@1
ab(deep=12,tt,ord,retain,time=25ms)@3	716	7	3592	22.643	on	learned(model=111,78ef6974,position_elo,mlp,mu_shape=129-512-8-1,sigma_shape=129-64-1)@1	learned(model=111,78ef6974,position_elo,mlp,mu_shape=129-512-8-1,sigma_shape=129-64-1)@1	ab(deep=12,tt,ord,retain,time=25ms)@3.learned(model=111,78ef6974,position_elo,mlp,mu_shape=129-512-8-1,sigma_shape=129-64-1)@1
ab(deep=12,tt,ord,retain,time=25ms)@3	716	7	3592	21.812	on	learned(model=333,06bdc1f0,tdleaf_self,mlp,shape=30-16-1)@1	learned(model=333,06bdc1f0,tdleaf_self,mlp,shape=30-16-1)@1	ab(deep=12,tt,ord,retain,time=25ms)@3.learned(model=333,06bdc1f0,tdleaf_self,mlp,shape=30-16-1)@1
ab(deep=12,tt,ord,retain,time=25ms)@3	715	7	3592	17.158	on	learned(model=603,2da121ee,tdleaf_self,lin,shape=129-1)@1.dil(prob=20)@1	learned(model=603,2da121ee,tdleaf_self,lin,shape=129-1)@1.dil(prob=20)@1	ab(deep=12,tt,ord,retain,time=25ms)@3.learned(model=603,2da121ee,tdleaf_self,lin,shape=129-1)@1.dil(prob=20)@1
ab(deep=12,tt,ord,retain,time=25ms)@3	714	7	3592	17.205	on	learned(model=171,10d3530c,tdleaf_self,lin,shape=129-1)@1.dil(prob=20)@1	learned(model=171,10d3530c,tdleaf_self,lin,shape=129-1)@1.dil(prob=20)@1	ab(deep=12,tt,ord,retain,time=25ms)@3.learned(model=171,10d3530c,tdleaf_self,lin,shape=129-1)@1.dil(prob=20)@1
ab(deep=12,tt,ord,retain,time=25ms)@3	714	7	3592	17.145	on	learned(model=602,68cbb27d,tdleaf_self,lin,shape=129-1)@1.dil(prob=20)@1	learned(model=602,68cbb27d,tdleaf_self,lin,shape=129-1)@1.dil(prob=20)@1	ab(deep=12,tt,ord,retain,time=25ms)@3.learned(model=602,68cbb27d,tdleaf_self,lin,shape=129-1)@1.dil(prob=20)@1
ab(deep=12,tt,ord,retain,time=25ms)@3	710	7	3592	17.176	on	learned(model=351,42d88d8e,tdleaf_self,lin,shape=129-1)@1.dil(prob=20)@1	learned(model=351,42d88d8e,tdleaf_self,lin,shape=129-1)@1.dil(prob=20)@1	ab(deep=12,tt,ord,retain,time=25ms)@3.learned(model=351,42d88d8e,tdleaf_self,lin,shape=129-1)@1.dil(prob=20)@1
ab(deep=12,tt,ord,retain,time=25ms)@3	708	7	3592	17.204	on	learned(model=169,4975683c,tdleaf_self,lin,shape=129-1)@1.dil(prob=20)@1	learned(model=169,4975683c,tdleaf_self,lin,shape=129-1)@1.dil(prob=20)@1	ab(deep=12,tt,ord,retain,time=25ms)@3.learned(model=169,4975683c,tdleaf_self,lin,shape=129-1)@1.dil(prob=20)@1
ab(deep=12,tt,ord,retain,time=25ms)@3	697	6	3896	22.105	on	learned(model=97,87a5093d,pool_games,lin,shape=129-1)@1	learned(model=97,87a5093d,pool_games,lin,shape=129-1)@1	ab(deep=12,tt,ord,retain,time=25ms)@3.learned(model=97,87a5093d,pool_games,lin,shape=129-1)@1
ab(deep=12,tt,ord,retain,time=25ms)@3	691	7	3592	14.518	on	learned(model=95,07792e69,pool_games,lin,shape=129-1)@1.opener(rand,moves=8)@1	learned(model=95,07792e69,pool_games,lin,shape=129-1)@1.opener(rand,moves=8)@1	ab(deep=12,tt,ord,retain,time=25ms)@3.learned(model=95,07792e69,pool_games,lin,shape=129-1)@1.opener(rand,moves=8)@1
ab(deep=12,tt,ord,retain,time=25ms)@3	675	7	3592	17.174	on	learned(model=441,01db390c,tdleaf_self,lin,shape=129-1)@1.dil(prob=20)@1	learned(model=441,01db390c,tdleaf_self,lin,shape=129-1)@1.dil(prob=20)@1	ab(deep=12,tt,ord,retain,time=25ms)@3.learned(model=441,01db390c,tdleaf_self,lin,shape=129-1)@1.dil(prob=20)@1
ab(deep=12,tt,ord,retain,time=25ms)@3	675	7	3592	16.881	on	classic(chip=100)@2.dil(prob=20)@1	classic(chip=100)@2.dil(prob=20)@1	ab(deep=12,tt,ord,retain,time=25ms)@3.classic(chip=100)@2.dil(prob=20)@1
ab(deep=12,tt,ord,retain,time=25ms)@3	675	7	3592	17.124	on	learned(model=10,fead67b7,weight_merge,lin,shape=129-1)@1.dil(prob=20)@1	learned(model=10,fead67b7,weight_merge,lin,shape=129-1)@1.dil(prob=20)@1	ab(deep=12,tt,ord,retain,time=25ms)@3.learned(model=10,fead67b7,weight_merge,lin,shape=129-1)@1.dil(prob=20)@1
ab(deep=12,tt,ord,retain,time=25ms)@3	672	7	3592	21.233	on	learned(model=585,e37f6895,tdleaf_self,mlp,shape=30-32-1)@1	learned(model=585,e37f6895,tdleaf_self,mlp,shape=30-32-1)@1	ab(deep=12,tt,ord,retain,time=25ms)@3.learned(model=585,e37f6895,tdleaf_self,mlp,shape=30-32-1)@1
ab(deep=12,tt,ord,retain,time=25ms)@3	669	7	3592	14.639	on	learned(model=369,612a48a8,tdleaf_self,lin,shape=129-1)@1.opener(rand,moves=8)@1	learned(model=369,612a48a8,tdleaf_self,lin,shape=129-1)@1.opener(rand,moves=8)@1	ab(deep=12,tt,ord,retain,time=25ms)@3.learned(model=369,612a48a8,tdleaf_self,lin,shape=129-1)@1.opener(rand,moves=8)@1
ab(deep=12,tt,ord,retain,time=25ms)@3	656	7	3592	14.955	on	learned(model=77,ddaa5090,position_elo,mlp,mu_shape=129-128-64-1,sigma_shape=129-32-1)@1.opener(rand,moves=8)@1	learned(model=77,ddaa5090,position_elo,mlp,mu_shape=129-128-64-1,sigma_shape=129-32-1)@1.opener(rand,moves=8)@1	ab(deep=12,tt,ord,retain,time=25ms)@3.learned(model=77,ddaa5090,position_elo,mlp,mu_shape=129-128-64-1,sigma_shape=129-32-1)@1.opener(rand,moves=8)@1
ab(deep=12,tt,ord,retain,time=25ms)@3	646	7	3592	15.005	on	learned(model=78,2fa21eda,position_elo,mlp,mu_shape=129-128-64-1,sigma_shape=129-32-1)@1.opener(rand,moves=8)@1	learned(model=78,2fa21eda,position_elo,mlp,mu_shape=129-128-64-1,sigma_shape=129-32-1)@1.opener(rand,moves=8)@1	ab(deep=12,tt,ord,retain,time=25ms)@3.learned(model=78,2fa21eda,position_elo,mlp,mu_shape=129-128-64-1,sigma_shape=129-32-1)@1.opener(rand,moves=8)@1
ab(deep=12,tt,ord,retain,time=25ms)@3	645	7	3592	17.165	on	learned(model=98,5801570e,pool_games,lin,shape=129-1)@1.dil(prob=20)@1	learned(model=98,5801570e,pool_games,lin,shape=129-1)@1.dil(prob=20)@1	ab(deep=12,tt,ord,retain,time=25ms)@3.learned(model=98,5801570e,pool_games,lin,shape=129-1)@1.dil(prob=20)@1
ab(deep=12,tt,ord,retain,time=25ms)@3	643	7	3592	17.145	on	learned(model=96,990e39e7,pool_games,lin,shape=129-1)@1.dil(prob=20)@1	learned(model=96,990e39e7,pool_games,lin,shape=129-1)@1.dil(prob=20)@1	ab(deep=12,tt,ord,retain,time=25ms)@3.learned(model=96,990e39e7,pool_games,lin,shape=129-1)@1.dil(prob=20)@1
ab(deep=12,tt,ord,retain,time=25ms)@3	640	7	3592	22.664	on	learned(model=110,1466db6c,position_elo,mlp,mu_shape=129-512-8-1,sigma_shape=129-64-1)@1	learned(model=110,1466db6c,position_elo,mlp,mu_shape=129-512-8-1,sigma_shape=129-64-1)@1	ab(deep=12,tt,ord,retain,time=25ms)@3.learned(model=110,1466db6c,position_elo,mlp,mu_shape=129-512-8-1,sigma_shape=129-64-1)@1
ab(deep=12,tt,ord,retain,time=25ms)@3	635	7	3592	17.122	on	learned(model=76,ef183148,position_elo,lin,mu_shape=129-1,sigma_shape=129-1)@1.dil(prob=20)@1	learned(model=76,ef183148,position_elo,lin,mu_shape=129-1,sigma_shape=129-1)@1.dil(prob=20)@1	ab(deep=12,tt,ord,retain,time=25ms)@3.learned(model=76,ef183148,position_elo,lin,mu_shape=129-1,sigma_shape=129-1)@1.dil(prob=20)@1
ab(deep=12,tt,ord,retain,time=25ms)@3	629	7	3592	17.196	on	learned(model=459,642147d2,tdleaf_self,lin,shape=129-1)@1.dil(prob=20)@1	learned(model=459,642147d2,tdleaf_self,lin,shape=129-1)@1.dil(prob=20)@1	ab(deep=12,tt,ord,retain,time=25ms)@3.learned(model=459,642147d2,tdleaf_self,lin,shape=129-1)@1.dil(prob=20)@1
ab(deep=12,tt,ord,retain,time=25ms)@3	625	7	3592	17.255	on	learned(model=8,6f1a4264,pool_games,lin,shape=129-1)@1.dil(prob=20)@1	learned(model=8,6f1a4264,pool_games,lin,shape=129-1)@1.dil(prob=20)@1	ab(deep=12,tt,ord,retain,time=25ms)@3.learned(model=8,6f1a4264,pool_games,lin,shape=129-1)@1.dil(prob=20)@1
ab(deep=12,tt,ord,retain,time=25ms)@3	621	7	3592	17.215	on	learned(model=4,eb105733,pool_games,lin,shape=129-1)@1.dil(prob=20)@1	learned(model=4,eb105733,pool_games,lin,shape=129-1)@1.dil(prob=20)@1	ab(deep=12,tt,ord,retain,time=25ms)@3.learned(model=4,eb105733,pool_games,lin,shape=129-1)@1.dil(prob=20)@1
ab(deep=12,tt,ord,retain,time=25ms)@3	617	7	3592	17.199	on	learned(model=99,59815079,pool_games,lin,shape=129-1)@1.dil(prob=20)@1	learned(model=99,59815079,pool_games,lin,shape=129-1)@1.dil(prob=20)@1	ab(deep=12,tt,ord,retain,time=25ms)@3.learned(model=99,59815079,pool_games,lin,shape=129-1)@1.dil(prob=20)@1
ab(deep=12,tt,ord,retain,time=25ms)@3	617	7	3592	17.214	on	learned(model=3,68364898,pool_games,lin,shape=129-1)@1.dil(prob=20)@1	learned(model=3,68364898,pool_games,lin,shape=129-1)@1.dil(prob=20)@1	ab(deep=12,tt,ord,retain,time=25ms)@3.learned(model=3,68364898,pool_games,lin,shape=129-1)@1.dil(prob=20)@1
ab(deep=12,tt,ord,retain,time=25ms)@3	614	7	3592	13.645	on	learned(model=333,06bdc1f0,tdleaf_self,mlp,shape=30-16-1)@1.opener(rand,moves=8)@1	learned(model=333,06bdc1f0,tdleaf_self,mlp,shape=30-16-1)@1.opener(rand,moves=8)@1	ab(deep=12,tt,ord,retain,time=25ms)@3.learned(model=333,06bdc1f0,tdleaf_self,mlp,shape=30-16-1)@1.opener(rand,moves=8)@1
ab(deep=12,tt,ord,retain,time=25ms)@3	610	7	3592	22.419	on	learned(model=79,18f19059,position_elo,mlp,mu_shape=129-256-128-1,sigma_shape=129-64-1)@1	learned(model=79,18f19059,position_elo,mlp,mu_shape=129-256-128-1,sigma_shape=129-64-1)@1	ab(deep=12,tt,ord,retain,time=25ms)@3.learned(model=79,18f19059,position_elo,mlp,mu_shape=129-256-128-1,sigma_shape=129-64-1)@1
ab(deep=12,tt,ord,retain,time=25ms)@3	599	7	3592	14.959	on	learned(model=111,78ef6974,position_elo,mlp,mu_shape=129-512-8-1,sigma_shape=129-64-1)@1.opener(rand,moves=8)@1	learned(model=111,78ef6974,position_elo,mlp,mu_shape=129-512-8-1,sigma_shape=129-64-1)@1.opener(rand,moves=8)@1	ab(deep=12,tt,ord,retain,time=25ms)@3.learned(model=111,78ef6974,position_elo,mlp,mu_shape=129-512-8-1,sigma_shape=129-64-1)@1.opener(rand,moves=8)@1
ab(deep=12,tt,ord,retain,time=25ms)@3	594	7	3592	17.357	on	learned(model=405,111c40c8,tdleaf_self,mlp,shape=129-32-1)@1.dil(prob=20)@1	learned(model=405,111c40c8,tdleaf_self,mlp,shape=129-32-1)@1.dil(prob=20)@1	ab(deep=12,tt,ord,retain,time=25ms)@3.learned(model=405,111c40c8,tdleaf_self,mlp,shape=129-32-1)@1.dil(prob=20)@1
ab(deep=12,tt,ord,retain,time=25ms)@3	591	7	3592	17.357	on	learned(model=387,607b64aa,tdleaf_self,lin,shape=30-1)@1.dil(prob=20)@1	learned(model=387,607b64aa,tdleaf_self,lin,shape=30-1)@1.dil(prob=20)@1	ab(deep=12,tt,ord,retain,time=25ms)@3.learned(model=387,607b64aa,tdleaf_self,lin,shape=30-1)@1.dil(prob=20)@1
ab(deep=12,tt,ord,retain,time=25ms)@3	585	7	3592	22.262	on	learned(model=531,748d1c8d,tdleaf_self,lin,shape=129-1)@1	learned(model=531,748d1c8d,tdleaf_self,lin,shape=129-1)@1	ab(deep=12,tt,ord,retain,time=25ms)@3.learned(model=531,748d1c8d,tdleaf_self,lin,shape=129-1)@1
ab(deep=12,tt,ord,retain,time=25ms)@3	583	7	3592	16.632	on	learned(model=585,e37f6895,tdleaf_self,mlp,shape=30-32-1)@1.dil(prob=20)@1	learned(model=585,e37f6895,tdleaf_self,mlp,shape=30-32-1)@1.dil(prob=20)@1	ab(deep=12,tt,ord,retain,time=25ms)@3.learned(model=585,e37f6895,tdleaf_self,mlp,shape=30-32-1)@1.dil(prob=20)@1
ab(deep=12,tt,ord,retain,time=25ms)@3	554	7	3592	17.133	on	learned(model=94,784bb5fe,pool_games,lin,shape=129-1)@1.dil(prob=20)@1	learned(model=94,784bb5fe,pool_games,lin,shape=129-1)@1.dil(prob=20)@1	ab(deep=12,tt,ord,retain,time=25ms)@3.learned(model=94,784bb5fe,pool_games,lin,shape=129-1)@1.dil(prob=20)@1
ab(deep=12,tt,ord,retain,time=25ms)@3	554	7	3592	17.350	on	learned(model=95,07792e69,pool_games,lin,shape=129-1)@1.dil(prob=20)@1	learned(model=95,07792e69,pool_games,lin,shape=129-1)@1.dil(prob=20)@1	ab(deep=12,tt,ord,retain,time=25ms)@3.learned(model=95,07792e69,pool_games,lin,shape=129-1)@1.dil(prob=20)@1
ab(deep=12,tt,ord,retain,time=25ms)@3	547	7	3592	15.016	on	learned(model=531,748d1c8d,tdleaf_self,lin,shape=129-1)@1.opener(rand,moves=8)@1	learned(model=531,748d1c8d,tdleaf_self,lin,shape=129-1)@1.opener(rand,moves=8)@1	ab(deep=12,tt,ord,retain,time=25ms)@3.learned(model=531,748d1c8d,tdleaf_self,lin,shape=129-1)@1.opener(rand,moves=8)@1
ab(deep=12,tt,ord,retain,time=25ms)@3	534	7	3592	15.127	on	learned(model=97,87a5093d,pool_games,lin,shape=129-1)@1.opener(rand,moves=8)@1	learned(model=97,87a5093d,pool_games,lin,shape=129-1)@1.opener(rand,moves=8)@1	ab(deep=12,tt,ord,retain,time=25ms)@3.learned(model=97,87a5093d,pool_games,lin,shape=129-1)@1.opener(rand,moves=8)@1
ab(deep=12,tt,ord,retain,time=25ms)@3	521	7	3592	17.670	on	learned(model=77,ddaa5090,position_elo,mlp,mu_shape=129-128-64-1,sigma_shape=129-32-1)@1.dil(prob=20)@1	learned(model=77,ddaa5090,position_elo,mlp,mu_shape=129-128-64-1,sigma_shape=129-32-1)@1.dil(prob=20)@1	ab(deep=12,tt,ord,retain,time=25ms)@3.learned(model=77,ddaa5090,position_elo,mlp,mu_shape=129-128-64-1,sigma_shape=129-32-1)@1.dil(prob=20)@1
ab(deep=12,tt,ord,retain,time=25ms)@3	521	7	3592	14.824	on	learned(model=110,1466db6c,position_elo,mlp,mu_shape=129-512-8-1,sigma_shape=129-64-1)@1.opener(rand,moves=8)@1	learned(model=110,1466db6c,position_elo,mlp,mu_shape=129-512-8-1,sigma_shape=129-64-1)@1.opener(rand,moves=8)@1	ab(deep=12,tt,ord,retain,time=25ms)@3.learned(model=110,1466db6c,position_elo,mlp,mu_shape=129-512-8-1,sigma_shape=129-64-1)@1.opener(rand,moves=8)@1
ab(deep=12,tt,ord,retain,time=25ms)@3	517	7	3592	14.590	on	learned(model=79,18f19059,position_elo,mlp,mu_shape=129-256-128-1,sigma_shape=129-64-1)@1.opener(rand,moves=8)@1	learned(model=79,18f19059,position_elo,mlp,mu_shape=129-256-128-1,sigma_shape=129-64-1)@1.opener(rand,moves=8)@1	ab(deep=12,tt,ord,retain,time=25ms)@3.learned(model=79,18f19059,position_elo,mlp,mu_shape=129-256-128-1,sigma_shape=129-64-1)@1.opener(rand,moves=8)@1
ab(deep=12,tt,ord,retain,time=25ms)@3	515	7	3592	17.702	on	learned(model=78,2fa21eda,position_elo,mlp,mu_shape=129-128-64-1,sigma_shape=129-32-1)@1.dil(prob=20)@1	learned(model=78,2fa21eda,position_elo,mlp,mu_shape=129-128-64-1,sigma_shape=129-32-1)@1.dil(prob=20)@1	ab(deep=12,tt,ord,retain,time=25ms)@3.learned(model=78,2fa21eda,position_elo,mlp,mu_shape=129-128-64-1,sigma_shape=129-32-1)@1.dil(prob=20)@1
ab(deep=12,tt,ord,retain,time=25ms)@3	510	8	3592	17.358	on	learned(model=369,612a48a8,tdleaf_self,lin,shape=129-1)@1.dil(prob=20)@1	learned(model=369,612a48a8,tdleaf_self,lin,shape=129-1)@1.dil(prob=20)@1	ab(deep=12,tt,ord,retain,time=25ms)@3.learned(model=369,612a48a8,tdleaf_self,lin,shape=129-1)@1.dil(prob=20)@1
ab(deep=12,tt,ord,retain,time=25ms)@3	500	8	3592	22.203	on	learned(model=261,52cd70f8,tdleaf_self,mlp,shape=129-32-1)@1	learned(model=261,52cd70f8,tdleaf_self,mlp,shape=129-32-1)@1	ab(deep=12,tt,ord,retain,time=25ms)@3.learned(model=261,52cd70f8,tdleaf_self,mlp,shape=129-32-1)@1
ab(deep=12,tt,ord,retain,time=25ms)@3	498	8	3592	21.883	on	learned(model=279,409dc0b3,tdleaf_self,mlp,shape=30-16-1)@1	learned(model=279,409dc0b3,tdleaf_self,mlp,shape=30-16-1)@1	ab(deep=12,tt,ord,retain,time=25ms)@3.learned(model=279,409dc0b3,tdleaf_self,mlp,shape=30-16-1)@1
ab(deep=12,tt,ord,retain,time=25ms)@3	483	8	3592	14.378	on	learned(model=279,409dc0b3,tdleaf_self,mlp,shape=30-16-1)@1.opener(rand,moves=8)@1	learned(model=279,409dc0b3,tdleaf_self,mlp,shape=30-16-1)@1.opener(rand,moves=8)@1	ab(deep=12,tt,ord,retain,time=25ms)@3.learned(model=279,409dc0b3,tdleaf_self,mlp,shape=30-16-1)@1.opener(rand,moves=8)@1
ab(deep=12,tt,ord,retain,time=25ms)@3	473	8	3592	17.850	on	learned(model=111,78ef6974,position_elo,mlp,mu_shape=129-512-8-1,sigma_shape=129-64-1)@1.dil(prob=20)@1	learned(model=111,78ef6974,position_elo,mlp,mu_shape=129-512-8-1,sigma_shape=129-64-1)@1.dil(prob=20)@1	ab(deep=12,tt,ord,retain,time=25ms)@3.learned(model=111,78ef6974,position_elo,mlp,mu_shape=129-512-8-1,sigma_shape=129-64-1)@1.dil(prob=20)@1
ab(deep=12,tt,ord,retain,time=25ms)@3	467	8	3592	17.394	on	learned(model=97,87a5093d,pool_games,lin,shape=129-1)@1.dil(prob=20)@1	learned(model=97,87a5093d,pool_games,lin,shape=129-1)@1.dil(prob=20)@1	ab(deep=12,tt,ord,retain,time=25ms)@3.learned(model=97,87a5093d,pool_games,lin,shape=129-1)@1.dil(prob=20)@1
ab(deep=12,tt,ord,retain,time=25ms)@3	466	8	3592	14.009	on	learned(model=585,e37f6895,tdleaf_self,mlp,shape=30-32-1)@1.opener(rand,moves=8)@1	learned(model=585,e37f6895,tdleaf_self,mlp,shape=30-32-1)@1.opener(rand,moves=8)@1	ab(deep=12,tt,ord,retain,time=25ms)@3.learned(model=585,e37f6895,tdleaf_self,mlp,shape=30-32-1)@1.opener(rand,moves=8)@1
ab(deep=12,tt,ord,retain,time=25ms)@3	464	8	3592	17.037	on	learned(model=333,06bdc1f0,tdleaf_self,mlp,shape=30-16-1)@1.dil(prob=20)@1	learned(model=333,06bdc1f0,tdleaf_self,mlp,shape=30-16-1)@1.dil(prob=20)@1	ab(deep=12,tt,ord,retain,time=25ms)@3.learned(model=333,06bdc1f0,tdleaf_self,mlp,shape=30-16-1)@1.dil(prob=20)@1
ab(deep=12,tt,ord,retain,time=25ms)@3	450	8	3592	14.228	on	learned(model=261,52cd70f8,tdleaf_self,mlp,shape=129-32-1)@1.opener(rand,moves=8)@1	learned(model=261,52cd70f8,tdleaf_self,mlp,shape=129-32-1)@1.opener(rand,moves=8)@1	ab(deep=12,tt,ord,retain,time=25ms)@3.learned(model=261,52cd70f8,tdleaf_self,mlp,shape=129-32-1)@1.opener(rand,moves=8)@1
ab(deep=12,tt,ord,retain,time=25ms)@3	435	8	3592	17.789	on	learned(model=110,1466db6c,position_elo,mlp,mu_shape=129-512-8-1,sigma_shape=129-64-1)@1.dil(prob=20)@1	learned(model=110,1466db6c,position_elo,mlp,mu_shape=129-512-8-1,sigma_shape=129-64-1)@1.dil(prob=20)@1	ab(deep=12,tt,ord,retain,time=25ms)@3.learned(model=110,1466db6c,position_elo,mlp,mu_shape=129-512-8-1,sigma_shape=129-64-1)@1.dil(prob=20)@1
ab(deep=12,tt,ord,retain,time=25ms)@3	417	8	3592	17.555	on	learned(model=79,18f19059,position_elo,mlp,mu_shape=129-256-128-1,sigma_shape=129-64-1)@1.dil(prob=20)@1	learned(model=79,18f19059,position_elo,mlp,mu_shape=129-256-128-1,sigma_shape=129-64-1)@1.dil(prob=20)@1	ab(deep=12,tt,ord,retain,time=25ms)@3.learned(model=79,18f19059,position_elo,mlp,mu_shape=129-256-128-1,sigma_shape=129-64-1)@1.dil(prob=20)@1
ab(deep=12,tt,ord,retain,time=25ms)@3	371	9	3592	17.478	on	learned(model=531,748d1c8d,tdleaf_self,lin,shape=129-1)@1.dil(prob=20)@1	learned(model=531,748d1c8d,tdleaf_self,lin,shape=129-1)@1.dil(prob=20)@1	ab(deep=12,tt,ord,retain,time=25ms)@3.learned(model=531,748d1c8d,tdleaf_self,lin,shape=129-1)@1.dil(prob=20)@1
ab(deep=12,tt,ord,retain,time=25ms)@3	355	9	3592	17.349	on	learned(model=279,409dc0b3,tdleaf_self,mlp,shape=30-16-1)@1.dil(prob=20)@1	learned(model=279,409dc0b3,tdleaf_self,mlp,shape=30-16-1)@1.dil(prob=20)@1	ab(deep=12,tt,ord,retain,time=25ms)@3.learned(model=279,409dc0b3,tdleaf_self,mlp,shape=30-16-1)@1.dil(prob=20)@1
ab(deep=12,tt,ord,retain,time=25ms)@3	354	9	3592	17.482	on	learned(model=261,52cd70f8,tdleaf_self,mlp,shape=129-32-1)@1.dil(prob=20)@1	learned(model=261,52cd70f8,tdleaf_self,mlp,shape=129-32-1)@1.dil(prob=20)@1	ab(deep=12,tt,ord,retain,time=25ms)@3.learned(model=261,52cd70f8,tdleaf_self,mlp,shape=129-32-1)@1.dil(prob=20)@1
ab(deep=12,tt,ord,rem=70,retain,nodes=100k)@3	1161	9	2972	22.518	on	learned(model=169,4975683c,tdleaf_self,lin,shape=129-1)@1	learned(model=169,4975683c,tdleaf_self,lin,shape=129-1)@1	ab(deep=12,tt,ord,rem=70,retain,nodes=100k)@3.learned(model=169,4975683c,tdleaf_self,lin,shape=129-1)@1
ab(deep=12,tt,ord,rem=70,retain,nodes=100k)@3	1156	10	2734	22.712	on	learned(model=602,68cbb27d,tdleaf_self,lin,shape=129-1)@1	learned(model=602,68cbb27d,tdleaf_self,lin,shape=129-1)@1	ab(deep=12,tt,ord,rem=70,retain,nodes=100k)@3.learned(model=602,68cbb27d,tdleaf_self,lin,shape=129-1)@1
ab(deep=12,tt,ord,rem=70,retain,nodes=100k)@3	1139	9	2972	22.754	on	learned(model=349,5ee50d5c,tdleaf_self,lin,shape=129-1)@1	learned(model=349,5ee50d5c,tdleaf_self,lin,shape=129-1)@1	ab(deep=12,tt,ord,rem=70,retain,nodes=100k)@3.learned(model=349,5ee50d5c,tdleaf_self,lin,shape=129-1)@1
ab(deep=12,tt,ord,rem=70,retain,nodes=100k)@3	1127	10	2734	22.642	on	learned(model=351,42d88d8e,tdleaf_self,lin,shape=129-1)@1	learned(model=351,42d88d8e,tdleaf_self,lin,shape=129-1)@1	ab(deep=12,tt,ord,rem=70,retain,nodes=100k)@3.learned(model=351,42d88d8e,tdleaf_self,lin,shape=129-1)@1
ab(deep=12,tt,ord,rem=70,retain,nodes=100k)@3	1123	10	2734	22.645	on	learned(model=171,10d3530c,tdleaf_self,lin,shape=129-1)@1	learned(model=171,10d3530c,tdleaf_self,lin,shape=129-1)@1	ab(deep=12,tt,ord,rem=70,retain,nodes=100k)@3.learned(model=171,10d3530c,tdleaf_self,lin,shape=129-1)@1
ab(deep=12,tt,ord,rem=70,retain,nodes=100k)@3	1083	9	2734	22.606	on	learned(model=603,2da121ee,tdleaf_self,lin,shape=129-1)@1	learned(model=603,2da121ee,tdleaf_self,lin,shape=129-1)@1	ab(deep=12,tt,ord,rem=70,retain,nodes=100k)@3.learned(model=603,2da121ee,tdleaf_self,lin,shape=129-1)@1
ab(deep=12,tt,ord,rem=70,retain,nodes=100k)@3	1060	9	2734	22.425	on	learned(model=96,990e39e7,pool_games,lin,shape=129-1)@1	learned(model=96,990e39e7,pool_games,lin,shape=129-1)@1	ab(deep=12,tt,ord,rem=70,retain,nodes=100k)@3.learned(model=96,990e39e7,pool_games,lin,shape=129-1)@1
ab(deep=12,tt,ord,rem=70,retain,nodes=100k)@3	1046	9	2734	22.687	on	learned(model=441,01db390c,tdleaf_self,lin,shape=129-1)@1	learned(model=441,01db390c,tdleaf_self,lin,shape=129-1)@1	ab(deep=12,tt,ord,rem=70,retain,nodes=100k)@3.learned(model=441,01db390c,tdleaf_self,lin,shape=129-1)@1
ab(deep=12,tt,ord,rem=70,retain,nodes=100k)@3	1045	8	2972	19.953	on	classic(chip=100)@2	classic(chip=100)@2	ab(deep=12,tt,ord,rem=70,retain,nodes=100k)@3.classic(chip=100)@2
ab(deep=12,tt,ord,rem=70,retain,nodes=100k)@3	1025	9	2734	22.216	on	learned(model=98,5801570e,pool_games,lin,shape=129-1)@1	learned(model=98,5801570e,pool_games,lin,shape=129-1)@1	ab(deep=12,tt,ord,rem=70,retain,nodes=100k)@3.learned(model=98,5801570e,pool_games,lin,shape=129-1)@1
ab(deep=12,tt,ord,rem=70,retain,nodes=100k)@3	1015	8	2734	23.116	on	learned(model=10,fead67b7,weight_merge,lin,shape=129-1)@1	learned(model=10,fead67b7,weight_merge,lin,shape=129-1)@1	ab(deep=12,tt,ord,rem=70,retain,nodes=100k)@3.learned(model=10,fead67b7,weight_merge,lin,shape=129-1)@1
ab(deep=12,tt,ord,rem=70,retain,nodes=100k)@3	993	8	2734	22.507	on	learned(model=3,68364898,pool_games,lin,shape=129-1)@1	learned(model=3,68364898,pool_games,lin,shape=129-1)@1	ab(deep=12,tt,ord,rem=70,retain,nodes=100k)@3.learned(model=3,68364898,pool_games,lin,shape=129-1)@1
ab(deep=12,tt,ord,rem=70,retain,nodes=100k)@3	984	8	2734	22.407	on	learned(model=76,ef183148,position_elo,lin,mu_shape=129-1,sigma_shape=129-1)@1	learned(model=76,ef183148,position_elo,lin,mu_shape=129-1,sigma_shape=129-1)@1	ab(deep=12,tt,ord,rem=70,retain,nodes=100k)@3.learned(model=76,ef183148,position_elo,lin,mu_shape=129-1,sigma_shape=129-1)@1
ab(deep=12,tt,ord,rem=70,retain,nodes=100k)@3	980	8	2734	174.990	on	learned(model=78,2fa21eda,position_elo,mlp,mu_shape=129-128-64-1,sigma_shape=129-32-1)@1	learned(model=78,2fa21eda,position_elo,mlp,mu_shape=129-128-64-1,sigma_shape=129-32-1)@1	ab(deep=12,tt,ord,rem=70,retain,nodes=100k)@3.learned(model=78,2fa21eda,position_elo,mlp,mu_shape=129-128-64-1,sigma_shape=129-32-1)@1
ab(deep=12,tt,ord,rem=70,retain,nodes=100k)@3	966	8	2734	56.211	on	learned(model=387,607b64aa,tdleaf_self,lin,shape=30-1)@1	learned(model=387,607b64aa,tdleaf_self,lin,shape=30-1)@1	ab(deep=12,tt,ord,rem=70,retain,nodes=100k)@3.learned(model=387,607b64aa,tdleaf_self,lin,shape=30-1)@1
ab(deep=12,tt,ord,rem=70,retain,nodes=100k)@3	961	8	2734	22.389	on	learned(model=4,eb105733,pool_games,lin,shape=129-1)@1	learned(model=4,eb105733,pool_games,lin,shape=129-1)@1	ab(deep=12,tt,ord,rem=70,retain,nodes=100k)@3.learned(model=4,eb105733,pool_games,lin,shape=129-1)@1
ab(deep=12,tt,ord,rem=70,retain,nodes=100k)@3	954	7	3592	15.100	on	learned(model=169,4975683c,tdleaf_self,lin,shape=129-1)@1.opener(rand,moves=8)@1	learned(model=169,4975683c,tdleaf_self,lin,shape=129-1)@1.opener(rand,moves=8)@1	ab(deep=12,tt,ord,rem=70,retain,nodes=100k)@3.learned(model=169,4975683c,tdleaf_self,lin,shape=129-1)@1.opener(rand,moves=8)@1
ab(deep=12,tt,ord,rem=70,retain,nodes=100k)@3	952	8	2734	387.712	on	learned(model=111,78ef6974,position_elo,mlp,mu_shape=129-512-8-1,sigma_shape=129-64-1)@1	learned(model=111,78ef6974,position_elo,mlp,mu_shape=129-512-8-1,sigma_shape=129-64-1)@1	ab(deep=12,tt,ord,rem=70,retain,nodes=100k)@3.learned(model=111,78ef6974,position_elo,mlp,mu_shape=129-512-8-1,sigma_shape=129-64-1)@1
ab(deep=12,tt,ord,rem=70,retain,nodes=100k)@3	952	8	2734	44.182	on	learned(model=405,111c40c8,tdleaf_self,mlp,shape=129-32-1)@1	learned(model=405,111c40c8,tdleaf_self,mlp,shape=129-32-1)@1	ab(deep=12,tt,ord,rem=70,retain,nodes=100k)@3.learned(model=405,111c40c8,tdleaf_self,mlp,shape=129-32-1)@1
ab(deep=12,tt,ord,rem=70,retain,nodes=100k)@3	950	7	3592	14.774	on	learned(model=351,42d88d8e,tdleaf_self,lin,shape=129-1)@1.opener(rand,moves=8)@1	learned(model=351,42d88d8e,tdleaf_self,lin,shape=129-1)@1.opener(rand,moves=8)@1	ab(deep=12,tt,ord,rem=70,retain,nodes=100k)@3.learned(model=351,42d88d8e,tdleaf_self,lin,shape=129-1)@1.opener(rand,moves=8)@1
ab(deep=12,tt,ord,rem=70,retain,nodes=100k)@3	948	7	3592	14.784	on	learned(model=349,5ee50d5c,tdleaf_self,lin,shape=129-1)@1.opener(rand,moves=8)@1	learned(model=349,5ee50d5c,tdleaf_self,lin,shape=129-1)@1.opener(rand,moves=8)@1	ab(deep=12,tt,ord,rem=70,retain,nodes=100k)@3.learned(model=349,5ee50d5c,tdleaf_self,lin,shape=129-1)@1.opener(rand,moves=8)@1
ab(deep=12,tt,ord,rem=70,retain,nodes=100k)@3	948	8	2734	22.364	on	learned(model=8,6f1a4264,pool_games,lin,shape=129-1)@1	learned(model=8,6f1a4264,pool_games,lin,shape=129-1)@1	ab(deep=12,tt,ord,rem=70,retain,nodes=100k)@3.learned(model=8,6f1a4264,pool_games,lin,shape=129-1)@1
ab(deep=12,tt,ord,rem=70,retain,nodes=100k)@3	945	7	3592	14.828	on	learned(model=171,10d3530c,tdleaf_self,lin,shape=129-1)@1.opener(rand,moves=8)@1	learned(model=171,10d3530c,tdleaf_self,lin,shape=129-1)@1.opener(rand,moves=8)@1	ab(deep=12,tt,ord,rem=70,retain,nodes=100k)@3.learned(model=171,10d3530c,tdleaf_self,lin,shape=129-1)@1.opener(rand,moves=8)@1
ab(deep=12,tt,ord,rem=70,retain,nodes=100k)@3	943	8	2734	172.241	on	learned(model=77,ddaa5090,position_elo,mlp,mu_shape=129-128-64-1,sigma_shape=129-32-1)@1	learned(model=77,ddaa5090,position_elo,mlp,mu_shape=129-128-64-1,sigma_shape=129-32-1)@1	ab(deep=12,tt,ord,rem=70,retain,nodes=100k)@3.learned(model=77,ddaa5090,position_elo,mlp,mu_shape=129-128-64-1,sigma_shape=129-32-1)@1
ab(deep=12,tt,ord,rem=70,retain,nodes=100k)@3	938	7	3592	15.030	on	learned(model=602,68cbb27d,tdleaf_self,lin,shape=129-1)@1.opener(rand,moves=8)@1	learned(model=602,68cbb27d,tdleaf_self,lin,shape=129-1)@1.opener(rand,moves=8)@1	ab(deep=12,tt,ord,rem=70,retain,nodes=100k)@3.learned(model=602,68cbb27d,tdleaf_self,lin,shape=129-1)@1.opener(rand,moves=8)@1
ab(deep=12,tt,ord,rem=70,retain,nodes=100k)@3	933	7	3592	14.828	on	learned(model=603,2da121ee,tdleaf_self,lin,shape=129-1)@1.opener(rand,moves=8)@1	learned(model=603,2da121ee,tdleaf_self,lin,shape=129-1)@1.opener(rand,moves=8)@1	ab(deep=12,tt,ord,rem=70,retain,nodes=100k)@3.learned(model=603,2da121ee,tdleaf_self,lin,shape=129-1)@1.opener(rand,moves=8)@1
ab(deep=12,tt,ord,rem=70,retain,nodes=100k)@3	908	8	2734	371.941	on	learned(model=110,1466db6c,position_elo,mlp,mu_shape=129-512-8-1,sigma_shape=129-64-1)@1	learned(model=110,1466db6c,position_elo,mlp,mu_shape=129-512-8-1,sigma_shape=129-64-1)@1	ab(deep=12,tt,ord,rem=70,retain,nodes=100k)@3.learned(model=110,1466db6c,position_elo,mlp,mu_shape=129-512-8-1,sigma_shape=129-64-1)@1
ab(deep=12,tt,ord,rem=70,retain,nodes=100k)@3	907	8	2734	22.895	on	learned(model=459,642147d2,tdleaf_self,lin,shape=129-1)@1	learned(model=459,642147d2,tdleaf_self,lin,shape=129-1)@1	ab(deep=12,tt,ord,rem=70,retain,nodes=100k)@3.learned(model=459,642147d2,tdleaf_self,lin,shape=129-1)@1
ab(deep=12,tt,ord,rem=70,retain,nodes=100k)@3	903	8	2734	22.685	on	learned(model=99,59815079,pool_games,lin,shape=129-1)@1	learned(model=99,59815079,pool_games,lin,shape=129-1)@1	ab(deep=12,tt,ord,rem=70,retain,nodes=100k)@3.learned(model=99,59815079,pool_games,lin,shape=129-1)@1
ab(deep=12,tt,ord,rem=70,retain,nodes=100k)@3	896	7	3592	15.112	on	learned(model=10,fead67b7,weight_merge,lin,shape=129-1)@1.opener(rand,moves=8)@1	learned(model=10,fead67b7,weight_merge,lin,shape=129-1)@1.opener(rand,moves=8)@1	ab(deep=12,tt,ord,rem=70,retain,nodes=100k)@3.learned(model=10,fead67b7,weight_merge,lin,shape=129-1)@1.opener(rand,moves=8)@1
ab(deep=12,tt,ord,rem=70,retain,nodes=100k)@3	888	8	2734	415.609	on	learned(model=79,18f19059,position_elo,mlp,mu_shape=129-256-128-1,sigma_shape=129-64-1)@1	learned(model=79,18f19059,position_elo,mlp,mu_shape=129-256-128-1,sigma_shape=129-64-1)@1	ab(deep=12,tt,ord,rem=70,retain,nodes=100k)@3.learned(model=79,18f19059,position_elo,mlp,mu_shape=129-256-128-1,sigma_shape=129-64-1)@1
ab(deep=12,tt,ord,rem=70,retain,nodes=100k)@3	871	7	3592	15.127	on	learned(model=76,ef183148,position_elo,lin,mu_shape=129-1,sigma_shape=129-1)@1.opener(rand,moves=8)@1	learned(model=76,ef183148,position_elo,lin,mu_shape=129-1,sigma_shape=129-1)@1.opener(rand,moves=8)@1	ab(deep=12,tt,ord,rem=70,retain,nodes=100k)@3.learned(model=76,ef183148,position_elo,lin,mu_shape=129-1,sigma_shape=129-1)@1.opener(rand,moves=8)@1
ab(deep=12,tt,ord,rem=70,retain,nodes=100k)@3	866	7	3592	13.538	on	classic(chip=100)@2.opener(rand,moves=8)@1	classic(chip=100)@2.opener(rand,moves=8)@1	ab(deep=12,tt,ord,rem=70,retain,nodes=100k)@3.classic(chip=100)@2.opener(rand,moves=8)@1
ab(deep=12,tt,ord,rem=70,retain,nodes=100k)@3	861	7	3592	15.048	on	learned(model=96,990e39e7,pool_games,lin,shape=129-1)@1.opener(rand,moves=8)@1	learned(model=96,990e39e7,pool_games,lin,shape=129-1)@1.opener(rand,moves=8)@1	ab(deep=12,tt,ord,rem=70,retain,nodes=100k)@3.learned(model=96,990e39e7,pool_games,lin,shape=129-1)@1.opener(rand,moves=8)@1
ab(deep=12,tt,ord,rem=70,retain,nodes=100k)@3	857	7	3592	35.695	on	learned(model=387,607b64aa,tdleaf_self,lin,shape=30-1)@1.opener(rand,moves=8)@1	learned(model=387,607b64aa,tdleaf_self,lin,shape=30-1)@1.opener(rand,moves=8)@1	ab(deep=12,tt,ord,rem=70,retain,nodes=100k)@3.learned(model=387,607b64aa,tdleaf_self,lin,shape=30-1)@1.opener(rand,moves=8)@1
ab(deep=12,tt,ord,rem=70,retain,nodes=100k)@3	844	7	3592	15.168	on	learned(model=8,6f1a4264,pool_games,lin,shape=129-1)@1.opener(rand,moves=8)@1	learned(model=8,6f1a4264,pool_games,lin,shape=129-1)@1.opener(rand,moves=8)@1	ab(deep=12,tt,ord,rem=70,retain,nodes=100k)@3.learned(model=8,6f1a4264,pool_games,lin,shape=129-1)@1.opener(rand,moves=8)@1
ab(deep=12,tt,ord,rem=70,retain,nodes=100k)@3	842	7	3592	15.016	on	learned(model=441,01db390c,tdleaf_self,lin,shape=129-1)@1.opener(rand,moves=8)@1	learned(model=441,01db390c,tdleaf_self,lin,shape=129-1)@1.opener(rand,moves=8)@1	ab(deep=12,tt,ord,rem=70,retain,nodes=100k)@3.learned(model=441,01db390c,tdleaf_self,lin,shape=129-1)@1.opener(rand,moves=8)@1
ab(deep=12,tt,ord,rem=70,retain,nodes=100k)@3	839	7	3592	15.241	on	learned(model=98,5801570e,pool_games,lin,shape=129-1)@1.opener(rand,moves=8)@1	learned(model=98,5801570e,pool_games,lin,shape=129-1)@1.opener(rand,moves=8)@1	ab(deep=12,tt,ord,rem=70,retain,nodes=100k)@3.learned(model=98,5801570e,pool_games,lin,shape=129-1)@1.opener(rand,moves=8)@1
ab(deep=12,tt,ord,rem=70,retain,nodes=100k)@3	837	7	3592	29.196	on	learned(model=405,111c40c8,tdleaf_self,mlp,shape=129-32-1)@1.opener(rand,moves=8)@1	learned(model=405,111c40c8,tdleaf_self,mlp,shape=129-32-1)@1.opener(rand,moves=8)@1	ab(deep=12,tt,ord,rem=70,retain,nodes=100k)@3.learned(model=405,111c40c8,tdleaf_self,mlp,shape=129-32-1)@1.opener(rand,moves=8)@1
ab(deep=12,tt,ord,rem=70,retain,nodes=100k)@3	832	7	3592	267.365	on	learned(model=111,78ef6974,position_elo,mlp,mu_shape=129-512-8-1,sigma_shape=129-64-1)@1.opener(rand,moves=8)@1	learned(model=111,78ef6974,position_elo,mlp,mu_shape=129-512-8-1,sigma_shape=129-64-1)@1.opener(rand,moves=8)@1	ab(deep=12,tt,ord,rem=70,retain,nodes=100k)@3.learned(model=111,78ef6974,position_elo,mlp,mu_shape=129-512-8-1,sigma_shape=129-64-1)@1.opener(rand,moves=8)@1
ab(deep=12,tt,ord,rem=70,retain,nodes=100k)@3	824	7	3592	15.083	on	learned(model=4,eb105733,pool_games,lin,shape=129-1)@1.opener(rand,moves=8)@1	learned(model=4,eb105733,pool_games,lin,shape=129-1)@1.opener(rand,moves=8)@1	ab(deep=12,tt,ord,rem=70,retain,nodes=100k)@3.learned(model=4,eb105733,pool_games,lin,shape=129-1)@1.opener(rand,moves=8)@1
ab(deep=12,tt,ord,rem=70,retain,nodes=100k)@3	821	7	3592	14.679	on	learned(model=459,642147d2,tdleaf_self,lin,shape=129-1)@1.opener(rand,moves=8)@1	learned(model=459,642147d2,tdleaf_self,lin,shape=129-1)@1.opener(rand,moves=8)@1	ab(deep=12,tt,ord,rem=70,retain,nodes=100k)@3.learned(model=459,642147d2,tdleaf_self,lin,shape=129-1)@1.opener(rand,moves=8)@1
ab(deep=12,tt,ord,rem=70,retain,nodes=100k)@3	819	7	2734	22.488	on	learned(model=94,784bb5fe,pool_games,lin,shape=129-1)@1	learned(model=94,784bb5fe,pool_games,lin,shape=129-1)@1	ab(deep=12,tt,ord,rem=70,retain,nodes=100k)@3.learned(model=94,784bb5fe,pool_games,lin,shape=129-1)@1
ab(deep=12,tt,ord,rem=70,retain,nodes=100k)@3	816	7	3592	15.249	on	learned(model=3,68364898,pool_games,lin,shape=129-1)@1.opener(rand,moves=8)@1	learned(model=3,68364898,pool_games,lin,shape=129-1)@1.opener(rand,moves=8)@1	ab(deep=12,tt,ord,rem=70,retain,nodes=100k)@3.learned(model=3,68364898,pool_games,lin,shape=129-1)@1.opener(rand,moves=8)@1
ab(deep=12,tt,ord,rem=70,retain,nodes=100k)@3	809	7	3592	123.445	on	learned(model=78,2fa21eda,position_elo,mlp,mu_shape=129-128-64-1,sigma_shape=129-32-1)@1.opener(rand,moves=8)@1	learned(model=78,2fa21eda,position_elo,mlp,mu_shape=129-128-64-1,sigma_shape=129-32-1)@1.opener(rand,moves=8)@1	ab(deep=12,tt,ord,rem=70,retain,nodes=100k)@3.learned(model=78,2fa21eda,position_elo,mlp,mu_shape=129-128-64-1,sigma_shape=129-32-1)@1.opener(rand,moves=8)@1
ab(deep=12,tt,ord,rem=70,retain,nodes=100k)@3	799	7	3592	119.899	on	learned(model=77,ddaa5090,position_elo,mlp,mu_shape=129-128-64-1,sigma_shape=129-32-1)@1.opener(rand,moves=8)@1	learned(model=77,ddaa5090,position_elo,mlp,mu_shape=129-128-64-1,sigma_shape=129-32-1)@1.opener(rand,moves=8)@1	ab(deep=12,tt,ord,rem=70,retain,nodes=100k)@3.learned(model=77,ddaa5090,position_elo,mlp,mu_shape=129-128-64-1,sigma_shape=129-32-1)@1.opener(rand,moves=8)@1
ab(deep=12,tt,ord,rem=70,retain,nodes=100k)@3	783	7	2734	22.693	on	learned(model=95,07792e69,pool_games,lin,shape=129-1)@1	learned(model=95,07792e69,pool_games,lin,shape=129-1)@1	ab(deep=12,tt,ord,rem=70,retain,nodes=100k)@3.learned(model=95,07792e69,pool_games,lin,shape=129-1)@1
ab(deep=12,tt,ord,rem=70,retain,nodes=100k)@3	775	7	2734	74.428	on	learned(model=333,06bdc1f0,tdleaf_self,mlp,shape=30-16-1)@1	learned(model=333,06bdc1f0,tdleaf_self,mlp,shape=30-16-1)@1	ab(deep=12,tt,ord,rem=70,retain,nodes=100k)@3.learned(model=333,06bdc1f0,tdleaf_self,mlp,shape=30-16-1)@1
ab(deep=12,tt,ord,rem=70,retain,nodes=100k)@3	773	7	3592	291.060	on	learned(model=79,18f19059,position_elo,mlp,mu_shape=129-256-128-1,sigma_shape=129-64-1)@1.opener(rand,moves=8)@1	learned(model=79,18f19059,position_elo,mlp,mu_shape=129-256-128-1,sigma_shape=129-64-1)@1.opener(rand,moves=8)@1	ab(deep=12,tt,ord,rem=70,retain,nodes=100k)@3.learned(model=79,18f19059,position_elo,mlp,mu_shape=129-256-128-1,sigma_shape=129-64-1)@1.opener(rand,moves=8)@1
ab(deep=12,tt,ord,rem=70,retain,nodes=100k)@3	763	7	3592	15.082	on	learned(model=99,59815079,pool_games,lin,shape=129-1)@1.opener(rand,moves=8)@1	learned(model=99,59815079,pool_games,lin,shape=129-1)@1.opener(rand,moves=8)@1	ab(deep=12,tt,ord,rem=70,retain,nodes=100k)@3.learned(model=99,59815079,pool_games,lin,shape=129-1)@1.opener(rand,moves=8)@1
ab(deep=12,tt,ord,rem=70,retain,nodes=100k)@3	746	7	3592	255.073	on	learned(model=110,1466db6c,position_elo,mlp,mu_shape=129-512-8-1,sigma_shape=129-64-1)@1.opener(rand,moves=8)@1	learned(model=110,1466db6c,position_elo,mlp,mu_shape=129-512-8-1,sigma_shape=129-64-1)@1.opener(rand,moves=8)@1	ab(deep=12,tt,ord,rem=70,retain,nodes=100k)@3.learned(model=110,1466db6c,position_elo,mlp,mu_shape=129-512-8-1,sigma_shape=129-64-1)@1.opener(rand,moves=8)@1
ab(deep=12,tt,ord,rem=70,retain,nodes=100k)@3	739	7	2734	23.177	on	learned(model=369,612a48a8,tdleaf_self,lin,shape=129-1)@1	learned(model=369,612a48a8,tdleaf_self,lin,shape=129-1)@1	ab(deep=12,tt,ord,rem=70,retain,nodes=100k)@3.learned(model=369,612a48a8,tdleaf_self,lin,shape=129-1)@1
ab(deep=12,tt,ord,rem=70,retain,nodes=100k)@3	733	7	2734	69.616	on	learned(model=585,e37f6895,tdleaf_self,mlp,shape=30-32-1)@1	learned(model=585,e37f6895,tdleaf_self,mlp,shape=30-32-1)@1	ab(deep=12,tt,ord,rem=70,retain,nodes=100k)@3.learned(model=585,e37f6895,tdleaf_self,mlp,shape=30-32-1)@1
ab(deep=12,tt,ord,rem=70,retain,nodes=100k)@3	722	7	3592	18.200	on	learned(model=349,5ee50d5c,tdleaf_self,lin,shape=129-1)@1.dil(prob=20)@1	learned(model=349,5ee50d5c,tdleaf_self,lin,shape=129-1)@1.dil(prob=20)@1	ab(deep=12,tt,ord,rem=70,retain,nodes=100k)@3.learned(model=349,5ee50d5c,tdleaf_self,lin,shape=129-1)@1.dil(prob=20)@1
ab(deep=12,tt,ord,rem=70,retain,nodes=100k)@3	718	7	3592	18.152	on	learned(model=602,68cbb27d,tdleaf_self,lin,shape=129-1)@1.dil(prob=20)@1	learned(model=602,68cbb27d,tdleaf_self,lin,shape=129-1)@1.dil(prob=20)@1	ab(deep=12,tt,ord,rem=70,retain,nodes=100k)@3.learned(model=602,68cbb27d,tdleaf_self,lin,shape=129-1)@1.dil(prob=20)@1
ab(deep=12,tt,ord,rem=70,retain,nodes=100k)@3	713	7	3592	17.988	on	learned(model=171,10d3530c,tdleaf_self,lin,shape=129-1)@1.dil(prob=20)@1	learned(model=171,10d3530c,tdleaf_self,lin,shape=129-1)@1.dil(prob=20)@1	ab(deep=12,tt,ord,rem=70,retain,nodes=100k)@3.learned(model=171,10d3530c,tdleaf_self,lin,shape=129-1)@1.dil(prob=20)@1
ab(deep=12,tt,ord,rem=70,retain,nodes=100k)@3	710	7	3592	18.118	on	learned(model=351,42d88d8e,tdleaf_self,lin,shape=129-1)@1.dil(prob=20)@1	learned(model=351,42d88d8e,tdleaf_self,lin,shape=129-1)@1.dil(prob=20)@1	ab(deep=12,tt,ord,rem=70,retain,nodes=100k)@3.learned(model=351,42d88d8e,tdleaf_self,lin,shape=129-1)@1.dil(prob=20)@1
ab(deep=12,tt,ord,rem=70,retain,nodes=100k)@3	707	7	3592	18.016	on	learned(model=169,4975683c,tdleaf_self,lin,shape=129-1)@1.dil(prob=20)@1	learned(model=169,4975683c,tdleaf_self,lin,shape=129-1)@1.dil(prob=20)@1	ab(deep=12,tt,ord,rem=70,retain,nodes=100k)@3.learned(model=169,4975683c,tdleaf_self,lin,shape=129-1)@1.dil(prob=20)@1
ab(deep=12,tt,ord,rem=70,retain,nodes=100k)@3	707	7	3592	15.065	on	learned(model=94,784bb5fe,pool_games,lin,shape=129-1)@1.opener(rand,moves=8)@1	learned(model=94,784bb5fe,pool_games,lin,shape=129-1)@1.opener(rand,moves=8)@1	ab(deep=12,tt,ord,rem=70,retain,nodes=100k)@3.learned(model=94,784bb5fe,pool_games,lin,shape=129-1)@1.opener(rand,moves=8)@1
ab(deep=12,tt,ord,rem=70,retain,nodes=100k)@3	701	7	2972	21.384	on	learned(model=97,87a5093d,pool_games,lin,shape=129-1)@1	learned(model=97,87a5093d,pool_games,lin,shape=129-1)@1	ab(deep=12,tt,ord,rem=70,retain,nodes=100k)@3.learned(model=97,87a5093d,pool_games,lin,shape=129-1)@1
ab(deep=12,tt,ord,rem=70,retain,nodes=100k)@3	698	7	3592	17.951	on	learned(model=603,2da121ee,tdleaf_self,lin,shape=129-1)@1.dil(prob=20)@1	learned(model=603,2da121ee,tdleaf_self,lin,shape=129-1)@1.dil(prob=20)@1	ab(deep=12,tt,ord,rem=70,retain,nodes=100k)@3.learned(model=603,2da121ee,tdleaf_self,lin,shape=129-1)@1.dil(prob=20)@1
ab(deep=12,tt,ord,rem=70,retain,nodes=100k)@3	682	7	3592	18.318	on	learned(model=441,01db390c,tdleaf_self,lin,shape=129-1)@1.dil(prob=20)@1	learned(model=441,01db390c,tdleaf_self,lin,shape=129-1)@1.dil(prob=20)@1	ab(deep=12,tt,ord,rem=70,retain,nodes=100k)@3.learned(model=441,01db390c,tdleaf_self,lin,shape=129-1)@1.dil(prob=20)@1
ab(deep=12,tt,ord,rem=70,retain,nodes=100k)@3	679	7	3592	16.215	on	classic(chip=100)@2.dil(prob=20)@1	classic(chip=100)@2.dil(prob=20)@1	ab(deep=12,tt,ord,rem=70,retain,nodes=100k)@3.classic(chip=100)@2.dil(prob=20)@1
ab(deep=12,tt,ord,rem=70,retain,nodes=100k)@3	675	7	3592	15.360	on	learned(model=95,07792e69,pool_games,lin,shape=129-1)@1.opener(rand,moves=8)@1	learned(model=95,07792e69,pool_games,lin,shape=129-1)@1.opener(rand,moves=8)@1	ab(deep=12,tt,ord,rem=70,retain,nodes=100k)@3.learned(model=95,07792e69,pool_games,lin,shape=129-1)@1.opener(rand,moves=8)@1
ab(deep=12,tt,ord,rem=70,retain,nodes=100k)@3	674	7	3592	46.106	on	learned(model=333,06bdc1f0,tdleaf_self,mlp,shape=30-16-1)@1.opener(rand,moves=8)@1	learned(model=333,06bdc1f0,tdleaf_self,mlp,shape=30-16-1)@1.opener(rand,moves=8)@1	ab(deep=12,tt,ord,rem=70,retain,nodes=100k)@3.learned(model=333,06bdc1f0,tdleaf_self,mlp,shape=30-16-1)@1.opener(rand,moves=8)@1
ab(deep=12,tt,ord,rem=70,retain,nodes=100k)@3	670	7	3592	18.372	on	learned(model=10,fead67b7,weight_merge,lin,shape=129-1)@1.dil(prob=20)@1	learned(model=10,fead67b7,weight_merge,lin,shape=129-1)@1.dil(prob=20)@1	ab(deep=12,tt,ord,rem=70,retain,nodes=100k)@3.learned(model=10,fead67b7,weight_merge,lin,shape=129-1)@1.dil(prob=20)@1
ab(deep=12,tt,ord,rem=70,retain,nodes=100k)@3	664	7	3592	15.134	on	learned(model=369,612a48a8,tdleaf_self,lin,shape=129-1)@1.opener(rand,moves=8)@1	learned(model=369,612a48a8,tdleaf_self,lin,shape=129-1)@1.opener(rand,moves=8)@1	ab(deep=12,tt,ord,rem=70,retain,nodes=100k)@3.learned(model=369,612a48a8,tdleaf_self,lin,shape=129-1)@1.opener(rand,moves=8)@1
ab(deep=12,tt,ord,rem=70,retain,nodes=100k)@3	655	7	3592	18.097	on	learned(model=96,990e39e7,pool_games,lin,shape=129-1)@1.dil(prob=20)@1	learned(model=96,990e39e7,pool_games,lin,shape=129-1)@1.dil(prob=20)@1	ab(deep=12,tt,ord,rem=70,retain,nodes=100k)@3.learned(model=96,990e39e7,pool_games,lin,shape=129-1)@1.dil(prob=20)@1
ab(deep=12,tt,ord,rem=70,retain,nodes=100k)@3	655	7	3592	17.883	on	learned(model=98,5801570e,pool_games,lin,shape=129-1)@1.dil(prob=20)@1	learned(model=98,5801570e,pool_games,lin,shape=129-1)@1.dil(prob=20)@1	ab(deep=12,tt,ord,rem=70,retain,nodes=100k)@3.learned(model=98,5801570e,pool_games,lin,shape=129-1)@1.dil(prob=20)@1
ab(deep=12,tt,ord,rem=70,retain,nodes=100k)@3	645	7	3592	17.904	on	learned(model=76,ef183148,position_elo,lin,mu_shape=129-1,sigma_shape=129-1)@1.dil(prob=20)@1	learned(model=76,ef183148,position_elo,lin,mu_shape=129-1,sigma_shape=129-1)@1.dil(prob=20)@1	ab(deep=12,tt,ord,rem=70,retain,nodes=100k)@3.learned(model=76,ef183148,position_elo,lin,mu_shape=129-1,sigma_shape=129-1)@1.dil(prob=20)@1
ab(deep=12,tt,ord,rem=70,retain,nodes=100k)@3	642	7	3592	45.344	on	learned(model=387,607b64aa,tdleaf_self,lin,shape=30-1)@1.dil(prob=20)@1	learned(model=387,607b64aa,tdleaf_self,lin,shape=30-1)@1.dil(prob=20)@1	ab(deep=12,tt,ord,rem=70,retain,nodes=100k)@3.learned(model=387,607b64aa,tdleaf_self,lin,shape=30-1)@1.dil(prob=20)@1
ab(deep=12,tt,ord,rem=70,retain,nodes=100k)@3	638	7	3592	18.213	on	learned(model=459,642147d2,tdleaf_self,lin,shape=129-1)@1.dil(prob=20)@1	learned(model=459,642147d2,tdleaf_self,lin,shape=129-1)@1.dil(prob=20)@1	ab(deep=12,tt,ord,rem=70,retain,nodes=100k)@3.learned(model=459,642147d2,tdleaf_self,lin,shape=129-1)@1.dil(prob=20)@1
ab(deep=12,tt,ord,rem=70,retain,nodes=100k)@3	628	7	3592	18.276	on	learned(model=3,68364898,pool_games,lin,shape=129-1)@1.dil(prob=20)@1	learned(model=3,68364898,pool_games,lin,shape=129-1)@1.dil(prob=20)@1	ab(deep=12,tt,ord,rem=70,retain,nodes=100k)@3.learned(model=3,68364898,pool_games,lin,shape=129-1)@1.dil(prob=20)@1
ab(deep=12,tt,ord,rem=70,retain,nodes=100k)@3	627	7	3592	314.485	on	learned(model=111,78ef6974,position_elo,mlp,mu_shape=129-512-8-1,sigma_shape=129-64-1)@1.dil(prob=20)@1	learned(model=111,78ef6974,position_elo,mlp,mu_shape=129-512-8-1,sigma_shape=129-64-1)@1.dil(prob=20)@1	ab(deep=12,tt,ord,rem=70,retain,nodes=100k)@3.learned(model=111,78ef6974,position_elo,mlp,mu_shape=129-512-8-1,sigma_shape=129-64-1)@1.dil(prob=20)@1
ab(deep=12,tt,ord,rem=70,retain,nodes=100k)@3	625	7	3592	18.265	on	learned(model=99,59815079,pool_games,lin,shape=129-1)@1.dil(prob=20)@1	learned(model=99,59815079,pool_games,lin,shape=129-1)@1.dil(prob=20)@1	ab(deep=12,tt,ord,rem=70,retain,nodes=100k)@3.learned(model=99,59815079,pool_games,lin,shape=129-1)@1.dil(prob=20)@1
ab(deep=12,tt,ord,rem=70,retain,nodes=100k)@3	621	7	3592	139.049	on	learned(model=77,ddaa5090,position_elo,mlp,mu_shape=129-128-64-1,sigma_shape=129-32-1)@1.dil(prob=20)@1	learned(model=77,ddaa5090,position_elo,mlp,mu_shape=129-128-64-1,sigma_shape=129-32-1)@1.dil(prob=20)@1	ab(deep=12,tt,ord,rem=70,retain,nodes=100k)@3.learned(model=77,ddaa5090,position_elo,mlp,mu_shape=129-128-64-1,sigma_shape=129-32-1)@1.dil(prob=20)@1
ab(deep=12,tt,ord,rem=70,retain,nodes=100k)@3	616	7	3592	17.906	on	learned(model=8,6f1a4264,pool_games,lin,shape=129-1)@1.dil(prob=20)@1	learned(model=8,6f1a4264,pool_games,lin,shape=129-1)@1.dil(prob=20)@1	ab(deep=12,tt,ord,rem=70,retain,nodes=100k)@3.learned(model=8,6f1a4264,pool_games,lin,shape=129-1)@1.dil(prob=20)@1
ab(deep=12,tt,ord,rem=70,retain,nodes=100k)@3	612	7	3592	18.025	on	learned(model=4,eb105733,pool_games,lin,shape=129-1)@1.dil(prob=20)@1	learned(model=4,eb105733,pool_games,lin,shape=129-1)@1.dil(prob=20)@1	ab(deep=12,tt,ord,rem=70,retain,nodes=100k)@3.learned(model=4,eb105733,pool_games,lin,shape=129-1)@1.dil(prob=20)@1
ab(deep=12,tt,ord,rem=70,retain,nodes=100k)@3	610	7	3592	35.432	on	learned(model=405,111c40c8,tdleaf_self,mlp,shape=129-32-1)@1.dil(prob=20)@1	learned(model=405,111c40c8,tdleaf_self,mlp,shape=129-32-1)@1.dil(prob=20)@1	ab(deep=12,tt,ord,rem=70,retain,nodes=100k)@3.learned(model=405,111c40c8,tdleaf_self,mlp,shape=129-32-1)@1.dil(prob=20)@1
ab(deep=12,tt,ord,rem=70,retain,nodes=100k)@3	605	7	3592	140.731	on	learned(model=78,2fa21eda,position_elo,mlp,mu_shape=129-128-64-1,sigma_shape=129-32-1)@1.dil(prob=20)@1	learned(model=78,2fa21eda,position_elo,mlp,mu_shape=129-128-64-1,sigma_shape=129-32-1)@1.dil(prob=20)@1	ab(deep=12,tt,ord,rem=70,retain,nodes=100k)@3.learned(model=78,2fa21eda,position_elo,mlp,mu_shape=129-128-64-1,sigma_shape=129-32-1)@1.dil(prob=20)@1
ab(deep=12,tt,ord,rem=70,retain,nodes=100k)@3	604	8	2734	75.453	on	learned(model=279,409dc0b3,tdleaf_self,mlp,shape=30-16-1)@1	learned(model=279,409dc0b3,tdleaf_self,mlp,shape=30-16-1)@1	ab(deep=12,tt,ord,rem=70,retain,nodes=100k)@3.learned(model=279,409dc0b3,tdleaf_self,mlp,shape=30-16-1)@1
ab(deep=12,tt,ord,rem=70,retain,nodes=100k)@3	589	7	3592	55.231	on	learned(model=585,e37f6895,tdleaf_self,mlp,shape=30-32-1)@1.dil(prob=20)@1	learned(model=585,e37f6895,tdleaf_self,mlp,shape=30-32-1)@1.dil(prob=20)@1	ab(deep=12,tt,ord,rem=70,retain,nodes=100k)@3.learned(model=585,e37f6895,tdleaf_self,mlp,shape=30-32-1)@1.dil(prob=20)@1
ab(deep=12,tt,ord,rem=70,retain,nodes=100k)@3	582	7	3592	334.488	on	learned(model=79,18f19059,position_elo,mlp,mu_shape=129-256-128-1,sigma_shape=129-64-1)@1.dil(prob=20)@1	learned(model=79,18f19059,position_elo,mlp,mu_shape=129-256-128-1,sigma_shape=129-64-1)@1.dil(prob=20)@1	ab(deep=12,tt,ord,rem=70,retain,nodes=100k)@3.learned(model=79,18f19059,position_elo,mlp,mu_shape=129-256-128-1,sigma_shape=129-64-1)@1.dil(prob=20)@1
ab(deep=12,tt,ord,rem=70,retain,nodes=100k)@3	578	8	2734	22.892	on	learned(model=531,748d1c8d,tdleaf_self,lin,shape=129-1)@1	learned(model=531,748d1c8d,tdleaf_self,lin,shape=129-1)@1	ab(deep=12,tt,ord,rem=70,retain,nodes=100k)@3.learned(model=531,748d1c8d,tdleaf_self,lin,shape=129-1)@1
ab(deep=12,tt,ord,rem=70,retain,nodes=100k)@3	577	7	3592	302.036	on	learned(model=110,1466db6c,position_elo,mlp,mu_shape=129-512-8-1,sigma_shape=129-64-1)@1.dil(prob=20)@1	learned(model=110,1466db6c,position_elo,mlp,mu_shape=129-512-8-1,sigma_shape=129-64-1)@1.dil(prob=20)@1	ab(deep=12,tt,ord,rem=70,retain,nodes=100k)@3.learned(model=110,1466db6c,position_elo,mlp,mu_shape=129-512-8-1,sigma_shape=129-64-1)@1.dil(prob=20)@1
ab(deep=12,tt,ord,rem=70,retain,nodes=100k)@3	566	7	3592	17.956	on	learned(model=94,784bb5fe,pool_games,lin,shape=129-1)@1.dil(prob=20)@1	learned(model=94,784bb5fe,pool_games,lin,shape=129-1)@1.dil(prob=20)@1	ab(deep=12,tt,ord,rem=70,retain,nodes=100k)@3.learned(model=94,784bb5fe,pool_games,lin,shape=129-1)@1.dil(prob=20)@1
ab(deep=12,tt,ord,rem=70,retain,nodes=100k)@3	556	7	3592	18.268	on	learned(model=95,07792e69,pool_games,lin,shape=129-1)@1.dil(prob=20)@1	learned(model=95,07792e69,pool_games,lin,shape=129-1)@1.dil(prob=20)@1	ab(deep=12,tt,ord,rem=70,retain,nodes=100k)@3.learned(model=95,07792e69,pool_games,lin,shape=129-1)@1.dil(prob=20)@1
ab(deep=12,tt,ord,rem=70,retain,nodes=100k)@3	551	8	2734	48.083	on	learned(model=261,52cd70f8,tdleaf_self,mlp,shape=129-32-1)@1	learned(model=261,52cd70f8,tdleaf_self,mlp,shape=129-32-1)@1	ab(deep=12,tt,ord,rem=70,retain,nodes=100k)@3.learned(model=261,52cd70f8,tdleaf_self,mlp,shape=129-32-1)@1
ab(deep=12,tt,ord,rem=70,retain,nodes=100k)@3	545	7	3592	47.269	on	learned(model=279,409dc0b3,tdleaf_self,mlp,shape=30-16-1)@1.opener(rand,moves=8)@1	learned(model=279,409dc0b3,tdleaf_self,mlp,shape=30-16-1)@1.opener(rand,moves=8)@1	ab(deep=12,tt,ord,rem=70,retain,nodes=100k)@3.learned(model=279,409dc0b3,tdleaf_self,mlp,shape=30-16-1)@1.opener(rand,moves=8)@1
ab(deep=12,tt,ord,rem=70,retain,nodes=100k)@3	524	7	3592	15.019	on	learned(model=531,748d1c8d,tdleaf_self,lin,shape=129-1)@1.opener(rand,moves=8)@1	learned(model=531,748d1c8d,tdleaf_self,lin,shape=129-1)@1.opener(rand,moves=8)@1	ab(deep=12,tt,ord,rem=70,retain,nodes=100k)@3.learned(model=531,748d1c8d,tdleaf_self,lin,shape=129-1)@1.opener(rand,moves=8)@1
ab(deep=12,tt,ord,rem=70,retain,nodes=100k)@3	522	7	3592	14.444	on	learned(model=97,87a5093d,pool_games,lin,shape=129-1)@1.opener(rand,moves=8)@1	learned(model=97,87a5093d,pool_games,lin,shape=129-1)@1.opener(rand,moves=8)@1	ab(deep=12,tt,ord,rem=70,retain,nodes=100k)@3.learned(model=97,87a5093d,pool_games,lin,shape=129-1)@1.opener(rand,moves=8)@1
ab(deep=12,tt,ord,rem=70,retain,nodes=100k)@3	498	8	3592	18.282	on	learned(model=369,612a48a8,tdleaf_self,lin,shape=129-1)@1.dil(prob=20)@1	learned(model=369,612a48a8,tdleaf_self,lin,shape=129-1)@1.dil(prob=20)@1	ab(deep=12,tt,ord,rem=70,retain,nodes=100k)@3.learned(model=369,612a48a8,tdleaf_self,lin,shape=129-1)@1.dil(prob=20)@1
ab(deep=12,tt,ord,rem=70,retain,nodes=100k)@3	496	8	3592	60.365	on	learned(model=333,06bdc1f0,tdleaf_self,mlp,shape=30-16-1)@1.dil(prob=20)@1	learned(model=333,06bdc1f0,tdleaf_self,mlp,shape=30-16-1)@1.dil(prob=20)@1	ab(deep=12,tt,ord,rem=70,retain,nodes=100k)@3.learned(model=333,06bdc1f0,tdleaf_self,mlp,shape=30-16-1)@1.dil(prob=20)@1
ab(deep=12,tt,ord,rem=70,retain,nodes=100k)@3	491	8	3592	30.648	on	learned(model=261,52cd70f8,tdleaf_self,mlp,shape=129-32-1)@1.opener(rand,moves=8)@1	learned(model=261,52cd70f8,tdleaf_self,mlp,shape=129-32-1)@1.opener(rand,moves=8)@1	ab(deep=12,tt,ord,rem=70,retain,nodes=100k)@3.learned(model=261,52cd70f8,tdleaf_self,mlp,shape=129-32-1)@1.opener(rand,moves=8)@1
ab(deep=12,tt,ord,rem=70,retain,nodes=100k)@3	479	8	3592	16.970	on	learned(model=97,87a5093d,pool_games,lin,shape=129-1)@1.dil(prob=20)@1	learned(model=97,87a5093d,pool_games,lin,shape=129-1)@1.dil(prob=20)@1	ab(deep=12,tt,ord,rem=70,retain,nodes=100k)@3.learned(model=97,87a5093d,pool_games,lin,shape=129-1)@1.dil(prob=20)@1
ab(deep=12,tt,ord,rem=70,retain,nodes=100k)@3	472	8	3592	39.716	on	learned(model=585,e37f6895,tdleaf_self,mlp,shape=30-32-1)@1.opener(rand,moves=8)@1	learned(model=585,e37f6895,tdleaf_self,mlp,shape=30-32-1)@1.opener(rand,moves=8)@1	ab(deep=12,tt,ord,rem=70,retain,nodes=100k)@3.learned(model=585,e37f6895,tdleaf_self,mlp,shape=30-32-1)@1.opener(rand,moves=8)@1
ab(deep=12,tt,ord,rem=70,retain,nodes=100k)@3	398	9	3592	61.606	on	learned(model=279,409dc0b3,tdleaf_self,mlp,shape=30-16-1)@1.dil(prob=20)@1	learned(model=279,409dc0b3,tdleaf_self,mlp,shape=30-16-1)@1.dil(prob=20)@1	ab(deep=12,tt,ord,rem=70,retain,nodes=100k)@3.learned(model=279,409dc0b3,tdleaf_self,mlp,shape=30-16-1)@1.dil(prob=20)@1
ab(deep=12,tt,ord,rem=70,retain,nodes=100k)@3	376	9	3592	17.945	on	learned(model=531,748d1c8d,tdleaf_self,lin,shape=129-1)@1.dil(prob=20)@1	learned(model=531,748d1c8d,tdleaf_self,lin,shape=129-1)@1.dil(prob=20)@1	ab(deep=12,tt,ord,rem=70,retain,nodes=100k)@3.learned(model=531,748d1c8d,tdleaf_self,lin,shape=129-1)@1.dil(prob=20)@1
ab(deep=12,tt,ord,rem=70,retain,nodes=100k)@3	352	9	3592	38.531	on	learned(model=261,52cd70f8,tdleaf_self,mlp,shape=129-32-1)@1.dil(prob=20)@1	learned(model=261,52cd70f8,tdleaf_self,mlp,shape=129-32-1)@1.dil(prob=20)@1	ab(deep=12,tt,ord,rem=70,retain,nodes=100k)@3.learned(model=261,52cd70f8,tdleaf_self,mlp,shape=129-32-1)@1.dil(prob=20)@1
ab(deep=8,tt,ord,nodes=2m)@3	1151	0	4722	135.784	on	classic(chip=100)@2	classic(chip=100)@2	ab(deep=8,tt,ord,nodes=2m)@3.classic(chip=100)@2
ab(deep=8,tt,ord,nodes=2m)@3	1067	0	8736	112.828	on	classic(chip=100)@2.dil(prob=15,deep=6)@1	classic(chip=100)@2.dil(prob=15,deep=6)@1	ab(deep=8,tt,ord,nodes=2m)@3.classic(chip=100)@2.dil(prob=15,deep=6)@1
ab(deep=8,tt,ord,nodes=2m)@3	1058	0	8736	94.542	on	classic(chip=100)@2.dil(prob=30,deep=6)@1	classic(chip=100)@2.dil(prob=30,deep=6)@1	ab(deep=8,tt,ord,nodes=2m)@3.classic(chip=100)@2.dil(prob=30,deep=6)@1
ab(deep=6,tt,ord,time=150ms)@3	1147	11	2080	24.395	on	learned(model=169,4975683c,tdleaf_self,lin,shape=129-1)@1	learned(model=169,4975683c,tdleaf_self,lin,shape=129-1)@1	ab(deep=6,tt,ord,time=150ms)@3.learned(model=169,4975683c,tdleaf_self,lin,shape=129-1)@1
ab(deep=6,tt,ord,time=150ms)@3	1055	10	2080	20.880	on	learned(model=10,fead67b7,weight_merge,lin,shape=129-1)@1	learned(model=10,fead67b7,weight_merge,lin,shape=129-1)@1	ab(deep=6,tt,ord,time=150ms)@3.learned(model=10,fead67b7,weight_merge,lin,shape=129-1)@1
ab(deep=6,tt,ord,time=150ms)@3	1012	10	2080	18.017	on	learned(model=98,5801570e,pool_games,lin,shape=129-1)@1	learned(model=98,5801570e,pool_games,lin,shape=129-1)@1	ab(deep=6,tt,ord,time=150ms)@3.learned(model=98,5801570e,pool_games,lin,shape=129-1)@1
ab(deep=6,tt,ord,time=150ms)@3	1011	10	2080	17.751	on	learned(model=96,990e39e7,pool_games,lin,shape=129-1)@1	learned(model=96,990e39e7,pool_games,lin,shape=129-1)@1	ab(deep=6,tt,ord,time=150ms)@3.learned(model=96,990e39e7,pool_games,lin,shape=129-1)@1
ab(deep=6,tt,ord,time=150ms)@3	1008	10	2080	11.278	on	classic(chip=100)@2	classic(chip=100)@2	ab(deep=6,tt,ord,time=150ms)@3.classic(chip=100)@2
ab(deep=6,tt,ord,time=150ms)@3	954	9	2080	18.702	on	learned(model=3,68364898,pool_games,lin,shape=129-1)@1	learned(model=3,68364898,pool_games,lin,shape=129-1)@1	ab(deep=6,tt,ord,time=150ms)@3.learned(model=3,68364898,pool_games,lin,shape=129-1)@1
ab(deep=6,tt,ord,time=150ms)@3	933	9	2080	22.155	on	learned(model=76,ef183148,position_elo,lin,mu_shape=129-1,sigma_shape=129-1)@1	learned(model=76,ef183148,position_elo,lin,mu_shape=129-1,sigma_shape=129-1)@1	ab(deep=6,tt,ord,time=150ms)@3.learned(model=76,ef183148,position_elo,lin,mu_shape=129-1,sigma_shape=129-1)@1
ab(deep=6,tt,ord,time=150ms)@3	933	9	2080	18.859	on	learned(model=8,6f1a4264,pool_games,lin,shape=129-1)@1	learned(model=8,6f1a4264,pool_games,lin,shape=129-1)@1	ab(deep=6,tt,ord,time=150ms)@3.learned(model=8,6f1a4264,pool_games,lin,shape=129-1)@1
ab(deep=6,tt,ord,time=150ms)@3	916	9	2080	18.252	on	learned(model=4,eb105733,pool_games,lin,shape=129-1)@1	learned(model=4,eb105733,pool_games,lin,shape=129-1)@1	ab(deep=6,tt,ord,time=150ms)@3.learned(model=4,eb105733,pool_games,lin,shape=129-1)@1
ab(deep=6,tt,ord,time=150ms)@3	903	9	2080	15.940	on	learned(model=99,59815079,pool_games,lin,shape=129-1)@1	learned(model=99,59815079,pool_games,lin,shape=129-1)@1	ab(deep=6,tt,ord,time=150ms)@3.learned(model=99,59815079,pool_games,lin,shape=129-1)@1
ab(deep=6,tt,ord,time=150ms)@3	903	9	2080	13.962	on	learned(model=10,fead67b7,weight_merge,lin,shape=129-1)@1.opener(rand,moves=8)@1	learned(model=10,fead67b7,weight_merge,lin,shape=129-1)@1.opener(rand,moves=8)@1	ab(deep=6,tt,ord,time=150ms)@3.learned(model=10,fead67b7,weight_merge,lin,shape=129-1)@1.opener(rand,moves=8)@1
ab(deep=6,tt,ord,time=150ms)@3	868	9	2080	8.214	on	classic(chip=100)@2.opener(rand,moves=8)@1	classic(chip=100)@2.opener(rand,moves=8)@1	ab(deep=6,tt,ord,time=150ms)@3.classic(chip=100)@2.opener(rand,moves=8)@1
ab(deep=6,tt,ord,time=150ms)@3	859	9	2080	14.970	on	learned(model=76,ef183148,position_elo,lin,mu_shape=129-1,sigma_shape=129-1)@1.opener(rand,moves=8)@1	learned(model=76,ef183148,position_elo,lin,mu_shape=129-1,sigma_shape=129-1)@1.opener(rand,moves=8)@1	ab(deep=6,tt,ord,time=150ms)@3.learned(model=76,ef183148,position_elo,lin,mu_shape=129-1,sigma_shape=129-1)@1.opener(rand,moves=8)@1
ab(deep=6,tt,ord,time=150ms)@3	852	9	2080	12.377	on	learned(model=96,990e39e7,pool_games,lin,shape=129-1)@1.opener(rand,moves=8)@1	learned(model=96,990e39e7,pool_games,lin,shape=129-1)@1.opener(rand,moves=8)@1	ab(deep=6,tt,ord,time=150ms)@3.learned(model=96,990e39e7,pool_games,lin,shape=129-1)@1.opener(rand,moves=8)@1
ab(deep=6,tt,ord,time=150ms)@3	830	9	2080	12.412	on	learned(model=98,5801570e,pool_games,lin,shape=129-1)@1.opener(rand,moves=8)@1	learned(model=98,5801570e,pool_games,lin,shape=129-1)@1.opener(rand,moves=8)@1	ab(deep=6,tt,ord,time=150ms)@3.learned(model=98,5801570e,pool_games,lin,shape=129-1)@1.opener(rand,moves=8)@1
ab(deep=6,tt,ord,time=150ms)@3	822	9	2080	13.125	on	learned(model=8,6f1a4264,pool_games,lin,shape=129-1)@1.opener(rand,moves=8)@1	learned(model=8,6f1a4264,pool_games,lin,shape=129-1)@1.opener(rand,moves=8)@1	ab(deep=6,tt,ord,time=150ms)@3.learned(model=8,6f1a4264,pool_games,lin,shape=129-1)@1.opener(rand,moves=8)@1
ab(deep=6,tt,ord,time=150ms)@3	819	9	2080	75.066	on	learned(model=111,78ef6974,position_elo,mlp,mu_shape=129-512-8-1,sigma_shape=129-64-1)@1	learned(model=111,78ef6974,position_elo,mlp,mu_shape=129-512-8-1,sigma_shape=129-64-1)@1	ab(deep=6,tt,ord,time=150ms)@3.learned(model=111,78ef6974,position_elo,mlp,mu_shape=129-512-8-1,sigma_shape=129-64-1)@1
ab(deep=6,tt,ord,time=150ms)@3	816	9	2080	13.055	on	learned(model=4,eb105733,pool_games,lin,shape=129-1)@1.opener(rand,moves=8)@1	learned(model=4,eb105733,pool_games,lin,shape=129-1)@1.opener(rand,moves=8)@1	ab(deep=6,tt,ord,time=150ms)@3.learned(model=4,eb105733,pool_games,lin,shape=129-1)@1.opener(rand,moves=8)@1
ab(deep=6,tt,ord,time=150ms)@3	808	9	2080	17.155	on	learned(model=94,784bb5fe,pool_games,lin,shape=129-1)@1	learned(model=94,784bb5fe,pool_games,lin,shape=129-1)@1	ab(deep=6,tt,ord,time=150ms)@3.learned(model=94,784bb5fe,pool_games,lin,shape=129-1)@1
ab(deep=6,tt,ord,time=150ms)@3	806	9	2080	15.537	on	learned(model=95,07792e69,pool_games,lin,shape=129-1)@1	learned(model=95,07792e69,pool_games,lin,shape=129-1)@1	ab(deep=6,tt,ord,time=150ms)@3.learned(model=95,07792e69,pool_games,lin,shape=129-1)@1
ab(deep=6,tt,ord,time=150ms)@3	805	9	2080	12.772	on	learned(model=3,68364898,pool_games,lin,shape=129-1)@1.opener(rand,moves=8)@1	learned(model=3,68364898,pool_games,lin,shape=129-1)@1.opener(rand,moves=8)@1	ab(deep=6,tt,ord,time=150ms)@3.learned(model=3,68364898,pool_games,lin,shape=129-1)@1.opener(rand,moves=8)@1
ab(deep=6,tt,ord,time=150ms)@3	778	8	2080	71.518	on	learned(model=113,e3cc8b4e,position_elo,mlp,mu_shape=129-512-8-1,sigma_shape=129-64-1)@1	learned(model=113,e3cc8b4e,position_elo,mlp,mu_shape=129-512-8-1,sigma_shape=129-64-1)@1	ab(deep=6,tt,ord,time=150ms)@3.learned(model=113,e3cc8b4e,position_elo,mlp,mu_shape=129-512-8-1,sigma_shape=129-64-1)@1
ab(deep=6,tt,ord,time=150ms)@3	768	8	2080	11.448	on	learned(model=99,59815079,pool_games,lin,shape=129-1)@1.opener(rand,moves=8)@1	learned(model=99,59815079,pool_games,lin,shape=129-1)@1.opener(rand,moves=8)@1	ab(deep=6,tt,ord,time=150ms)@3.learned(model=99,59815079,pool_games,lin,shape=129-1)@1.opener(rand,moves=8)@1
ab(deep=6,tt,ord,time=150ms)@3	720	8	2080	47.996	on	learned(model=111,78ef6974,position_elo,mlp,mu_shape=129-512-8-1,sigma_shape=129-64-1)@1.opener(rand,moves=8)@1	learned(model=111,78ef6974,position_elo,mlp,mu_shape=129-512-8-1,sigma_shape=129-64-1)@1.opener(rand,moves=8)@1	ab(deep=6,tt,ord,time=150ms)@3.learned(model=111,78ef6974,position_elo,mlp,mu_shape=129-512-8-1,sigma_shape=129-64-1)@1.opener(rand,moves=8)@1
ab(deep=6,tt,ord,time=150ms)@3	706	8	2080	11.894	on	learned(model=94,784bb5fe,pool_games,lin,shape=129-1)@1.opener(rand,moves=8)@1	learned(model=94,784bb5fe,pool_games,lin,shape=129-1)@1.opener(rand,moves=8)@1	ab(deep=6,tt,ord,time=150ms)@3.learned(model=94,784bb5fe,pool_games,lin,shape=129-1)@1.opener(rand,moves=8)@1
ab(deep=6,tt,ord,time=150ms)@3	684	9	2080	14.380	on	learned(model=97,87a5093d,pool_games,lin,shape=129-1)@1	learned(model=97,87a5093d,pool_games,lin,shape=129-1)@1	ab(deep=6,tt,ord,time=150ms)@3.learned(model=97,87a5093d,pool_games,lin,shape=129-1)@1
ab(deep=6,tt,ord,time=150ms)@3	666	9	2080	11.205	on	learned(model=95,07792e69,pool_games,lin,shape=129-1)@1.opener(rand,moves=8)@1	learned(model=95,07792e69,pool_games,lin,shape=129-1)@1.opener(rand,moves=8)@1	ab(deep=6,tt,ord,time=150ms)@3.learned(model=95,07792e69,pool_games,lin,shape=129-1)@1.opener(rand,moves=8)@1
ab(deep=6,tt,ord,time=150ms)@3	664	9	2080	17.010	on	learned(model=10,fead67b7,weight_merge,lin,shape=129-1)@1.dil(prob=20)@1	learned(model=10,fead67b7,weight_merge,lin,shape=129-1)@1.dil(prob=20)@1	ab(deep=6,tt,ord,time=150ms)@3.learned(model=10,fead67b7,weight_merge,lin,shape=129-1)@1.dil(prob=20)@1
ab(deep=6,tt,ord,time=150ms)@3	663	9	2080	9.410	on	classic(chip=100)@2.dil(prob=20)@1	classic(chip=100)@2.dil(prob=20)@1	ab(deep=6,tt,ord,time=150ms)@3.classic(chip=100)@2.dil(prob=20)@1
ab(deep=6,tt,ord,time=150ms)@3	662	9	2080	46.637	on	learned(model=113,e3cc8b4e,position_elo,mlp,mu_shape=129-512-8-1,sigma_shape=129-64-1)@1.opener(rand,moves=8)@1	learned(model=113,e3cc8b4e,position_elo,mlp,mu_shape=129-512-8-1,sigma_shape=129-64-1)@1.opener(rand,moves=8)@1	ab(deep=6,tt,ord,time=150ms)@3.learned(model=113,e3cc8b4e,position_elo,mlp,mu_shape=129-512-8-1,sigma_shape=129-64-1)@1.opener(rand,moves=8)@1
ab(deep=6,tt,ord,time=150ms)@3	655	9	2080	15.276	on	learned(model=96,990e39e7,pool_games,lin,shape=129-1)@1.dil(prob=20)@1	learned(model=96,990e39e7,pool_games,lin,shape=129-1)@1.dil(prob=20)@1	ab(deep=6,tt,ord,time=150ms)@3.learned(model=96,990e39e7,pool_games,lin,shape=129-1)@1.dil(prob=20)@1
ab(deep=6,tt,ord,time=150ms)@3	648	9	2080	17.831	on	learned(model=76,ef183148,position_elo,lin,mu_shape=129-1,sigma_shape=129-1)@1.dil(prob=20)@1	learned(model=76,ef183148,position_elo,lin,mu_shape=129-1,sigma_shape=129-1)@1.dil(prob=20)@1	ab(deep=6,tt,ord,time=150ms)@3.learned(model=76,ef183148,position_elo,lin,mu_shape=129-1,sigma_shape=129-1)@1.dil(prob=20)@1
ab(deep=6,tt,ord,time=150ms)@3	636	9	2080	15.172	on	learned(model=98,5801570e,pool_games,lin,shape=129-1)@1.dil(prob=20)@1	learned(model=98,5801570e,pool_games,lin,shape=129-1)@1.dil(prob=20)@1	ab(deep=6,tt,ord,time=150ms)@3.learned(model=98,5801570e,pool_games,lin,shape=129-1)@1.dil(prob=20)@1
ab(deep=6,tt,ord,time=150ms)@3	631	9	2080	15.967	on	learned(model=3,68364898,pool_games,lin,shape=129-1)@1.dil(prob=20)@1	learned(model=3,68364898,pool_games,lin,shape=129-1)@1.dil(prob=20)@1	ab(deep=6,tt,ord,time=150ms)@3.learned(model=3,68364898,pool_games,lin,shape=129-1)@1.dil(prob=20)@1
ab(deep=6,tt,ord,time=150ms)@3	629	9	2080	16.087	on	learned(model=8,6f1a4264,pool_games,lin,shape=129-1)@1.dil(prob=20)@1	learned(model=8,6f1a4264,pool_games,lin,shape=129-1)@1.dil(prob=20)@1	ab(deep=6,tt,ord,time=150ms)@3.learned(model=8,6f1a4264,pool_games,lin,shape=129-1)@1.dil(prob=20)@1
ab(deep=6,tt,ord,time=150ms)@3	610	9	2080	16.089	on	learned(model=4,eb105733,pool_games,lin,shape=129-1)@1.dil(prob=20)@1	learned(model=4,eb105733,pool_games,lin,shape=129-1)@1.dil(prob=20)@1	ab(deep=6,tt,ord,time=150ms)@3.learned(model=4,eb105733,pool_games,lin,shape=129-1)@1.dil(prob=20)@1
ab(deep=6,tt,ord,time=150ms)@3	610	9	2080	13.354	on	learned(model=99,59815079,pool_games,lin,shape=129-1)@1.dil(prob=20)@1	learned(model=99,59815079,pool_games,lin,shape=129-1)@1.dil(prob=20)@1	ab(deep=6,tt,ord,time=150ms)@3.learned(model=99,59815079,pool_games,lin,shape=129-1)@1.dil(prob=20)@1
ab(deep=6,tt,ord,time=150ms)@3	562	9	2080	61.266	on	learned(model=111,78ef6974,position_elo,mlp,mu_shape=129-512-8-1,sigma_shape=129-64-1)@1.dil(prob=20)@1	learned(model=111,78ef6974,position_elo,mlp,mu_shape=129-512-8-1,sigma_shape=129-64-1)@1.dil(prob=20)@1	ab(deep=6,tt,ord,time=150ms)@3.learned(model=111,78ef6974,position_elo,mlp,mu_shape=129-512-8-1,sigma_shape=129-64-1)@1.dil(prob=20)@1
ab(deep=6,tt,ord,time=150ms)@3	561	9	2080	13.453	on	learned(model=95,07792e69,pool_games,lin,shape=129-1)@1.dil(prob=20)@1	learned(model=95,07792e69,pool_games,lin,shape=129-1)@1.dil(prob=20)@1	ab(deep=6,tt,ord,time=150ms)@3.learned(model=95,07792e69,pool_games,lin,shape=129-1)@1.dil(prob=20)@1
ab(deep=6,tt,ord,time=150ms)@3	559	9	2080	14.487	on	learned(model=94,784bb5fe,pool_games,lin,shape=129-1)@1.dil(prob=20)@1	learned(model=94,784bb5fe,pool_games,lin,shape=129-1)@1.dil(prob=20)@1	ab(deep=6,tt,ord,time=150ms)@3.learned(model=94,784bb5fe,pool_games,lin,shape=129-1)@1.dil(prob=20)@1
ab(deep=6,tt,ord,time=150ms)@3	522	9	2080	58.825	on	learned(model=113,e3cc8b4e,position_elo,mlp,mu_shape=129-512-8-1,sigma_shape=129-64-1)@1.dil(prob=20)@1	learned(model=113,e3cc8b4e,position_elo,mlp,mu_shape=129-512-8-1,sigma_shape=129-64-1)@1.dil(prob=20)@1	ab(deep=6,tt,ord,time=150ms)@3.learned(model=113,e3cc8b4e,position_elo,mlp,mu_shape=129-512-8-1,sigma_shape=129-64-1)@1.dil(prob=20)@1
ab(deep=6,tt,ord,time=150ms)@3	520	9	2080	9.587	on	learned(model=97,87a5093d,pool_games,lin,shape=129-1)@1.opener(rand,moves=8)@1	learned(model=97,87a5093d,pool_games,lin,shape=129-1)@1.opener(rand,moves=8)@1	ab(deep=6,tt,ord,time=150ms)@3.learned(model=97,87a5093d,pool_games,lin,shape=129-1)@1.opener(rand,moves=8)@1
ab(deep=6,tt,ord,time=150ms)@3	494	10	2080	12.871	on	learned(model=97,87a5093d,pool_games,lin,shape=129-1)@1.dil(prob=20)@1	learned(model=97,87a5093d,pool_games,lin,shape=129-1)@1.dil(prob=20)@1	ab(deep=6,tt,ord,time=150ms)@3.learned(model=97,87a5093d,pool_games,lin,shape=129-1)@1.dil(prob=20)@1
ab(deep=6,ord,nodes=200k)@3	1126	0	4724	39.525	on	adv(chip=77,support=-2,control=1,noiseseed=1,racewin=1)@1	adv(chip=77,support=-2,control=1,noiseseed=1,racewin=1)@1	ab(deep=6,ord,nodes=200k)@3.adv(chip=77,support=-2,control=1,noiseseed=1,racewin=1)@1
ab(deep=6,ord,nodes=200k)@3	1123	0	4724	39.447	on	adv(chip=77,support=-2,control=1,noiseseed=1,racewin=1)@1.opener(book,book=19)@1	adv(chip=77,support=-2,control=1,noiseseed=1,racewin=1)@1.opener(book,book=19)@1	ab(deep=6,ord,nodes=200k)@3.adv(chip=77,support=-2,control=1,noiseseed=1,racewin=1)@1.opener(book,book=19)@1
ab(deep=6,ord,nodes=200k)@3	1119	0	4724	38.067	on	adv(chip=77,support=-2,control=1,noiseseed=1,racewin=1)@1.opener(book,book=3)@1	adv(chip=77,support=-2,control=1,noiseseed=1,racewin=1)@1.opener(book,book=3)@1	ab(deep=6,ord,nodes=200k)@3.adv(chip=77,support=-2,control=1,noiseseed=1,racewin=1)@1.opener(book,book=3)@1
ab(deep=6,ord,nodes=200k)@3	1116	0	4723	39.051	on	adv(chip=77,support=-2,control=1,noiseseed=1,racewin=1)@1.opener(book,book=20)@1	adv(chip=77,support=-2,control=1,noiseseed=1,racewin=1)@1.opener(book,book=20)@1	ab(deep=6,ord,nodes=200k)@3.adv(chip=77,support=-2,control=1,noiseseed=1,racewin=1)@1.opener(book,book=20)@1
ab(deep=6,ord,nodes=200k)@3	1091	0	4724	11.706	on	classic(chip=100)@2	classic(chip=100)@2	ab(deep=6,ord,nodes=200k)@3.classic(chip=100)@2
ab(deep=6,ord,nodes=200k)@3	1089	0	4724	20.343	on	adv(chip=75,hole=3,race=2,noiseseed=1,racewin=1)@1	adv(chip=75,hole=3,race=2,noiseseed=1,racewin=1)@1	ab(deep=6,ord,nodes=200k)@3.adv(chip=75,hole=3,race=2,noiseseed=1,racewin=1)@1
ab(deep=6,ord,nodes=200k)@3	1079	0	4724	37.814	on	adv(chip=77,support=-2,control=1,noiseseed=1,racewin=1)@1.opener(book,book=2)@1	adv(chip=77,support=-2,control=1,noiseseed=1,racewin=1)@1.opener(book,book=2)@1	ab(deep=6,ord,nodes=200k)@3.adv(chip=77,support=-2,control=1,noiseseed=1,racewin=1)@1.opener(book,book=2)@1
ab(deep=6,tt,ord,qs,nodes=200k)@3	1097	0	4722	12.334	on	classic(turn=1,chip=4)@2	classic(turn=1,chip=4)@2	ab(deep=6,tt,ord,qs,nodes=200k)@3.classic(turn=1,chip=4)@2
ab(deep=6,tt,ord,qs,nodes=200k)@3	1062	0	4722	20.127	on	learned(model=98,5801570e,pool_games,lin,shape=129-1)@1	learned(model=98,5801570e,pool_games,lin,shape=129-1)@1	ab(deep=6,tt,ord,qs,nodes=200k)@3.learned(model=98,5801570e,pool_games,lin,shape=129-1)@1
ab(deep=6,tt,nodes=200k)@3	1089	0	4724	11.439	on	classic(chip=100)@2	classic(chip=100)@2	ab(deep=6,tt,nodes=200k)@3.classic(chip=100)@2
ab(deep=6,tt,ord,margin=100,nodes=200k)@3	1086	0	4723	10.935	on	classic(chip=100)@2	classic(chip=100)@2	ab(deep=6,tt,ord,margin=100,nodes=200k)@3.classic(chip=100)@2
ab(deep=6,tt,ord,margin=50,nodes=200k)@3	1086	0	4724	10.443	on	classic(chip=100)@2	classic(chip=100)@2	ab(deep=6,tt,ord,margin=50,nodes=200k)@3.classic(chip=100)@2
ab(deep=6,tt,ord,margin=25,nodes=200k)@3	1083	0	4724	10.501	on	classic(chip=100)@2	classic(chip=100)@2	ab(deep=6,tt,ord,margin=25,nodes=200k)@3.classic(chip=100)@2
gaz(sims=300,cvisit=600,cscale=100,m=12)@1	1075	0	8574	5.579	on	learned(model=1465,5d6df7c0,gumbel_self,joint,value_shape=129-64-1,policy_shape=9-64-1)@1	learned(model=1465,5d6df7c0,gumbel_self,joint,value_shape=129-64-1,policy_shape=9-64-1)@1	gaz(sims=300,cvisit=600,cscale=100,m=12)@1.learned(model=1465,5d6df7c0,gumbel_self,joint,value_shape=129-64-1,policy_shape=9-64-1)@1
gaz(sims=500,cvisit=800,cscale=70,m=20)@1	1074	0	8576	5.746	on	learned(model=1545,4755d5f8,gumbel_self,joint,value_shape=129-32-1,policy_shape=9-32-1)@1	learned(model=1545,4755d5f8,gumbel_self,joint,value_shape=129-32-1,policy_shape=9-32-1)@1	gaz(sims=500,cvisit=800,cscale=70,m=20)@1.learned(model=1545,4755d5f8,gumbel_self,joint,value_shape=129-32-1,policy_shape=9-32-1)@1
gaz(sims=500,cvisit=800,cscale=70,m=8)@1	1056	0	8576	23.364	on	learned(model=1449,dc567440,gumbel_self,joint,value_shape=129-64-32-1,policy_shape=9-64-32-1)@1	learned(model=1449,dc567440,gumbel_self,joint,value_shape=129-64-32-1,policy_shape=9-64-32-1)@1	gaz(sims=500,cvisit=800,cscale=70,m=8)@1.learned(model=1449,dc567440,gumbel_self,joint,value_shape=129-64-32-1,policy_shape=9-64-32-1)@1
gaz(sims=300,cvisit=400,cscale=70)@1	1045	0	8575	82.112	on	learned(model=1849,a1dea895,gumbel_self,joint,value_shape=129-1,policy_shape=9-32-1)@1	learned(model=1849,a1dea895,gumbel_self,joint,value_shape=129-1,policy_shape=9-32-1)@1	gaz(sims=300,cvisit=400,cscale=70)@1.learned(model=1849,a1dea895,gumbel_self,joint,value_shape=129-1,policy_shape=9-32-1)@1
gaz(sims=300,cvisit=1000,cscale=40,m=8)@1	1011	0	8575	3.213	on	learned(model=1533,57845dcd,gumbel_self,joint,value_shape=129-32-1,policy_shape=9-32-1)@1	learned(model=1533,57845dcd,gumbel_self,joint,value_shape=129-32-1,policy_shape=9-32-1)@1	gaz(sims=300,cvisit=1000,cscale=40,m=8)@1.learned(model=1533,57845dcd,gumbel_self,joint,value_shape=129-32-1,policy_shape=9-32-1)@1
ab(deep=6,nodes=200k)@3	985	0	4724	7.806	on	classic(chip=100)@2	classic(chip=100)@2	ab(deep=6,nodes=200k)@3.classic(chip=100)@2
ab(deep=6,nodes=200k)@3	753	0	8744	7.120	on	classic(chip=100)@2.dil(prob=10)@1	classic(chip=100)@2.dil(prob=10)@1	ab(deep=6,nodes=200k)@3.classic(chip=100)@2.dil(prob=10)@1
ab(deep=6,nodes=200k)@3	562	0	8744	6.104	on	classic(chip=100)@2.dil(prob=25)@1	classic(chip=100)@2.dil(prob=25)@1	ab(deep=6,nodes=200k)@3.classic(chip=100)@2.dil(prob=25)@1
ab(deep=6,nodes=200k)@3	298	0	8744	4.256	on	classic(chip=100)@2.dil(prob=50)@1	classic(chip=100)@2.dil(prob=50)@1	ab(deep=6,nodes=200k)@3.classic(chip=100)@2.dil(prob=50)@1
ab(deep=5)@3	936	0	4724	2.206	on	classic(chip=100)@2	classic(chip=100)@2	ab(deep=5)@3.classic(chip=100)@2
ab(deep=4)@3	907	0	4724	0.867	on	exp(chip=4,forward=1)@2	exp(chip=4,forward=1)@2	ab(deep=4)@3.exp(chip=4,forward=1)@2
ab(deep=4)@3	890	0	4724	0.245	on	classic(chip=100)@2	classic(chip=100)@2	ab(deep=4)@3.classic(chip=100)@2
ab(deep=4)@3	887	0	4724	0.865	on	exp(chip=4,forward=2)@2	exp(chip=4,forward=2)@2	ab(deep=4)@3.exp(chip=4,forward=2)@2
ab(deep=4)@3	850	0	4724	0.886	on	exp(chip=4,forward=4)@2	exp(chip=4,forward=4)@2	ab(deep=4)@3.exp(chip=4,forward=4)@2
ab(deep=4)@3	839	0	4724	0.898	on	exp(chip=4,forward=8)@2	exp(chip=4,forward=8)@2	ab(deep=4)@3.exp(chip=4,forward=8)@2
ab(deep=4)@3	795	0	4724	57.789	on	learned(model=111,78ef6974,position_elo,mlp,mu_shape=129-512-8-1,sigma_shape=129-64-1)@1	learned(model=111,78ef6974,position_elo,mlp,mu_shape=129-512-8-1,sigma_shape=129-64-1)@1	ab(deep=4)@3.learned(model=111,78ef6974,position_elo,mlp,mu_shape=129-512-8-1,sigma_shape=129-64-1)@1
ab(deep=4)@3	786	0	4724	0.946	on	learned(model=76,ef183148,position_elo,lin,mu_shape=129-1,sigma_shape=129-1)@1	learned(model=76,ef183148,position_elo,lin,mu_shape=129-1,sigma_shape=129-1)@1	ab(deep=4)@3.learned(model=76,ef183148,position_elo,lin,mu_shape=129-1,sigma_shape=129-1)@1
ab(deep=4)@3	783	0	8744	0.228	on	classic(chip=100)@2.dil(prob=5)@1	classic(chip=100)@2.dil(prob=5)@1	ab(deep=4)@3.classic(chip=100)@2.dil(prob=5)@1
ab(deep=4)@3	770	0	4724	3.189	on	classic(chip=10,wall=3,column=2)@2	classic(chip=10,wall=3,column=2)@2	ab(deep=4)@3.classic(chip=10,wall=3,column=2)@2
ab(deep=4)@3	752	0	4724	69.478	on	learned(model=79,18f19059,position_elo,mlp,mu_shape=129-256-128-1,sigma_shape=129-64-1)@1	learned(model=79,18f19059,position_elo,mlp,mu_shape=129-256-128-1,sigma_shape=129-64-1)@1	ab(deep=4)@3.learned(model=79,18f19059,position_elo,mlp,mu_shape=129-256-128-1,sigma_shape=129-64-1)@1
ab(deep=4)@3	739	0	4724	28.967	on	learned(model=78,2fa21eda,position_elo,mlp,mu_shape=129-128-64-1,sigma_shape=129-32-1)@1	learned(model=78,2fa21eda,position_elo,mlp,mu_shape=129-128-64-1,sigma_shape=129-32-1)@1	ab(deep=4)@3.learned(model=78,2fa21eda,position_elo,mlp,mu_shape=129-128-64-1,sigma_shape=129-32-1)@1
ab(deep=4)@3	725	0	4724	61.202	on	learned(model=113,e3cc8b4e,position_elo,mlp,mu_shape=129-512-8-1,sigma_shape=129-64-1)@1	learned(model=113,e3cc8b4e,position_elo,mlp,mu_shape=129-512-8-1,sigma_shape=129-64-1)@1	ab(deep=4)@3.learned(model=113,e3cc8b4e,position_elo,mlp,mu_shape=129-512-8-1,sigma_shape=129-64-1)@1
ab(deep=4)@3	724	0	4724	27.194	on	learned(model=77,ddaa5090,position_elo,mlp,mu_shape=129-128-64-1,sigma_shape=129-32-1)@1	learned(model=77,ddaa5090,position_elo,mlp,mu_shape=129-128-64-1,sigma_shape=129-32-1)@1	ab(deep=4)@3.learned(model=77,ddaa5090,position_elo,mlp,mu_shape=129-128-64-1,sigma_shape=129-32-1)@1
ab(deep=4)@3	716	0	4724	2.645	on	exp(chip=64,column=1,forward=15)@2	exp(chip=64,column=1,forward=15)@2	ab(deep=4)@3.exp(chip=64,column=1,forward=15)@2
ab(deep=4)@3	716	0	4724	60.153	on	learned(model=115,21d7e638,position_elo,mlp,mu_shape=129-512-8-1,sigma_shape=129-64-1)@1	learned(model=115,21d7e638,position_elo,mlp,mu_shape=129-512-8-1,sigma_shape=129-64-1)@1	ab(deep=4)@3.learned(model=115,21d7e638,position_elo,mlp,mu_shape=129-512-8-1,sigma_shape=129-64-1)@1
ab(deep=4)@3	710	0	4724	51.622	on	learned(model=110,1466db6c,position_elo,mlp,mu_shape=129-512-8-1,sigma_shape=129-64-1)@1	learned(model=110,1466db6c,position_elo,mlp,mu_shape=129-512-8-1,sigma_shape=129-64-1)@1	ab(deep=4)@3.learned(model=110,1466db6c,position_elo,mlp,mu_shape=129-512-8-1,sigma_shape=129-64-1)@1
ab(deep=4)@3	710	0	4724	60.582	on	learned(model=114,316257e9,position_elo,mlp,mu_shape=129-512-8-1,sigma_shape=129-64-1)@1	learned(model=114,316257e9,position_elo,mlp,mu_shape=129-512-8-1,sigma_shape=129-64-1)@1	ab(deep=4)@3.learned(model=114,316257e9,position_elo,mlp,mu_shape=129-512-8-1,sigma_shape=129-64-1)@1
ab(deep=4)@3	705	0	8744	0.215	on	classic(chip=100)@2.dil(prob=10)@1	classic(chip=100)@2.dil(prob=10)@1	ab(deep=4)@3.classic(chip=100)@2.dil(prob=10)@1
ab(deep=4)@3	701	0	4724	2.636	on	exp(chip=65,column=1,forward=14)@2	exp(chip=65,column=1,forward=14)@2	ab(deep=4)@3.exp(chip=65,column=1,forward=14)@2
ab(deep=4)@3	684	0	4724	56.479	on	learned(model=112,baa2951a,position_elo,mlp,mu_shape=129-512-8-1,sigma_shape=129-64-1)@1	learned(model=112,baa2951a,position_elo,mlp,mu_shape=129-512-8-1,sigma_shape=129-64-1)@1	ab(deep=4)@3.learned(model=112,baa2951a,position_elo,mlp,mu_shape=129-512-8-1,sigma_shape=129-64-1)@1
ab(deep=4)@3	542	0	8744	0.196	on	classic(chip=100)@2.dil(prob=25)@1	classic(chip=100)@2.dil(prob=25)@1	ab(deep=4)@3.classic(chip=100)@2.dil(prob=25)@1
ab(deep=4)@3	290	0	8744	0.136	on	classic(chip=100)@2.dil(prob=50)@1	classic(chip=100)@2.dil(prob=50)@1	ab(deep=4)@3.classic(chip=100)@2.dil(prob=50)@1
ab(deep=4,tt,ord,nodes=200k)@3	803	0	4724	1.211	on	learned(model=10,fead67b7,weight_merge,lin,shape=129-1)@1	learned(model=10,fead67b7,weight_merge,lin,shape=129-1)@1	ab(deep=4,tt,ord,nodes=200k)@3.learned(model=10,fead67b7,weight_merge,lin,shape=129-1)@1
ab(deep=4,tt,ord,nodes=200k)@3	783	0	4724	1.129	on	learned(model=3,68364898,pool_games,lin,shape=129-1)@1	learned(model=3,68364898,pool_games,lin,shape=129-1)@1	ab(deep=4,tt,ord,nodes=200k)@3.learned(model=3,68364898,pool_games,lin,shape=129-1)@1
ab(deep=4,tt,ord,nodes=200k)@3	755	0	4724	1.150	on	learned(model=8,6f1a4264,pool_games,lin,shape=129-1)@1	learned(model=8,6f1a4264,pool_games,lin,shape=129-1)@1	ab(deep=4,tt,ord,nodes=200k)@3.learned(model=8,6f1a4264,pool_games,lin,shape=129-1)@1
ab(deep=4,tt,ord,nodes=200k)@3	728	0	4724	1.091	on	learned(model=4,eb105733,pool_games,lin,shape=129-1)@1	learned(model=4,eb105733,pool_games,lin,shape=129-1)@1	ab(deep=4,tt,ord,nodes=200k)@3.learned(model=4,eb105733,pool_games,lin,shape=129-1)@1
ab(deep=6,noab,nodes=200k)@3	798	0	4724	10.980	on	classic(chip=100)@2	classic(chip=100)@2	ab(deep=6,noab,nodes=200k)@3.classic(chip=100)@2
ab(deep=3)@3	793	0	4724	0.073	on	classic(chip=100)@2	classic(chip=100)@2	ab(deep=3)@3.classic(chip=100)@2
ab(deep=2)@3	739	0	4724	0.008	on	classic(chip=100)@2	classic(chip=100)@2	ab(deep=2)@3.classic(chip=100)@2
ab(deep=2)@3	674	0	4724	0.020	on	learned(model=76,ef183148,position_elo,lin,mu_shape=129-1,sigma_shape=129-1)@1	learned(model=76,ef183148,position_elo,lin,mu_shape=129-1,sigma_shape=129-1)@1	ab(deep=2)@3.learned(model=76,ef183148,position_elo,lin,mu_shape=129-1,sigma_shape=129-1)@1
ab(deep=2)@3	615	0	4724	0.495	on	learned(model=78,2fa21eda,position_elo,mlp,mu_shape=129-128-64-1,sigma_shape=129-32-1)@1	learned(model=78,2fa21eda,position_elo,mlp,mu_shape=129-128-64-1,sigma_shape=129-32-1)@1	ab(deep=2)@3.learned(model=78,2fa21eda,position_elo,mlp,mu_shape=129-128-64-1,sigma_shape=129-32-1)@1
ab(deep=2)@3	571	0	4724	0.483	on	learned(model=77,ddaa5090,position_elo,mlp,mu_shape=129-128-64-1,sigma_shape=129-32-1)@1	learned(model=77,ddaa5090,position_elo,mlp,mu_shape=129-128-64-1,sigma_shape=129-32-1)@1	ab(deep=2)@3.learned(model=77,ddaa5090,position_elo,mlp,mu_shape=129-128-64-1,sigma_shape=129-32-1)@1
ab(deep=2)@3	507	0	4724	1.162	on	learned(model=79,18f19059,position_elo,mlp,mu_shape=129-256-128-1,sigma_shape=129-64-1)@1	learned(model=79,18f19059,position_elo,mlp,mu_shape=129-256-128-1,sigma_shape=129-64-1)@1	ab(deep=2)@3.learned(model=79,18f19059,position_elo,mlp,mu_shape=129-256-128-1,sigma_shape=129-64-1)@1
ab(deep=1)@3	604	0	4740	0.002	on	classic(chip=100)@2	classic(chip=100)@2	ab(deep=1)@3.classic(chip=100)@2
greedy@1	568	0	6680	0.009	on	classic(chip=10,wall=3,column=2)@2	classic(chip=10,wall=3,column=2)@2	greedy@1.classic(chip=10,wall=3,column=2)@2
greedy@1	553	0	6680	0.002	on	classic(chip=100)@2	classic(chip=100)@2	greedy@1.classic(chip=100)@2
smart(pieces=2)@1	492	0	11144	0.001	on	-	-	smart(pieces=2)@1
smart(pieces=4)@1	437	0	11144	0.001	on	-	-	smart(pieces=4)@1
smart(pieces=6)@1	416	0	11144	0.002	on	-	-	smart(pieces=6)@1
tiered@1	412	0	11144	0.002	on	-	-	tiered@1
rand@1	0	0	12216	0.001	anchor	-	-	rand@1
