# Current standings: active roster only, from the same fit as ratings.tsv.
# Compare Elo only WITHIN one head and WITHIN this file (never across fits).
# Retired ('gone') agents are excluded by design; see ratings.tsv for the full history.
# eff_evaluator elides the turn weight t when the search cannot act on it (no qs/part):
#   t shifts every leaf by one constant at fixed depth, so it reorders nothing there.
#   Compare cores on eff_evaluator; 'evaluator' and 'id' keep the exact canonical form.
head	elo	pm	games	cpu_ms_move	active	eff_evaluator	evaluator	id
ab(deep=12,tt,ord,time=150ms)@3	1240	10	3664	58.604	on	learned(model=169,4975683c,tdleaf_self,lin,shape=129-1)@1	learned(model=169,4975683c,tdleaf_self,lin,shape=129-1)@1	ab(deep=12,tt,ord,time=150ms)@3.learned(model=169,4975683c,tdleaf_self,lin,shape=129-1)@1
ab(deep=12,tt,ord,time=150ms)@3	1063	8	3664	68.830	on	classic(chip=100)@2	classic(chip=100)@2	ab(deep=12,tt,ord,time=150ms)@3.classic(chip=100)@2
ab(deep=6,tt,ord,nodes=200k)@3	1227	0	6044	25.190	on	learned(model=169,4975683c,tdleaf_self,lin,shape=129-1)@1	learned(model=169,4975683c,tdleaf_self,lin,shape=129-1)@1	ab(deep=6,tt,ord,nodes=200k)@3.learned(model=169,4975683c,tdleaf_self,lin,shape=129-1)@1
ab(deep=6,tt,ord,nodes=200k)@3	1208	0	6044	25.955	on	learned(model=602,68cbb27d,tdleaf_self,lin,shape=129-1)@1	learned(model=602,68cbb27d,tdleaf_self,lin,shape=129-1)@1	ab(deep=6,tt,ord,nodes=200k)@3.learned(model=602,68cbb27d,tdleaf_self,lin,shape=129-1)@1
ab(deep=6,tt,ord,nodes=200k)@3	1180	0	6042	26.169	on	learned(model=349,5ee50d5c,tdleaf_self,lin,shape=129-1)@1	learned(model=349,5ee50d5c,tdleaf_self,lin,shape=129-1)@1	ab(deep=6,tt,ord,nodes=200k)@3.learned(model=349,5ee50d5c,tdleaf_self,lin,shape=129-1)@1
ab(deep=6,tt,ord,nodes=200k)@3	1141	0	6044	27.314	on	learned(model=603,2da121ee,tdleaf_self,lin,shape=129-1)@1	learned(model=603,2da121ee,tdleaf_self,lin,shape=129-1)@1	ab(deep=6,tt,ord,nodes=200k)@3.learned(model=603,2da121ee,tdleaf_self,lin,shape=129-1)@1
ab(deep=6,tt,ord,nodes=200k)@3	1139	0	6044	10.925	on	classic(chip=100)@2.opener(book,book=2)@1	classic(chip=100)@2.opener(book,book=2)@1	ab(deep=6,tt,ord,nodes=200k)@3.classic(chip=100)@2.opener(book,book=2)@1
ab(deep=6,tt,ord,nodes=200k)@3	1139	0	6044	10.956	on	classic(chip=100)@2.opener(book,book=9)@1	classic(chip=100)@2.opener(book,book=9)@1	ab(deep=6,tt,ord,nodes=200k)@3.classic(chip=100)@2.opener(book,book=9)@1
ab(deep=6,tt,ord,nodes=200k)@3	1134	0	6044	11.277	on	classic(chip=100)@2.opener(book,book=7)@1	classic(chip=100)@2.opener(book,book=7)@1	ab(deep=6,tt,ord,nodes=200k)@3.classic(chip=100)@2.opener(book,book=7)@1
ab(deep=6,tt,ord,nodes=200k)@3	1130	0	6042	11.107	on	classic(chip=100)@2.opener(book,book=8)@1	classic(chip=100)@2.opener(book,book=8)@1	ab(deep=6,tt,ord,nodes=200k)@3.classic(chip=100)@2.opener(book,book=8)@1
ab(deep=6,tt,ord,nodes=200k)@3	1123	0	6044	10.729	on	classic(chip=100)@2.opener(book,book=4)@1	classic(chip=100)@2.opener(book,book=4)@1	ab(deep=6,tt,ord,nodes=200k)@3.classic(chip=100)@2.opener(book,book=4)@1
ab(deep=6,tt,ord,nodes=200k)@3	1121	0	6044	11.339	on	classic(chip=100)@2.opener(book,book=14)@1	classic(chip=100)@2.opener(book,book=14)@1	ab(deep=6,tt,ord,nodes=200k)@3.classic(chip=100)@2.opener(book,book=14)@1
ab(deep=6,tt,ord,nodes=200k)@3	1113	0	6044	27.625	on	learned(model=351,42d88d8e,tdleaf_self,lin,shape=129-1)@1	learned(model=351,42d88d8e,tdleaf_self,lin,shape=129-1)@1	ab(deep=6,tt,ord,nodes=200k)@3.learned(model=351,42d88d8e,tdleaf_self,lin,shape=129-1)@1
ab(deep=6,tt,ord,nodes=200k)@3	1111	0	6044	28.056	on	learned(model=171,10d3530c,tdleaf_self,lin,shape=129-1)@1	learned(model=171,10d3530c,tdleaf_self,lin,shape=129-1)@1	ab(deep=6,tt,ord,nodes=200k)@3.learned(model=171,10d3530c,tdleaf_self,lin,shape=129-1)@1
ab(deep=6,tt,ord,nodes=200k)@3	1104	0	6042	11.293	on	classic(chip=100)@2.opener(book,book=13)@1	classic(chip=100)@2.opener(book,book=13)@1	ab(deep=6,tt,ord,nodes=200k)@3.classic(chip=100)@2.opener(book,book=13)@1
ab(deep=6,tt,ord,nodes=200k)@3	1102	0	6044	18.046	on	learned(model=441,01db390c,tdleaf_self,lin,shape=129-1)@1	learned(model=441,01db390c,tdleaf_self,lin,shape=129-1)@1	ab(deep=6,tt,ord,nodes=200k)@3.learned(model=441,01db390c,tdleaf_self,lin,shape=129-1)@1
ab(deep=6,tt,ord,nodes=200k)@3	1101	0	6043	18.037	on	learned(model=98,5801570e,pool_games,lin,shape=129-1)@1.opener(book,book=10)@1	learned(model=98,5801570e,pool_games,lin,shape=129-1)@1.opener(book,book=10)@1	ab(deep=6,tt,ord,nodes=200k)@3.learned(model=98,5801570e,pool_games,lin,shape=129-1)@1.opener(book,book=10)@1
ab(deep=6,tt,ord,nodes=200k)@3	1095	0	6044	17.319	on	learned(model=98,5801570e,pool_games,lin,shape=129-1)@1.opener(book,book=12)@1	learned(model=98,5801570e,pool_games,lin,shape=129-1)@1.opener(book,book=12)@1	ab(deep=6,tt,ord,nodes=200k)@3.learned(model=98,5801570e,pool_games,lin,shape=129-1)@1.opener(book,book=12)@1
ab(deep=6,tt,ord,nodes=200k)@3	1094	0	6044	18.633	on	learned(model=96,990e39e7,pool_games,lin,shape=129-1)@1	learned(model=96,990e39e7,pool_games,lin,shape=129-1)@1	ab(deep=6,tt,ord,nodes=200k)@3.learned(model=96,990e39e7,pool_games,lin,shape=129-1)@1
ab(deep=6,tt,ord,nodes=200k)@3	1088	0	6042	17.125	on	learned(model=98,5801570e,pool_games,lin,shape=129-1)@1.opener(book,book=4)@1	learned(model=98,5801570e,pool_games,lin,shape=129-1)@1.opener(book,book=4)@1	ab(deep=6,tt,ord,nodes=200k)@3.learned(model=98,5801570e,pool_games,lin,shape=129-1)@1.opener(book,book=4)@1
ab(deep=6,tt,ord,nodes=200k)@3	1087	0	6042	18.451	on	learned(model=98,5801570e,pool_games,lin,shape=129-1)@1	learned(model=98,5801570e,pool_games,lin,shape=129-1)@1	ab(deep=6,tt,ord,nodes=200k)@3.learned(model=98,5801570e,pool_games,lin,shape=129-1)@1
ab(deep=6,tt,ord,nodes=200k)@3	1086	0	6044	11.333	on	classic(chip=100)@2	classic(chip=100)@2	ab(deep=6,tt,ord,nodes=200k)@3.classic(chip=100)@2
ab(deep=6,tt,ord,nodes=200k)@3	1086	0	6044	10.857	on	classic(chip=100)@2.opener(book,book=1)@1	classic(chip=100)@2.opener(book,book=1)@1	ab(deep=6,tt,ord,nodes=200k)@3.classic(chip=100)@2.opener(book,book=1)@1
ab(deep=6,tt,ord,nodes=200k)@3	1086	0	6042	18.048	on	learned(model=98,5801570e,pool_games,lin,shape=129-1)@1.opener(book,book=16)@1	learned(model=98,5801570e,pool_games,lin,shape=129-1)@1.opener(book,book=16)@1	ab(deep=6,tt,ord,nodes=200k)@3.learned(model=98,5801570e,pool_games,lin,shape=129-1)@1.opener(book,book=16)@1
ab(deep=6,tt,ord,nodes=200k)@3	1084	0	6043	18.207	on	learned(model=98,5801570e,pool_games,lin,shape=129-1)@1.opener(book,book=15)@1	learned(model=98,5801570e,pool_games,lin,shape=129-1)@1.opener(book,book=15)@1	ab(deep=6,tt,ord,nodes=200k)@3.learned(model=98,5801570e,pool_games,lin,shape=129-1)@1.opener(book,book=15)@1
ab(deep=6,tt,ord,nodes=200k)@3	1082	0	6042	21.957	on	learned(model=10,fead67b7,weight_merge,lin,shape=129-1)@1	learned(model=10,fead67b7,weight_merge,lin,shape=129-1)@1	ab(deep=6,tt,ord,nodes=200k)@3.learned(model=10,fead67b7,weight_merge,lin,shape=129-1)@1
ab(deep=6,tt,ord,nodes=200k)@3	1080	0	6042	17.661	on	learned(model=98,5801570e,pool_games,lin,shape=129-1)@1.opener(book,book=11)@1	learned(model=98,5801570e,pool_games,lin,shape=129-1)@1.opener(book,book=11)@1	ab(deep=6,tt,ord,nodes=200k)@3.learned(model=98,5801570e,pool_games,lin,shape=129-1)@1.opener(book,book=11)@1
ab(deep=6,tt,ord,nodes=200k)@3	1078	0	6043	17.802	on	learned(model=98,5801570e,pool_games,lin,shape=129-1)@1.opener(book,book=2)@1	learned(model=98,5801570e,pool_games,lin,shape=129-1)@1.opener(book,book=2)@1	ab(deep=6,tt,ord,nodes=200k)@3.learned(model=98,5801570e,pool_games,lin,shape=129-1)@1.opener(book,book=2)@1
ab(deep=6,tt,ord,nodes=200k)@3	1072	0	6042	17.780	on	learned(model=98,5801570e,pool_games,lin,shape=129-1)@1.opener(book,book=1)@1	learned(model=98,5801570e,pool_games,lin,shape=129-1)@1.opener(book,book=1)@1	ab(deep=6,tt,ord,nodes=200k)@3.learned(model=98,5801570e,pool_games,lin,shape=129-1)@1.opener(book,book=1)@1
ab(deep=6,tt,ord,nodes=200k)@3	1057	0	10324	17.182	on	learned(model=96,990e39e7,pool_games,lin,shape=129-1)@1.opener(rand,moves=4)@1	learned(model=96,990e39e7,pool_games,lin,shape=129-1)@1.opener(rand,moves=4)@1	ab(deep=6,tt,ord,nodes=200k)@3.learned(model=96,990e39e7,pool_games,lin,shape=129-1)@1.opener(rand,moves=4)@1
ab(deep=6,tt,ord,nodes=200k)@3	1040	0	6044	19.317	on	learned(model=3,68364898,pool_games,lin,shape=129-1)@1	learned(model=3,68364898,pool_games,lin,shape=129-1)@1	ab(deep=6,tt,ord,nodes=200k)@3.learned(model=3,68364898,pool_games,lin,shape=129-1)@1
ab(deep=6,tt,ord,nodes=200k)@3	1037	0	10326	10.614	on	classic(chip=100)@2.opener(rand,moves=4)@1	classic(chip=100)@2.opener(rand,moves=4)@1	ab(deep=6,tt,ord,nodes=200k)@3.classic(chip=100)@2.opener(rand,moves=4)@1
ab(deep=6,tt,ord,nodes=200k)@3	1034	0	10326	19.382	on	learned(model=10,fead67b7,weight_merge,lin,shape=129-1)@1.opener(rand,moves=4)@1	learned(model=10,fead67b7,weight_merge,lin,shape=129-1)@1.opener(rand,moves=4)@1	ab(deep=6,tt,ord,nodes=200k)@3.learned(model=10,fead67b7,weight_merge,lin,shape=129-1)@1.opener(rand,moves=4)@1
ab(deep=6,tt,ord,nodes=200k)@3	1032	0	6043	179.898	on	learned(model=78,2fa21eda,position_elo,mlp,mu_shape=129-128-64-1,sigma_shape=129-32-1)@1	learned(model=78,2fa21eda,position_elo,mlp,mu_shape=129-128-64-1,sigma_shape=129-32-1)@1	ab(deep=6,tt,ord,nodes=200k)@3.learned(model=78,2fa21eda,position_elo,mlp,mu_shape=129-128-64-1,sigma_shape=129-32-1)@1
ab(deep=6,tt,ord,nodes=200k)@3	1030	0	10326	20.065	on	learned(model=76,ef183148,position_elo,lin,mu_shape=129-1,sigma_shape=129-1)@1.opener(rand,moves=4)@1	learned(model=76,ef183148,position_elo,lin,mu_shape=129-1,sigma_shape=129-1)@1.opener(rand,moves=4)@1	ab(deep=6,tt,ord,nodes=200k)@3.learned(model=76,ef183148,position_elo,lin,mu_shape=129-1,sigma_shape=129-1)@1.opener(rand,moves=4)@1
ab(deep=6,tt,ord,nodes=200k)@3	1027	0	10324	16.881	on	learned(model=98,5801570e,pool_games,lin,shape=129-1)@1.opener(rand,moves=4)@1	learned(model=98,5801570e,pool_games,lin,shape=129-1)@1.opener(rand,moves=4)@1	ab(deep=6,tt,ord,nodes=200k)@3.learned(model=98,5801570e,pool_games,lin,shape=129-1)@1.opener(rand,moves=4)@1
ab(deep=6,tt,ord,nodes=200k)@3	1025	0	6044	49.753	on	learned(model=405,111c40c8,tdleaf_self,mlp,shape=129-32-1)@1	learned(model=405,111c40c8,tdleaf_self,mlp,shape=129-32-1)@1	ab(deep=6,tt,ord,nodes=200k)@3.learned(model=405,111c40c8,tdleaf_self,mlp,shape=129-32-1)@1
ab(deep=6,tt,ord,nodes=200k)@3	1009	0	6042	19.443	on	learned(model=8,6f1a4264,pool_games,lin,shape=129-1)@1	learned(model=8,6f1a4264,pool_games,lin,shape=129-1)@1	ab(deep=6,tt,ord,nodes=200k)@3.learned(model=8,6f1a4264,pool_games,lin,shape=129-1)@1
ab(deep=6,tt,ord,nodes=200k)@3	1007	0	10326	351.297	on	learned(model=111,78ef6974,position_elo,mlp,mu_shape=129-512-8-1,sigma_shape=129-64-1)@1.opener(rand,moves=4)@1	learned(model=111,78ef6974,position_elo,mlp,mu_shape=129-512-8-1,sigma_shape=129-64-1)@1.opener(rand,moves=4)@1	ab(deep=6,tt,ord,nodes=200k)@3.learned(model=111,78ef6974,position_elo,mlp,mu_shape=129-512-8-1,sigma_shape=129-64-1)@1.opener(rand,moves=4)@1
ab(deep=6,tt,ord,nodes=200k)@3	1002	0	6044	405.754	on	learned(model=111,78ef6974,position_elo,mlp,mu_shape=129-512-8-1,sigma_shape=129-64-1)@1	learned(model=111,78ef6974,position_elo,mlp,mu_shape=129-512-8-1,sigma_shape=129-64-1)@1	ab(deep=6,tt,ord,nodes=200k)@3.learned(model=111,78ef6974,position_elo,mlp,mu_shape=129-512-8-1,sigma_shape=129-64-1)@1
ab(deep=6,tt,ord,nodes=200k)@3	999	0	6044	18.000	on	learned(model=3,68364898,pool_games,lin,shape=129-1)@1.opener(book,book=2)@1	learned(model=3,68364898,pool_games,lin,shape=129-1)@1.opener(book,book=2)@1	ab(deep=6,tt,ord,nodes=200k)@3.learned(model=3,68364898,pool_games,lin,shape=129-1)@1.opener(book,book=2)@1
ab(deep=6,tt,ord,nodes=200k)@3	993	0	10326	17.717	on	learned(model=8,6f1a4264,pool_games,lin,shape=129-1)@1.opener(rand,moves=4)@1	learned(model=8,6f1a4264,pool_games,lin,shape=129-1)@1.opener(rand,moves=4)@1	ab(deep=6,tt,ord,nodes=200k)@3.learned(model=8,6f1a4264,pool_games,lin,shape=129-1)@1.opener(rand,moves=4)@1
ab(deep=6,tt,ord,nodes=200k)@3	992	0	10327	9.528	on	classic(chip=100)@2.dil(prob=15,deep=4)@1	classic(chip=100)@2.dil(prob=15,deep=4)@1	ab(deep=6,tt,ord,nodes=200k)@3.classic(chip=100)@2.dil(prob=15,deep=4)@1
ab(deep=6,tt,ord,nodes=200k)@3	987	0	6044	19.066	on	learned(model=3,68364898,pool_games,lin,shape=129-1)@1.opener(book,book=17)@1	learned(model=3,68364898,pool_games,lin,shape=129-1)@1.opener(book,book=17)@1	ab(deep=6,tt,ord,nodes=200k)@3.learned(model=3,68364898,pool_games,lin,shape=129-1)@1.opener(book,book=17)@1
ab(deep=6,tt,ord,nodes=200k)@3	984	0	6044	19.005	on	learned(model=3,68364898,pool_games,lin,shape=129-1)@1.opener(book,book=18)@1	learned(model=3,68364898,pool_games,lin,shape=129-1)@1.opener(book,book=18)@1	ab(deep=6,tt,ord,nodes=200k)@3.learned(model=3,68364898,pool_games,lin,shape=129-1)@1.opener(book,book=18)@1
ab(deep=6,tt,ord,nodes=200k)@3	982	0	6042	19.005	on	learned(model=3,68364898,pool_games,lin,shape=129-1)@1.opener(book,book=6)@1	learned(model=3,68364898,pool_games,lin,shape=129-1)@1.opener(book,book=6)@1	ab(deep=6,tt,ord,nodes=200k)@3.learned(model=3,68364898,pool_games,lin,shape=129-1)@1.opener(book,book=6)@1
ab(deep=6,tt,ord,nodes=200k)@3	980	0	6044	22.237	on	learned(model=76,ef183148,position_elo,lin,mu_shape=129-1,sigma_shape=129-1)@1	learned(model=76,ef183148,position_elo,lin,mu_shape=129-1,sigma_shape=129-1)@1	ab(deep=6,tt,ord,nodes=200k)@3.learned(model=76,ef183148,position_elo,lin,mu_shape=129-1,sigma_shape=129-1)@1
ab(deep=6,tt,ord,nodes=200k)@3	979	0	10328	17.212	on	learned(model=3,68364898,pool_games,lin,shape=129-1)@1.opener(rand,moves=4)@1	learned(model=3,68364898,pool_games,lin,shape=129-1)@1.opener(rand,moves=4)@1	ab(deep=6,tt,ord,nodes=200k)@3.learned(model=3,68364898,pool_games,lin,shape=129-1)@1.opener(rand,moves=4)@1
ab(deep=6,tt,ord,nodes=200k)@3	974	0	6044	398.582	on	learned(model=114,316257e9,position_elo,mlp,mu_shape=129-512-8-1,sigma_shape=129-64-1)@1	learned(model=114,316257e9,position_elo,mlp,mu_shape=129-512-8-1,sigma_shape=129-64-1)@1	ab(deep=6,tt,ord,nodes=200k)@3.learned(model=114,316257e9,position_elo,mlp,mu_shape=129-512-8-1,sigma_shape=129-64-1)@1
ab(deep=6,tt,ord,nodes=200k)@3	970	0	6044	73.883	on	learned(model=387,607b64aa,tdleaf_self,lin,shape=30-1)@1	learned(model=387,607b64aa,tdleaf_self,lin,shape=30-1)@1	ab(deep=6,tt,ord,nodes=200k)@3.learned(model=387,607b64aa,tdleaf_self,lin,shape=30-1)@1
ab(deep=6,tt,ord,nodes=200k)@3	965	0	10326	17.382	on	learned(model=4,eb105733,pool_games,lin,shape=129-1)@1.opener(rand,moves=4)@1	learned(model=4,eb105733,pool_games,lin,shape=129-1)@1.opener(rand,moves=4)@1	ab(deep=6,tt,ord,nodes=200k)@3.learned(model=4,eb105733,pool_games,lin,shape=129-1)@1.opener(rand,moves=4)@1
ab(deep=6,tt,ord,nodes=200k)@3	960	0	10327	8.066	on	classic(chip=100)@2.dil(prob=30,deep=4)@1	classic(chip=100)@2.dil(prob=30,deep=4)@1	ab(deep=6,tt,ord,nodes=200k)@3.classic(chip=100)@2.dil(prob=30,deep=4)@1
ab(deep=6,tt,ord,nodes=200k)@3	960	0	6043	180.434	on	learned(model=77,ddaa5090,position_elo,mlp,mu_shape=129-128-64-1,sigma_shape=129-32-1)@1	learned(model=77,ddaa5090,position_elo,mlp,mu_shape=129-128-64-1,sigma_shape=129-32-1)@1	ab(deep=6,tt,ord,nodes=200k)@3.learned(model=77,ddaa5090,position_elo,mlp,mu_shape=129-128-64-1,sigma_shape=129-32-1)@1
ab(deep=6,tt,ord,nodes=200k)@3	946	0	10326	364.055	on	learned(model=113,e3cc8b4e,position_elo,mlp,mu_shape=129-512-8-1,sigma_shape=129-64-1)@1.opener(rand,moves=4)@1	learned(model=113,e3cc8b4e,position_elo,mlp,mu_shape=129-512-8-1,sigma_shape=129-64-1)@1.opener(rand,moves=4)@1	ab(deep=6,tt,ord,nodes=200k)@3.learned(model=113,e3cc8b4e,position_elo,mlp,mu_shape=129-512-8-1,sigma_shape=129-64-1)@1.opener(rand,moves=4)@1
ab(deep=6,tt,ord,nodes=200k)@3	942	0	6044	419.166	on	learned(model=110,1466db6c,position_elo,mlp,mu_shape=129-512-8-1,sigma_shape=129-64-1)@1	learned(model=110,1466db6c,position_elo,mlp,mu_shape=129-512-8-1,sigma_shape=129-64-1)@1	ab(deep=6,tt,ord,nodes=200k)@3.learned(model=110,1466db6c,position_elo,mlp,mu_shape=129-512-8-1,sigma_shape=129-64-1)@1
ab(deep=6,tt,ord,nodes=200k)@3	940	0	6044	409.464	on	learned(model=113,e3cc8b4e,position_elo,mlp,mu_shape=129-512-8-1,sigma_shape=129-64-1)@1	learned(model=113,e3cc8b4e,position_elo,mlp,mu_shape=129-512-8-1,sigma_shape=129-64-1)@1	ab(deep=6,tt,ord,nodes=200k)@3.learned(model=113,e3cc8b4e,position_elo,mlp,mu_shape=129-512-8-1,sigma_shape=129-64-1)@1
ab(deep=6,tt,ord,nodes=200k)@3	936	0	6044	418.884	on	learned(model=112,baa2951a,position_elo,mlp,mu_shape=129-512-8-1,sigma_shape=129-64-1)@1	learned(model=112,baa2951a,position_elo,mlp,mu_shape=129-512-8-1,sigma_shape=129-64-1)@1	ab(deep=6,tt,ord,nodes=200k)@3.learned(model=112,baa2951a,position_elo,mlp,mu_shape=129-512-8-1,sigma_shape=129-64-1)@1
ab(deep=6,tt,ord,nodes=200k)@3	932	0	10326	6.487	on	classic(chip=100)@2.dil(prob=45,deep=4)@1	classic(chip=100)@2.dil(prob=45,deep=4)@1	ab(deep=6,tt,ord,nodes=200k)@3.classic(chip=100)@2.dil(prob=45,deep=4)@1
ab(deep=6,tt,ord,nodes=200k)@3	927	0	6044	19.317	on	learned(model=4,eb105733,pool_games,lin,shape=129-1)@1	learned(model=4,eb105733,pool_games,lin,shape=129-1)@1	ab(deep=6,tt,ord,nodes=200k)@3.learned(model=4,eb105733,pool_games,lin,shape=129-1)@1
ab(deep=6,tt,ord,nodes=200k)@3	922	0	6044	414.805	on	learned(model=115,21d7e638,position_elo,mlp,mu_shape=129-512-8-1,sigma_shape=129-64-1)@1	learned(model=115,21d7e638,position_elo,mlp,mu_shape=129-512-8-1,sigma_shape=129-64-1)@1	ab(deep=6,tt,ord,nodes=200k)@3.learned(model=115,21d7e638,position_elo,mlp,mu_shape=129-512-8-1,sigma_shape=129-64-1)@1
ab(deep=6,tt,ord,nodes=200k)@3	915	0	10326	4.936	on	classic(chip=100)@2.dil(prob=60,deep=4)@1	classic(chip=100)@2.dil(prob=60,deep=4)@1	ab(deep=6,tt,ord,nodes=200k)@3.classic(chip=100)@2.dil(prob=60,deep=4)@1
ab(deep=6,tt,ord,nodes=200k)@3	902	0	6043	16.608	on	learned(model=99,59815079,pool_games,lin,shape=129-1)@1	learned(model=99,59815079,pool_games,lin,shape=129-1)@1	ab(deep=6,tt,ord,nodes=200k)@3.learned(model=99,59815079,pool_games,lin,shape=129-1)@1
ab(deep=6,tt,ord,nodes=200k)@3	898	0	6044	26.548	on	learned(model=459,642147d2,tdleaf_self,lin,shape=129-1)@1	learned(model=459,642147d2,tdleaf_self,lin,shape=129-1)@1	ab(deep=6,tt,ord,nodes=200k)@3.learned(model=459,642147d2,tdleaf_self,lin,shape=129-1)@1
ab(deep=6,tt,ord,nodes=200k)@3	890	0	6044	461.036	on	learned(model=79,18f19059,position_elo,mlp,mu_shape=129-256-128-1,sigma_shape=129-64-1)@1	learned(model=79,18f19059,position_elo,mlp,mu_shape=129-256-128-1,sigma_shape=129-64-1)@1	ab(deep=6,tt,ord,nodes=200k)@3.learned(model=79,18f19059,position_elo,mlp,mu_shape=129-256-128-1,sigma_shape=129-64-1)@1
ab(deep=6,tt,ord,nodes=200k)@3	886	0	10321	14.744	on	learned(model=99,59815079,pool_games,lin,shape=129-1)@1.opener(rand,moves=4)@1	learned(model=99,59815079,pool_games,lin,shape=129-1)@1.opener(rand,moves=4)@1	ab(deep=6,tt,ord,nodes=200k)@3.learned(model=99,59815079,pool_games,lin,shape=129-1)@1.opener(rand,moves=4)@1
ab(deep=6,tt,ord,nodes=200k)@3	883	0	10326	14.486	on	learned(model=10,fead67b7,weight_merge,lin,shape=129-1)@1.opener(rand,moves=8)@1	learned(model=10,fead67b7,weight_merge,lin,shape=129-1)@1.opener(rand,moves=8)@1	ab(deep=6,tt,ord,nodes=200k)@3.learned(model=10,fead67b7,weight_merge,lin,shape=129-1)@1.opener(rand,moves=8)@1
ab(deep=6,tt,ord,nodes=200k)@3	880	0	10326	15.103	on	learned(model=76,ef183148,position_elo,lin,mu_shape=129-1,sigma_shape=129-1)@1.opener(rand,moves=8)@1	learned(model=76,ef183148,position_elo,lin,mu_shape=129-1,sigma_shape=129-1)@1.opener(rand,moves=8)@1	ab(deep=6,tt,ord,nodes=200k)@3.learned(model=76,ef183148,position_elo,lin,mu_shape=129-1,sigma_shape=129-1)@1.opener(rand,moves=8)@1
ab(deep=6,tt,ord,nodes=200k)@3	851	0	10326	4.588	on	classic(chip=100)@2.dil(prob=60,deep=3)@1	classic(chip=100)@2.dil(prob=60,deep=3)@1	ab(deep=6,tt,ord,nodes=200k)@3.classic(chip=100)@2.dil(prob=60,deep=3)@1
ab(deep=6,tt,ord,nodes=200k)@3	846	0	10328	8.200	on	classic(chip=100)@2.opener(rand,moves=8)@1	classic(chip=100)@2.opener(rand,moves=8)@1	ab(deep=6,tt,ord,nodes=200k)@3.classic(chip=100)@2.opener(rand,moves=8)@1
ab(deep=6,tt,ord,nodes=200k)@3	846	0	10326	12.700	on	learned(model=96,990e39e7,pool_games,lin,shape=129-1)@1.opener(rand,moves=8)@1	learned(model=96,990e39e7,pool_games,lin,shape=129-1)@1.opener(rand,moves=8)@1	ab(deep=6,tt,ord,nodes=200k)@3.learned(model=96,990e39e7,pool_games,lin,shape=129-1)@1.opener(rand,moves=8)@1
ab(deep=6,tt,ord,nodes=200k)@3	835	0	10326	13.507	on	learned(model=8,6f1a4264,pool_games,lin,shape=129-1)@1.opener(rand,moves=8)@1	learned(model=8,6f1a4264,pool_games,lin,shape=129-1)@1.opener(rand,moves=8)@1	ab(deep=6,tt,ord,nodes=200k)@3.learned(model=8,6f1a4264,pool_games,lin,shape=129-1)@1.opener(rand,moves=8)@1
ab(deep=6,tt,ord,nodes=200k)@3	832	0	10326	268.899	on	learned(model=111,78ef6974,position_elo,mlp,mu_shape=129-512-8-1,sigma_shape=129-64-1)@1.opener(rand,moves=8)@1	learned(model=111,78ef6974,position_elo,mlp,mu_shape=129-512-8-1,sigma_shape=129-64-1)@1.opener(rand,moves=8)@1	ab(deep=6,tt,ord,nodes=200k)@3.learned(model=111,78ef6974,position_elo,mlp,mu_shape=129-512-8-1,sigma_shape=129-64-1)@1.opener(rand,moves=8)@1
ab(deep=6,tt,ord,nodes=200k)@3	831	0	6044	17.667	on	learned(model=94,784bb5fe,pool_games,lin,shape=129-1)@1	learned(model=94,784bb5fe,pool_games,lin,shape=129-1)@1	ab(deep=6,tt,ord,nodes=200k)@3.learned(model=94,784bb5fe,pool_games,lin,shape=129-1)@1
ab(deep=6,tt,ord,nodes=200k)@3	826	0	10326	15.513	on	learned(model=94,784bb5fe,pool_games,lin,shape=129-1)@1.opener(rand,moves=4)@1	learned(model=94,784bb5fe,pool_games,lin,shape=129-1)@1.opener(rand,moves=4)@1	ab(deep=6,tt,ord,nodes=200k)@3.learned(model=94,784bb5fe,pool_games,lin,shape=129-1)@1.opener(rand,moves=4)@1
ab(deep=6,tt,ord,nodes=200k)@3	825	0	10323	12.774	on	learned(model=98,5801570e,pool_games,lin,shape=129-1)@1.opener(rand,moves=8)@1	learned(model=98,5801570e,pool_games,lin,shape=129-1)@1.opener(rand,moves=8)@1	ab(deep=6,tt,ord,nodes=200k)@3.learned(model=98,5801570e,pool_games,lin,shape=129-1)@1.opener(rand,moves=8)@1
ab(deep=6,tt,ord,nodes=200k)@3	823	0	6044	16.297	on	learned(model=95,07792e69,pool_games,lin,shape=129-1)@1	learned(model=95,07792e69,pool_games,lin,shape=129-1)@1	ab(deep=6,tt,ord,nodes=200k)@3.learned(model=95,07792e69,pool_games,lin,shape=129-1)@1
ab(deep=6,tt,ord,nodes=200k)@3	811	0	10326	13.282	on	learned(model=4,eb105733,pool_games,lin,shape=129-1)@1.opener(rand,moves=8)@1	learned(model=4,eb105733,pool_games,lin,shape=129-1)@1.opener(rand,moves=8)@1	ab(deep=6,tt,ord,nodes=200k)@3.learned(model=4,eb105733,pool_games,lin,shape=129-1)@1.opener(rand,moves=8)@1
ab(deep=6,tt,ord,nodes=200k)@3	799	0	10328	10.378	on	classic(chip=100)@2.dil(prob=10)@1	classic(chip=100)@2.dil(prob=10)@1	ab(deep=6,tt,ord,nodes=200k)@3.classic(chip=100)@2.dil(prob=10)@1
ab(deep=6,tt,ord,nodes=200k)@3	797	0	10326	12.923	on	learned(model=3,68364898,pool_games,lin,shape=129-1)@1.opener(rand,moves=8)@1	learned(model=3,68364898,pool_games,lin,shape=129-1)@1.opener(rand,moves=8)@1	ab(deep=6,tt,ord,nodes=200k)@3.learned(model=3,68364898,pool_games,lin,shape=129-1)@1.opener(rand,moves=8)@1
ab(deep=6,tt,ord,nodes=200k)@3	785	0	10326	281.931	on	learned(model=113,e3cc8b4e,position_elo,mlp,mu_shape=129-512-8-1,sigma_shape=129-64-1)@1.opener(rand,moves=8)@1	learned(model=113,e3cc8b4e,position_elo,mlp,mu_shape=129-512-8-1,sigma_shape=129-64-1)@1.opener(rand,moves=8)@1	ab(deep=6,tt,ord,nodes=200k)@3.learned(model=113,e3cc8b4e,position_elo,mlp,mu_shape=129-512-8-1,sigma_shape=129-64-1)@1.opener(rand,moves=8)@1
ab(deep=6,tt,ord,nodes=200k)@3	785	0	6044	91.454	on	learned(model=333,06bdc1f0,tdleaf_self,mlp,shape=30-16-1)@1	learned(model=333,06bdc1f0,tdleaf_self,mlp,shape=30-16-1)@1	ab(deep=6,tt,ord,nodes=200k)@3.learned(model=333,06bdc1f0,tdleaf_self,mlp,shape=30-16-1)@1
ab(deep=6,tt,ord,nodes=200k)@3	781	0	6044	24.480	on	learned(model=369,612a48a8,tdleaf_self,lin,shape=129-1)@1	learned(model=369,612a48a8,tdleaf_self,lin,shape=129-1)@1	ab(deep=6,tt,ord,nodes=200k)@3.learned(model=369,612a48a8,tdleaf_self,lin,shape=129-1)@1
ab(deep=6,tt,ord,nodes=200k)@3	754	0	10327	14.868	on	learned(model=95,07792e69,pool_games,lin,shape=129-1)@1.opener(rand,moves=4)@1	learned(model=95,07792e69,pool_games,lin,shape=129-1)@1.opener(rand,moves=4)@1	ab(deep=6,tt,ord,nodes=200k)@3.learned(model=95,07792e69,pool_games,lin,shape=129-1)@1.opener(rand,moves=4)@1
ab(deep=6,tt,ord,nodes=200k)@3	749	0	10321	11.641	on	learned(model=99,59815079,pool_games,lin,shape=129-1)@1.opener(rand,moves=8)@1	learned(model=99,59815079,pool_games,lin,shape=129-1)@1.opener(rand,moves=8)@1	ab(deep=6,tt,ord,nodes=200k)@3.learned(model=99,59815079,pool_games,lin,shape=129-1)@1.opener(rand,moves=8)@1
ab(deep=6,tt,ord,nodes=200k)@3	725	0	10328	10.005	on	classic(chip=100)@2.dil(prob=14)@1	classic(chip=100)@2.dil(prob=14)@1	ab(deep=6,tt,ord,nodes=200k)@3.classic(chip=100)@2.dil(prob=14)@1
ab(deep=6,tt,ord,nodes=200k)@3	688	0	10325	11.853	on	learned(model=94,784bb5fe,pool_games,lin,shape=129-1)@1.opener(rand,moves=8)@1	learned(model=94,784bb5fe,pool_games,lin,shape=129-1)@1.opener(rand,moves=8)@1	ab(deep=6,tt,ord,nodes=200k)@3.learned(model=94,784bb5fe,pool_games,lin,shape=129-1)@1.opener(rand,moves=8)@1
ab(deep=6,tt,ord,nodes=200k)@3	681	0	6042	14.548	on	learned(model=97,87a5093d,pool_games,lin,shape=129-1)@1	learned(model=97,87a5093d,pool_games,lin,shape=129-1)@1	ab(deep=6,tt,ord,nodes=200k)@3.learned(model=97,87a5093d,pool_games,lin,shape=129-1)@1
ab(deep=6,tt,ord,nodes=200k)@3	670	0	6044	22.815	on	learned(model=585,e37f6895,tdleaf_self,mlp,shape=30-32-1)@1	learned(model=585,e37f6895,tdleaf_self,mlp,shape=30-32-1)@1	ab(deep=6,tt,ord,nodes=200k)@3.learned(model=585,e37f6895,tdleaf_self,mlp,shape=30-32-1)@1
ab(deep=6,tt,ord,nodes=200k)@3	663	0	10327	9.736	on	classic(chip=100)@2.dil(prob=18)@1	classic(chip=100)@2.dil(prob=18)@1	ab(deep=6,tt,ord,nodes=200k)@3.classic(chip=100)@2.dil(prob=18)@1
ab(deep=6,tt,ord,nodes=200k)@3	660	0	10328	17.877	on	learned(model=10,fead67b7,weight_merge,lin,shape=129-1)@1.dil(prob=20)@1	learned(model=10,fead67b7,weight_merge,lin,shape=129-1)@1.dil(prob=20)@1	ab(deep=6,tt,ord,nodes=200k)@3.learned(model=10,fead67b7,weight_merge,lin,shape=129-1)@1.dil(prob=20)@1
ab(deep=6,tt,ord,nodes=200k)@3	650	0	10325	11.423	on	learned(model=95,07792e69,pool_games,lin,shape=129-1)@1.opener(rand,moves=8)@1	learned(model=95,07792e69,pool_games,lin,shape=129-1)@1.opener(rand,moves=8)@1	ab(deep=6,tt,ord,nodes=200k)@3.learned(model=95,07792e69,pool_games,lin,shape=129-1)@1.opener(rand,moves=8)@1
ab(deep=6,tt,ord,nodes=200k)@3	640	0	10326	17.834	on	learned(model=76,ef183148,position_elo,lin,mu_shape=129-1,sigma_shape=129-1)@1.dil(prob=20)@1	learned(model=76,ef183148,position_elo,lin,mu_shape=129-1,sigma_shape=129-1)@1.dil(prob=20)@1	ab(deep=6,tt,ord,nodes=200k)@3.learned(model=76,ef183148,position_elo,lin,mu_shape=129-1,sigma_shape=129-1)@1.dil(prob=20)@1
ab(deep=6,tt,ord,nodes=200k)@3	638	0	10328	9.534	on	classic(chip=100)@2.dil(prob=20)@1	classic(chip=100)@2.dil(prob=20)@1	ab(deep=6,tt,ord,nodes=200k)@3.classic(chip=100)@2.dil(prob=20)@1
ab(deep=6,tt,ord,nodes=200k)@3	638	0	10324	15.608	on	learned(model=98,5801570e,pool_games,lin,shape=129-1)@1.dil(prob=20)@1	learned(model=98,5801570e,pool_games,lin,shape=129-1)@1.dil(prob=20)@1	ab(deep=6,tt,ord,nodes=200k)@3.learned(model=98,5801570e,pool_games,lin,shape=129-1)@1.dil(prob=20)@1
ab(deep=6,tt,ord,nodes=200k)@3	631	0	10324	16.140	on	learned(model=96,990e39e7,pool_games,lin,shape=129-1)@1.dil(prob=20)@1	learned(model=96,990e39e7,pool_games,lin,shape=129-1)@1.dil(prob=20)@1	ab(deep=6,tt,ord,nodes=200k)@3.learned(model=96,990e39e7,pool_games,lin,shape=129-1)@1.dil(prob=20)@1
ab(deep=6,tt,ord,nodes=200k)@3	630	0	10327	9.381	on	classic(chip=100)@2.dil(prob=22)@1	classic(chip=100)@2.dil(prob=22)@1	ab(deep=6,tt,ord,nodes=200k)@3.classic(chip=100)@2.dil(prob=22)@1
ab(deep=6,tt,ord,nodes=200k)@3	629	0	10326	16.416	on	learned(model=3,68364898,pool_games,lin,shape=129-1)@1.dil(prob=20)@1	learned(model=3,68364898,pool_games,lin,shape=129-1)@1.dil(prob=20)@1	ab(deep=6,tt,ord,nodes=200k)@3.learned(model=3,68364898,pool_games,lin,shape=129-1)@1.dil(prob=20)@1
ab(deep=6,tt,ord,nodes=200k)@3	626	0	10326	332.124	on	learned(model=111,78ef6974,position_elo,mlp,mu_shape=129-512-8-1,sigma_shape=129-64-1)@1.dil(prob=20)@1	learned(model=111,78ef6974,position_elo,mlp,mu_shape=129-512-8-1,sigma_shape=129-64-1)@1.dil(prob=20)@1	ab(deep=6,tt,ord,nodes=200k)@3.learned(model=111,78ef6974,position_elo,mlp,mu_shape=129-512-8-1,sigma_shape=129-64-1)@1.dil(prob=20)@1
ab(deep=6,tt,ord,nodes=200k)@3	619	0	10328	16.539	on	learned(model=8,6f1a4264,pool_games,lin,shape=129-1)@1.dil(prob=20)@1	learned(model=8,6f1a4264,pool_games,lin,shape=129-1)@1.dil(prob=20)@1	ab(deep=6,tt,ord,nodes=200k)@3.learned(model=8,6f1a4264,pool_games,lin,shape=129-1)@1.dil(prob=20)@1
ab(deep=6,tt,ord,nodes=200k)@3	600	0	10326	16.761	on	learned(model=4,eb105733,pool_games,lin,shape=129-1)@1.dil(prob=20)@1	learned(model=4,eb105733,pool_games,lin,shape=129-1)@1.dil(prob=20)@1	ab(deep=6,tt,ord,nodes=200k)@3.learned(model=4,eb105733,pool_games,lin,shape=129-1)@1.dil(prob=20)@1
ab(deep=6,tt,ord,nodes=200k)@3	597	0	10326	346.742	on	learned(model=113,e3cc8b4e,position_elo,mlp,mu_shape=129-512-8-1,sigma_shape=129-64-1)@1.dil(prob=20)@1	learned(model=113,e3cc8b4e,position_elo,mlp,mu_shape=129-512-8-1,sigma_shape=129-64-1)@1.dil(prob=20)@1	ab(deep=6,tt,ord,nodes=200k)@3.learned(model=113,e3cc8b4e,position_elo,mlp,mu_shape=129-512-8-1,sigma_shape=129-64-1)@1.dil(prob=20)@1
ab(deep=6,tt,ord,nodes=200k)@3	592	0	6044	90.048	on	learned(model=279,409dc0b3,tdleaf_self,mlp,shape=30-16-1)@1	learned(model=279,409dc0b3,tdleaf_self,mlp,shape=30-16-1)@1	ab(deep=6,tt,ord,nodes=200k)@3.learned(model=279,409dc0b3,tdleaf_self,mlp,shape=30-16-1)@1
ab(deep=6,tt,ord,nodes=200k)@3	577	0	6042	44.363	on	learned(model=261,52cd70f8,tdleaf_self,mlp,shape=129-32-1)@1	learned(model=261,52cd70f8,tdleaf_self,mlp,shape=129-32-1)@1	ab(deep=6,tt,ord,nodes=200k)@3.learned(model=261,52cd70f8,tdleaf_self,mlp,shape=129-32-1)@1
ab(deep=6,tt,ord,nodes=200k)@3	577	0	10322	13.965	on	learned(model=99,59815079,pool_games,lin,shape=129-1)@1.dil(prob=20)@1	learned(model=99,59815079,pool_games,lin,shape=129-1)@1.dil(prob=20)@1	ab(deep=6,tt,ord,nodes=200k)@3.learned(model=99,59815079,pool_games,lin,shape=129-1)@1.dil(prob=20)@1
ab(deep=6,tt,ord,nodes=200k)@3	574	0	6042	18.764	on	learned(model=531,748d1c8d,tdleaf_self,lin,shape=129-1)@1	learned(model=531,748d1c8d,tdleaf_self,lin,shape=129-1)@1	ab(deep=6,tt,ord,nodes=200k)@3.learned(model=531,748d1c8d,tdleaf_self,lin,shape=129-1)@1
ab(deep=6,tt,ord,nodes=200k)@3	571	0	10323	12.502	on	learned(model=97,87a5093d,pool_games,lin,shape=129-1)@1.opener(rand,moves=4)@1	learned(model=97,87a5093d,pool_games,lin,shape=129-1)@1.opener(rand,moves=4)@1	ab(deep=6,tt,ord,nodes=200k)@3.learned(model=97,87a5093d,pool_games,lin,shape=129-1)@1.opener(rand,moves=4)@1
ab(deep=6,tt,ord,nodes=200k)@3	536	0	10327	8.851	on	classic(chip=100)@2.dil(prob=28)@1	classic(chip=100)@2.dil(prob=28)@1	ab(deep=6,tt,ord,nodes=200k)@3.classic(chip=100)@2.dil(prob=28)@1
ab(deep=6,tt,ord,nodes=200k)@3	532	0	10325	15.057	on	learned(model=94,784bb5fe,pool_games,lin,shape=129-1)@1.dil(prob=20)@1	learned(model=94,784bb5fe,pool_games,lin,shape=129-1)@1.dil(prob=20)@1	ab(deep=6,tt,ord,nodes=200k)@3.learned(model=94,784bb5fe,pool_games,lin,shape=129-1)@1.dil(prob=20)@1
ab(deep=6,tt,ord,nodes=200k)@3	515	0	10325	14.054	on	learned(model=95,07792e69,pool_games,lin,shape=129-1)@1.dil(prob=20)@1	learned(model=95,07792e69,pool_games,lin,shape=129-1)@1.dil(prob=20)@1	ab(deep=6,tt,ord,nodes=200k)@3.learned(model=95,07792e69,pool_games,lin,shape=129-1)@1.dil(prob=20)@1
ab(deep=6,tt,ord,nodes=200k)@3	471	0	10324	9.562	on	learned(model=97,87a5093d,pool_games,lin,shape=129-1)@1.opener(rand,moves=8)@1	learned(model=97,87a5093d,pool_games,lin,shape=129-1)@1.opener(rand,moves=8)@1	ab(deep=6,tt,ord,nodes=200k)@3.learned(model=97,87a5093d,pool_games,lin,shape=129-1)@1.opener(rand,moves=8)@1
ab(deep=6,tt,ord,nodes=200k)@3	460	0	10327	8.076	on	classic(chip=100)@2.dil(prob=35)@1	classic(chip=100)@2.dil(prob=35)@1	ab(deep=6,tt,ord,nodes=200k)@3.classic(chip=100)@2.dil(prob=35)@1
ab(deep=6,tt,ord,nodes=200k)@3	390	0	10325	12.959	on	learned(model=97,87a5093d,pool_games,lin,shape=129-1)@1.dil(prob=20)@1	learned(model=97,87a5093d,pool_games,lin,shape=129-1)@1.dil(prob=20)@1	ab(deep=6,tt,ord,nodes=200k)@3.learned(model=97,87a5093d,pool_games,lin,shape=129-1)@1.dil(prob=20)@1
ab(deep=6,tt,ord,nodes=200k)@3	371	0	10328	7.161	on	classic(chip=100)@2.dil(prob=43)@1	classic(chip=100)@2.dil(prob=43)@1	ab(deep=6,tt,ord,nodes=200k)@3.classic(chip=100)@2.dil(prob=43)@1
ab(deep=6,tt,ord,nodes=200k)@3	270	0	10326	6.155	on	classic(chip=100)@2.dil(prob=52)@1	classic(chip=100)@2.dil(prob=52)@1	ab(deep=6,tt,ord,nodes=200k)@3.classic(chip=100)@2.dil(prob=52)@1
ab(deep=6,tt,ord,nodes=200k)@3	165	0	10328	4.896	on	classic(chip=100)@2.dil(prob=63)@1	classic(chip=100)@2.dil(prob=63)@1	ab(deep=6,tt,ord,nodes=200k)@3.classic(chip=100)@2.dil(prob=63)@1
ab(deep=6,tt,ord,nodes=200k)@3	64	0	10326	3.370	on	classic(chip=100)@2.dil(prob=75)@1	classic(chip=100)@2.dil(prob=75)@1	ab(deep=6,tt,ord,nodes=200k)@3.classic(chip=100)@2.dil(prob=75)@1
ab(deep=12,tt,ord,nodes=200k)@3	1185	0	4356	47.336	on	learned(model=169,4975683c,tdleaf_self,lin,shape=129-1)@1	learned(model=169,4975683c,tdleaf_self,lin,shape=129-1)@1	ab(deep=12,tt,ord,nodes=200k)@3.learned(model=169,4975683c,tdleaf_self,lin,shape=129-1)@1
ab(deep=12,tt,ord,nodes=200k)@3	1068	0	4356	39.739	on	classic(chip=100)@2	classic(chip=100)@2	ab(deep=12,tt,ord,nodes=200k)@3.classic(chip=100)@2
ab(deep=12,tt,ord,retain,time=25ms)@3	1182	6	6992	21.260	on	learned(model=602,68cbb27d,tdleaf_self,lin,shape=129-1)@1	learned(model=602,68cbb27d,tdleaf_self,lin,shape=129-1)@1	ab(deep=12,tt,ord,retain,time=25ms)@3.learned(model=602,68cbb27d,tdleaf_self,lin,shape=129-1)@1
ab(deep=12,tt,ord,retain,time=25ms)@3	1179	6	7296	21.329	on	learned(model=169,4975683c,tdleaf_self,lin,shape=129-1)@1	learned(model=169,4975683c,tdleaf_self,lin,shape=129-1)@1	ab(deep=12,tt,ord,retain,time=25ms)@3.learned(model=169,4975683c,tdleaf_self,lin,shape=129-1)@1
ab(deep=12,tt,ord,retain,time=25ms)@3	1154	6	6992	21.175	on	learned(model=349,5ee50d5c,tdleaf_self,lin,shape=129-1)@1	learned(model=349,5ee50d5c,tdleaf_self,lin,shape=129-1)@1	ab(deep=12,tt,ord,retain,time=25ms)@3.learned(model=349,5ee50d5c,tdleaf_self,lin,shape=129-1)@1
ab(deep=12,tt,ord,retain,time=25ms)@3	1150	6	6992	21.431	on	learned(model=171,10d3530c,tdleaf_self,lin,shape=129-1)@1	learned(model=171,10d3530c,tdleaf_self,lin,shape=129-1)@1	ab(deep=12,tt,ord,retain,time=25ms)@3.learned(model=171,10d3530c,tdleaf_self,lin,shape=129-1)@1
ab(deep=12,tt,ord,retain,time=25ms)@3	1142	6	6992	21.181	on	learned(model=351,42d88d8e,tdleaf_self,lin,shape=129-1)@1	learned(model=351,42d88d8e,tdleaf_self,lin,shape=129-1)@1	ab(deep=12,tt,ord,retain,time=25ms)@3.learned(model=351,42d88d8e,tdleaf_self,lin,shape=129-1)@1
ab(deep=12,tt,ord,retain,time=25ms)@3	1110	6	6992	21.482	on	learned(model=603,2da121ee,tdleaf_self,lin,shape=129-1)@1	learned(model=603,2da121ee,tdleaf_self,lin,shape=129-1)@1	ab(deep=12,tt,ord,retain,time=25ms)@3.learned(model=603,2da121ee,tdleaf_self,lin,shape=129-1)@1
ab(deep=12,tt,ord,retain,time=25ms)@3	1063	5	6992	21.266	on	learned(model=98,5801570e,pool_games,lin,shape=129-1)@1	learned(model=98,5801570e,pool_games,lin,shape=129-1)@1	ab(deep=12,tt,ord,retain,time=25ms)@3.learned(model=98,5801570e,pool_games,lin,shape=129-1)@1
ab(deep=12,tt,ord,retain,time=25ms)@3	1054	5	6992	21.132	on	learned(model=441,01db390c,tdleaf_self,lin,shape=129-1)@1	learned(model=441,01db390c,tdleaf_self,lin,shape=129-1)@1	ab(deep=12,tt,ord,retain,time=25ms)@3.learned(model=441,01db390c,tdleaf_self,lin,shape=129-1)@1
ab(deep=12,tt,ord,retain,time=25ms)@3	1053	5	6992	21.463	on	learned(model=96,990e39e7,pool_games,lin,shape=129-1)@1	learned(model=96,990e39e7,pool_games,lin,shape=129-1)@1	ab(deep=12,tt,ord,retain,time=25ms)@3.learned(model=96,990e39e7,pool_games,lin,shape=129-1)@1
ab(deep=12,tt,ord,retain,time=25ms)@3	1035	5	6992	21.499	on	learned(model=10,fead67b7,weight_merge,lin,shape=129-1)@1	learned(model=10,fead67b7,weight_merge,lin,shape=129-1)@1	ab(deep=12,tt,ord,retain,time=25ms)@3.learned(model=10,fead67b7,weight_merge,lin,shape=129-1)@1
ab(deep=12,tt,ord,retain,time=25ms)@3	1022	5	7296	20.827	on	classic(chip=100)@2	classic(chip=100)@2	ab(deep=12,tt,ord,retain,time=25ms)@3.classic(chip=100)@2
ab(deep=12,tt,ord,retain,time=25ms)@3	1016	5	6992	21.289	on	learned(model=3,68364898,pool_games,lin,shape=129-1)@1	learned(model=3,68364898,pool_games,lin,shape=129-1)@1	ab(deep=12,tt,ord,retain,time=25ms)@3.learned(model=3,68364898,pool_games,lin,shape=129-1)@1
ab(deep=12,tt,ord,retain,time=25ms)@3	991	5	6992	21.589	on	learned(model=76,ef183148,position_elo,lin,mu_shape=129-1,sigma_shape=129-1)@1	learned(model=76,ef183148,position_elo,lin,mu_shape=129-1,sigma_shape=129-1)@1	ab(deep=12,tt,ord,retain,time=25ms)@3.learned(model=76,ef183148,position_elo,lin,mu_shape=129-1,sigma_shape=129-1)@1
ab(deep=12,tt,ord,retain,time=25ms)@3	975	5	6992	21.570	on	learned(model=8,6f1a4264,pool_games,lin,shape=129-1)@1	learned(model=8,6f1a4264,pool_games,lin,shape=129-1)@1	ab(deep=12,tt,ord,retain,time=25ms)@3.learned(model=8,6f1a4264,pool_games,lin,shape=129-1)@1
ab(deep=12,tt,ord,retain,time=25ms)@3	966	5	6992	14.159	on	learned(model=169,4975683c,tdleaf_self,lin,shape=129-1)@1.opener(rand,moves=8)@1	learned(model=169,4975683c,tdleaf_self,lin,shape=129-1)@1.opener(rand,moves=8)@1	ab(deep=12,tt,ord,retain,time=25ms)@3.learned(model=169,4975683c,tdleaf_self,lin,shape=129-1)@1.opener(rand,moves=8)@1
ab(deep=12,tt,ord,retain,time=25ms)@3	952	5	6992	14.037	on	learned(model=171,10d3530c,tdleaf_self,lin,shape=129-1)@1.opener(rand,moves=8)@1	learned(model=171,10d3530c,tdleaf_self,lin,shape=129-1)@1.opener(rand,moves=8)@1	ab(deep=12,tt,ord,retain,time=25ms)@3.learned(model=171,10d3530c,tdleaf_self,lin,shape=129-1)@1.opener(rand,moves=8)@1
ab(deep=12,tt,ord,retain,time=25ms)@3	952	5	6992	21.295	on	learned(model=4,eb105733,pool_games,lin,shape=129-1)@1	learned(model=4,eb105733,pool_games,lin,shape=129-1)@1	ab(deep=12,tt,ord,retain,time=25ms)@3.learned(model=4,eb105733,pool_games,lin,shape=129-1)@1
ab(deep=12,tt,ord,retain,time=25ms)@3	948	5	6992	13.707	on	learned(model=351,42d88d8e,tdleaf_self,lin,shape=129-1)@1.opener(rand,moves=8)@1	learned(model=351,42d88d8e,tdleaf_self,lin,shape=129-1)@1.opener(rand,moves=8)@1	ab(deep=12,tt,ord,retain,time=25ms)@3.learned(model=351,42d88d8e,tdleaf_self,lin,shape=129-1)@1.opener(rand,moves=8)@1
ab(deep=12,tt,ord,retain,time=25ms)@3	948	5	6992	13.818	on	learned(model=349,5ee50d5c,tdleaf_self,lin,shape=129-1)@1.opener(rand,moves=8)@1	learned(model=349,5ee50d5c,tdleaf_self,lin,shape=129-1)@1.opener(rand,moves=8)@1	ab(deep=12,tt,ord,retain,time=25ms)@3.learned(model=349,5ee50d5c,tdleaf_self,lin,shape=129-1)@1.opener(rand,moves=8)@1
ab(deep=12,tt,ord,retain,time=25ms)@3	944	5	6992	14.000	on	learned(model=602,68cbb27d,tdleaf_self,lin,shape=129-1)@1.opener(rand,moves=8)@1	learned(model=602,68cbb27d,tdleaf_self,lin,shape=129-1)@1.opener(rand,moves=8)@1	ab(deep=12,tt,ord,retain,time=25ms)@3.learned(model=602,68cbb27d,tdleaf_self,lin,shape=129-1)@1.opener(rand,moves=8)@1
ab(deep=12,tt,ord,retain,time=25ms)@3	936	5	6992	21.616	on	learned(model=459,642147d2,tdleaf_self,lin,shape=129-1)@1	learned(model=459,642147d2,tdleaf_self,lin,shape=129-1)@1	ab(deep=12,tt,ord,retain,time=25ms)@3.learned(model=459,642147d2,tdleaf_self,lin,shape=129-1)@1
ab(deep=12,tt,ord,retain,time=25ms)@3	935	5	6992	13.976	on	learned(model=603,2da121ee,tdleaf_self,lin,shape=129-1)@1.opener(rand,moves=8)@1	learned(model=603,2da121ee,tdleaf_self,lin,shape=129-1)@1.opener(rand,moves=8)@1	ab(deep=12,tt,ord,retain,time=25ms)@3.learned(model=603,2da121ee,tdleaf_self,lin,shape=129-1)@1.opener(rand,moves=8)@1
ab(deep=12,tt,ord,retain,time=25ms)@3	912	5	6992	21.502	on	learned(model=99,59815079,pool_games,lin,shape=129-1)@1	learned(model=99,59815079,pool_games,lin,shape=129-1)@1	ab(deep=12,tt,ord,retain,time=25ms)@3.learned(model=99,59815079,pool_games,lin,shape=129-1)@1
ab(deep=12,tt,ord,retain,time=25ms)@3	891	5	6992	13.973	on	learned(model=10,fead67b7,weight_merge,lin,shape=129-1)@1.opener(rand,moves=8)@1	learned(model=10,fead67b7,weight_merge,lin,shape=129-1)@1.opener(rand,moves=8)@1	ab(deep=12,tt,ord,retain,time=25ms)@3.learned(model=10,fead67b7,weight_merge,lin,shape=129-1)@1.opener(rand,moves=8)@1
ab(deep=12,tt,ord,retain,time=25ms)@3	890	5	6992	21.718	on	learned(model=405,111c40c8,tdleaf_self,mlp,shape=129-32-1)@1	learned(model=405,111c40c8,tdleaf_self,mlp,shape=129-32-1)@1	ab(deep=12,tt,ord,retain,time=25ms)@3.learned(model=405,111c40c8,tdleaf_self,mlp,shape=129-32-1)@1
ab(deep=12,tt,ord,retain,time=25ms)@3	865	5	6992	14.309	on	learned(model=76,ef183148,position_elo,lin,mu_shape=129-1,sigma_shape=129-1)@1.opener(rand,moves=8)@1	learned(model=76,ef183148,position_elo,lin,mu_shape=129-1,sigma_shape=129-1)@1.opener(rand,moves=8)@1	ab(deep=12,tt,ord,retain,time=25ms)@3.learned(model=76,ef183148,position_elo,lin,mu_shape=129-1,sigma_shape=129-1)@1.opener(rand,moves=8)@1
ab(deep=12,tt,ord,retain,time=25ms)@3	861	5	6992	14.097	on	learned(model=96,990e39e7,pool_games,lin,shape=129-1)@1.opener(rand,moves=8)@1	learned(model=96,990e39e7,pool_games,lin,shape=129-1)@1.opener(rand,moves=8)@1	ab(deep=12,tt,ord,retain,time=25ms)@3.learned(model=96,990e39e7,pool_games,lin,shape=129-1)@1.opener(rand,moves=8)@1
ab(deep=12,tt,ord,retain,time=25ms)@3	857	5	6992	21.948	on	learned(model=387,607b64aa,tdleaf_self,lin,shape=30-1)@1	learned(model=387,607b64aa,tdleaf_self,lin,shape=30-1)@1	ab(deep=12,tt,ord,retain,time=25ms)@3.learned(model=387,607b64aa,tdleaf_self,lin,shape=30-1)@1
ab(deep=12,tt,ord,retain,time=25ms)@3	851	5	6992	13.516	on	classic(chip=100)@2.opener(rand,moves=8)@1	classic(chip=100)@2.opener(rand,moves=8)@1	ab(deep=12,tt,ord,retain,time=25ms)@3.classic(chip=100)@2.opener(rand,moves=8)@1
ab(deep=12,tt,ord,retain,time=25ms)@3	842	5	6992	21.587	on	learned(model=94,784bb5fe,pool_games,lin,shape=129-1)@1	learned(model=94,784bb5fe,pool_games,lin,shape=129-1)@1	ab(deep=12,tt,ord,retain,time=25ms)@3.learned(model=94,784bb5fe,pool_games,lin,shape=129-1)@1
ab(deep=12,tt,ord,retain,time=25ms)@3	841	5	6992	14.030	on	learned(model=441,01db390c,tdleaf_self,lin,shape=129-1)@1.opener(rand,moves=8)@1	learned(model=441,01db390c,tdleaf_self,lin,shape=129-1)@1.opener(rand,moves=8)@1	ab(deep=12,tt,ord,retain,time=25ms)@3.learned(model=441,01db390c,tdleaf_self,lin,shape=129-1)@1.opener(rand,moves=8)@1
ab(deep=12,tt,ord,retain,time=25ms)@3	833	5	6992	14.349	on	learned(model=8,6f1a4264,pool_games,lin,shape=129-1)@1.opener(rand,moves=8)@1	learned(model=8,6f1a4264,pool_games,lin,shape=129-1)@1.opener(rand,moves=8)@1	ab(deep=12,tt,ord,retain,time=25ms)@3.learned(model=8,6f1a4264,pool_games,lin,shape=129-1)@1.opener(rand,moves=8)@1
ab(deep=12,tt,ord,retain,time=25ms)@3	826	5	6992	13.868	on	learned(model=459,642147d2,tdleaf_self,lin,shape=129-1)@1.opener(rand,moves=8)@1	learned(model=459,642147d2,tdleaf_self,lin,shape=129-1)@1.opener(rand,moves=8)@1	ab(deep=12,tt,ord,retain,time=25ms)@3.learned(model=459,642147d2,tdleaf_self,lin,shape=129-1)@1.opener(rand,moves=8)@1
ab(deep=12,tt,ord,retain,time=25ms)@3	825	5	6992	14.287	on	learned(model=98,5801570e,pool_games,lin,shape=129-1)@1.opener(rand,moves=8)@1	learned(model=98,5801570e,pool_games,lin,shape=129-1)@1.opener(rand,moves=8)@1	ab(deep=12,tt,ord,retain,time=25ms)@3.learned(model=98,5801570e,pool_games,lin,shape=129-1)@1.opener(rand,moves=8)@1
ab(deep=12,tt,ord,retain,time=25ms)@3	811	5	6992	14.243	on	learned(model=3,68364898,pool_games,lin,shape=129-1)@1.opener(rand,moves=8)@1	learned(model=3,68364898,pool_games,lin,shape=129-1)@1.opener(rand,moves=8)@1	ab(deep=12,tt,ord,retain,time=25ms)@3.learned(model=3,68364898,pool_games,lin,shape=129-1)@1.opener(rand,moves=8)@1
ab(deep=12,tt,ord,retain,time=25ms)@3	804	5	6992	14.132	on	learned(model=4,eb105733,pool_games,lin,shape=129-1)@1.opener(rand,moves=8)@1	learned(model=4,eb105733,pool_games,lin,shape=129-1)@1.opener(rand,moves=8)@1	ab(deep=12,tt,ord,retain,time=25ms)@3.learned(model=4,eb105733,pool_games,lin,shape=129-1)@1.opener(rand,moves=8)@1
ab(deep=12,tt,ord,retain,time=25ms)@3	793	5	6992	14.733	on	learned(model=387,607b64aa,tdleaf_self,lin,shape=30-1)@1.opener(rand,moves=8)@1	learned(model=387,607b64aa,tdleaf_self,lin,shape=30-1)@1.opener(rand,moves=8)@1	ab(deep=12,tt,ord,retain,time=25ms)@3.learned(model=387,607b64aa,tdleaf_self,lin,shape=30-1)@1.opener(rand,moves=8)@1
ab(deep=12,tt,ord,retain,time=25ms)@3	789	5	6992	21.852	on	learned(model=95,07792e69,pool_games,lin,shape=129-1)@1	learned(model=95,07792e69,pool_games,lin,shape=129-1)@1	ab(deep=12,tt,ord,retain,time=25ms)@3.learned(model=95,07792e69,pool_games,lin,shape=129-1)@1
ab(deep=12,tt,ord,retain,time=25ms)@3	779	5	6992	14.440	on	learned(model=405,111c40c8,tdleaf_self,mlp,shape=129-32-1)@1.opener(rand,moves=8)@1	learned(model=405,111c40c8,tdleaf_self,mlp,shape=129-32-1)@1.opener(rand,moves=8)@1	ab(deep=12,tt,ord,retain,time=25ms)@3.learned(model=405,111c40c8,tdleaf_self,mlp,shape=129-32-1)@1.opener(rand,moves=8)@1
ab(deep=12,tt,ord,retain,time=25ms)@3	767	5	6992	22.360	on	learned(model=78,2fa21eda,position_elo,mlp,mu_shape=129-128-64-1,sigma_shape=129-32-1)@1	learned(model=78,2fa21eda,position_elo,mlp,mu_shape=129-128-64-1,sigma_shape=129-32-1)@1	ab(deep=12,tt,ord,retain,time=25ms)@3.learned(model=78,2fa21eda,position_elo,mlp,mu_shape=129-128-64-1,sigma_shape=129-32-1)@1
ab(deep=12,tt,ord,retain,time=25ms)@3	765	5	6992	22.297	on	learned(model=77,ddaa5090,position_elo,mlp,mu_shape=129-128-64-1,sigma_shape=129-32-1)@1	learned(model=77,ddaa5090,position_elo,mlp,mu_shape=129-128-64-1,sigma_shape=129-32-1)@1	ab(deep=12,tt,ord,retain,time=25ms)@3.learned(model=77,ddaa5090,position_elo,mlp,mu_shape=129-128-64-1,sigma_shape=129-32-1)@1
ab(deep=12,tt,ord,retain,time=25ms)@3	762	5	6992	14.234	on	learned(model=99,59815079,pool_games,lin,shape=129-1)@1.opener(rand,moves=8)@1	learned(model=99,59815079,pool_games,lin,shape=129-1)@1.opener(rand,moves=8)@1	ab(deep=12,tt,ord,retain,time=25ms)@3.learned(model=99,59815079,pool_games,lin,shape=129-1)@1.opener(rand,moves=8)@1
ab(deep=12,tt,ord,retain,time=25ms)@3	725	5	6992	21.825	on	learned(model=369,612a48a8,tdleaf_self,lin,shape=129-1)@1	learned(model=369,612a48a8,tdleaf_self,lin,shape=129-1)@1	ab(deep=12,tt,ord,retain,time=25ms)@3.learned(model=369,612a48a8,tdleaf_self,lin,shape=129-1)@1
ab(deep=12,tt,ord,retain,time=25ms)@3	715	5	6992	21.651	on	learned(model=333,06bdc1f0,tdleaf_self,mlp,shape=30-16-1)@1	learned(model=333,06bdc1f0,tdleaf_self,mlp,shape=30-16-1)@1	ab(deep=12,tt,ord,retain,time=25ms)@3.learned(model=333,06bdc1f0,tdleaf_self,mlp,shape=30-16-1)@1
ab(deep=12,tt,ord,retain,time=25ms)@3	713	5	6992	14.355	on	learned(model=94,784bb5fe,pool_games,lin,shape=129-1)@1.opener(rand,moves=8)@1	learned(model=94,784bb5fe,pool_games,lin,shape=129-1)@1.opener(rand,moves=8)@1	ab(deep=12,tt,ord,retain,time=25ms)@3.learned(model=94,784bb5fe,pool_games,lin,shape=129-1)@1.opener(rand,moves=8)@1
ab(deep=12,tt,ord,retain,time=25ms)@3	711	5	6992	17.032	on	learned(model=349,5ee50d5c,tdleaf_self,lin,shape=129-1)@1.dil(prob=20)@1	learned(model=349,5ee50d5c,tdleaf_self,lin,shape=129-1)@1.dil(prob=20)@1	ab(deep=12,tt,ord,retain,time=25ms)@3.learned(model=349,5ee50d5c,tdleaf_self,lin,shape=129-1)@1.dil(prob=20)@1
ab(deep=12,tt,ord,retain,time=25ms)@3	710	5	6992	17.166	on	learned(model=602,68cbb27d,tdleaf_self,lin,shape=129-1)@1.dil(prob=20)@1	learned(model=602,68cbb27d,tdleaf_self,lin,shape=129-1)@1.dil(prob=20)@1	ab(deep=12,tt,ord,retain,time=25ms)@3.learned(model=602,68cbb27d,tdleaf_self,lin,shape=129-1)@1.dil(prob=20)@1
ab(deep=12,tt,ord,retain,time=25ms)@3	709	5	6992	22.651	on	learned(model=111,78ef6974,position_elo,mlp,mu_shape=129-512-8-1,sigma_shape=129-64-1)@1	learned(model=111,78ef6974,position_elo,mlp,mu_shape=129-512-8-1,sigma_shape=129-64-1)@1	ab(deep=12,tt,ord,retain,time=25ms)@3.learned(model=111,78ef6974,position_elo,mlp,mu_shape=129-512-8-1,sigma_shape=129-64-1)@1
ab(deep=12,tt,ord,retain,time=25ms)@3	706	5	6992	17.257	on	learned(model=169,4975683c,tdleaf_self,lin,shape=129-1)@1.dil(prob=20)@1	learned(model=169,4975683c,tdleaf_self,lin,shape=129-1)@1.dil(prob=20)@1	ab(deep=12,tt,ord,retain,time=25ms)@3.learned(model=169,4975683c,tdleaf_self,lin,shape=129-1)@1.dil(prob=20)@1
ab(deep=12,tt,ord,retain,time=25ms)@3	705	5	6992	17.011	on	learned(model=351,42d88d8e,tdleaf_self,lin,shape=129-1)@1.dil(prob=20)@1	learned(model=351,42d88d8e,tdleaf_self,lin,shape=129-1)@1.dil(prob=20)@1	ab(deep=12,tt,ord,retain,time=25ms)@3.learned(model=351,42d88d8e,tdleaf_self,lin,shape=129-1)@1.dil(prob=20)@1
ab(deep=12,tt,ord,retain,time=25ms)@3	703	5	6992	17.218	on	learned(model=171,10d3530c,tdleaf_self,lin,shape=129-1)@1.dil(prob=20)@1	learned(model=171,10d3530c,tdleaf_self,lin,shape=129-1)@1.dil(prob=20)@1	ab(deep=12,tt,ord,retain,time=25ms)@3.learned(model=171,10d3530c,tdleaf_self,lin,shape=129-1)@1.dil(prob=20)@1
ab(deep=12,tt,ord,retain,time=25ms)@3	701	5	6992	17.152	on	learned(model=603,2da121ee,tdleaf_self,lin,shape=129-1)@1.dil(prob=20)@1	learned(model=603,2da121ee,tdleaf_self,lin,shape=129-1)@1.dil(prob=20)@1	ab(deep=12,tt,ord,retain,time=25ms)@3.learned(model=603,2da121ee,tdleaf_self,lin,shape=129-1)@1.dil(prob=20)@1
ab(deep=12,tt,ord,retain,time=25ms)@3	692	5	7296	22.118	on	learned(model=97,87a5093d,pool_games,lin,shape=129-1)@1	learned(model=97,87a5093d,pool_games,lin,shape=129-1)@1	ab(deep=12,tt,ord,retain,time=25ms)@3.learned(model=97,87a5093d,pool_games,lin,shape=129-1)@1
ab(deep=12,tt,ord,retain,time=25ms)@3	682	5	6992	14.539	on	learned(model=95,07792e69,pool_games,lin,shape=129-1)@1.opener(rand,moves=8)@1	learned(model=95,07792e69,pool_games,lin,shape=129-1)@1.opener(rand,moves=8)@1	ab(deep=12,tt,ord,retain,time=25ms)@3.learned(model=95,07792e69,pool_games,lin,shape=129-1)@1.opener(rand,moves=8)@1
ab(deep=12,tt,ord,retain,time=25ms)@3	671	5	6992	17.037	on	learned(model=441,01db390c,tdleaf_self,lin,shape=129-1)@1.dil(prob=20)@1	learned(model=441,01db390c,tdleaf_self,lin,shape=129-1)@1.dil(prob=20)@1	ab(deep=12,tt,ord,retain,time=25ms)@3.learned(model=441,01db390c,tdleaf_self,lin,shape=129-1)@1.dil(prob=20)@1
ab(deep=12,tt,ord,retain,time=25ms)@3	669	5	6992	16.880	on	classic(chip=100)@2.dil(prob=20)@1	classic(chip=100)@2.dil(prob=20)@1	ab(deep=12,tt,ord,retain,time=25ms)@3.classic(chip=100)@2.dil(prob=20)@1
ab(deep=12,tt,ord,retain,time=25ms)@3	667	5	6992	17.188	on	learned(model=10,fead67b7,weight_merge,lin,shape=129-1)@1.dil(prob=20)@1	learned(model=10,fead67b7,weight_merge,lin,shape=129-1)@1.dil(prob=20)@1	ab(deep=12,tt,ord,retain,time=25ms)@3.learned(model=10,fead67b7,weight_merge,lin,shape=129-1)@1.dil(prob=20)@1
ab(deep=12,tt,ord,retain,time=25ms)@3	664	5	6992	21.216	on	learned(model=585,e37f6895,tdleaf_self,mlp,shape=30-32-1)@1	learned(model=585,e37f6895,tdleaf_self,mlp,shape=30-32-1)@1	ab(deep=12,tt,ord,retain,time=25ms)@3.learned(model=585,e37f6895,tdleaf_self,mlp,shape=30-32-1)@1
ab(deep=12,tt,ord,retain,time=25ms)@3	659	5	6992	14.545	on	learned(model=369,612a48a8,tdleaf_self,lin,shape=129-1)@1.opener(rand,moves=8)@1	learned(model=369,612a48a8,tdleaf_self,lin,shape=129-1)@1.opener(rand,moves=8)@1	ab(deep=12,tt,ord,retain,time=25ms)@3.learned(model=369,612a48a8,tdleaf_self,lin,shape=129-1)@1.opener(rand,moves=8)@1
ab(deep=12,tt,ord,retain,time=25ms)@3	645	5	6992	14.991	on	learned(model=77,ddaa5090,position_elo,mlp,mu_shape=129-128-64-1,sigma_shape=129-32-1)@1.opener(rand,moves=8)@1	learned(model=77,ddaa5090,position_elo,mlp,mu_shape=129-128-64-1,sigma_shape=129-32-1)@1.opener(rand,moves=8)@1	ab(deep=12,tt,ord,retain,time=25ms)@3.learned(model=77,ddaa5090,position_elo,mlp,mu_shape=129-128-64-1,sigma_shape=129-32-1)@1.opener(rand,moves=8)@1
ab(deep=12,tt,ord,retain,time=25ms)@3	638	5	6992	17.172	on	learned(model=76,ef183148,position_elo,lin,mu_shape=129-1,sigma_shape=129-1)@1.dil(prob=20)@1	learned(model=76,ef183148,position_elo,lin,mu_shape=129-1,sigma_shape=129-1)@1.dil(prob=20)@1	ab(deep=12,tt,ord,retain,time=25ms)@3.learned(model=76,ef183148,position_elo,lin,mu_shape=129-1,sigma_shape=129-1)@1.dil(prob=20)@1
ab(deep=12,tt,ord,retain,time=25ms)@3	637	5	6992	17.198	on	learned(model=98,5801570e,pool_games,lin,shape=129-1)@1.dil(prob=20)@1	learned(model=98,5801570e,pool_games,lin,shape=129-1)@1.dil(prob=20)@1	ab(deep=12,tt,ord,retain,time=25ms)@3.learned(model=98,5801570e,pool_games,lin,shape=129-1)@1.dil(prob=20)@1
ab(deep=12,tt,ord,retain,time=25ms)@3	635	5	6992	14.943	on	learned(model=78,2fa21eda,position_elo,mlp,mu_shape=129-128-64-1,sigma_shape=129-32-1)@1.opener(rand,moves=8)@1	learned(model=78,2fa21eda,position_elo,mlp,mu_shape=129-128-64-1,sigma_shape=129-32-1)@1.opener(rand,moves=8)@1	ab(deep=12,tt,ord,retain,time=25ms)@3.learned(model=78,2fa21eda,position_elo,mlp,mu_shape=129-128-64-1,sigma_shape=129-32-1)@1.opener(rand,moves=8)@1
ab(deep=12,tt,ord,retain,time=25ms)@3	630	5	6992	17.214	on	learned(model=96,990e39e7,pool_games,lin,shape=129-1)@1.dil(prob=20)@1	learned(model=96,990e39e7,pool_games,lin,shape=129-1)@1.dil(prob=20)@1	ab(deep=12,tt,ord,retain,time=25ms)@3.learned(model=96,990e39e7,pool_games,lin,shape=129-1)@1.dil(prob=20)@1
ab(deep=12,tt,ord,retain,time=25ms)@3	626	5	6992	22.701	on	learned(model=110,1466db6c,position_elo,mlp,mu_shape=129-512-8-1,sigma_shape=129-64-1)@1	learned(model=110,1466db6c,position_elo,mlp,mu_shape=129-512-8-1,sigma_shape=129-64-1)@1	ab(deep=12,tt,ord,retain,time=25ms)@3.learned(model=110,1466db6c,position_elo,mlp,mu_shape=129-512-8-1,sigma_shape=129-64-1)@1
ab(deep=12,tt,ord,retain,time=25ms)@3	624	5	6992	17.219	on	learned(model=459,642147d2,tdleaf_self,lin,shape=129-1)@1.dil(prob=20)@1	learned(model=459,642147d2,tdleaf_self,lin,shape=129-1)@1.dil(prob=20)@1	ab(deep=12,tt,ord,retain,time=25ms)@3.learned(model=459,642147d2,tdleaf_self,lin,shape=129-1)@1.dil(prob=20)@1
ab(deep=12,tt,ord,retain,time=25ms)@3	616	5	6992	17.126	on	learned(model=3,68364898,pool_games,lin,shape=129-1)@1.dil(prob=20)@1	learned(model=3,68364898,pool_games,lin,shape=129-1)@1.dil(prob=20)@1	ab(deep=12,tt,ord,retain,time=25ms)@3.learned(model=3,68364898,pool_games,lin,shape=129-1)@1.dil(prob=20)@1
ab(deep=12,tt,ord,retain,time=25ms)@3	609	5	6992	17.267	on	learned(model=8,6f1a4264,pool_games,lin,shape=129-1)@1.dil(prob=20)@1	learned(model=8,6f1a4264,pool_games,lin,shape=129-1)@1.dil(prob=20)@1	ab(deep=12,tt,ord,retain,time=25ms)@3.learned(model=8,6f1a4264,pool_games,lin,shape=129-1)@1.dil(prob=20)@1
ab(deep=12,tt,ord,retain,time=25ms)@3	608	5	6992	17.239	on	learned(model=99,59815079,pool_games,lin,shape=129-1)@1.dil(prob=20)@1	learned(model=99,59815079,pool_games,lin,shape=129-1)@1.dil(prob=20)@1	ab(deep=12,tt,ord,retain,time=25ms)@3.learned(model=99,59815079,pool_games,lin,shape=129-1)@1.dil(prob=20)@1
ab(deep=12,tt,ord,retain,time=25ms)@3	607	5	6992	17.045	on	learned(model=4,eb105733,pool_games,lin,shape=129-1)@1.dil(prob=20)@1	learned(model=4,eb105733,pool_games,lin,shape=129-1)@1.dil(prob=20)@1	ab(deep=12,tt,ord,retain,time=25ms)@3.learned(model=4,eb105733,pool_games,lin,shape=129-1)@1.dil(prob=20)@1
ab(deep=12,tt,ord,retain,time=25ms)@3	603	5	6992	22.437	on	learned(model=79,18f19059,position_elo,mlp,mu_shape=129-256-128-1,sigma_shape=129-64-1)@1	learned(model=79,18f19059,position_elo,mlp,mu_shape=129-256-128-1,sigma_shape=129-64-1)@1	ab(deep=12,tt,ord,retain,time=25ms)@3.learned(model=79,18f19059,position_elo,mlp,mu_shape=129-256-128-1,sigma_shape=129-64-1)@1
ab(deep=12,tt,ord,retain,time=25ms)@3	601	5	6992	13.565	on	learned(model=333,06bdc1f0,tdleaf_self,mlp,shape=30-16-1)@1.opener(rand,moves=8)@1	learned(model=333,06bdc1f0,tdleaf_self,mlp,shape=30-16-1)@1.opener(rand,moves=8)@1	ab(deep=12,tt,ord,retain,time=25ms)@3.learned(model=333,06bdc1f0,tdleaf_self,mlp,shape=30-16-1)@1.opener(rand,moves=8)@1
ab(deep=12,tt,ord,retain,time=25ms)@3	581	5	6992	17.250	on	learned(model=387,607b64aa,tdleaf_self,lin,shape=30-1)@1.dil(prob=20)@1	learned(model=387,607b64aa,tdleaf_self,lin,shape=30-1)@1.dil(prob=20)@1	ab(deep=12,tt,ord,retain,time=25ms)@3.learned(model=387,607b64aa,tdleaf_self,lin,shape=30-1)@1.dil(prob=20)@1
ab(deep=12,tt,ord,retain,time=25ms)@3	580	5	6992	14.895	on	learned(model=111,78ef6974,position_elo,mlp,mu_shape=129-512-8-1,sigma_shape=129-64-1)@1.opener(rand,moves=8)@1	learned(model=111,78ef6974,position_elo,mlp,mu_shape=129-512-8-1,sigma_shape=129-64-1)@1.opener(rand,moves=8)@1	ab(deep=12,tt,ord,retain,time=25ms)@3.learned(model=111,78ef6974,position_elo,mlp,mu_shape=129-512-8-1,sigma_shape=129-64-1)@1.opener(rand,moves=8)@1
ab(deep=12,tt,ord,retain,time=25ms)@3	578	5	6992	17.259	on	learned(model=405,111c40c8,tdleaf_self,mlp,shape=129-32-1)@1.dil(prob=20)@1	learned(model=405,111c40c8,tdleaf_self,mlp,shape=129-32-1)@1.dil(prob=20)@1	ab(deep=12,tt,ord,retain,time=25ms)@3.learned(model=405,111c40c8,tdleaf_self,mlp,shape=129-32-1)@1.dil(prob=20)@1
ab(deep=12,tt,ord,retain,time=25ms)@3	574	5	6992	16.716	on	learned(model=585,e37f6895,tdleaf_self,mlp,shape=30-32-1)@1.dil(prob=20)@1	learned(model=585,e37f6895,tdleaf_self,mlp,shape=30-32-1)@1.dil(prob=20)@1	ab(deep=12,tt,ord,retain,time=25ms)@3.learned(model=585,e37f6895,tdleaf_self,mlp,shape=30-32-1)@1.dil(prob=20)@1
ab(deep=12,tt,ord,retain,time=25ms)@3	571	5	6992	22.260	on	learned(model=531,748d1c8d,tdleaf_self,lin,shape=129-1)@1	learned(model=531,748d1c8d,tdleaf_self,lin,shape=129-1)@1	ab(deep=12,tt,ord,retain,time=25ms)@3.learned(model=531,748d1c8d,tdleaf_self,lin,shape=129-1)@1
ab(deep=12,tt,ord,retain,time=25ms)@3	551	5	6992	17.300	on	learned(model=95,07792e69,pool_games,lin,shape=129-1)@1.dil(prob=20)@1	learned(model=95,07792e69,pool_games,lin,shape=129-1)@1.dil(prob=20)@1	ab(deep=12,tt,ord,retain,time=25ms)@3.learned(model=95,07792e69,pool_games,lin,shape=129-1)@1.dil(prob=20)@1
ab(deep=12,tt,ord,retain,time=25ms)@3	536	5	6992	17.141	on	learned(model=94,784bb5fe,pool_games,lin,shape=129-1)@1.dil(prob=20)@1	learned(model=94,784bb5fe,pool_games,lin,shape=129-1)@1.dil(prob=20)@1	ab(deep=12,tt,ord,retain,time=25ms)@3.learned(model=94,784bb5fe,pool_games,lin,shape=129-1)@1.dil(prob=20)@1
ab(deep=12,tt,ord,retain,time=25ms)@3	525	5	6991	15.042	on	learned(model=531,748d1c8d,tdleaf_self,lin,shape=129-1)@1.opener(rand,moves=8)@1	learned(model=531,748d1c8d,tdleaf_self,lin,shape=129-1)@1.opener(rand,moves=8)@1	ab(deep=12,tt,ord,retain,time=25ms)@3.learned(model=531,748d1c8d,tdleaf_self,lin,shape=129-1)@1.opener(rand,moves=8)@1
ab(deep=12,tt,ord,retain,time=25ms)@3	521	5	6992	15.065	on	learned(model=97,87a5093d,pool_games,lin,shape=129-1)@1.opener(rand,moves=8)@1	learned(model=97,87a5093d,pool_games,lin,shape=129-1)@1.opener(rand,moves=8)@1	ab(deep=12,tt,ord,retain,time=25ms)@3.learned(model=97,87a5093d,pool_games,lin,shape=129-1)@1.opener(rand,moves=8)@1
ab(deep=12,tt,ord,retain,time=25ms)@3	507	6	6992	14.804	on	learned(model=110,1466db6c,position_elo,mlp,mu_shape=129-512-8-1,sigma_shape=129-64-1)@1.opener(rand,moves=8)@1	learned(model=110,1466db6c,position_elo,mlp,mu_shape=129-512-8-1,sigma_shape=129-64-1)@1.opener(rand,moves=8)@1	ab(deep=12,tt,ord,retain,time=25ms)@3.learned(model=110,1466db6c,position_elo,mlp,mu_shape=129-512-8-1,sigma_shape=129-64-1)@1.opener(rand,moves=8)@1
ab(deep=12,tt,ord,retain,time=25ms)@3	503	6	6992	17.712	on	learned(model=77,ddaa5090,position_elo,mlp,mu_shape=129-128-64-1,sigma_shape=129-32-1)@1.dil(prob=20)@1	learned(model=77,ddaa5090,position_elo,mlp,mu_shape=129-128-64-1,sigma_shape=129-32-1)@1.dil(prob=20)@1	ab(deep=12,tt,ord,retain,time=25ms)@3.learned(model=77,ddaa5090,position_elo,mlp,mu_shape=129-128-64-1,sigma_shape=129-32-1)@1.dil(prob=20)@1
ab(deep=12,tt,ord,retain,time=25ms)@3	498	6	6992	14.536	on	learned(model=79,18f19059,position_elo,mlp,mu_shape=129-256-128-1,sigma_shape=129-64-1)@1.opener(rand,moves=8)@1	learned(model=79,18f19059,position_elo,mlp,mu_shape=129-256-128-1,sigma_shape=129-64-1)@1.opener(rand,moves=8)@1	ab(deep=12,tt,ord,retain,time=25ms)@3.learned(model=79,18f19059,position_elo,mlp,mu_shape=129-256-128-1,sigma_shape=129-64-1)@1.opener(rand,moves=8)@1
ab(deep=12,tt,ord,retain,time=25ms)@3	492	6	6992	17.740	on	learned(model=78,2fa21eda,position_elo,mlp,mu_shape=129-128-64-1,sigma_shape=129-32-1)@1.dil(prob=20)@1	learned(model=78,2fa21eda,position_elo,mlp,mu_shape=129-128-64-1,sigma_shape=129-32-1)@1.dil(prob=20)@1	ab(deep=12,tt,ord,retain,time=25ms)@3.learned(model=78,2fa21eda,position_elo,mlp,mu_shape=129-128-64-1,sigma_shape=129-32-1)@1.dil(prob=20)@1
ab(deep=12,tt,ord,retain,time=25ms)@3	488	6	6992	17.246	on	learned(model=369,612a48a8,tdleaf_self,lin,shape=129-1)@1.dil(prob=20)@1	learned(model=369,612a48a8,tdleaf_self,lin,shape=129-1)@1.dil(prob=20)@1	ab(deep=12,tt,ord,retain,time=25ms)@3.learned(model=369,612a48a8,tdleaf_self,lin,shape=129-1)@1.dil(prob=20)@1
ab(deep=12,tt,ord,retain,time=25ms)@3	484	6	6992	22.194	on	learned(model=261,52cd70f8,tdleaf_self,mlp,shape=129-32-1)@1	learned(model=261,52cd70f8,tdleaf_self,mlp,shape=129-32-1)@1	ab(deep=12,tt,ord,retain,time=25ms)@3.learned(model=261,52cd70f8,tdleaf_self,mlp,shape=129-32-1)@1
ab(deep=12,tt,ord,retain,time=25ms)@3	478	6	6992	21.882	on	learned(model=279,409dc0b3,tdleaf_self,mlp,shape=30-16-1)@1	learned(model=279,409dc0b3,tdleaf_self,mlp,shape=30-16-1)@1	ab(deep=12,tt,ord,retain,time=25ms)@3.learned(model=279,409dc0b3,tdleaf_self,mlp,shape=30-16-1)@1
ab(deep=12,tt,ord,retain,time=25ms)@3	468	6	6992	14.286	on	learned(model=279,409dc0b3,tdleaf_self,mlp,shape=30-16-1)@1.opener(rand,moves=8)@1	learned(model=279,409dc0b3,tdleaf_self,mlp,shape=30-16-1)@1.opener(rand,moves=8)@1	ab(deep=12,tt,ord,retain,time=25ms)@3.learned(model=279,409dc0b3,tdleaf_self,mlp,shape=30-16-1)@1.opener(rand,moves=8)@1
ab(deep=12,tt,ord,retain,time=25ms)@3	460	6	6992	17.855	on	learned(model=111,78ef6974,position_elo,mlp,mu_shape=129-512-8-1,sigma_shape=129-64-1)@1.dil(prob=20)@1	learned(model=111,78ef6974,position_elo,mlp,mu_shape=129-512-8-1,sigma_shape=129-64-1)@1.dil(prob=20)@1	ab(deep=12,tt,ord,retain,time=25ms)@3.learned(model=111,78ef6974,position_elo,mlp,mu_shape=129-512-8-1,sigma_shape=129-64-1)@1.dil(prob=20)@1
ab(deep=12,tt,ord,retain,time=25ms)@3	460	6	6992	17.010	on	learned(model=333,06bdc1f0,tdleaf_self,mlp,shape=30-16-1)@1.dil(prob=20)@1	learned(model=333,06bdc1f0,tdleaf_self,mlp,shape=30-16-1)@1.dil(prob=20)@1	ab(deep=12,tt,ord,retain,time=25ms)@3.learned(model=333,06bdc1f0,tdleaf_self,mlp,shape=30-16-1)@1.dil(prob=20)@1
ab(deep=12,tt,ord,retain,time=25ms)@3	448	6	6992	13.920	on	learned(model=585,e37f6895,tdleaf_self,mlp,shape=30-32-1)@1.opener(rand,moves=8)@1	learned(model=585,e37f6895,tdleaf_self,mlp,shape=30-32-1)@1.opener(rand,moves=8)@1	ab(deep=12,tt,ord,retain,time=25ms)@3.learned(model=585,e37f6895,tdleaf_self,mlp,shape=30-32-1)@1.opener(rand,moves=8)@1
ab(deep=12,tt,ord,retain,time=25ms)@3	441	6	6992	17.413	on	learned(model=97,87a5093d,pool_games,lin,shape=129-1)@1.dil(prob=20)@1	learned(model=97,87a5093d,pool_games,lin,shape=129-1)@1.dil(prob=20)@1	ab(deep=12,tt,ord,retain,time=25ms)@3.learned(model=97,87a5093d,pool_games,lin,shape=129-1)@1.dil(prob=20)@1
ab(deep=12,tt,ord,retain,time=25ms)@3	423	6	6992	14.174	on	learned(model=261,52cd70f8,tdleaf_self,mlp,shape=129-32-1)@1.opener(rand,moves=8)@1	learned(model=261,52cd70f8,tdleaf_self,mlp,shape=129-32-1)@1.opener(rand,moves=8)@1	ab(deep=12,tt,ord,retain,time=25ms)@3.learned(model=261,52cd70f8,tdleaf_self,mlp,shape=129-32-1)@1.opener(rand,moves=8)@1
ab(deep=12,tt,ord,retain,time=25ms)@3	405	6	6992	17.801	on	learned(model=110,1466db6c,position_elo,mlp,mu_shape=129-512-8-1,sigma_shape=129-64-1)@1.dil(prob=20)@1	learned(model=110,1466db6c,position_elo,mlp,mu_shape=129-512-8-1,sigma_shape=129-64-1)@1.dil(prob=20)@1	ab(deep=12,tt,ord,retain,time=25ms)@3.learned(model=110,1466db6c,position_elo,mlp,mu_shape=129-512-8-1,sigma_shape=129-64-1)@1.dil(prob=20)@1
ab(deep=12,tt,ord,retain,time=25ms)@3	402	6	6992	17.591	on	learned(model=79,18f19059,position_elo,mlp,mu_shape=129-256-128-1,sigma_shape=129-64-1)@1.dil(prob=20)@1	learned(model=79,18f19059,position_elo,mlp,mu_shape=129-256-128-1,sigma_shape=129-64-1)@1.dil(prob=20)@1	ab(deep=12,tt,ord,retain,time=25ms)@3.learned(model=79,18f19059,position_elo,mlp,mu_shape=129-256-128-1,sigma_shape=129-64-1)@1.dil(prob=20)@1
ab(deep=12,tt,ord,retain,time=25ms)@3	347	7	6992	17.494	on	learned(model=531,748d1c8d,tdleaf_self,lin,shape=129-1)@1.dil(prob=20)@1	learned(model=531,748d1c8d,tdleaf_self,lin,shape=129-1)@1.dil(prob=20)@1	ab(deep=12,tt,ord,retain,time=25ms)@3.learned(model=531,748d1c8d,tdleaf_self,lin,shape=129-1)@1.dil(prob=20)@1
ab(deep=12,tt,ord,retain,time=25ms)@3	329	7	6992	17.305	on	learned(model=279,409dc0b3,tdleaf_self,mlp,shape=30-16-1)@1.dil(prob=20)@1	learned(model=279,409dc0b3,tdleaf_self,mlp,shape=30-16-1)@1.dil(prob=20)@1	ab(deep=12,tt,ord,retain,time=25ms)@3.learned(model=279,409dc0b3,tdleaf_self,mlp,shape=30-16-1)@1.dil(prob=20)@1
ab(deep=12,tt,ord,retain,time=25ms)@3	323	7	6992	17.524	on	learned(model=261,52cd70f8,tdleaf_self,mlp,shape=129-32-1)@1.dil(prob=20)@1	learned(model=261,52cd70f8,tdleaf_self,mlp,shape=129-32-1)@1.dil(prob=20)@1	ab(deep=12,tt,ord,retain,time=25ms)@3.learned(model=261,52cd70f8,tdleaf_self,mlp,shape=129-32-1)@1.dil(prob=20)@1
ab(deep=12,tt,ord,rem=70,retain,nodes=100k)@3	1173	8	5260	22.656	on	learned(model=169,4975683c,tdleaf_self,lin,shape=129-1)@1	learned(model=169,4975683c,tdleaf_self,lin,shape=129-1)@1	ab(deep=12,tt,ord,rem=70,retain,nodes=100k)@3.learned(model=169,4975683c,tdleaf_self,lin,shape=129-1)@1
ab(deep=12,tt,ord,rem=70,retain,nodes=100k)@3	1166	8	5022	22.825	on	learned(model=602,68cbb27d,tdleaf_self,lin,shape=129-1)@1	learned(model=602,68cbb27d,tdleaf_self,lin,shape=129-1)@1	ab(deep=12,tt,ord,rem=70,retain,nodes=100k)@3.learned(model=602,68cbb27d,tdleaf_self,lin,shape=129-1)@1
ab(deep=12,tt,ord,rem=70,retain,nodes=100k)@3	1153	7	5260	22.909	on	learned(model=349,5ee50d5c,tdleaf_self,lin,shape=129-1)@1	learned(model=349,5ee50d5c,tdleaf_self,lin,shape=129-1)@1	ab(deep=12,tt,ord,rem=70,retain,nodes=100k)@3.learned(model=349,5ee50d5c,tdleaf_self,lin,shape=129-1)@1
ab(deep=12,tt,ord,rem=70,retain,nodes=100k)@3	1148	8	5022	22.787	on	learned(model=351,42d88d8e,tdleaf_self,lin,shape=129-1)@1	learned(model=351,42d88d8e,tdleaf_self,lin,shape=129-1)@1	ab(deep=12,tt,ord,rem=70,retain,nodes=100k)@3.learned(model=351,42d88d8e,tdleaf_self,lin,shape=129-1)@1
ab(deep=12,tt,ord,rem=70,retain,nodes=100k)@3	1135	8	5022	22.782	on	learned(model=171,10d3530c,tdleaf_self,lin,shape=129-1)@1	learned(model=171,10d3530c,tdleaf_self,lin,shape=129-1)@1	ab(deep=12,tt,ord,rem=70,retain,nodes=100k)@3.learned(model=171,10d3530c,tdleaf_self,lin,shape=129-1)@1
ab(deep=12,tt,ord,rem=70,retain,nodes=100k)@3	1101	7	5022	22.704	on	learned(model=603,2da121ee,tdleaf_self,lin,shape=129-1)@1	learned(model=603,2da121ee,tdleaf_self,lin,shape=129-1)@1	ab(deep=12,tt,ord,rem=70,retain,nodes=100k)@3.learned(model=603,2da121ee,tdleaf_self,lin,shape=129-1)@1
ab(deep=12,tt,ord,rem=70,retain,nodes=100k)@3	1072	7	5022	22.547	on	learned(model=96,990e39e7,pool_games,lin,shape=129-1)@1	learned(model=96,990e39e7,pool_games,lin,shape=129-1)@1	ab(deep=12,tt,ord,rem=70,retain,nodes=100k)@3.learned(model=96,990e39e7,pool_games,lin,shape=129-1)@1
ab(deep=12,tt,ord,rem=70,retain,nodes=100k)@3	1064	7	5260	19.911	on	classic(chip=100)@2	classic(chip=100)@2	ab(deep=12,tt,ord,rem=70,retain,nodes=100k)@3.classic(chip=100)@2
ab(deep=12,tt,ord,rem=70,retain,nodes=100k)@3	1060	7	5022	22.729	on	learned(model=441,01db390c,tdleaf_self,lin,shape=129-1)@1	learned(model=441,01db390c,tdleaf_self,lin,shape=129-1)@1	ab(deep=12,tt,ord,rem=70,retain,nodes=100k)@3.learned(model=441,01db390c,tdleaf_self,lin,shape=129-1)@1
ab(deep=12,tt,ord,rem=70,retain,nodes=100k)@3	1031	7	5022	22.290	on	learned(model=98,5801570e,pool_games,lin,shape=129-1)@1	learned(model=98,5801570e,pool_games,lin,shape=129-1)@1	ab(deep=12,tt,ord,rem=70,retain,nodes=100k)@3.learned(model=98,5801570e,pool_games,lin,shape=129-1)@1
ab(deep=12,tt,ord,rem=70,retain,nodes=100k)@3	1023	6	5022	23.501	on	learned(model=10,fead67b7,weight_merge,lin,shape=129-1)@1	learned(model=10,fead67b7,weight_merge,lin,shape=129-1)@1	ab(deep=12,tt,ord,rem=70,retain,nodes=100k)@3.learned(model=10,fead67b7,weight_merge,lin,shape=129-1)@1
ab(deep=12,tt,ord,rem=70,retain,nodes=100k)@3	997	6	5022	22.599	on	learned(model=3,68364898,pool_games,lin,shape=129-1)@1	learned(model=3,68364898,pool_games,lin,shape=129-1)@1	ab(deep=12,tt,ord,rem=70,retain,nodes=100k)@3.learned(model=3,68364898,pool_games,lin,shape=129-1)@1
ab(deep=12,tt,ord,rem=70,retain,nodes=100k)@3	987	6	5022	22.526	on	learned(model=76,ef183148,position_elo,lin,mu_shape=129-1,sigma_shape=129-1)@1	learned(model=76,ef183148,position_elo,lin,mu_shape=129-1,sigma_shape=129-1)@1	ab(deep=12,tt,ord,rem=70,retain,nodes=100k)@3.learned(model=76,ef183148,position_elo,lin,mu_shape=129-1,sigma_shape=129-1)@1
ab(deep=12,tt,ord,rem=70,retain,nodes=100k)@3	980	6	5022	175.953	on	learned(model=78,2fa21eda,position_elo,mlp,mu_shape=129-128-64-1,sigma_shape=129-32-1)@1	learned(model=78,2fa21eda,position_elo,mlp,mu_shape=129-128-64-1,sigma_shape=129-32-1)@1	ab(deep=12,tt,ord,rem=70,retain,nodes=100k)@3.learned(model=78,2fa21eda,position_elo,mlp,mu_shape=129-128-64-1,sigma_shape=129-32-1)@1
ab(deep=12,tt,ord,rem=70,retain,nodes=100k)@3	966	6	5022	56.351	on	learned(model=387,607b64aa,tdleaf_self,lin,shape=30-1)@1	learned(model=387,607b64aa,tdleaf_self,lin,shape=30-1)@1	ab(deep=12,tt,ord,rem=70,retain,nodes=100k)@3.learned(model=387,607b64aa,tdleaf_self,lin,shape=30-1)@1
ab(deep=12,tt,ord,rem=70,retain,nodes=100k)@3	961	6	5022	44.437	on	learned(model=405,111c40c8,tdleaf_self,mlp,shape=129-32-1)@1	learned(model=405,111c40c8,tdleaf_self,mlp,shape=129-32-1)@1	ab(deep=12,tt,ord,rem=70,retain,nodes=100k)@3.learned(model=405,111c40c8,tdleaf_self,mlp,shape=129-32-1)@1
ab(deep=12,tt,ord,rem=70,retain,nodes=100k)@3	959	5	6992	15.109	on	learned(model=169,4975683c,tdleaf_self,lin,shape=129-1)@1.opener(rand,moves=8)@1	learned(model=169,4975683c,tdleaf_self,lin,shape=129-1)@1.opener(rand,moves=8)@1	ab(deep=12,tt,ord,rem=70,retain,nodes=100k)@3.learned(model=169,4975683c,tdleaf_self,lin,shape=129-1)@1.opener(rand,moves=8)@1
ab(deep=12,tt,ord,rem=70,retain,nodes=100k)@3	957	6	5022	22.461	on	learned(model=4,eb105733,pool_games,lin,shape=129-1)@1	learned(model=4,eb105733,pool_games,lin,shape=129-1)@1	ab(deep=12,tt,ord,rem=70,retain,nodes=100k)@3.learned(model=4,eb105733,pool_games,lin,shape=129-1)@1
ab(deep=12,tt,ord,rem=70,retain,nodes=100k)@3	957	5	6992	14.880	on	learned(model=171,10d3530c,tdleaf_self,lin,shape=129-1)@1.opener(rand,moves=8)@1	learned(model=171,10d3530c,tdleaf_self,lin,shape=129-1)@1.opener(rand,moves=8)@1	ab(deep=12,tt,ord,rem=70,retain,nodes=100k)@3.learned(model=171,10d3530c,tdleaf_self,lin,shape=129-1)@1.opener(rand,moves=8)@1
ab(deep=12,tt,ord,rem=70,retain,nodes=100k)@3	955	6	5022	388.067	on	learned(model=111,78ef6974,position_elo,mlp,mu_shape=129-512-8-1,sigma_shape=129-64-1)@1	learned(model=111,78ef6974,position_elo,mlp,mu_shape=129-512-8-1,sigma_shape=129-64-1)@1	ab(deep=12,tt,ord,rem=70,retain,nodes=100k)@3.learned(model=111,78ef6974,position_elo,mlp,mu_shape=129-512-8-1,sigma_shape=129-64-1)@1
ab(deep=12,tt,ord,rem=70,retain,nodes=100k)@3	955	5	6992	14.954	on	learned(model=349,5ee50d5c,tdleaf_self,lin,shape=129-1)@1.opener(rand,moves=8)@1	learned(model=349,5ee50d5c,tdleaf_self,lin,shape=129-1)@1.opener(rand,moves=8)@1	ab(deep=12,tt,ord,rem=70,retain,nodes=100k)@3.learned(model=349,5ee50d5c,tdleaf_self,lin,shape=129-1)@1.opener(rand,moves=8)@1
ab(deep=12,tt,ord,rem=70,retain,nodes=100k)@3	951	5	6992	14.787	on	learned(model=351,42d88d8e,tdleaf_self,lin,shape=129-1)@1.opener(rand,moves=8)@1	learned(model=351,42d88d8e,tdleaf_self,lin,shape=129-1)@1.opener(rand,moves=8)@1	ab(deep=12,tt,ord,rem=70,retain,nodes=100k)@3.learned(model=351,42d88d8e,tdleaf_self,lin,shape=129-1)@1.opener(rand,moves=8)@1
ab(deep=12,tt,ord,rem=70,retain,nodes=100k)@3	944	5	6992	15.085	on	learned(model=602,68cbb27d,tdleaf_self,lin,shape=129-1)@1.opener(rand,moves=8)@1	learned(model=602,68cbb27d,tdleaf_self,lin,shape=129-1)@1.opener(rand,moves=8)@1	ab(deep=12,tt,ord,rem=70,retain,nodes=100k)@3.learned(model=602,68cbb27d,tdleaf_self,lin,shape=129-1)@1.opener(rand,moves=8)@1
ab(deep=12,tt,ord,rem=70,retain,nodes=100k)@3	943	6	5022	22.424	on	learned(model=8,6f1a4264,pool_games,lin,shape=129-1)@1	learned(model=8,6f1a4264,pool_games,lin,shape=129-1)@1	ab(deep=12,tt,ord,rem=70,retain,nodes=100k)@3.learned(model=8,6f1a4264,pool_games,lin,shape=129-1)@1
ab(deep=12,tt,ord,rem=70,retain,nodes=100k)@3	940	5	6992	14.906	on	learned(model=603,2da121ee,tdleaf_self,lin,shape=129-1)@1.opener(rand,moves=8)@1	learned(model=603,2da121ee,tdleaf_self,lin,shape=129-1)@1.opener(rand,moves=8)@1	ab(deep=12,tt,ord,rem=70,retain,nodes=100k)@3.learned(model=603,2da121ee,tdleaf_self,lin,shape=129-1)@1.opener(rand,moves=8)@1
ab(deep=12,tt,ord,rem=70,retain,nodes=100k)@3	936	6	5022	173.217	on	learned(model=77,ddaa5090,position_elo,mlp,mu_shape=129-128-64-1,sigma_shape=129-32-1)@1	learned(model=77,ddaa5090,position_elo,mlp,mu_shape=129-128-64-1,sigma_shape=129-32-1)@1	ab(deep=12,tt,ord,rem=70,retain,nodes=100k)@3.learned(model=77,ddaa5090,position_elo,mlp,mu_shape=129-128-64-1,sigma_shape=129-32-1)@1
ab(deep=12,tt,ord,rem=70,retain,nodes=100k)@3	913	6	5022	22.832	on	learned(model=99,59815079,pool_games,lin,shape=129-1)@1	learned(model=99,59815079,pool_games,lin,shape=129-1)@1	ab(deep=12,tt,ord,rem=70,retain,nodes=100k)@3.learned(model=99,59815079,pool_games,lin,shape=129-1)@1
ab(deep=12,tt,ord,rem=70,retain,nodes=100k)@3	904	6	5022	22.974	on	learned(model=459,642147d2,tdleaf_self,lin,shape=129-1)@1	learned(model=459,642147d2,tdleaf_self,lin,shape=129-1)@1	ab(deep=12,tt,ord,rem=70,retain,nodes=100k)@3.learned(model=459,642147d2,tdleaf_self,lin,shape=129-1)@1
ab(deep=12,tt,ord,rem=70,retain,nodes=100k)@3	898	6	5022	375.630	on	learned(model=110,1466db6c,position_elo,mlp,mu_shape=129-512-8-1,sigma_shape=129-64-1)@1	learned(model=110,1466db6c,position_elo,mlp,mu_shape=129-512-8-1,sigma_shape=129-64-1)@1	ab(deep=12,tt,ord,rem=70,retain,nodes=100k)@3.learned(model=110,1466db6c,position_elo,mlp,mu_shape=129-512-8-1,sigma_shape=129-64-1)@1
ab(deep=12,tt,ord,rem=70,retain,nodes=100k)@3	894	5	6992	15.395	on	learned(model=10,fead67b7,weight_merge,lin,shape=129-1)@1.opener(rand,moves=8)@1	learned(model=10,fead67b7,weight_merge,lin,shape=129-1)@1.opener(rand,moves=8)@1	ab(deep=12,tt,ord,rem=70,retain,nodes=100k)@3.learned(model=10,fead67b7,weight_merge,lin,shape=129-1)@1.opener(rand,moves=8)@1
ab(deep=12,tt,ord,rem=70,retain,nodes=100k)@3	886	6	5022	417.269	on	learned(model=79,18f19059,position_elo,mlp,mu_shape=129-256-128-1,sigma_shape=129-64-1)@1	learned(model=79,18f19059,position_elo,mlp,mu_shape=129-256-128-1,sigma_shape=129-64-1)@1	ab(deep=12,tt,ord,rem=70,retain,nodes=100k)@3.learned(model=79,18f19059,position_elo,mlp,mu_shape=129-256-128-1,sigma_shape=129-64-1)@1
ab(deep=12,tt,ord,rem=70,retain,nodes=100k)@3	875	5	6992	15.182	on	learned(model=76,ef183148,position_elo,lin,mu_shape=129-1,sigma_shape=129-1)@1.opener(rand,moves=8)@1	learned(model=76,ef183148,position_elo,lin,mu_shape=129-1,sigma_shape=129-1)@1.opener(rand,moves=8)@1	ab(deep=12,tt,ord,rem=70,retain,nodes=100k)@3.learned(model=76,ef183148,position_elo,lin,mu_shape=129-1,sigma_shape=129-1)@1.opener(rand,moves=8)@1
ab(deep=12,tt,ord,rem=70,retain,nodes=100k)@3	865	5	6992	13.649	on	classic(chip=100)@2.opener(rand,moves=8)@1	classic(chip=100)@2.opener(rand,moves=8)@1	ab(deep=12,tt,ord,rem=70,retain,nodes=100k)@3.classic(chip=100)@2.opener(rand,moves=8)@1
ab(deep=12,tt,ord,rem=70,retain,nodes=100k)@3	858	5	6992	15.065	on	learned(model=96,990e39e7,pool_games,lin,shape=129-1)@1.opener(rand,moves=8)@1	learned(model=96,990e39e7,pool_games,lin,shape=129-1)@1.opener(rand,moves=8)@1	ab(deep=12,tt,ord,rem=70,retain,nodes=100k)@3.learned(model=96,990e39e7,pool_games,lin,shape=129-1)@1.opener(rand,moves=8)@1
ab(deep=12,tt,ord,rem=70,retain,nodes=100k)@3	857	5	6992	35.754	on	learned(model=387,607b64aa,tdleaf_self,lin,shape=30-1)@1.opener(rand,moves=8)@1	learned(model=387,607b64aa,tdleaf_self,lin,shape=30-1)@1.opener(rand,moves=8)@1	ab(deep=12,tt,ord,rem=70,retain,nodes=100k)@3.learned(model=387,607b64aa,tdleaf_self,lin,shape=30-1)@1.opener(rand,moves=8)@1
ab(deep=12,tt,ord,rem=70,retain,nodes=100k)@3	845	5	6992	15.109	on	learned(model=441,01db390c,tdleaf_self,lin,shape=129-1)@1.opener(rand,moves=8)@1	learned(model=441,01db390c,tdleaf_self,lin,shape=129-1)@1.opener(rand,moves=8)@1	ab(deep=12,tt,ord,rem=70,retain,nodes=100k)@3.learned(model=441,01db390c,tdleaf_self,lin,shape=129-1)@1.opener(rand,moves=8)@1
ab(deep=12,tt,ord,rem=70,retain,nodes=100k)@3	842	5	6992	15.213	on	learned(model=98,5801570e,pool_games,lin,shape=129-1)@1.opener(rand,moves=8)@1	learned(model=98,5801570e,pool_games,lin,shape=129-1)@1.opener(rand,moves=8)@1	ab(deep=12,tt,ord,rem=70,retain,nodes=100k)@3.learned(model=98,5801570e,pool_games,lin,shape=129-1)@1.opener(rand,moves=8)@1
ab(deep=12,tt,ord,rem=70,retain,nodes=100k)@3	839	5	6992	15.226	on	learned(model=8,6f1a4264,pool_games,lin,shape=129-1)@1.opener(rand,moves=8)@1	learned(model=8,6f1a4264,pool_games,lin,shape=129-1)@1.opener(rand,moves=8)@1	ab(deep=12,tt,ord,rem=70,retain,nodes=100k)@3.learned(model=8,6f1a4264,pool_games,lin,shape=129-1)@1.opener(rand,moves=8)@1
ab(deep=12,tt,ord,rem=70,retain,nodes=100k)@3	835	5	6992	29.411	on	learned(model=405,111c40c8,tdleaf_self,mlp,shape=129-32-1)@1.opener(rand,moves=8)@1	learned(model=405,111c40c8,tdleaf_self,mlp,shape=129-32-1)@1.opener(rand,moves=8)@1	ab(deep=12,tt,ord,rem=70,retain,nodes=100k)@3.learned(model=405,111c40c8,tdleaf_self,mlp,shape=129-32-1)@1.opener(rand,moves=8)@1
ab(deep=12,tt,ord,rem=70,retain,nodes=100k)@3	827	5	6992	264.086	on	learned(model=111,78ef6974,position_elo,mlp,mu_shape=129-512-8-1,sigma_shape=129-64-1)@1.opener(rand,moves=8)@1	learned(model=111,78ef6974,position_elo,mlp,mu_shape=129-512-8-1,sigma_shape=129-64-1)@1.opener(rand,moves=8)@1	ab(deep=12,tt,ord,rem=70,retain,nodes=100k)@3.learned(model=111,78ef6974,position_elo,mlp,mu_shape=129-512-8-1,sigma_shape=129-64-1)@1.opener(rand,moves=8)@1
ab(deep=12,tt,ord,rem=70,retain,nodes=100k)@3	820	6	5022	22.640	on	learned(model=94,784bb5fe,pool_games,lin,shape=129-1)@1	learned(model=94,784bb5fe,pool_games,lin,shape=129-1)@1	ab(deep=12,tt,ord,rem=70,retain,nodes=100k)@3.learned(model=94,784bb5fe,pool_games,lin,shape=129-1)@1
ab(deep=12,tt,ord,rem=70,retain,nodes=100k)@3	818	5	6992	14.724	on	learned(model=459,642147d2,tdleaf_self,lin,shape=129-1)@1.opener(rand,moves=8)@1	learned(model=459,642147d2,tdleaf_self,lin,shape=129-1)@1.opener(rand,moves=8)@1	ab(deep=12,tt,ord,rem=70,retain,nodes=100k)@3.learned(model=459,642147d2,tdleaf_self,lin,shape=129-1)@1.opener(rand,moves=8)@1
ab(deep=12,tt,ord,rem=70,retain,nodes=100k)@3	817	5	6992	15.131	on	learned(model=4,eb105733,pool_games,lin,shape=129-1)@1.opener(rand,moves=8)@1	learned(model=4,eb105733,pool_games,lin,shape=129-1)@1.opener(rand,moves=8)@1	ab(deep=12,tt,ord,rem=70,retain,nodes=100k)@3.learned(model=4,eb105733,pool_games,lin,shape=129-1)@1.opener(rand,moves=8)@1
ab(deep=12,tt,ord,rem=70,retain,nodes=100k)@3	810	5	6992	15.358	on	learned(model=3,68364898,pool_games,lin,shape=129-1)@1.opener(rand,moves=8)@1	learned(model=3,68364898,pool_games,lin,shape=129-1)@1.opener(rand,moves=8)@1	ab(deep=12,tt,ord,rem=70,retain,nodes=100k)@3.learned(model=3,68364898,pool_games,lin,shape=129-1)@1.opener(rand,moves=8)@1
ab(deep=12,tt,ord,rem=70,retain,nodes=100k)@3	809	5	6992	123.822	on	learned(model=78,2fa21eda,position_elo,mlp,mu_shape=129-128-64-1,sigma_shape=129-32-1)@1.opener(rand,moves=8)@1	learned(model=78,2fa21eda,position_elo,mlp,mu_shape=129-128-64-1,sigma_shape=129-32-1)@1.opener(rand,moves=8)@1	ab(deep=12,tt,ord,rem=70,retain,nodes=100k)@3.learned(model=78,2fa21eda,position_elo,mlp,mu_shape=129-128-64-1,sigma_shape=129-32-1)@1.opener(rand,moves=8)@1
ab(deep=12,tt,ord,rem=70,retain,nodes=100k)@3	800	5	6992	121.020	on	learned(model=77,ddaa5090,position_elo,mlp,mu_shape=129-128-64-1,sigma_shape=129-32-1)@1.opener(rand,moves=8)@1	learned(model=77,ddaa5090,position_elo,mlp,mu_shape=129-128-64-1,sigma_shape=129-32-1)@1.opener(rand,moves=8)@1	ab(deep=12,tt,ord,rem=70,retain,nodes=100k)@3.learned(model=77,ddaa5090,position_elo,mlp,mu_shape=129-128-64-1,sigma_shape=129-32-1)@1.opener(rand,moves=8)@1
ab(deep=12,tt,ord,rem=70,retain,nodes=100k)@3	775	6	5022	22.864	on	learned(model=95,07792e69,pool_games,lin,shape=129-1)@1	learned(model=95,07792e69,pool_games,lin,shape=129-1)@1	ab(deep=12,tt,ord,rem=70,retain,nodes=100k)@3.learned(model=95,07792e69,pool_games,lin,shape=129-1)@1
ab(deep=12,tt,ord,rem=70,retain,nodes=100k)@3	774	6	5022	74.229	on	learned(model=333,06bdc1f0,tdleaf_self,mlp,shape=30-16-1)@1	learned(model=333,06bdc1f0,tdleaf_self,mlp,shape=30-16-1)@1	ab(deep=12,tt,ord,rem=70,retain,nodes=100k)@3.learned(model=333,06bdc1f0,tdleaf_self,mlp,shape=30-16-1)@1
ab(deep=12,tt,ord,rem=70,retain,nodes=100k)@3	773	5	6992	292.177	on	learned(model=79,18f19059,position_elo,mlp,mu_shape=129-256-128-1,sigma_shape=129-64-1)@1.opener(rand,moves=8)@1	learned(model=79,18f19059,position_elo,mlp,mu_shape=129-256-128-1,sigma_shape=129-64-1)@1.opener(rand,moves=8)@1	ab(deep=12,tt,ord,rem=70,retain,nodes=100k)@3.learned(model=79,18f19059,position_elo,mlp,mu_shape=129-256-128-1,sigma_shape=129-64-1)@1.opener(rand,moves=8)@1
ab(deep=12,tt,ord,rem=70,retain,nodes=100k)@3	760	5	6992	15.188	on	learned(model=99,59815079,pool_games,lin,shape=129-1)@1.opener(rand,moves=8)@1	learned(model=99,59815079,pool_games,lin,shape=129-1)@1.opener(rand,moves=8)@1	ab(deep=12,tt,ord,rem=70,retain,nodes=100k)@3.learned(model=99,59815079,pool_games,lin,shape=129-1)@1.opener(rand,moves=8)@1
ab(deep=12,tt,ord,rem=70,retain,nodes=100k)@3	741	5	6992	255.280	on	learned(model=110,1466db6c,position_elo,mlp,mu_shape=129-512-8-1,sigma_shape=129-64-1)@1.opener(rand,moves=8)@1	learned(model=110,1466db6c,position_elo,mlp,mu_shape=129-512-8-1,sigma_shape=129-64-1)@1.opener(rand,moves=8)@1	ab(deep=12,tt,ord,rem=70,retain,nodes=100k)@3.learned(model=110,1466db6c,position_elo,mlp,mu_shape=129-512-8-1,sigma_shape=129-64-1)@1.opener(rand,moves=8)@1
ab(deep=12,tt,ord,rem=70,retain,nodes=100k)@3	736	5	5022	69.698	on	learned(model=585,e37f6895,tdleaf_self,mlp,shape=30-32-1)@1	learned(model=585,e37f6895,tdleaf_self,mlp,shape=30-32-1)@1	ab(deep=12,tt,ord,rem=70,retain,nodes=100k)@3.learned(model=585,e37f6895,tdleaf_self,mlp,shape=30-32-1)@1
ab(deep=12,tt,ord,rem=70,retain,nodes=100k)@3	727	5	5022	23.247	on	learned(model=369,612a48a8,tdleaf_self,lin,shape=129-1)@1	learned(model=369,612a48a8,tdleaf_self,lin,shape=129-1)@1	ab(deep=12,tt,ord,rem=70,retain,nodes=100k)@3.learned(model=369,612a48a8,tdleaf_self,lin,shape=129-1)@1
ab(deep=12,tt,ord,rem=70,retain,nodes=100k)@3	712	5	6992	18.258	on	learned(model=349,5ee50d5c,tdleaf_self,lin,shape=129-1)@1.dil(prob=20)@1	learned(model=349,5ee50d5c,tdleaf_self,lin,shape=129-1)@1.dil(prob=20)@1	ab(deep=12,tt,ord,rem=70,retain,nodes=100k)@3.learned(model=349,5ee50d5c,tdleaf_self,lin,shape=129-1)@1.dil(prob=20)@1
ab(deep=12,tt,ord,rem=70,retain,nodes=100k)@3	706	5	6992	18.153	on	learned(model=351,42d88d8e,tdleaf_self,lin,shape=129-1)@1.dil(prob=20)@1	learned(model=351,42d88d8e,tdleaf_self,lin,shape=129-1)@1.dil(prob=20)@1	ab(deep=12,tt,ord,rem=70,retain,nodes=100k)@3.learned(model=351,42d88d8e,tdleaf_self,lin,shape=129-1)@1.dil(prob=20)@1
ab(deep=12,tt,ord,rem=70,retain,nodes=100k)@3	706	5	6992	18.075	on	learned(model=171,10d3530c,tdleaf_self,lin,shape=129-1)@1.dil(prob=20)@1	learned(model=171,10d3530c,tdleaf_self,lin,shape=129-1)@1.dil(prob=20)@1	ab(deep=12,tt,ord,rem=70,retain,nodes=100k)@3.learned(model=171,10d3530c,tdleaf_self,lin,shape=129-1)@1.dil(prob=20)@1
ab(deep=12,tt,ord,rem=70,retain,nodes=100k)@3	703	5	6992	18.166	on	learned(model=169,4975683c,tdleaf_self,lin,shape=129-1)@1.dil(prob=20)@1	learned(model=169,4975683c,tdleaf_self,lin,shape=129-1)@1.dil(prob=20)@1	ab(deep=12,tt,ord,rem=70,retain,nodes=100k)@3.learned(model=169,4975683c,tdleaf_self,lin,shape=129-1)@1.dil(prob=20)@1
ab(deep=12,tt,ord,rem=70,retain,nodes=100k)@3	703	5	6992	15.090	on	learned(model=94,784bb5fe,pool_games,lin,shape=129-1)@1.opener(rand,moves=8)@1	learned(model=94,784bb5fe,pool_games,lin,shape=129-1)@1.opener(rand,moves=8)@1	ab(deep=12,tt,ord,rem=70,retain,nodes=100k)@3.learned(model=94,784bb5fe,pool_games,lin,shape=129-1)@1.opener(rand,moves=8)@1
ab(deep=12,tt,ord,rem=70,retain,nodes=100k)@3	702	5	6992	18.163	on	learned(model=602,68cbb27d,tdleaf_self,lin,shape=129-1)@1.dil(prob=20)@1	learned(model=602,68cbb27d,tdleaf_self,lin,shape=129-1)@1.dil(prob=20)@1	ab(deep=12,tt,ord,rem=70,retain,nodes=100k)@3.learned(model=602,68cbb27d,tdleaf_self,lin,shape=129-1)@1.dil(prob=20)@1
ab(deep=12,tt,ord,rem=70,retain,nodes=100k)@3	699	5	5260	21.488	on	learned(model=97,87a5093d,pool_games,lin,shape=129-1)@1	learned(model=97,87a5093d,pool_games,lin,shape=129-1)@1	ab(deep=12,tt,ord,rem=70,retain,nodes=100k)@3.learned(model=97,87a5093d,pool_games,lin,shape=129-1)@1
ab(deep=12,tt,ord,rem=70,retain,nodes=100k)@3	697	5	6992	18.071	on	learned(model=603,2da121ee,tdleaf_self,lin,shape=129-1)@1.dil(prob=20)@1	learned(model=603,2da121ee,tdleaf_self,lin,shape=129-1)@1.dil(prob=20)@1	ab(deep=12,tt,ord,rem=70,retain,nodes=100k)@3.learned(model=603,2da121ee,tdleaf_self,lin,shape=129-1)@1.dil(prob=20)@1
ab(deep=12,tt,ord,rem=70,retain,nodes=100k)@3	676	5	6992	16.333	on	classic(chip=100)@2.dil(prob=20)@1	classic(chip=100)@2.dil(prob=20)@1	ab(deep=12,tt,ord,rem=70,retain,nodes=100k)@3.classic(chip=100)@2.dil(prob=20)@1
ab(deep=12,tt,ord,rem=70,retain,nodes=100k)@3	671	5	6992	18.350	on	learned(model=441,01db390c,tdleaf_self,lin,shape=129-1)@1.dil(prob=20)@1	learned(model=441,01db390c,tdleaf_self,lin,shape=129-1)@1.dil(prob=20)@1	ab(deep=12,tt,ord,rem=70,retain,nodes=100k)@3.learned(model=441,01db390c,tdleaf_self,lin,shape=129-1)@1.dil(prob=20)@1
ab(deep=12,tt,ord,rem=70,retain,nodes=100k)@3	669	5	6992	15.468	on	learned(model=95,07792e69,pool_games,lin,shape=129-1)@1.opener(rand,moves=8)@1	learned(model=95,07792e69,pool_games,lin,shape=129-1)@1.opener(rand,moves=8)@1	ab(deep=12,tt,ord,rem=70,retain,nodes=100k)@3.learned(model=95,07792e69,pool_games,lin,shape=129-1)@1.opener(rand,moves=8)@1
ab(deep=12,tt,ord,rem=70,retain,nodes=100k)@3	666	5	6992	46.001	on	learned(model=333,06bdc1f0,tdleaf_self,mlp,shape=30-16-1)@1.opener(rand,moves=8)@1	learned(model=333,06bdc1f0,tdleaf_self,mlp,shape=30-16-1)@1.opener(rand,moves=8)@1	ab(deep=12,tt,ord,rem=70,retain,nodes=100k)@3.learned(model=333,06bdc1f0,tdleaf_self,mlp,shape=30-16-1)@1.opener(rand,moves=8)@1
ab(deep=12,tt,ord,rem=70,retain,nodes=100k)@3	658	5	6992	18.599	on	learned(model=10,fead67b7,weight_merge,lin,shape=129-1)@1.dil(prob=20)@1	learned(model=10,fead67b7,weight_merge,lin,shape=129-1)@1.dil(prob=20)@1	ab(deep=12,tt,ord,rem=70,retain,nodes=100k)@3.learned(model=10,fead67b7,weight_merge,lin,shape=129-1)@1.dil(prob=20)@1
ab(deep=12,tt,ord,rem=70,retain,nodes=100k)@3	655	5	6992	15.235	on	learned(model=369,612a48a8,tdleaf_self,lin,shape=129-1)@1.opener(rand,moves=8)@1	learned(model=369,612a48a8,tdleaf_self,lin,shape=129-1)@1.opener(rand,moves=8)@1	ab(deep=12,tt,ord,rem=70,retain,nodes=100k)@3.learned(model=369,612a48a8,tdleaf_self,lin,shape=129-1)@1.opener(rand,moves=8)@1
ab(deep=12,tt,ord,rem=70,retain,nodes=100k)@3	646	5	6992	18.016	on	learned(model=76,ef183148,position_elo,lin,mu_shape=129-1,sigma_shape=129-1)@1.dil(prob=20)@1	learned(model=76,ef183148,position_elo,lin,mu_shape=129-1,sigma_shape=129-1)@1.dil(prob=20)@1	ab(deep=12,tt,ord,rem=70,retain,nodes=100k)@3.learned(model=76,ef183148,position_elo,lin,mu_shape=129-1,sigma_shape=129-1)@1.dil(prob=20)@1
ab(deep=12,tt,ord,rem=70,retain,nodes=100k)@3	638	5	6992	18.169	on	learned(model=96,990e39e7,pool_games,lin,shape=129-1)@1.dil(prob=20)@1	learned(model=96,990e39e7,pool_games,lin,shape=129-1)@1.dil(prob=20)@1	ab(deep=12,tt,ord,rem=70,retain,nodes=100k)@3.learned(model=96,990e39e7,pool_games,lin,shape=129-1)@1.dil(prob=20)@1
ab(deep=12,tt,ord,rem=70,retain,nodes=100k)@3	636	5	6992	45.463	on	learned(model=387,607b64aa,tdleaf_self,lin,shape=30-1)@1.dil(prob=20)@1	learned(model=387,607b64aa,tdleaf_self,lin,shape=30-1)@1.dil(prob=20)@1	ab(deep=12,tt,ord,rem=70,retain,nodes=100k)@3.learned(model=387,607b64aa,tdleaf_self,lin,shape=30-1)@1.dil(prob=20)@1
ab(deep=12,tt,ord,rem=70,retain,nodes=100k)@3	636	5	6992	17.991	on	learned(model=98,5801570e,pool_games,lin,shape=129-1)@1.dil(prob=20)@1	learned(model=98,5801570e,pool_games,lin,shape=129-1)@1.dil(prob=20)@1	ab(deep=12,tt,ord,rem=70,retain,nodes=100k)@3.learned(model=98,5801570e,pool_games,lin,shape=129-1)@1.dil(prob=20)@1
ab(deep=12,tt,ord,rem=70,retain,nodes=100k)@3	625	5	6992	18.239	on	learned(model=459,642147d2,tdleaf_self,lin,shape=129-1)@1.dil(prob=20)@1	learned(model=459,642147d2,tdleaf_self,lin,shape=129-1)@1.dil(prob=20)@1	ab(deep=12,tt,ord,rem=70,retain,nodes=100k)@3.learned(model=459,642147d2,tdleaf_self,lin,shape=129-1)@1.dil(prob=20)@1
ab(deep=12,tt,ord,rem=70,retain,nodes=100k)@3	616	5	6992	18.310	on	learned(model=3,68364898,pool_games,lin,shape=129-1)@1.dil(prob=20)@1	learned(model=3,68364898,pool_games,lin,shape=129-1)@1.dil(prob=20)@1	ab(deep=12,tt,ord,rem=70,retain,nodes=100k)@3.learned(model=3,68364898,pool_games,lin,shape=129-1)@1.dil(prob=20)@1
ab(deep=12,tt,ord,rem=70,retain,nodes=100k)@3	614	5	6992	309.910	on	learned(model=111,78ef6974,position_elo,mlp,mu_shape=129-512-8-1,sigma_shape=129-64-1)@1.dil(prob=20)@1	learned(model=111,78ef6974,position_elo,mlp,mu_shape=129-512-8-1,sigma_shape=129-64-1)@1.dil(prob=20)@1	ab(deep=12,tt,ord,rem=70,retain,nodes=100k)@3.learned(model=111,78ef6974,position_elo,mlp,mu_shape=129-512-8-1,sigma_shape=129-64-1)@1.dil(prob=20)@1
ab(deep=12,tt,ord,rem=70,retain,nodes=100k)@3	613	5	6992	17.988	on	learned(model=8,6f1a4264,pool_games,lin,shape=129-1)@1.dil(prob=20)@1	learned(model=8,6f1a4264,pool_games,lin,shape=129-1)@1.dil(prob=20)@1	ab(deep=12,tt,ord,rem=70,retain,nodes=100k)@3.learned(model=8,6f1a4264,pool_games,lin,shape=129-1)@1.dil(prob=20)@1
ab(deep=12,tt,ord,rem=70,retain,nodes=100k)@3	612	5	6992	18.375	on	learned(model=99,59815079,pool_games,lin,shape=129-1)@1.dil(prob=20)@1	learned(model=99,59815079,pool_games,lin,shape=129-1)@1.dil(prob=20)@1	ab(deep=12,tt,ord,rem=70,retain,nodes=100k)@3.learned(model=99,59815079,pool_games,lin,shape=129-1)@1.dil(prob=20)@1
ab(deep=12,tt,ord,rem=70,retain,nodes=100k)@3	608	5	6992	140.817	on	learned(model=77,ddaa5090,position_elo,mlp,mu_shape=129-128-64-1,sigma_shape=129-32-1)@1.dil(prob=20)@1	learned(model=77,ddaa5090,position_elo,mlp,mu_shape=129-128-64-1,sigma_shape=129-32-1)@1.dil(prob=20)@1	ab(deep=12,tt,ord,rem=70,retain,nodes=100k)@3.learned(model=77,ddaa5090,position_elo,mlp,mu_shape=129-128-64-1,sigma_shape=129-32-1)@1.dil(prob=20)@1
ab(deep=12,tt,ord,rem=70,retain,nodes=100k)@3	607	5	6992	141.636	on	learned(model=78,2fa21eda,position_elo,mlp,mu_shape=129-128-64-1,sigma_shape=129-32-1)@1.dil(prob=20)@1	learned(model=78,2fa21eda,position_elo,mlp,mu_shape=129-128-64-1,sigma_shape=129-32-1)@1.dil(prob=20)@1	ab(deep=12,tt,ord,rem=70,retain,nodes=100k)@3.learned(model=78,2fa21eda,position_elo,mlp,mu_shape=129-128-64-1,sigma_shape=129-32-1)@1.dil(prob=20)@1
ab(deep=12,tt,ord,rem=70,retain,nodes=100k)@3	599	5	6992	35.587	on	learned(model=405,111c40c8,tdleaf_self,mlp,shape=129-32-1)@1.dil(prob=20)@1	learned(model=405,111c40c8,tdleaf_self,mlp,shape=129-32-1)@1.dil(prob=20)@1	ab(deep=12,tt,ord,rem=70,retain,nodes=100k)@3.learned(model=405,111c40c8,tdleaf_self,mlp,shape=129-32-1)@1.dil(prob=20)@1
ab(deep=12,tt,ord,rem=70,retain,nodes=100k)@3	598	5	6992	18.078	on	learned(model=4,eb105733,pool_games,lin,shape=129-1)@1.dil(prob=20)@1	learned(model=4,eb105733,pool_games,lin,shape=129-1)@1.dil(prob=20)@1	ab(deep=12,tt,ord,rem=70,retain,nodes=100k)@3.learned(model=4,eb105733,pool_games,lin,shape=129-1)@1.dil(prob=20)@1
ab(deep=12,tt,ord,rem=70,retain,nodes=100k)@3	589	6	5022	75.220	on	learned(model=279,409dc0b3,tdleaf_self,mlp,shape=30-16-1)@1	learned(model=279,409dc0b3,tdleaf_self,mlp,shape=30-16-1)@1	ab(deep=12,tt,ord,rem=70,retain,nodes=100k)@3.learned(model=279,409dc0b3,tdleaf_self,mlp,shape=30-16-1)@1
ab(deep=12,tt,ord,rem=70,retain,nodes=100k)@3	577	5	6992	55.225	on	learned(model=585,e37f6895,tdleaf_self,mlp,shape=30-32-1)@1.dil(prob=20)@1	learned(model=585,e37f6895,tdleaf_self,mlp,shape=30-32-1)@1.dil(prob=20)@1	ab(deep=12,tt,ord,rem=70,retain,nodes=100k)@3.learned(model=585,e37f6895,tdleaf_self,mlp,shape=30-32-1)@1.dil(prob=20)@1
ab(deep=12,tt,ord,rem=70,retain,nodes=100k)@3	572	5	6992	335.398	on	learned(model=79,18f19059,position_elo,mlp,mu_shape=129-256-128-1,sigma_shape=129-64-1)@1.dil(prob=20)@1	learned(model=79,18f19059,position_elo,mlp,mu_shape=129-256-128-1,sigma_shape=129-64-1)@1.dil(prob=20)@1	ab(deep=12,tt,ord,rem=70,retain,nodes=100k)@3.learned(model=79,18f19059,position_elo,mlp,mu_shape=129-256-128-1,sigma_shape=129-64-1)@1.dil(prob=20)@1
ab(deep=12,tt,ord,rem=70,retain,nodes=100k)@3	569	6	5022	22.985	on	learned(model=531,748d1c8d,tdleaf_self,lin,shape=129-1)@1	learned(model=531,748d1c8d,tdleaf_self,lin,shape=129-1)@1	ab(deep=12,tt,ord,rem=70,retain,nodes=100k)@3.learned(model=531,748d1c8d,tdleaf_self,lin,shape=129-1)@1
ab(deep=12,tt,ord,rem=70,retain,nodes=100k)@3	561	5	6992	302.269	on	learned(model=110,1466db6c,position_elo,mlp,mu_shape=129-512-8-1,sigma_shape=129-64-1)@1.dil(prob=20)@1	learned(model=110,1466db6c,position_elo,mlp,mu_shape=129-512-8-1,sigma_shape=129-64-1)@1.dil(prob=20)@1	ab(deep=12,tt,ord,rem=70,retain,nodes=100k)@3.learned(model=110,1466db6c,position_elo,mlp,mu_shape=129-512-8-1,sigma_shape=129-64-1)@1.dil(prob=20)@1
ab(deep=12,tt,ord,rem=70,retain,nodes=100k)@3	547	5	6992	18.080	on	learned(model=94,784bb5fe,pool_games,lin,shape=129-1)@1.dil(prob=20)@1	learned(model=94,784bb5fe,pool_games,lin,shape=129-1)@1.dil(prob=20)@1	ab(deep=12,tt,ord,rem=70,retain,nodes=100k)@3.learned(model=94,784bb5fe,pool_games,lin,shape=129-1)@1.dil(prob=20)@1
ab(deep=12,tt,ord,rem=70,retain,nodes=100k)@3	540	5	6992	18.374	on	learned(model=95,07792e69,pool_games,lin,shape=129-1)@1.dil(prob=20)@1	learned(model=95,07792e69,pool_games,lin,shape=129-1)@1.dil(prob=20)@1	ab(deep=12,tt,ord,rem=70,retain,nodes=100k)@3.learned(model=95,07792e69,pool_games,lin,shape=129-1)@1.dil(prob=20)@1
ab(deep=12,tt,ord,rem=70,retain,nodes=100k)@3	539	6	5022	48.396	on	learned(model=261,52cd70f8,tdleaf_self,mlp,shape=129-32-1)@1	learned(model=261,52cd70f8,tdleaf_self,mlp,shape=129-32-1)@1	ab(deep=12,tt,ord,rem=70,retain,nodes=100k)@3.learned(model=261,52cd70f8,tdleaf_self,mlp,shape=129-32-1)@1
ab(deep=12,tt,ord,rem=70,retain,nodes=100k)@3	530	5	6992	46.779	on	learned(model=279,409dc0b3,tdleaf_self,mlp,shape=30-16-1)@1.opener(rand,moves=8)@1	learned(model=279,409dc0b3,tdleaf_self,mlp,shape=30-16-1)@1.opener(rand,moves=8)@1	ab(deep=12,tt,ord,rem=70,retain,nodes=100k)@3.learned(model=279,409dc0b3,tdleaf_self,mlp,shape=30-16-1)@1.opener(rand,moves=8)@1
ab(deep=12,tt,ord,rem=70,retain,nodes=100k)@3	511	5	6992	15.090	on	learned(model=531,748d1c8d,tdleaf_self,lin,shape=129-1)@1.opener(rand,moves=8)@1	learned(model=531,748d1c8d,tdleaf_self,lin,shape=129-1)@1.opener(rand,moves=8)@1	ab(deep=12,tt,ord,rem=70,retain,nodes=100k)@3.learned(model=531,748d1c8d,tdleaf_self,lin,shape=129-1)@1.opener(rand,moves=8)@1
ab(deep=12,tt,ord,rem=70,retain,nodes=100k)@3	496	6	6992	14.511	on	learned(model=97,87a5093d,pool_games,lin,shape=129-1)@1.opener(rand,moves=8)@1	learned(model=97,87a5093d,pool_games,lin,shape=129-1)@1.opener(rand,moves=8)@1	ab(deep=12,tt,ord,rem=70,retain,nodes=100k)@3.learned(model=97,87a5093d,pool_games,lin,shape=129-1)@1.opener(rand,moves=8)@1
ab(deep=12,tt,ord,rem=70,retain,nodes=100k)@3	484	6	6992	60.055	on	learned(model=333,06bdc1f0,tdleaf_self,mlp,shape=30-16-1)@1.dil(prob=20)@1	learned(model=333,06bdc1f0,tdleaf_self,mlp,shape=30-16-1)@1.dil(prob=20)@1	ab(deep=12,tt,ord,rem=70,retain,nodes=100k)@3.learned(model=333,06bdc1f0,tdleaf_self,mlp,shape=30-16-1)@1.dil(prob=20)@1
ab(deep=12,tt,ord,rem=70,retain,nodes=100k)@3	481	6	6992	18.316	on	learned(model=369,612a48a8,tdleaf_self,lin,shape=129-1)@1.dil(prob=20)@1	learned(model=369,612a48a8,tdleaf_self,lin,shape=129-1)@1.dil(prob=20)@1	ab(deep=12,tt,ord,rem=70,retain,nodes=100k)@3.learned(model=369,612a48a8,tdleaf_self,lin,shape=129-1)@1.dil(prob=20)@1
ab(deep=12,tt,ord,rem=70,retain,nodes=100k)@3	469	6	6992	31.028	on	learned(model=261,52cd70f8,tdleaf_self,mlp,shape=129-32-1)@1.opener(rand,moves=8)@1	learned(model=261,52cd70f8,tdleaf_self,mlp,shape=129-32-1)@1.opener(rand,moves=8)@1	ab(deep=12,tt,ord,rem=70,retain,nodes=100k)@3.learned(model=261,52cd70f8,tdleaf_self,mlp,shape=129-32-1)@1.opener(rand,moves=8)@1
ab(deep=12,tt,ord,rem=70,retain,nodes=100k)@3	469	6	6992	39.505	on	learned(model=585,e37f6895,tdleaf_self,mlp,shape=30-32-1)@1.opener(rand,moves=8)@1	learned(model=585,e37f6895,tdleaf_self,mlp,shape=30-32-1)@1.opener(rand,moves=8)@1	ab(deep=12,tt,ord,rem=70,retain,nodes=100k)@3.learned(model=585,e37f6895,tdleaf_self,mlp,shape=30-32-1)@1.opener(rand,moves=8)@1
ab(deep=12,tt,ord,rem=70,retain,nodes=100k)@3	457	6	6992	17.107	on	learned(model=97,87a5093d,pool_games,lin,shape=129-1)@1.dil(prob=20)@1	learned(model=97,87a5093d,pool_games,lin,shape=129-1)@1.dil(prob=20)@1	ab(deep=12,tt,ord,rem=70,retain,nodes=100k)@3.learned(model=97,87a5093d,pool_games,lin,shape=129-1)@1.dil(prob=20)@1
ab(deep=12,tt,ord,rem=70,retain,nodes=100k)@3	372	7	6992	61.007	on	learned(model=279,409dc0b3,tdleaf_self,mlp,shape=30-16-1)@1.dil(prob=20)@1	learned(model=279,409dc0b3,tdleaf_self,mlp,shape=30-16-1)@1.dil(prob=20)@1	ab(deep=12,tt,ord,rem=70,retain,nodes=100k)@3.learned(model=279,409dc0b3,tdleaf_self,mlp,shape=30-16-1)@1.dil(prob=20)@1
ab(deep=12,tt,ord,rem=70,retain,nodes=100k)@3	353	7	6992	18.029	on	learned(model=531,748d1c8d,tdleaf_self,lin,shape=129-1)@1.dil(prob=20)@1	learned(model=531,748d1c8d,tdleaf_self,lin,shape=129-1)@1.dil(prob=20)@1	ab(deep=12,tt,ord,rem=70,retain,nodes=100k)@3.learned(model=531,748d1c8d,tdleaf_self,lin,shape=129-1)@1.dil(prob=20)@1
ab(deep=12,tt,ord,rem=70,retain,nodes=100k)@3	330	7	6992	38.785	on	learned(model=261,52cd70f8,tdleaf_self,mlp,shape=129-32-1)@1.dil(prob=20)@1	learned(model=261,52cd70f8,tdleaf_self,mlp,shape=129-32-1)@1.dil(prob=20)@1	ab(deep=12,tt,ord,rem=70,retain,nodes=100k)@3.learned(model=261,52cd70f8,tdleaf_self,mlp,shape=129-32-1)@1.dil(prob=20)@1
ab(deep=6,tt,ord,time=150ms)@3	1162	9	3664	24.708	on	learned(model=169,4975683c,tdleaf_self,lin,shape=129-1)@1	learned(model=169,4975683c,tdleaf_self,lin,shape=129-1)@1	ab(deep=6,tt,ord,time=150ms)@3.learned(model=169,4975683c,tdleaf_self,lin,shape=129-1)@1
ab(deep=6,tt,ord,time=150ms)@3	1061	8	3664	21.033	on	learned(model=10,fead67b7,weight_merge,lin,shape=129-1)@1	learned(model=10,fead67b7,weight_merge,lin,shape=129-1)@1	ab(deep=6,tt,ord,time=150ms)@3.learned(model=10,fead67b7,weight_merge,lin,shape=129-1)@1
ab(deep=6,tt,ord,time=150ms)@3	1025	8	3664	11.394	on	classic(chip=100)@2	classic(chip=100)@2	ab(deep=6,tt,ord,time=150ms)@3.classic(chip=100)@2
ab(deep=6,tt,ord,time=150ms)@3	1018	7	3664	18.060	on	learned(model=96,990e39e7,pool_games,lin,shape=129-1)@1	learned(model=96,990e39e7,pool_games,lin,shape=129-1)@1	ab(deep=6,tt,ord,time=150ms)@3.learned(model=96,990e39e7,pool_games,lin,shape=129-1)@1
ab(deep=6,tt,ord,time=150ms)@3	1013	7	3664	18.167	on	learned(model=98,5801570e,pool_games,lin,shape=129-1)@1	learned(model=98,5801570e,pool_games,lin,shape=129-1)@1	ab(deep=6,tt,ord,time=150ms)@3.learned(model=98,5801570e,pool_games,lin,shape=129-1)@1
ab(deep=6,tt,ord,time=150ms)@3	956	7	3664	18.878	on	learned(model=3,68364898,pool_games,lin,shape=129-1)@1	learned(model=3,68364898,pool_games,lin,shape=129-1)@1	ab(deep=6,tt,ord,time=150ms)@3.learned(model=3,68364898,pool_games,lin,shape=129-1)@1
ab(deep=6,tt,ord,time=150ms)@3	942	7	3664	22.345	on	learned(model=76,ef183148,position_elo,lin,mu_shape=129-1,sigma_shape=129-1)@1	learned(model=76,ef183148,position_elo,lin,mu_shape=129-1,sigma_shape=129-1)@1	ab(deep=6,tt,ord,time=150ms)@3.learned(model=76,ef183148,position_elo,lin,mu_shape=129-1,sigma_shape=129-1)@1
ab(deep=6,tt,ord,time=150ms)@3	920	7	3664	19.047	on	learned(model=8,6f1a4264,pool_games,lin,shape=129-1)@1	learned(model=8,6f1a4264,pool_games,lin,shape=129-1)@1	ab(deep=6,tt,ord,time=150ms)@3.learned(model=8,6f1a4264,pool_games,lin,shape=129-1)@1
ab(deep=6,tt,ord,time=150ms)@3	919	7	3664	18.475	on	learned(model=4,eb105733,pool_games,lin,shape=129-1)@1	learned(model=4,eb105733,pool_games,lin,shape=129-1)@1	ab(deep=6,tt,ord,time=150ms)@3.learned(model=4,eb105733,pool_games,lin,shape=129-1)@1
ab(deep=6,tt,ord,time=150ms)@3	902	7	3664	14.041	on	learned(model=10,fead67b7,weight_merge,lin,shape=129-1)@1.opener(rand,moves=8)@1	learned(model=10,fead67b7,weight_merge,lin,shape=129-1)@1.opener(rand,moves=8)@1	ab(deep=6,tt,ord,time=150ms)@3.learned(model=10,fead67b7,weight_merge,lin,shape=129-1)@1.opener(rand,moves=8)@1
ab(deep=6,tt,ord,time=150ms)@3	898	7	3664	16.050	on	learned(model=99,59815079,pool_games,lin,shape=129-1)@1	learned(model=99,59815079,pool_games,lin,shape=129-1)@1	ab(deep=6,tt,ord,time=150ms)@3.learned(model=99,59815079,pool_games,lin,shape=129-1)@1
ab(deep=6,tt,ord,time=150ms)@3	866	7	3664	15.197	on	learned(model=76,ef183148,position_elo,lin,mu_shape=129-1,sigma_shape=129-1)@1.opener(rand,moves=8)@1	learned(model=76,ef183148,position_elo,lin,mu_shape=129-1,sigma_shape=129-1)@1.opener(rand,moves=8)@1	ab(deep=6,tt,ord,time=150ms)@3.learned(model=76,ef183148,position_elo,lin,mu_shape=129-1,sigma_shape=129-1)@1.opener(rand,moves=8)@1
ab(deep=6,tt,ord,time=150ms)@3	864	7	3664	8.327	on	classic(chip=100)@2.opener(rand,moves=8)@1	classic(chip=100)@2.opener(rand,moves=8)@1	ab(deep=6,tt,ord,time=150ms)@3.classic(chip=100)@2.opener(rand,moves=8)@1
ab(deep=6,tt,ord,time=150ms)@3	857	7	3664	12.561	on	learned(model=96,990e39e7,pool_games,lin,shape=129-1)@1.opener(rand,moves=8)@1	learned(model=96,990e39e7,pool_games,lin,shape=129-1)@1.opener(rand,moves=8)@1	ab(deep=6,tt,ord,time=150ms)@3.learned(model=96,990e39e7,pool_games,lin,shape=129-1)@1.opener(rand,moves=8)@1
ab(deep=6,tt,ord,time=150ms)@3	831	7	3664	12.693	on	learned(model=98,5801570e,pool_games,lin,shape=129-1)@1.opener(rand,moves=8)@1	learned(model=98,5801570e,pool_games,lin,shape=129-1)@1.opener(rand,moves=8)@1	ab(deep=6,tt,ord,time=150ms)@3.learned(model=98,5801570e,pool_games,lin,shape=129-1)@1.opener(rand,moves=8)@1
ab(deep=6,tt,ord,time=150ms)@3	817	7	3664	13.288	on	learned(model=8,6f1a4264,pool_games,lin,shape=129-1)@1.opener(rand,moves=8)@1	learned(model=8,6f1a4264,pool_games,lin,shape=129-1)@1.opener(rand,moves=8)@1	ab(deep=6,tt,ord,time=150ms)@3.learned(model=8,6f1a4264,pool_games,lin,shape=129-1)@1.opener(rand,moves=8)@1
ab(deep=6,tt,ord,time=150ms)@3	812	7	3664	75.250	on	learned(model=111,78ef6974,position_elo,mlp,mu_shape=129-512-8-1,sigma_shape=129-64-1)@1	learned(model=111,78ef6974,position_elo,mlp,mu_shape=129-512-8-1,sigma_shape=129-64-1)@1	ab(deep=6,tt,ord,time=150ms)@3.learned(model=111,78ef6974,position_elo,mlp,mu_shape=129-512-8-1,sigma_shape=129-64-1)@1
ab(deep=6,tt,ord,time=150ms)@3	812	7	3664	13.256	on	learned(model=4,eb105733,pool_games,lin,shape=129-1)@1.opener(rand,moves=8)@1	learned(model=4,eb105733,pool_games,lin,shape=129-1)@1.opener(rand,moves=8)@1	ab(deep=6,tt,ord,time=150ms)@3.learned(model=4,eb105733,pool_games,lin,shape=129-1)@1.opener(rand,moves=8)@1
ab(deep=6,tt,ord,time=150ms)@3	811	7	3664	17.304	on	learned(model=94,784bb5fe,pool_games,lin,shape=129-1)@1	learned(model=94,784bb5fe,pool_games,lin,shape=129-1)@1	ab(deep=6,tt,ord,time=150ms)@3.learned(model=94,784bb5fe,pool_games,lin,shape=129-1)@1
ab(deep=6,tt,ord,time=150ms)@3	809	7	3664	15.775	on	learned(model=95,07792e69,pool_games,lin,shape=129-1)@1	learned(model=95,07792e69,pool_games,lin,shape=129-1)@1	ab(deep=6,tt,ord,time=150ms)@3.learned(model=95,07792e69,pool_games,lin,shape=129-1)@1
ab(deep=6,tt,ord,time=150ms)@3	805	7	3664	12.976	on	learned(model=3,68364898,pool_games,lin,shape=129-1)@1.opener(rand,moves=8)@1	learned(model=3,68364898,pool_games,lin,shape=129-1)@1.opener(rand,moves=8)@1	ab(deep=6,tt,ord,time=150ms)@3.learned(model=3,68364898,pool_games,lin,shape=129-1)@1.opener(rand,moves=8)@1
ab(deep=6,tt,ord,time=150ms)@3	770	6	3664	72.127	on	learned(model=113,e3cc8b4e,position_elo,mlp,mu_shape=129-512-8-1,sigma_shape=129-64-1)@1	learned(model=113,e3cc8b4e,position_elo,mlp,mu_shape=129-512-8-1,sigma_shape=129-64-1)@1	ab(deep=6,tt,ord,time=150ms)@3.learned(model=113,e3cc8b4e,position_elo,mlp,mu_shape=129-512-8-1,sigma_shape=129-64-1)@1
ab(deep=6,tt,ord,time=150ms)@3	762	6	3664	11.649	on	learned(model=99,59815079,pool_games,lin,shape=129-1)@1.opener(rand,moves=8)@1	learned(model=99,59815079,pool_games,lin,shape=129-1)@1.opener(rand,moves=8)@1	ab(deep=6,tt,ord,time=150ms)@3.learned(model=99,59815079,pool_games,lin,shape=129-1)@1.opener(rand,moves=8)@1
ab(deep=6,tt,ord,time=150ms)@3	704	6	3664	12.066	on	learned(model=94,784bb5fe,pool_games,lin,shape=129-1)@1.opener(rand,moves=8)@1	learned(model=94,784bb5fe,pool_games,lin,shape=129-1)@1.opener(rand,moves=8)@1	ab(deep=6,tt,ord,time=150ms)@3.learned(model=94,784bb5fe,pool_games,lin,shape=129-1)@1.opener(rand,moves=8)@1
ab(deep=6,tt,ord,time=150ms)@3	700	6	3664	47.840	on	learned(model=111,78ef6974,position_elo,mlp,mu_shape=129-512-8-1,sigma_shape=129-64-1)@1.opener(rand,moves=8)@1	learned(model=111,78ef6974,position_elo,mlp,mu_shape=129-512-8-1,sigma_shape=129-64-1)@1.opener(rand,moves=8)@1	ab(deep=6,tt,ord,time=150ms)@3.learned(model=111,78ef6974,position_elo,mlp,mu_shape=129-512-8-1,sigma_shape=129-64-1)@1.opener(rand,moves=8)@1
ab(deep=6,tt,ord,time=150ms)@3	689	7	3664	14.531	on	learned(model=97,87a5093d,pool_games,lin,shape=129-1)@1	learned(model=97,87a5093d,pool_games,lin,shape=129-1)@1	ab(deep=6,tt,ord,time=150ms)@3.learned(model=97,87a5093d,pool_games,lin,shape=129-1)@1
ab(deep=6,tt,ord,time=150ms)@3	678	7	3664	9.540	on	classic(chip=100)@2.dil(prob=20)@1	classic(chip=100)@2.dil(prob=20)@1	ab(deep=6,tt,ord,time=150ms)@3.classic(chip=100)@2.dil(prob=20)@1
ab(deep=6,tt,ord,time=150ms)@3	661	7	3664	11.430	on	learned(model=95,07792e69,pool_games,lin,shape=129-1)@1.opener(rand,moves=8)@1	learned(model=95,07792e69,pool_games,lin,shape=129-1)@1.opener(rand,moves=8)@1	ab(deep=6,tt,ord,time=150ms)@3.learned(model=95,07792e69,pool_games,lin,shape=129-1)@1.opener(rand,moves=8)@1
ab(deep=6,tt,ord,time=150ms)@3	660	7	3664	17.174	on	learned(model=10,fead67b7,weight_merge,lin,shape=129-1)@1.dil(prob=20)@1	learned(model=10,fead67b7,weight_merge,lin,shape=129-1)@1.dil(prob=20)@1	ab(deep=6,tt,ord,time=150ms)@3.learned(model=10,fead67b7,weight_merge,lin,shape=129-1)@1.dil(prob=20)@1
ab(deep=6,tt,ord,time=150ms)@3	651	7	3664	46.895	on	learned(model=113,e3cc8b4e,position_elo,mlp,mu_shape=129-512-8-1,sigma_shape=129-64-1)@1.opener(rand,moves=8)@1	learned(model=113,e3cc8b4e,position_elo,mlp,mu_shape=129-512-8-1,sigma_shape=129-64-1)@1.opener(rand,moves=8)@1	ab(deep=6,tt,ord,time=150ms)@3.learned(model=113,e3cc8b4e,position_elo,mlp,mu_shape=129-512-8-1,sigma_shape=129-64-1)@1.opener(rand,moves=8)@1
ab(deep=6,tt,ord,time=150ms)@3	643	7	3664	15.549	on	learned(model=96,990e39e7,pool_games,lin,shape=129-1)@1.dil(prob=20)@1	learned(model=96,990e39e7,pool_games,lin,shape=129-1)@1.dil(prob=20)@1	ab(deep=6,tt,ord,time=150ms)@3.learned(model=96,990e39e7,pool_games,lin,shape=129-1)@1.dil(prob=20)@1
ab(deep=6,tt,ord,time=150ms)@3	637	7	3664	17.886	on	learned(model=76,ef183148,position_elo,lin,mu_shape=129-1,sigma_shape=129-1)@1.dil(prob=20)@1	learned(model=76,ef183148,position_elo,lin,mu_shape=129-1,sigma_shape=129-1)@1.dil(prob=20)@1	ab(deep=6,tt,ord,time=150ms)@3.learned(model=76,ef183148,position_elo,lin,mu_shape=129-1,sigma_shape=129-1)@1.dil(prob=20)@1
ab(deep=6,tt,ord,time=150ms)@3	623	7	3664	16.156	on	learned(model=3,68364898,pool_games,lin,shape=129-1)@1.dil(prob=20)@1	learned(model=3,68364898,pool_games,lin,shape=129-1)@1.dil(prob=20)@1	ab(deep=6,tt,ord,time=150ms)@3.learned(model=3,68364898,pool_games,lin,shape=129-1)@1.dil(prob=20)@1
ab(deep=6,tt,ord,time=150ms)@3	620	7	3663	15.280	on	learned(model=98,5801570e,pool_games,lin,shape=129-1)@1.dil(prob=20)@1	learned(model=98,5801570e,pool_games,lin,shape=129-1)@1.dil(prob=20)@1	ab(deep=6,tt,ord,time=150ms)@3.learned(model=98,5801570e,pool_games,lin,shape=129-1)@1.dil(prob=20)@1
ab(deep=6,tt,ord,time=150ms)@3	605	7	3664	13.583	on	learned(model=99,59815079,pool_games,lin,shape=129-1)@1.dil(prob=20)@1	learned(model=99,59815079,pool_games,lin,shape=129-1)@1.dil(prob=20)@1	ab(deep=6,tt,ord,time=150ms)@3.learned(model=99,59815079,pool_games,lin,shape=129-1)@1.dil(prob=20)@1
ab(deep=6,tt,ord,time=150ms)@3	605	7	3664	16.165	on	learned(model=8,6f1a4264,pool_games,lin,shape=129-1)@1.dil(prob=20)@1	learned(model=8,6f1a4264,pool_games,lin,shape=129-1)@1.dil(prob=20)@1	ab(deep=6,tt,ord,time=150ms)@3.learned(model=8,6f1a4264,pool_games,lin,shape=129-1)@1.dil(prob=20)@1
ab(deep=6,tt,ord,time=150ms)@3	592	7	3664	16.152	on	learned(model=4,eb105733,pool_games,lin,shape=129-1)@1.dil(prob=20)@1	learned(model=4,eb105733,pool_games,lin,shape=129-1)@1.dil(prob=20)@1	ab(deep=6,tt,ord,time=150ms)@3.learned(model=4,eb105733,pool_games,lin,shape=129-1)@1.dil(prob=20)@1
ab(deep=6,tt,ord,time=150ms)@3	556	7	3664	14.708	on	learned(model=94,784bb5fe,pool_games,lin,shape=129-1)@1.dil(prob=20)@1	learned(model=94,784bb5fe,pool_games,lin,shape=129-1)@1.dil(prob=20)@1	ab(deep=6,tt,ord,time=150ms)@3.learned(model=94,784bb5fe,pool_games,lin,shape=129-1)@1.dil(prob=20)@1
ab(deep=6,tt,ord,time=150ms)@3	545	7	3664	13.620	on	learned(model=95,07792e69,pool_games,lin,shape=129-1)@1.dil(prob=20)@1	learned(model=95,07792e69,pool_games,lin,shape=129-1)@1.dil(prob=20)@1	ab(deep=6,tt,ord,time=150ms)@3.learned(model=95,07792e69,pool_games,lin,shape=129-1)@1.dil(prob=20)@1
ab(deep=6,tt,ord,time=150ms)@3	538	7	3664	61.395	on	learned(model=111,78ef6974,position_elo,mlp,mu_shape=129-512-8-1,sigma_shape=129-64-1)@1.dil(prob=20)@1	learned(model=111,78ef6974,position_elo,mlp,mu_shape=129-512-8-1,sigma_shape=129-64-1)@1.dil(prob=20)@1	ab(deep=6,tt,ord,time=150ms)@3.learned(model=111,78ef6974,position_elo,mlp,mu_shape=129-512-8-1,sigma_shape=129-64-1)@1.dil(prob=20)@1
ab(deep=6,tt,ord,time=150ms)@3	503	7	3664	9.761	on	learned(model=97,87a5093d,pool_games,lin,shape=129-1)@1.opener(rand,moves=8)@1	learned(model=97,87a5093d,pool_games,lin,shape=129-1)@1.opener(rand,moves=8)@1	ab(deep=6,tt,ord,time=150ms)@3.learned(model=97,87a5093d,pool_games,lin,shape=129-1)@1.opener(rand,moves=8)@1
ab(deep=6,tt,ord,time=150ms)@3	498	7	3664	58.992	on	learned(model=113,e3cc8b4e,position_elo,mlp,mu_shape=129-512-8-1,sigma_shape=129-64-1)@1.dil(prob=20)@1	learned(model=113,e3cc8b4e,position_elo,mlp,mu_shape=129-512-8-1,sigma_shape=129-64-1)@1.dil(prob=20)@1	ab(deep=6,tt,ord,time=150ms)@3.learned(model=113,e3cc8b4e,position_elo,mlp,mu_shape=129-512-8-1,sigma_shape=129-64-1)@1.dil(prob=20)@1
ab(deep=6,tt,ord,time=150ms)@3	475	7	3664	13.039	on	learned(model=97,87a5093d,pool_games,lin,shape=129-1)@1.dil(prob=20)@1	learned(model=97,87a5093d,pool_games,lin,shape=129-1)@1.dil(prob=20)@1	ab(deep=6,tt,ord,time=150ms)@3.learned(model=97,87a5093d,pool_games,lin,shape=129-1)@1.dil(prob=20)@1
ab(deep=8,tt,ord,nodes=2m)@3	1151	0	6042	137.345	on	classic(chip=100)@2	classic(chip=100)@2	ab(deep=8,tt,ord,nodes=2m)@3.classic(chip=100)@2
ab(deep=8,tt,ord,nodes=2m)@3	1067	0	10320	114.388	on	classic(chip=100)@2.dil(prob=15,deep=6)@1	classic(chip=100)@2.dil(prob=15,deep=6)@1	ab(deep=8,tt,ord,nodes=2m)@3.classic(chip=100)@2.dil(prob=15,deep=6)@1
ab(deep=8,tt,ord,nodes=2m)@3	1058	0	10320	95.821	on	classic(chip=100)@2.dil(prob=30,deep=6)@1	classic(chip=100)@2.dil(prob=30,deep=6)@1	ab(deep=8,tt,ord,nodes=2m)@3.classic(chip=100)@2.dil(prob=30,deep=6)@1
ab(deep=6,ord,nodes=200k)@3	1126	0	6044	39.935	on	adv(chip=77,support=-2,control=1,noiseseed=1,racewin=1)@1	adv(chip=77,support=-2,control=1,noiseseed=1,racewin=1)@1	ab(deep=6,ord,nodes=200k)@3.adv(chip=77,support=-2,control=1,noiseseed=1,racewin=1)@1
ab(deep=6,ord,nodes=200k)@3	1123	0	6044	39.825	on	adv(chip=77,support=-2,control=1,noiseseed=1,racewin=1)@1.opener(book,book=19)@1	adv(chip=77,support=-2,control=1,noiseseed=1,racewin=1)@1.opener(book,book=19)@1	ab(deep=6,ord,nodes=200k)@3.adv(chip=77,support=-2,control=1,noiseseed=1,racewin=1)@1.opener(book,book=19)@1
ab(deep=6,ord,nodes=200k)@3	1119	0	6044	38.733	on	adv(chip=77,support=-2,control=1,noiseseed=1,racewin=1)@1.opener(book,book=3)@1	adv(chip=77,support=-2,control=1,noiseseed=1,racewin=1)@1.opener(book,book=3)@1	ab(deep=6,ord,nodes=200k)@3.adv(chip=77,support=-2,control=1,noiseseed=1,racewin=1)@1.opener(book,book=3)@1
ab(deep=6,ord,nodes=200k)@3	1116	0	6043	39.554	on	adv(chip=77,support=-2,control=1,noiseseed=1,racewin=1)@1.opener(book,book=20)@1	adv(chip=77,support=-2,control=1,noiseseed=1,racewin=1)@1.opener(book,book=20)@1	ab(deep=6,ord,nodes=200k)@3.adv(chip=77,support=-2,control=1,noiseseed=1,racewin=1)@1.opener(book,book=20)@1
ab(deep=6,ord,nodes=200k)@3	1091	0	6044	11.884	on	classic(chip=100)@2	classic(chip=100)@2	ab(deep=6,ord,nodes=200k)@3.classic(chip=100)@2
ab(deep=6,ord,nodes=200k)@3	1089	0	6044	20.603	on	adv(chip=75,hole=3,race=2,noiseseed=1,racewin=1)@1	adv(chip=75,hole=3,race=2,noiseseed=1,racewin=1)@1	ab(deep=6,ord,nodes=200k)@3.adv(chip=75,hole=3,race=2,noiseseed=1,racewin=1)@1
ab(deep=6,ord,nodes=200k)@3	1079	0	6044	38.389	on	adv(chip=77,support=-2,control=1,noiseseed=1,racewin=1)@1.opener(book,book=2)@1	adv(chip=77,support=-2,control=1,noiseseed=1,racewin=1)@1.opener(book,book=2)@1	ab(deep=6,ord,nodes=200k)@3.adv(chip=77,support=-2,control=1,noiseseed=1,racewin=1)@1.opener(book,book=2)@1
ab(deep=6,tt,ord,qs,nodes=200k)@3	1097	0	6042	12.410	on	classic(turn=1,chip=4)@2	classic(turn=1,chip=4)@2	ab(deep=6,tt,ord,qs,nodes=200k)@3.classic(turn=1,chip=4)@2
ab(deep=6,tt,ord,qs,nodes=200k)@3	1062	0	6042	20.098	on	learned(model=98,5801570e,pool_games,lin,shape=129-1)@1	learned(model=98,5801570e,pool_games,lin,shape=129-1)@1	ab(deep=6,tt,ord,qs,nodes=200k)@3.learned(model=98,5801570e,pool_games,lin,shape=129-1)@1
ab(deep=6,tt,nodes=200k)@3	1089	0	6044	11.524	on	classic(chip=100)@2	classic(chip=100)@2	ab(deep=6,tt,nodes=200k)@3.classic(chip=100)@2
ab(deep=6,tt,ord,margin=100,nodes=200k)@3	1086	0	6043	11.054	on	classic(chip=100)@2	classic(chip=100)@2	ab(deep=6,tt,ord,margin=100,nodes=200k)@3.classic(chip=100)@2
ab(deep=6,tt,ord,margin=50,nodes=200k)@3	1086	0	6044	10.533	on	classic(chip=100)@2	classic(chip=100)@2	ab(deep=6,tt,ord,margin=50,nodes=200k)@3.classic(chip=100)@2
ab(deep=6,tt,ord,margin=25,nodes=200k)@3	1083	0	6044	10.566	on	classic(chip=100)@2	classic(chip=100)@2	ab(deep=6,tt,ord,margin=25,nodes=200k)@3.classic(chip=100)@2
gaz(sims=300,cvisit=600,cscale=100,m=12)@1	1075	0	10158	5.548	on	learned(model=1465,5d6df7c0,gumbel_self,joint,value_shape=129-64-1,policy_shape=9-64-1)@1	learned(model=1465,5d6df7c0,gumbel_self,joint,value_shape=129-64-1,policy_shape=9-64-1)@1	gaz(sims=300,cvisit=600,cscale=100,m=12)@1.learned(model=1465,5d6df7c0,gumbel_self,joint,value_shape=129-64-1,policy_shape=9-64-1)@1
gaz(sims=500,cvisit=800,cscale=70,m=20)@1	1074	0	10160	5.699	on	learned(model=1545,4755d5f8,gumbel_self,joint,value_shape=129-32-1,policy_shape=9-32-1)@1	learned(model=1545,4755d5f8,gumbel_self,joint,value_shape=129-32-1,policy_shape=9-32-1)@1	gaz(sims=500,cvisit=800,cscale=70,m=20)@1.learned(model=1545,4755d5f8,gumbel_self,joint,value_shape=129-32-1,policy_shape=9-32-1)@1
gaz(sims=500,cvisit=800,cscale=70,m=8)@1	1056	0	10160	23.266	on	learned(model=1449,dc567440,gumbel_self,joint,value_shape=129-64-32-1,policy_shape=9-64-32-1)@1	learned(model=1449,dc567440,gumbel_self,joint,value_shape=129-64-32-1,policy_shape=9-64-32-1)@1	gaz(sims=500,cvisit=800,cscale=70,m=8)@1.learned(model=1449,dc567440,gumbel_self,joint,value_shape=129-64-32-1,policy_shape=9-64-32-1)@1
gaz(sims=300,cvisit=400,cscale=70)@1	1045	0	10159	81.478	on	learned(model=1849,a1dea895,gumbel_self,joint,value_shape=129-1,policy_shape=9-32-1)@1	learned(model=1849,a1dea895,gumbel_self,joint,value_shape=129-1,policy_shape=9-32-1)@1	gaz(sims=300,cvisit=400,cscale=70)@1.learned(model=1849,a1dea895,gumbel_self,joint,value_shape=129-1,policy_shape=9-32-1)@1
gaz(sims=300,cvisit=1000,cscale=40,m=8)@1	1011	0	10159	3.186	on	learned(model=1533,57845dcd,gumbel_self,joint,value_shape=129-32-1,policy_shape=9-32-1)@1	learned(model=1533,57845dcd,gumbel_self,joint,value_shape=129-32-1,policy_shape=9-32-1)@1	gaz(sims=300,cvisit=1000,cscale=40,m=8)@1.learned(model=1533,57845dcd,gumbel_self,joint,value_shape=129-32-1,policy_shape=9-32-1)@1
ab(deep=6,nodes=200k)@3	985	0	6044	7.862	on	classic(chip=100)@2	classic(chip=100)@2	ab(deep=6,nodes=200k)@3.classic(chip=100)@2
ab(deep=6,nodes=200k)@3	753	0	10328	7.163	on	classic(chip=100)@2.dil(prob=10)@1	classic(chip=100)@2.dil(prob=10)@1	ab(deep=6,nodes=200k)@3.classic(chip=100)@2.dil(prob=10)@1
ab(deep=6,nodes=200k)@3	562	0	10328	6.123	on	classic(chip=100)@2.dil(prob=25)@1	classic(chip=100)@2.dil(prob=25)@1	ab(deep=6,nodes=200k)@3.classic(chip=100)@2.dil(prob=25)@1
ab(deep=6,nodes=200k)@3	298	0	10328	4.262	on	classic(chip=100)@2.dil(prob=50)@1	classic(chip=100)@2.dil(prob=50)@1	ab(deep=6,nodes=200k)@3.classic(chip=100)@2.dil(prob=50)@1
ab(deep=5)@3	936	0	6044	2.222	on	classic(chip=100)@2	classic(chip=100)@2	ab(deep=5)@3.classic(chip=100)@2
ab(deep=4)@3	907	0	6044	0.882	on	exp(chip=4,forward=1)@2	exp(chip=4,forward=1)@2	ab(deep=4)@3.exp(chip=4,forward=1)@2
ab(deep=4)@3	890	0	6044	0.246	on	classic(chip=100)@2	classic(chip=100)@2	ab(deep=4)@3.classic(chip=100)@2
ab(deep=4)@3	887	0	6044	0.879	on	exp(chip=4,forward=2)@2	exp(chip=4,forward=2)@2	ab(deep=4)@3.exp(chip=4,forward=2)@2
ab(deep=4)@3	850	0	6044	0.902	on	exp(chip=4,forward=4)@2	exp(chip=4,forward=4)@2	ab(deep=4)@3.exp(chip=4,forward=4)@2
ab(deep=4)@3	839	0	6044	0.922	on	exp(chip=4,forward=8)@2	exp(chip=4,forward=8)@2	ab(deep=4)@3.exp(chip=4,forward=8)@2
ab(deep=4)@3	795	0	6044	58.664	on	learned(model=111,78ef6974,position_elo,mlp,mu_shape=129-512-8-1,sigma_shape=129-64-1)@1	learned(model=111,78ef6974,position_elo,mlp,mu_shape=129-512-8-1,sigma_shape=129-64-1)@1	ab(deep=4)@3.learned(model=111,78ef6974,position_elo,mlp,mu_shape=129-512-8-1,sigma_shape=129-64-1)@1
ab(deep=4)@3	786	0	6044	0.945	on	learned(model=76,ef183148,position_elo,lin,mu_shape=129-1,sigma_shape=129-1)@1	learned(model=76,ef183148,position_elo,lin,mu_shape=129-1,sigma_shape=129-1)@1	ab(deep=4)@3.learned(model=76,ef183148,position_elo,lin,mu_shape=129-1,sigma_shape=129-1)@1
ab(deep=4)@3	783	0	10328	0.229	on	classic(chip=100)@2.dil(prob=5)@1	classic(chip=100)@2.dil(prob=5)@1	ab(deep=4)@3.classic(chip=100)@2.dil(prob=5)@1
ab(deep=4)@3	770	0	6044	3.257	on	classic(chip=10,wall=3,column=2)@2	classic(chip=10,wall=3,column=2)@2	ab(deep=4)@3.classic(chip=10,wall=3,column=2)@2
ab(deep=4)@3	752	0	6044	69.797	on	learned(model=79,18f19059,position_elo,mlp,mu_shape=129-256-128-1,sigma_shape=129-64-1)@1	learned(model=79,18f19059,position_elo,mlp,mu_shape=129-256-128-1,sigma_shape=129-64-1)@1	ab(deep=4)@3.learned(model=79,18f19059,position_elo,mlp,mu_shape=129-256-128-1,sigma_shape=129-64-1)@1
ab(deep=4)@3	739	0	6044	29.202	on	learned(model=78,2fa21eda,position_elo,mlp,mu_shape=129-128-64-1,sigma_shape=129-32-1)@1	learned(model=78,2fa21eda,position_elo,mlp,mu_shape=129-128-64-1,sigma_shape=129-32-1)@1	ab(deep=4)@3.learned(model=78,2fa21eda,position_elo,mlp,mu_shape=129-128-64-1,sigma_shape=129-32-1)@1
ab(deep=4)@3	725	0	6044	61.896	on	learned(model=113,e3cc8b4e,position_elo,mlp,mu_shape=129-512-8-1,sigma_shape=129-64-1)@1	learned(model=113,e3cc8b4e,position_elo,mlp,mu_shape=129-512-8-1,sigma_shape=129-64-1)@1	ab(deep=4)@3.learned(model=113,e3cc8b4e,position_elo,mlp,mu_shape=129-512-8-1,sigma_shape=129-64-1)@1
ab(deep=4)@3	724	0	6044	27.510	on	learned(model=77,ddaa5090,position_elo,mlp,mu_shape=129-128-64-1,sigma_shape=129-32-1)@1	learned(model=77,ddaa5090,position_elo,mlp,mu_shape=129-128-64-1,sigma_shape=129-32-1)@1	ab(deep=4)@3.learned(model=77,ddaa5090,position_elo,mlp,mu_shape=129-128-64-1,sigma_shape=129-32-1)@1
ab(deep=4)@3	716	0	6044	2.659	on	exp(chip=64,column=1,forward=15)@2	exp(chip=64,column=1,forward=15)@2	ab(deep=4)@3.exp(chip=64,column=1,forward=15)@2
ab(deep=4)@3	716	0	6044	60.889	on	learned(model=115,21d7e638,position_elo,mlp,mu_shape=129-512-8-1,sigma_shape=129-64-1)@1	learned(model=115,21d7e638,position_elo,mlp,mu_shape=129-512-8-1,sigma_shape=129-64-1)@1	ab(deep=4)@3.learned(model=115,21d7e638,position_elo,mlp,mu_shape=129-512-8-1,sigma_shape=129-64-1)@1
ab(deep=4)@3	710	0	6044	52.100	on	learned(model=110,1466db6c,position_elo,mlp,mu_shape=129-512-8-1,sigma_shape=129-64-1)@1	learned(model=110,1466db6c,position_elo,mlp,mu_shape=129-512-8-1,sigma_shape=129-64-1)@1	ab(deep=4)@3.learned(model=110,1466db6c,position_elo,mlp,mu_shape=129-512-8-1,sigma_shape=129-64-1)@1
ab(deep=4)@3	710	0	6044	61.127	on	learned(model=114,316257e9,position_elo,mlp,mu_shape=129-512-8-1,sigma_shape=129-64-1)@1	learned(model=114,316257e9,position_elo,mlp,mu_shape=129-512-8-1,sigma_shape=129-64-1)@1	ab(deep=4)@3.learned(model=114,316257e9,position_elo,mlp,mu_shape=129-512-8-1,sigma_shape=129-64-1)@1
ab(deep=4)@3	705	0	10328	0.219	on	classic(chip=100)@2.dil(prob=10)@1	classic(chip=100)@2.dil(prob=10)@1	ab(deep=4)@3.classic(chip=100)@2.dil(prob=10)@1
ab(deep=4)@3	701	0	6044	2.679	on	exp(chip=65,column=1,forward=14)@2	exp(chip=65,column=1,forward=14)@2	ab(deep=4)@3.exp(chip=65,column=1,forward=14)@2
ab(deep=4)@3	684	0	6044	56.833	on	learned(model=112,baa2951a,position_elo,mlp,mu_shape=129-512-8-1,sigma_shape=129-64-1)@1	learned(model=112,baa2951a,position_elo,mlp,mu_shape=129-512-8-1,sigma_shape=129-64-1)@1	ab(deep=4)@3.learned(model=112,baa2951a,position_elo,mlp,mu_shape=129-512-8-1,sigma_shape=129-64-1)@1
ab(deep=4)@3	542	0	10328	0.193	on	classic(chip=100)@2.dil(prob=25)@1	classic(chip=100)@2.dil(prob=25)@1	ab(deep=4)@3.classic(chip=100)@2.dil(prob=25)@1
ab(deep=4)@3	290	0	10328	0.134	on	classic(chip=100)@2.dil(prob=50)@1	classic(chip=100)@2.dil(prob=50)@1	ab(deep=4)@3.classic(chip=100)@2.dil(prob=50)@1
ab(deep=4,tt,ord,nodes=200k)@3	803	0	6044	1.209	on	learned(model=10,fead67b7,weight_merge,lin,shape=129-1)@1	learned(model=10,fead67b7,weight_merge,lin,shape=129-1)@1	ab(deep=4,tt,ord,nodes=200k)@3.learned(model=10,fead67b7,weight_merge,lin,shape=129-1)@1
ab(deep=4,tt,ord,nodes=200k)@3	783	0	6044	1.126	on	learned(model=3,68364898,pool_games,lin,shape=129-1)@1	learned(model=3,68364898,pool_games,lin,shape=129-1)@1	ab(deep=4,tt,ord,nodes=200k)@3.learned(model=3,68364898,pool_games,lin,shape=129-1)@1
ab(deep=4,tt,ord,nodes=200k)@3	755	0	6044	1.144	on	learned(model=8,6f1a4264,pool_games,lin,shape=129-1)@1	learned(model=8,6f1a4264,pool_games,lin,shape=129-1)@1	ab(deep=4,tt,ord,nodes=200k)@3.learned(model=8,6f1a4264,pool_games,lin,shape=129-1)@1
ab(deep=4,tt,ord,nodes=200k)@3	728	0	6044	1.084	on	learned(model=4,eb105733,pool_games,lin,shape=129-1)@1	learned(model=4,eb105733,pool_games,lin,shape=129-1)@1	ab(deep=4,tt,ord,nodes=200k)@3.learned(model=4,eb105733,pool_games,lin,shape=129-1)@1
ab(deep=6,noab,nodes=200k)@3	798	0	6044	11.082	on	classic(chip=100)@2	classic(chip=100)@2	ab(deep=6,noab,nodes=200k)@3.classic(chip=100)@2
ab(deep=3)@3	793	0	6044	0.075	on	classic(chip=100)@2	classic(chip=100)@2	ab(deep=3)@3.classic(chip=100)@2
ab(deep=2)@3	739	0	6044	0.008	on	classic(chip=100)@2	classic(chip=100)@2	ab(deep=2)@3.classic(chip=100)@2
ab(deep=2)@3	674	0	6044	0.021	on	learned(model=76,ef183148,position_elo,lin,mu_shape=129-1,sigma_shape=129-1)@1	learned(model=76,ef183148,position_elo,lin,mu_shape=129-1,sigma_shape=129-1)@1	ab(deep=2)@3.learned(model=76,ef183148,position_elo,lin,mu_shape=129-1,sigma_shape=129-1)@1
ab(deep=2)@3	615	0	6044	0.500	on	learned(model=78,2fa21eda,position_elo,mlp,mu_shape=129-128-64-1,sigma_shape=129-32-1)@1	learned(model=78,2fa21eda,position_elo,mlp,mu_shape=129-128-64-1,sigma_shape=129-32-1)@1	ab(deep=2)@3.learned(model=78,2fa21eda,position_elo,mlp,mu_shape=129-128-64-1,sigma_shape=129-32-1)@1
ab(deep=2)@3	571	0	6044	0.481	on	learned(model=77,ddaa5090,position_elo,mlp,mu_shape=129-128-64-1,sigma_shape=129-32-1)@1	learned(model=77,ddaa5090,position_elo,mlp,mu_shape=129-128-64-1,sigma_shape=129-32-1)@1	ab(deep=2)@3.learned(model=77,ddaa5090,position_elo,mlp,mu_shape=129-128-64-1,sigma_shape=129-32-1)@1
ab(deep=2)@3	507	0	6044	1.167	on	learned(model=79,18f19059,position_elo,mlp,mu_shape=129-256-128-1,sigma_shape=129-64-1)@1	learned(model=79,18f19059,position_elo,mlp,mu_shape=129-256-128-1,sigma_shape=129-64-1)@1	ab(deep=2)@3.learned(model=79,18f19059,position_elo,mlp,mu_shape=129-256-128-1,sigma_shape=129-64-1)@1
ab(deep=1)@3	604	0	6060	0.002	on	classic(chip=100)@2	classic(chip=100)@2	ab(deep=1)@3.classic(chip=100)@2
greedy@1	568	0	8000	0.009	on	classic(chip=10,wall=3,column=2)@2	classic(chip=10,wall=3,column=2)@2	greedy@1.classic(chip=10,wall=3,column=2)@2
greedy@1	553	0	8000	0.002	on	classic(chip=100)@2	classic(chip=100)@2	greedy@1.classic(chip=100)@2
smart(pieces=2)@1	492	0	12728	0.001	on	-	-	smart(pieces=2)@1
smart(pieces=4)@1	437	0	12728	0.001	on	-	-	smart(pieces=4)@1
smart(pieces=6)@1	416	0	12728	0.002	on	-	-	smart(pieces=6)@1
tiered@1	412	0	12728	0.002	on	-	-	tiered@1
rand@1	0	0	13800	0.001	anchor	-	-	rand@1
