ts	run	board	white	black	result	plies	wpc	bpc	wms	bms	wcpu	bcpu	wmv	bmv	wnod	bnod	wed	bed	wsn	bsn	seed	par
2026-07-26T21:40:14Z	20260726T214014Z	boards/board1.txt	ab(d2)@1.classic(t1,c4,w0,l0)@2.opener(rand,4)@1	ab(d4)@1.classic(t1,c4,w0,l0)@2.opener(rand,4)@1	B	48	13	12	0.236	9.892	0.000	15.625	24	24	3274	165398	37.00	80.00	20	20	874933359	12
2026-07-26T21:40:15Z	20260726T214014Z	boards/board1.txt	ab(d2)@1.classic(t1,c4,w0,l0)@2.opener(rand,4)@1	ab(d6,tt,ord,nb200k)@1.classic(t1,c4,w0,l0)@2.dil(r63)@1.opener(rand,4)@1	W	21	16	12	0.055	24.812	0.000	31.250	11	10	602	70142	14.00	6.00	7	1	2029889827	12
2026-07-26T21:40:15Z	20260726T214014Z	boards/board1.txt	ab(d2)@1.classic(t1,c4,w0,l0)@2.opener(rand,4)@1	ab(d6,tt,ord,nb200k)@1.learned(s3,68364898)@1.opener(rand,4)@1	B	62	10	8	0.260	643.761	0.000	562.500	31	31	2889	2095045	52.00	149.00	27	27	3747454998	12
2026-07-26T21:40:16Z	20260726T214014Z	boards/board1.txt	ab(d2)@1.classic(t1,c4,w0,l0)@2.opener(rand,4)@1	ab(d6,tt,ord,nb200k)@1.learned(s98,5801570e)@1.opener(rand,4)@1	B	42	14	13	0.253	574.771	0.000	484.375	21	21	2817	1428674	32.00	88.00	17	17	1624047909	12
2026-07-26T21:40:16Z	20260726T214014Z	boards/board1.txt	ab(d2)@1.classic(t1,c4,w0,l0)@2.opener(rand,4)@1	rand@1	W	27	16	14	0.089	0.008	0.000	0.000	14	13	1148	0	20.00	0.00	10	0	1947337932	12
2026-07-26T21:40:16Z	20260726T214014Z	boards/board1.txt	ab(d4)@1.classic(t1,c4,w0,l0)@2.opener(rand,4)@1	ab(d6,tt,ord,nb200k)@1.classic(t1,c4,w0,l0)@2.dil(r63)@1.opener(rand,4)@1	W	23	16	14	3.370	42.764	0.000	46.875	12	11	48566	123279	32.00	12.00	8	2	1380509389	12
2026-07-26T21:40:16Z	20260726T214014Z	boards/board1.txt	ab(d4)@1.classic(t1,c4,w0,l0)@2.opener(rand,4)@1	ab(d6,tt,ord,nb200k)@1.learned(s3,68364898)@1.opener(rand,4)@1	B	46	10	11	7.703	527.705	0.000	453.125	23	23	106209	1419934	69.00	100.00	19	19	2272904420	12
2026-07-26T21:40:17Z	20260726T214014Z	boards/board1.txt	ab(d4)@1.classic(t1,c4,w0,l0)@2.opener(rand,4)@1	ab(d6,tt,ord,nb200k)@1.learned(s98,5801570e)@1.opener(rand,4)@1	B	54	10	12	7.356	358.212	0.000	328.125	27	27	110906	1127595	85.00	124.00	23	23	4029118819	12
2026-07-26T21:40:17Z	20260726T214014Z	boards/board1.txt	ab(d4)@1.classic(t1,c4,w0,l0)@2.opener(rand,4)@1	rand@1	W	23	16	13	4.042	0.010	0.000	0.000	12	11	42476	0	32.00	0.00	8	0	2844269626	12
2026-07-26T21:40:18Z	20260726T214014Z	boards/board1.txt	ab(d6,ord,nb200k)@1.adv(t20,c77,w0,l0,f0,d-2,e0,m0,h0,b1,o0,r0,x0,n0,s1,g1)@1.opener(rand,4)@1	ab(d6,tt,ord,nb200k)@1.classic(t1,c4,w0,l0)@2.opener(rand,4)@1	W	42	12	11	844.804	279.511	781.250	265.625	21	21	2310709	913057	91.47	88.00	17	17	2931509545	12
2026-07-26T21:40:19Z	20260726T214014Z	boards/board1.txt	ab(d6,ord,nb200k)@1.adv(t20,c77,w0,l0,f0,d-2,e0,m0,h0,b1,o0,r0,x0,n0,s1,g1)@1.opener(rand,4)@1	ab(d6,tt,ord,nb200k)@1.learned(s6,eac8ab99)@1.opener(rand,4)@1	B	53	10	9	1078.834	565.242	1078.125	437.500	27	26	2918890	2081775	121.28	121.94	23	22	4143216785	12
2026-07-26T21:40:21Z	20260726T214014Z	boards/board1.txt	ab(d6,ord,nb200k)@1.adv(t20,c77,w0,l0,f0,d-2,e0,m0,h0,b1,o0,r0,x0,n0,s1,g1)@1.opener(rand,4)@1	ab(d6,tt,ord,qs,nb200k)@1.learned(s98,5801570e)@1.opener(rand,4)@1	B	57	10	9	1142.675	729.383	1015.625	703.125	29	28	3007065	2121056	136.00	135.00	25	24	3686320771	12
2026-07-26T21:40:22Z	20260726T214014Z	boards/board1.txt	ab(d6,tt,ord,nb200k)@1.classic(t1,c4,w0,l0)@2.dil(r30,d4)@1.opener(rand,4)@1	ab(d6,tt,ord,nb200k)@1.classic(t1,c4,w0,l0)@2.dil(r63)@1.opener(rand,4)@1	W	35	14	12	148.524	126.767	140.625	140.625	18	17	436566	353120	71.00	42.00	14	7	613555035	12
2026-07-26T21:40:23Z	20260726T214014Z	boards/board1.txt	ab(d6,tt,ord,nb200k)@1.classic(t1,c4,w0,l0)@2.dil(r30,d4)@1.opener(rand,4)@1	ab(d6,tt,ord,nb200k)@1.learned(s3,68364898)@1.opener(rand,4)@1	B	71	7	9	307.183	666.723	187.500	687.500	36	35	841786	1924303	159.00	177.00	32	31	1288072638	12
2026-07-26T21:40:23Z	20260726T214014Z	boards/board1.txt	ab(d6,tt,ord,nb200k)@1.classic(t1,c4,w0,l0)@2.dil(r30,d4)@1.opener(rand,4)@1	ab(d6,tt,ord,nb200k)@1.learned(s98,5801570e)@1.opener(rand,4)@1	B	37	10	12	64.809	301.361	62.500	296.875	19	18	223995	820651	63.00	75.00	15	14	2467753101	12
2026-07-26T21:40:23Z	20260726T214014Z	boards/board1.txt	ab(d6,tt,ord,nb200k)@1.classic(t1,c4,w0,l0)@2.dil(r30,d4)@1.opener(rand,4)@1	rand@1	W	21	16	14	97.303	0.011	93.750	0.000	11	10	294987	0	35.00	0.00	7	0	143731700	12
2026-07-26T21:40:23Z	20260726T214014Z	boards/board1.txt	ab(d6,tt,ord,nb200k)@1.classic(t1,c4,w0,l0)@2.dil(r63)@1.opener(rand,4)@1	ab(d6,tt,ord,nb200k)@1.learned(s3,68364898)@1.opener(rand,4)@1	B	18	13	16	0.011	70.189	0.000	62.500	9	9	0	199787	0.00	25.00	0	5	1178568982	12
2026-07-26T21:40:23Z	20260726T214014Z	boards/board1.txt	ab(d6,tt,ord,nb200k)@1.classic(t1,c4,w0,l0)@2.dil(r63)@1.opener(rand,4)@1	ab(d6,tt,ord,nb200k)@1.learned(s98,5801570e)@1.opener(rand,4)@1	B	42	10	14	102.109	271.628	93.750	265.625	21	21	318288	718580	43.00	89.00	8	17	850127909	12
2026-07-26T21:40:24Z	20260726T214014Z	boards/board1.txt	ab(d6,tt,ord,nb200k)@1.classic(t1,c4,w0,l0)@2.dil(r63)@1.opener(rand,4)@1	rand@1	W	25	16	14	73.878	0.011	78.125	0.000	13	12	218978	0	19.00	0.00	4	0	1220677068	12
2026-07-26T21:40:24Z	20260726T214014Z	boards/board1.txt	ab(d6,tt,ord,nb200k)@1.classic(t1,c4,w0,l0)@2.opener(rand,4)@1	ab(d6,tt,ord,nb200k)@1.learned(s6,eac8ab99)@1.opener(rand,4)@1	B	45	12	11	284.044	487.665	265.625	453.125	23	22	727628	1341981	100.00	99.00	19	18	509919977	12
2026-07-26T21:40:25Z	20260726T214014Z	boards/board1.txt	ab(d6,tt,ord,nb200k)@1.classic(t1,c4,w0,l0)@2.opener(rand,4)@1	ab(d6,tt,ord,qs,nb200k)@1.learned(s98,5801570e)@1.opener(rand,4)@1	W	59	11	9	411.592	732.633	359.375	625.000	30	29	1001787	2096296	142.00	136.00	26	25	216847819	12
2026-07-26T21:40:36Z	20260726T214014Z	boards/board1.txt	ab(d6,tt,ord,nb200k)@1.learned(s111,78ef6974)@1.opener(rand,4)@1	ab(d6,tt,ord,nb200k)@1.learned(s3,68364898)@1.opener(rand,4)@1	W	76	8	6	10199.081	777.563	9343.750	781.250	38	38	1987100	2449097	195.00	190.00	34	34	2988879039	12
2026-07-26T21:40:52Z	20260726T214014Z	boards/board1.txt	ab(d6,tt,ord,nb200k)@1.learned(s111,78ef6974)@1.opener(rand,4)@1	ab(d6,tt,ord,nb200k)@1.learned(s98,5801570e)@1.opener(rand,4)@1	B	77	6	7	15032.622	699.239	13578.125	687.500	39	38	2854233	1874269	194.08	194.62	35	34	2700839930	12
2026-07-26T21:40:59Z	20260726T214014Z	boards/board1.txt	ab(d6,tt,ord,nb200k)@1.learned(s111,78ef6974)@1.opener(rand,4)@1	rand@1	W	31	16	10	7035.388	0.025	6281.250	0.000	16	15	1471027	0	66.77	0.00	12	0	3422167817	12
2026-07-26T21:41:00Z	20260726T214014Z	boards/board1.txt	ab(d6,tt,ord,nb200k)@1.learned(s3,68364898)@1.opener(rand,4)@1	ab(d6,tt,ord,nb200k)@1.learned(s98,5801570e)@1.opener(rand,4)@1	W	54	10	9	507.769	570.066	515.625	468.750	27	27	1335980	1770002	129.00	124.00	23	23	1665335402	12
2026-07-26T21:41:01Z	20260726T214014Z	boards/board1.txt	ab(d6,tt,ord,nb200k)@1.learned(s3,68364898)@1.opener(rand,4)@1	rand@1	W	25	16	15	252.275	0.018	203.125	0.000	13	12	686880	0	44.00	0.00	9	0	4265912825	12
2026-07-26T21:41:02Z	20260726T214014Z	boards/board1.txt	ab(d6,tt,ord,nb200k)@1.learned(s6,eac8ab99)@1.opener(rand,4)@1	ab(d6,tt,ord,qs,nb200k)@1.learned(s98,5801570e)@1.opener(rand,4)@1	W	70	6	7	592.343	586.491	437.500	515.625	35	35	1645785	1491428	177.00	172.00	31	31	2759960595	12
2026-07-26T21:41:03Z	20260726T214014Z	boards/board1.txt	ab(d6,tt,ord,nb200k)@1.learned(s76,ef183148)@1.opener(rand,4)@1	ab(d6,tt,ord,nb200k)@1.learned(s98,5801570e)@1.opener(rand,4)@1	W	72	9	6	815.398	679.853	781.250	562.500	36	36	2084423	2165439	183.00	177.96	32	32	2009041206	12
2026-07-26T21:41:04Z	20260726T214014Z	boards/board1.txt	ab(d6,tt,ord,nb200k)@1.learned(s76,ef183148)@1.opener(rand,4)@1	rand@1	W	35	16	10	465.125	0.025	421.875	0.000	18	17	1360442	0	74.00	0.00	14	0	2160713069	12
2026-07-26T21:41:04Z	20260726T214014Z	boards/board1.txt	ab(d6,tt,ord,nb200k)@1.learned(s98,5801570e)@1.opener(rand,4)@1	rand@1	W	31	16	14	400.404	0.023	375.000	0.000	16	15	1309226	0	66.00	0.00	12	0	952506862	12
2026-07-26T21:41:06Z	20260726T214014Z	boards/board1.txt	ab(d8,tt,ord,nb2m)@1.classic(t1,c4,w0,l0)@2.opener(rand,4)@1	rand@1	W	25	16	15	2258.758	0.018	2125.000	0.000	13	12	6699833	0	58.00	0.00	9	0	675250986	12
2026-07-26T21:40:15Z	20260726T214015Z	boards/board1.txt	ab(d4)@1.classic(t1,c4,w0,l0)@2.opener(rand,4)@1	ab(d2)@1.classic(t1,c4,w0,l0)@2.opener(rand,4)@1	W	59	9	10	10.154	0.265	15.625	0.000	30	29	166999	3853	102.00	48.00	26	25	874933359	12
2026-07-26T21:40:15Z	20260726T214015Z	boards/board1.txt	ab(d6,tt,ord,nb200k)@1.classic(t1,c4,w0,l0)@2.dil(r63)@1.opener(rand,4)@1	ab(d2)@1.classic(t1,c4,w0,l0)@2.opener(rand,4)@1	B	22	14	16	27.772	0.063	31.250	0.000	11	11	67835	761	6.00	14.00	1	7	2029889827	12
2026-07-26T21:40:16Z	20260726T214015Z	boards/board1.txt	ab(d6,tt,ord,nb200k)@1.learned(s3,68364898)@1.opener(rand,4)@1	ab(d2)@1.classic(t1,c4,w0,l0)@2.opener(rand,4)@1	W	57	12	12	920.648	0.300	859.375	0.000	29	28	2654942	3558	136.00	46.00	25	24	3747454998	12
2026-07-26T21:40:17Z	20260726T214015Z	boards/board1.txt	ab(d6,tt,ord,nb200k)@1.learned(s98,5801570e)@1.opener(rand,4)@1	ab(d2)@1.classic(t1,c4,w0,l0)@2.opener(rand,4)@1	W	59	11	12	981.595	0.307	859.375	0.000	30	29	2880566	3391	141.44	48.00	26	25	1624047909	12
2026-07-26T21:40:17Z	20260726T214015Z	boards/board1.txt	rand@1	ab(d2)@1.classic(t1,c4,w0,l0)@2.opener(rand,4)@1	B	32	15	16	0.010	0.111	0.000	0.000	16	16	0	1559	0.00	24.00	0	12	1947337932	12
2026-07-26T21:40:17Z	20260726T214015Z	boards/board1.txt	ab(d6,tt,ord,nb200k)@1.classic(t1,c4,w0,l0)@2.dil(r63)@1.opener(rand,4)@1	ab(d4)@1.classic(t1,c4,w0,l0)@2.opener(rand,4)@1	B	26	12	16	42.367	4.613	31.250	0.000	13	13	135744	50026	12.00	36.00	2	9	1380509389	12
2026-07-26T21:40:17Z	20260726T214015Z	boards/board1.txt	ab(d6,tt,ord,nb200k)@1.learned(s3,68364898)@1.opener(rand,4)@1	ab(d4)@1.classic(t1,c4,w0,l0)@2.opener(rand,4)@1	B	45	9	12	379.311	4.351	328.125	0.000	23	22	1225493	68209	100.00	72.00	19	18	2272904420	12
2026-07-26T21:40:17Z	20260726T214015Z	boards/board1.txt	ab(d6,tt,ord,nb200k)@1.learned(s98,5801570e)@1.opener(rand,4)@1	ab(d4)@1.classic(t1,c4,w0,l0)@2.opener(rand,4)@1	B	39	12	12	524.627	3.791	468.750	0.000	20	19	1507944	57139	82.00	60.00	16	15	4029118819	12
2026-07-26T21:40:17Z	20260726T214015Z	boards/board1.txt	rand@1	ab(d4)@1.classic(t1,c4,w0,l0)@2.opener(rand,4)@1	B	16	13	16	0.005	0.921	0.000	0.000	8	8	0	12473	0.00	16.00	0	4	2844269626	12
2026-07-26T21:40:19Z	20260726T214015Z	boards/board1.txt	ab(d6,tt,ord,nb200k)@1.classic(t1,c4,w0,l0)@2.opener(rand,4)@1	ab(d6,ord,nb200k)@1.adv(t20,c77,w0,l0,f0,d-2,e0,m0,h0,b1,o0,r0,x0,n0,s1,g1)@1.opener(rand,4)@1	B	45	10	11	301.596	751.519	218.750	718.750	23	22	848555	2057788	100.00	98.52	19	18	2931509545	12
2026-07-26T21:40:21Z	20260726T214015Z	boards/board1.txt	ab(d6,tt,ord,nb200k)@1.learned(s6,eac8ab99)@1.opener(rand,4)@1	ab(d6,ord,nb200k)@1.adv(t20,c77,w0,l0,f0,d-2,e0,m0,h0,b1,o0,r0,x0,n0,s1,g1)@1.opener(rand,4)@1	B	61	8	10	774.029	1283.811	625.000	1109.375	31	30	2490668	3264635	147.16	144.89	27	26	4143216785	12
2026-07-26T21:40:23Z	20260726T214015Z	boards/board1.txt	ab(d6,tt,ord,qs,nb200k)@1.learned(s98,5801570e)@1.opener(rand,4)@1	ab(d6,ord,nb200k)@1.adv(t20,c77,w0,l0,f0,d-2,e0,m0,h0,b1,o0,r0,x0,n0,s1,g1)@1.opener(rand,4)@1	W	68	8	8	1035.465	1491.957	796.875	1312.500	34	34	3194864	3703023	168.20	164.93	30	30	3686320771	12
2026-07-26T21:40:23Z	20260726T214015Z	boards/board1.txt	ab(d6,tt,ord,nb200k)@1.classic(t1,c4,w0,l0)@2.dil(r63)@1.opener(rand,4)@1	ab(d6,tt,ord,nb200k)@1.classic(t1,c4,w0,l0)@2.dil(r30,d4)@1.opener(rand,4)@1	B	34	12	14	72.258	152.782	46.875	140.625	17	17	173679	384722	32.00	59.00	6	13	613555035	12
2026-07-26T21:40:24Z	20260726T214015Z	boards/board1.txt	ab(d6,tt,ord,nb200k)@1.learned(s3,68364898)@1.opener(rand,4)@1	ab(d6,tt,ord,nb200k)@1.classic(t1,c4,w0,l0)@2.dil(r30,d4)@1.opener(rand,4)@1	W	60	10	8	643.720	353.466	515.625	343.750	30	30	1687526	868889	147.00	130.00	26	26	1288072638	12
2026-07-26T21:40:25Z	20260726T214015Z	boards/board1.txt	ab(d6,tt,ord,nb200k)@1.learned(s98,5801570e)@1.opener(rand,4)@1	ab(d6,tt,ord,nb200k)@1.classic(t1,c4,w0,l0)@2.dil(r30,d4)@1.opener(rand,4)@1	W	42	13	11	596.377	182.038	500.000	156.250	21	21	1780559	448201	92.47	74.00	17	17	2467753101	12
2026-07-26T21:40:25Z	20260726T214015Z	boards/board1.txt	rand@1	ab(d6,tt,ord,nb200k)@1.classic(t1,c4,w0,l0)@2.dil(r30,d4)@1.opener(rand,4)@1	B	16	13	16	0.008	60.620	0.000	46.875	8	8	0	141820	0.00	19.00	0	4	143731700	12
2026-07-26T21:40:26Z	20260726T214015Z	boards/board1.txt	ab(d6,tt,ord,nb200k)@1.learned(s3,68364898)@1.opener(rand,4)@1	ab(d6,tt,ord,nb200k)@1.classic(t1,c4,w0,l0)@2.dil(r63)@1.opener(rand,4)@1	W	39	14	12	506.744	96.091	468.750	78.125	20	19	1395279	242266	86.00	30.00	16	5	1178568982	12
2026-07-26T21:40:26Z	20260726T214015Z	boards/board1.txt	ab(d6,tt,ord,nb200k)@1.learned(s98,5801570e)@1.opener(rand,4)@1	ab(d6,tt,ord,nb200k)@1.classic(t1,c4,w0,l0)@2.dil(r63)@1.opener(rand,4)@1	W	45	12	11	531.307	126.453	437.500	93.750	23	22	1301819	335945	100.00	45.00	19	8	850127909	12
2026-07-26T21:40:26Z	20260726T214015Z	boards/board1.txt	rand@1	ab(d6,tt,ord,nb200k)@1.classic(t1,c4,w0,l0)@2.dil(r63)@1.opener(rand,4)@1	B	26	14	16	0.010	42.157	0.000	31.250	13	13	0	92072	0.00	12.00	0	2	1220677068	12
2026-07-26T21:40:27Z	20260726T214015Z	boards/board1.txt	ab(d6,tt,ord,nb200k)@1.learned(s6,eac8ab99)@1.opener(rand,4)@1	ab(d6,tt,ord,nb200k)@1.classic(t1,c4,w0,l0)@2.opener(rand,4)@1	W	48	11	11	511.960	254.406	437.500	203.125	24	24	1249532	708105	111.00	106.00	20	20	509919977	12
2026-07-26T21:40:28Z	20260726T214015Z	boards/board1.txt	ab(d6,tt,ord,qs,nb200k)@1.learned(s98,5801570e)@1.opener(rand,4)@1	ab(d6,tt,ord,nb200k)@1.classic(t1,c4,w0,l0)@2.opener(rand,4)@1	B	42	11	13	552.908	234.549	421.875	218.750	21	21	1473654	553640	93.00	93.00	17	17	216847819	12
2026-07-26T21:40:43Z	20260726T214015Z	boards/board1.txt	ab(d6,tt,ord,nb200k)@1.learned(s3,68364898)@1.opener(rand,4)@1	ab(d6,tt,ord,nb200k)@1.learned(s111,78ef6974)@1.opener(rand,4)@1	W	66	10	8	953.342	14501.553	859.375	12468.750	33	33	2679219	2599050	164.28	159.59	29	29	2988879039	12
2026-07-26T21:41:06Z	20260726T214015Z	boards/board1.txt	ab(d6,tt,ord,nb200k)@1.learned(s98,5801570e)@1.opener(rand,4)@1	ab(d6,tt,ord,nb200k)@1.learned(s111,78ef6974)@1.opener(rand,4)@1	B	79	8	8	1212.962	20878.611	1062.500	17953.125	40	39	3297108	3721919	201.70	200.84	36	35	2700839930	12
2026-07-26T21:41:08Z	20260726T214015Z	boards/board1.txt	rand@1	ab(d6,tt,ord,nb200k)@1.learned(s111,78ef6974)@1.opener(rand,4)@1	B	24	14	15	0.016	1959.340	0.000	1859.375	12	12	0	442935	0.00	38.00	0	8	3422167817	12
2026-07-26T21:41:09Z	20260726T214015Z	boards/board1.txt	ab(d6,tt,ord,nb200k)@1.learned(s98,5801570e)@1.opener(rand,4)@1	ab(d6,tt,ord,nb200k)@1.learned(s3,68364898)@1.opener(rand,4)@1	W	58	10	7	642.428	600.903	609.375	546.875	29	29	1928776	1796219	140.77	136.00	25	25	1665335402	12
2026-07-26T21:41:09Z	20260726T214015Z	boards/board1.txt	rand@1	ab(d6,tt,ord,nb200k)@1.learned(s3,68364898)@1.opener(rand,4)@1	B	32	14	16	0.024	336.821	0.000	343.750	16	16	0	992874	0.00	59.00	0	12	4265912825	12
2026-07-26T21:41:11Z	20260726T214015Z	boards/board1.txt	ab(d6,tt,ord,qs,nb200k)@1.learned(s98,5801570e)@1.opener(rand,4)@1	ab(d6,tt,ord,nb200k)@1.learned(s6,eac8ab99)@1.opener(rand,4)@1	W	90	5	5	980.656	706.843	953.125	656.250	45	45	3154129	2315870	236.52	232.00	41	41	2759960595	12
2026-07-26T21:41:12Z	20260726T214015Z	boards/board1.txt	ab(d6,tt,ord,nb200k)@1.learned(s98,5801570e)@1.opener(rand,4)@1	ab(d6,tt,ord,nb200k)@1.learned(s76,ef183148)@1.opener(rand,4)@1	B	67	8	10	634.519	852.334	562.500	828.125	34	33	2224582	2633924	165.27	164.49	30	29	2009041206	12
2026-07-26T21:41:13Z	20260726T214015Z	boards/board1.txt	rand@1	ab(d6,tt,ord,nb200k)@1.learned(s76,ef183148)@1.opener(rand,4)@1	B	32	12	16	0.023	412.569	0.000	406.250	16	16	0	1272749	0.00	66.00	0	12	2160713069	12
2026-07-26T21:41:13Z	20260726T214015Z	boards/board1.txt	rand@1	ab(d6,tt,ord,nb200k)@1.learned(s98,5801570e)@1.opener(rand,4)@1	B	34	10	15	0.026	366.482	0.000	328.125	17	17	0	1060447	0.00	73.00	0	13	952506862	12
2026-07-26T21:41:15Z	20260726T214015Z	boards/board1.txt	rand@1	ab(d8,tt,ord,nb2m)@1.classic(t1,c4,w0,l0)@2.opener(rand,4)@1	B	28	12	16	0.023	2132.422	0.000	2078.125	14	14	0	6866754	0.00	73.00	0	10	675250986	12
2026-07-26T21:40:14Z	20260726T214014Z	boards/board1.txt	ab(d2)@1.classic(t1,c4,w0,l0)@2.opener(rand,4)@1	ab(d4)@1.classic(t1,c4,w0,l0)@2.opener(rand,4)@1	B	34	14	14	0.135	3.356	0.000	0.000	17	17	1732	54441	24.00	52.00	13	13	987521364	12
2026-07-26T21:40:15Z	20260726T214014Z	boards/board1.txt	ab(d2)@1.classic(t1,c4,w0,l0)@2.opener(rand,4)@1	ab(d6,tt,ord,nb200k)@1.classic(t1,c4,w0,l0)@2.dil(r63)@1.opener(rand,4)@1	W	32	15	12	0.116	66.264	0.000	62.500	16	16	1462	204624	24.00	19.00	12	4	2142477832	12
2026-07-26T21:40:15Z	20260726T214014Z	boards/board1.txt	ab(d2)@1.classic(t1,c4,w0,l0)@2.opener(rand,4)@1	ab(d6,tt,ord,nb200k)@1.learned(s3,68364898)@1.opener(rand,4)@1	B	48	10	10	0.178	531.184	0.000	437.500	24	24	1869	1672282	38.00	107.00	20	20	3636366873	12
2026-07-26T21:40:16Z	20260726T214014Z	boards/board1.txt	ab(d2)@1.classic(t1,c4,w0,l0)@2.opener(rand,4)@1	ab(d6,tt,ord,nb200k)@1.learned(s98,5801570e)@1.opener(rand,4)@1	B	60	10	9	0.343	785.511	0.000	625.000	30	30	4263	2248048	50.00	131.63	26	26	1735136034	12
2026-07-26T21:40:16Z	20260726T214014Z	boards/board1.txt	ab(d2)@1.classic(t1,c4,w0,l0)@2.opener(rand,4)@1	rand@1	W	19	16	12	0.054	0.005	0.000	0.000	10	9	633	0	12.00	0.00	6	0	1834763847	12
2026-07-26T21:40:16Z	20260726T214014Z	boards/board1.txt	ab(d4)@1.classic(t1,c4,w0,l0)@2.opener(rand,4)@1	ab(d6,tt,ord,nb200k)@1.classic(t1,c4,w0,l0)@2.dil(r63)@1.opener(rand,4)@1	W	21	16	13	3.410	58.356	0.000	46.875	11	10	35816	173439	28.00	18.00	7	3	1443100234	12
2026-07-26T21:40:16Z	20260726T214014Z	boards/board1.txt	ab(d4)@1.classic(t1,c4,w0,l0)@2.opener(rand,4)@1	ab(d6,tt,ord,nb200k)@1.learned(s3,68364898)@1.opener(rand,4)@1	B	50	10	10	6.938	535.191	0.000	421.875	25	25	94536	1582458	77.00	112.00	21	21	2208758015	12
2026-07-26T21:40:17Z	20260726T214014Z	boards/board1.txt	ab(d4)@1.classic(t1,c4,w0,l0)@2.opener(rand,4)@1	ab(d6,tt,ord,nb200k)@1.learned(s98,5801570e)@1.opener(rand,4)@1	B	46	10	11	5.694	372.946	0.000	375.000	23	23	88634	1120425	69.00	100.00	19	19	4093265224	12
2026-07-26T21:40:17Z	20260726T214014Z	boards/board1.txt	ab(d4)@1.classic(t1,c4,w0,l0)@2.opener(rand,4)@1	rand@1	W	17	16	12	0.919	0.005	0.000	0.000	9	8	13177	0	20.00	0.00	5	0	2733181501	12
2026-07-26T21:40:18Z	20260726T214014Z	boards/board1.txt	ab(d6,ord,nb200k)@1.adv(t20,c77,w0,l0,f0,d-2,e0,m0,h0,b1,o0,r0,x0,n0,s1,g1)@1.opener(rand,4)@1	ab(d6,tt,ord,nb200k)@1.classic(t1,c4,w0,l0)@2.opener(rand,4)@1	W	58	9	10	980.696	384.030	906.250	328.125	29	29	2699447	1210250	139.63	136.00	25	25	2994100390	12
2026-07-26T21:40:20Z	20260726T214014Z	boards/board1.txt	ab(d6,ord,nb200k)@1.adv(t20,c77,w0,l0,f0,d-2,e0,m0,h0,b1,o0,r0,x0,n0,s1,g1)@1.opener(rand,4)@1	ab(d6,tt,ord,nb200k)@1.learned(s6,eac8ab99)@1.opener(rand,4)@1	B	63	8	7	1065.722	529.359	1000.000	468.750	32	31	2929441	1819775	153.08	152.14	28	27	4205863310	12
2026-07-26T21:40:21Z	20260726T214014Z	boards/board1.txt	ab(d6,ord,nb200k)@1.adv(t20,c77,w0,l0,f0,d-2,e0,m0,h0,b1,o0,r0,x0,n0,s1,g1)@1.opener(rand,4)@1	ab(d6,tt,ord,qs,nb200k)@1.learned(s98,5801570e)@1.opener(rand,4)@1	B	71	9	6	971.903	598.743	921.875	546.875	36	35	2625723	1867335	178.00	177.00	32	31	3750467176	12
2026-07-26T21:40:21Z	20260726T214014Z	boards/board1.txt	ab(d6,tt,ord,nb200k)@1.classic(t1,c4,w0,l0)@2.dil(r30,d4)@1.opener(rand,4)@1	ab(d6,tt,ord,nb200k)@1.classic(t1,c4,w0,l0)@2.dil(r63)@1.opener(rand,4)@1	W	17	16	13	71.619	0.008	78.125	0.000	9	8	196277	0	23.00	0.00	5	0	677687520	12
2026-07-26T21:40:22Z	20260726T214014Z	boards/board1.txt	ab(d6,tt,ord,nb200k)@1.classic(t1,c4,w0,l0)@2.dil(r30,d4)@1.opener(rand,4)@1	ab(d6,tt,ord,nb200k)@1.learned(s3,68364898)@1.opener(rand,4)@1	B	51	8	12	236.832	559.300	203.125	500.000	26	25	634307	1592806	105.00	117.00	22	21	1225481793	12
2026-07-26T21:40:23Z	20260726T214014Z	boards/board1.txt	ab(d6,tt,ord,nb200k)@1.classic(t1,c4,w0,l0)@2.dil(r30,d4)@1.opener(rand,4)@1	ab(d6,tt,ord,nb200k)@1.learned(s98,5801570e)@1.opener(rand,4)@1	B	73	5	9	183.089	396.966	156.250	359.375	37	36	597158	991277	168.00	183.00	33	32	2530343946	12
2026-07-26T21:40:23Z	20260726T214014Z	boards/board1.txt	ab(d6,tt,ord,nb200k)@1.classic(t1,c4,w0,l0)@2.dil(r30,d4)@1.opener(rand,4)@1	rand@1	W	39	15	11	291.567	0.027	234.375	0.000	20	19	828657	0	82.00	0.00	16	0	79585295	12
2026-07-26T21:40:24Z	20260726T214014Z	boards/board1.txt	ab(d6,tt,ord,nb200k)@1.classic(t1,c4,w0,l0)@2.dil(r63)@1.opener(rand,4)@1	ab(d6,tt,ord,nb200k)@1.learned(s3,68364898)@1.opener(rand,4)@1	B	47	12	13	217.727	531.693	218.750	453.125	24	23	592175	1486697	67.00	106.00	12	19	1067480857	12
2026-07-26T21:40:24Z	20260726T214014Z	boards/board1.txt	ab(d6,tt,ord,nb200k)@1.classic(t1,c4,w0,l0)@2.dil(r63)@1.opener(rand,4)@1	ab(d6,tt,ord,nb200k)@1.learned(s98,5801570e)@1.opener(rand,4)@1	B	61	10	10	134.560	422.514	125.000	390.625	31	30	405318	1262250	64.00	147.00	12	26	961216034	12
2026-07-26T21:40:24Z	20260726T214014Z	boards/board1.txt	ab(d6,tt,ord,nb200k)@1.classic(t1,c4,w0,l0)@2.dil(r63)@1.opener(rand,4)@1	rand@1	W	41	15	14	33.148	0.014	31.250	0.000	21	20	115798	0	14.00	0.00	4	0	1108102983	12
2026-07-26T21:40:25Z	20260726T214014Z	boards/board1.txt	ab(d6,tt,ord,nb200k)@1.classic(t1,c4,w0,l0)@2.opener(rand,4)@1	ab(d6,tt,ord,nb200k)@1.learned(s6,eac8ab99)@1.opener(rand,4)@1	B	65	10	7	376.169	621.952	343.750	515.625	33	32	971158	1731280	160.00	159.00	29	28	572510822	12
2026-07-26T21:40:26Z	20260726T214014Z	boards/board1.txt	ab(d6,tt,ord,nb200k)@1.classic(t1,c4,w0,l0)@2.opener(rand,4)@1	ab(d6,tt,ord,qs,nb200k)@1.learned(s98,5801570e)@1.opener(rand,4)@1	B	35	13	13	195.061	271.683	203.125	265.625	18	17	520834	755030	70.00	69.00	14	13	281035984	12
2026-07-26T21:40:41Z	20260726T214014Z	boards/board1.txt	ab(d6,tt,ord,nb200k)@1.learned(s111,78ef6974)@1.opener(rand,4)@1	ab(d6,tt,ord,nb200k)@1.learned(s3,68364898)@1.opener(rand,4)@1	W	58	8	10	14716.836	799.476	13453.125	828.125	29	29	2903738	2117876	140.67	136.00	25	25	3053025444	12
2026-07-26T21:40:52Z	20260726T214014Z	boards/board1.txt	ab(d6,tt,ord,nb200k)@1.learned(s111,78ef6974)@1.opener(rand,4)@1	ab(d6,tt,ord,nb200k)@1.learned(s98,5801570e)@1.opener(rand,4)@1	W	68	9	9	10285.497	580.139	9156.250	500.000	34	34	2164690	1697751	171.00	166.00	30	30	2638193405	12
2026-07-26T21:41:00Z	20260726T214014Z	boards/board1.txt	ab(d6,tt,ord,nb200k)@1.learned(s111,78ef6974)@1.opener(rand,4)@1	rand@1	W	33	16	13	7949.802	0.024	7265.625	0.000	17	16	1559755	0	67.94	0.00	13	0	3533255942	12
2026-07-26T21:41:02Z	20260726T214014Z	boards/board1.txt	ab(d6,tt,ord,nb200k)@1.learned(s3,68364898)@1.opener(rand,4)@1	ab(d6,tt,ord,nb200k)@1.learned(s98,5801570e)@1.opener(rand,4)@1	B	73	7	6	705.052	701.478	671.875	609.375	37	36	2242451	2002579	184.00	183.00	33	32	1602688877	12
2026-07-26T21:41:02Z	20260726T214014Z	boards/board1.txt	ab(d6,tt,ord,nb200k)@1.learned(s3,68364898)@1.opener(rand,4)@1	rand@1	W	33	16	12	379.643	0.026	343.750	0.000	17	16	1141594	0	65.00	0.00	13	0	82033654	12
2026-07-26T21:41:03Z	20260726T214014Z	boards/board1.txt	ab(d6,tt,ord,nb200k)@1.learned(s6,eac8ab99)@1.opener(rand,4)@1	ab(d6,tt,ord,qs,nb200k)@1.learned(s98,5801570e)@1.opener(rand,4)@1	W	93	5	5	662.528	687.052	578.125	687.500	47	46	2140078	1912163	243.69	238.00	43	42	2824107000	12
2026-07-26T21:41:05Z	20260726T214014Z	boards/board1.txt	ab(d6,tt,ord,nb200k)@1.learned(s76,ef183148)@1.opener(rand,4)@1	ab(d6,tt,ord,nb200k)@1.learned(s98,5801570e)@1.opener(rand,4)@1	W	82	8	5	1017.605	815.600	984.375	734.375	41	41	2715693	2722285	212.56	207.42	37	37	1946394681	12
2026-07-26T21:41:06Z	20260726T214014Z	boards/board1.txt	ab(d6,tt,ord,nb200k)@1.learned(s76,ef183148)@1.opener(rand,4)@1	rand@1	W	23	16	14	249.350	0.015	218.750	0.000	12	11	815214	0	37.50	0.00	8	0	2223359594	12
2026-07-26T21:41:06Z	20260726T214014Z	boards/board1.txt	ab(d6,tt,ord,nb200k)@1.learned(s98,5801570e)@1.opener(rand,4)@1	rand@1	W	27	16	12	299.897	0.019	265.625	0.000	14	13	884913	0	55.00	0.00	10	0	841418737	12
2026-07-26T21:41:08Z	20260726T214014Z	boards/board1.txt	ab(d8,tt,ord,nb2m)@1.classic(t1,c4,w0,l0)@2.opener(rand,4)@1	rand@1	W	23	16	14	2307.163	0.018	2156.250	0.000	12	11	6756064	0	57.00	0.00	8	0	564162861	12
2026-07-26T21:40:15Z	20260726T214015Z	boards/board1.txt	ab(d4)@1.classic(t1,c4,w0,l0)@2.opener(rand,4)@1	ab(d2)@1.classic(t1,c4,w0,l0)@2.opener(rand,4)@1	W	35	14	14	7.138	0.112	0.000	0.000	18	17	81495	1468	56.00	24.00	14	13	987521364	12
2026-07-26T21:40:15Z	20260726T214015Z	boards/board1.txt	ab(d6,tt,ord,nb200k)@1.classic(t1,c4,w0,l0)@2.dil(r63)@1.opener(rand,4)@1	ab(d2)@1.classic(t1,c4,w0,l0)@2.opener(rand,4)@1	B	40	11	15	92.046	0.160	62.500	0.000	20	20	238648	2272	24.00	32.00	4	16	2142477832	12
2026-07-26T21:40:15Z	20260726T214015Z	boards/board1.txt	ab(d6,tt,ord,nb200k)@1.learned(s3,68364898)@1.opener(rand,4)@1	ab(d2)@1.classic(t1,c4,w0,l0)@2.opener(rand,4)@1	W	47	12	12	638.273	0.235	640.625	0.000	24	23	1923025	2793	106.00	36.00	20	19	3636366873	12
2026-07-26T21:40:16Z	20260726T214015Z	boards/board1.txt	ab(d6,tt,ord,nb200k)@1.learned(s98,5801570e)@1.opener(rand,4)@1	ab(d2)@1.classic(t1,c4,w0,l0)@2.opener(rand,4)@1	W	57	11	14	874.829	0.335	796.875	0.000	29	28	2683990	4158	136.81	46.00	25	24	1735136034	12
2026-07-26T21:40:16Z	20260726T214015Z	boards/board1.txt	rand@1	ab(d2)@1.classic(t1,c4,w0,l0)@2.opener(rand,4)@1	B	24	12	16	0.010	0.063	0.000	0.000	12	12	0	778	0.00	16.00	0	8	1834763847	12
2026-07-26T21:40:16Z	20260726T214015Z	boards/board1.txt	ab(d6,tt,ord,nb200k)@1.classic(t1,c4,w0,l0)@2.dil(r63)@1.opener(rand,4)@1	ab(d4)@1.classic(t1,c4,w0,l0)@2.opener(rand,4)@1	B	26	15	15	129.060	3.607	93.750	15.625	13	13	310142	58307	30.00	36.00	5	9	1443100234	12
2026-07-26T21:40:17Z	20260726T214015Z	boards/board1.txt	ab(d6,tt,ord,nb200k)@1.learned(s3,68364898)@1.opener(rand,4)@1	ab(d4)@1.classic(t1,c4,w0,l0)@2.opener(rand,4)@1	W	53	11	11	879.863	10.794	703.125	15.625	27	26	2532869	161963	121.98	81.00	23	22	2208758015	12
2026-07-26T21:40:18Z	20260726T214015Z	boards/board1.txt	ab(d6,tt,ord,nb200k)@1.learned(s98,5801570e)@1.opener(rand,4)@1	ab(d4)@1.classic(t1,c4,w0,l0)@2.opener(rand,4)@1	W	57	8	11	657.587	8.278	546.875	0.000	29	28	2020166	123130	135.82	89.00	25	24	4093265224	12
2026-07-26T21:40:18Z	20260726T214015Z	boards/board1.txt	rand@1	ab(d4)@1.classic(t1,c4,w0,l0)@2.opener(rand,4)@1	B	20	12	16	0.007	1.279	0.000	0.000	10	10	0	18884	0.00	24.00	0	6	2733181501	12
2026-07-26T21:40:19Z	20260726T214015Z	boards/board1.txt	ab(d6,tt,ord,nb200k)@1.classic(t1,c4,w0,l0)@2.opener(rand,4)@1	ab(d6,ord,nb200k)@1.adv(t20,c77,w0,l0,f0,d-2,e0,m0,h0,b1,o0,r0,x0,n0,s1,g1)@1.opener(rand,4)@1	W	82	6	6	473.296	1135.787	453.125	1000.000	41	41	1435577	3086136	213.00	206.92	37	37	2994100390	12
2026-07-26T21:40:21Z	20260726T214015Z	boards/board1.txt	ab(d6,tt,ord,nb200k)@1.learned(s6,eac8ab99)@1.opener(rand,4)@1	ab(d6,ord,nb200k)@1.adv(t20,c77,w0,l0,f0,d-2,e0,m0,h0,b1,o0,r0,x0,n0,s1,g1)@1.opener(rand,4)@1	B	53	9	12	606.755	1166.204	500.000	1046.875	27	26	1887499	2963536	124.00	122.64	23	22	4205863310	12
2026-07-26T21:40:23Z	20260726T214015Z	boards/board1.txt	ab(d6,tt,ord,qs,nb200k)@1.learned(s98,5801570e)@1.opener(rand,4)@1	ab(d6,ord,nb200k)@1.adv(t20,c77,w0,l0,f0,d-2,e0,m0,h0,b1,o0,r0,x0,n0,s1,g1)@1.opener(rand,4)@1	B	56	9	10	846.723	1236.529	718.750	1109.375	28	28	2468445	3130940	128.25	127.86	24	24	3750467176	12
2026-07-26T21:40:24Z	20260726T214015Z	boards/board1.txt	ab(d6,tt,ord,nb200k)@1.classic(t1,c4,w0,l0)@2.dil(r63)@1.opener(rand,4)@1	ab(d6,tt,ord,nb200k)@1.classic(t1,c4,w0,l0)@2.dil(r30,d4)@1.opener(rand,4)@1	B	36	10	14	96.343	167.296	78.125	156.250	18	18	308907	408382	42.00	71.00	7	14	677687520	12
2026-07-26T21:40:24Z	20260726T214015Z	boards/board1.txt	ab(d6,tt,ord,nb200k)@1.learned(s3,68364898)@1.opener(rand,4)@1	ab(d6,tt,ord,nb200k)@1.classic(t1,c4,w0,l0)@2.dil(r30,d4)@1.opener(rand,4)@1	W	52	10	9	671.139	218.487	515.625	218.750	26	26	1738293	656512	122.61	105.00	22	22	1225481793	12
2026-07-26T21:40:26Z	20260726T214015Z	boards/board1.txt	ab(d6,tt,ord,nb200k)@1.learned(s98,5801570e)@1.opener(rand,4)@1	ab(d6,tt,ord,nb200k)@1.classic(t1,c4,w0,l0)@2.dil(r30,d4)@1.opener(rand,4)@1	B	61	9	10	755.733	333.784	640.625	281.250	31	30	2324026	824138	148.00	131.00	27	26	2530343946	12
2026-07-26T21:40:26Z	20260726T214015Z	boards/board1.txt	rand@1	ab(d6,tt,ord,nb200k)@1.classic(t1,c4,w0,l0)@2.dil(r30,d4)@1.opener(rand,4)@1	B	30	13	16	0.017	141.798	0.000	125.000	15	15	0	402981	0.00	52.00	0	11	79585295	12
2026-07-26T21:40:26Z	20260726T214015Z	boards/board1.txt	ab(d6,tt,ord,nb200k)@1.learned(s3,68364898)@1.opener(rand,4)@1	ab(d6,tt,ord,nb200k)@1.classic(t1,c4,w0,l0)@2.dil(r63)@1.opener(rand,4)@1	W	47	12	9	498.476	204.860	421.875	140.625	24	23	1375245	475606	115.00	66.00	20	11	1067480857	12
2026-07-26T21:40:27Z	20260726T214015Z	boards/board1.txt	ab(d6,tt,ord,nb200k)@1.learned(s98,5801570e)@1.opener(rand,4)@1	ab(d6,tt,ord,nb200k)@1.classic(t1,c4,w0,l0)@2.dil(r63)@1.opener(rand,4)@1	W	57	11	8	554.618	129.805	468.750	140.625	29	28	1401937	385284	137.00	60.00	25	10	961216034	12
2026-07-26T21:40:27Z	20260726T214015Z	boards/board1.txt	rand@1	ab(d6,tt,ord,nb200k)@1.classic(t1,c4,w0,l0)@2.dil(r63)@1.opener(rand,4)@1	B	64	12	14	0.018	14.943	0.000	15.625	32	32	0	39098	0.00	10.00	0	3	1108102983	12
2026-07-26T21:40:28Z	20260726T214015Z	boards/board1.txt	ab(d6,tt,ord,nb200k)@1.learned(s6,eac8ab99)@1.opener(rand,4)@1	ab(d6,tt,ord,nb200k)@1.classic(t1,c4,w0,l0)@2.opener(rand,4)@1	W	74	7	7	825.101	540.002	703.125	453.125	37	37	2237476	1309471	189.00	184.00	33	33	572510822	12
2026-07-26T21:40:29Z	20260726T214015Z	boards/board1.txt	ab(d6,tt,ord,qs,nb200k)@1.learned(s98,5801570e)@1.opener(rand,4)@1	ab(d6,tt,ord,nb200k)@1.classic(t1,c4,w0,l0)@2.opener(rand,4)@1	W	48	10	13	569.834	322.992	531.250	281.250	24	24	1451290	833686	111.00	106.00	20	20	281035984	12
2026-07-26T21:40:43Z	20260726T214015Z	boards/board1.txt	ab(d6,tt,ord,nb200k)@1.learned(s3,68364898)@1.opener(rand,4)@1	ab(d6,tt,ord,nb200k)@1.learned(s111,78ef6974)@1.opener(rand,4)@1	W	58	11	9	797.403	12670.067	750.000	10765.625	29	29	2209518	2403474	141.00	134.27	25	25	3053025444	12
2026-07-26T21:41:01Z	20260726T214015Z	boards/board1.txt	ab(d6,tt,ord,nb200k)@1.learned(s98,5801570e)@1.opener(rand,4)@1	ab(d6,tt,ord,nb200k)@1.learned(s111,78ef6974)@1.opener(rand,4)@1	B	83	6	6	1023.638	17370.621	843.750	15109.375	42	41	2827162	3152157	213.77	212.44	38	37	2638193405	12
2026-07-26T21:41:08Z	20260726T214015Z	boards/board1.txt	rand@1	ab(d6,tt,ord,nb200k)@1.learned(s111,78ef6974)@1.opener(rand,4)@1	B	30	13	16	0.022	7007.588	0.000	6015.625	15	15	0	1318859	0.00	54.88	0	11	3533255942	12
2026-07-26T21:41:10Z	20260726T214015Z	boards/board1.txt	ab(d6,tt,ord,nb200k)@1.learned(s98,5801570e)@1.opener(rand,4)@1	ab(d6,tt,ord,nb200k)@1.learned(s3,68364898)@1.opener(rand,4)@1	W	74	8	6	892.024	777.253	812.500	734.375	37	37	2971705	2432187	188.14	184.00	33	33	1602688877	12
2026-07-26T21:41:10Z	20260726T214015Z	boards/board1.txt	rand@1	ab(d6,tt,ord,nb200k)@1.learned(s3,68364898)@1.opener(rand,4)@1	B	26	11	16	0.018	222.763	0.000	203.125	13	13	0	712604	0.00	49.00	0	9	82033654	12
2026-07-26T21:41:12Z	20260726T214015Z	boards/board1.txt	ab(d6,tt,ord,qs,nb200k)@1.learned(s98,5801570e)@1.opener(rand,4)@1	ab(d6,tt,ord,nb200k)@1.learned(s6,eac8ab99)@1.opener(rand,4)@1	W	68	9	8	906.463	683.268	875.000	640.625	34	34	2818975	2376710	168.97	165.96	30	30	2824107000	12
2026-07-26T21:41:13Z	20260726T214015Z	boards/board1.txt	ab(d6,tt,ord,nb200k)@1.learned(s98,5801570e)@1.opener(rand,4)@1	ab(d6,tt,ord,nb200k)@1.learned(s76,ef183148)@1.opener(rand,4)@1	B	59	9	10	612.098	692.934	625.000	625.000	30	29	2073321	2028974	142.00	141.00	26	25	1946394681	12
2026-07-26T21:41:14Z	20260726T214015Z	boards/board1.txt	rand@1	ab(d6,tt,ord,nb200k)@1.learned(s76,ef183148)@1.opener(rand,4)@1	B	36	12	15	0.027	555.138	0.000	531.250	18	18	0	1747998	0.00	73.61	0	14	2223359594	12
2026-07-26T21:41:14Z	20260726T214015Z	boards/board1.txt	rand@1	ab(d6,tt,ord,nb200k)@1.learned(s98,5801570e)@1.opener(rand,4)@1	B	24	14	16	0.018	311.599	0.000	296.875	12	12	0	937411	0.00	42.61	0	8	841418737	12
2026-07-26T21:41:17Z	20260726T214015Z	boards/board1.txt	rand@1	ab(d8,tt,ord,nb2m)@1.classic(t1,c4,w0,l0)@2.opener(rand,4)@1	B	28	11	16	0.020	2631.808	0.000	2562.500	14	14	0	8226638	0.00	73.00	0	10	564162861	12
2026-07-26T21:40:15Z	20260726T214015Z	boards/board1.txt	ab(d2)@1.classic(t1,c4,w0,l0)@2.opener(rand,4)@1	ab(d6,ord,nb200k)@1.adv(t20,c77,w0,l0,f0,d-2,e0,m0,h0,b1,o0,r0,x0,n0,s1,g1)@1.opener(rand,4)@1	B	38	13	13	0.153	505.193	0.000	468.750	19	19	1541	1462036	28.00	76.00	15	15	3419326527	12
2026-07-26T21:40:15Z	20260726T214015Z	boards/board1.txt	ab(d2)@1.classic(t1,c4,w0,l0)@2.opener(rand,4)@1	ab(d6,tt,ord,nb200k)@1.classic(t1,c4,w0,l0)@2.opener(rand,4)@1	B	40	13	13	0.198	305.404	0.000	250.000	20	20	2425	827457	30.00	83.00	16	16	4000567711	12
2026-07-26T21:40:16Z	20260726T214015Z	boards/board1.txt	ab(d2)@1.classic(t1,c4,w0,l0)@2.opener(rand,4)@1	ab(d6,tt,ord,nb200k)@1.learned(s6,eac8ab99)@1.opener(rand,4)@1	B	44	13	11	0.182	575.772	0.000	500.000	22	22	2138	1605941	34.00	94.82	18	18	3317970539	12
2026-07-26T21:40:17Z	20260726T214015Z	boards/board1.txt	ab(d2)@1.classic(t1,c4,w0,l0)@2.opener(rand,4)@1	ab(d6,tt,ord,qs,nb200k)@1.learned(s98,5801570e)@1.opener(rand,4)@1	B	54	13	12	0.324	691.836	0.000	625.000	27	27	4043	1892211	44.00	124.00	23	23	2611425817	12
2026-07-26T21:40:18Z	20260726T214015Z	boards/board1.txt	ab(d4)@1.classic(t1,c4,w0,l0)@2.opener(rand,4)@1	ab(d6,ord,nb200k)@1.adv(t20,c77,w0,l0,f0,d-2,e0,m0,h0,b1,o0,r0,x0,n0,s1,g1)@1.opener(rand,4)@1	B	54	10	11	9.319	1089.986	0.000	1000.000	27	27	150095	3008130	85.00	121.47	23	23	3735504737	12
2026-07-26T21:40:18Z	20260726T214015Z	boards/board1.txt	ab(d4)@1.classic(t1,c4,w0,l0)@2.opener(rand,4)@1	ab(d6,tt,ord,nb200k)@1.classic(t1,c4,w0,l0)@2.opener(rand,4)@1	W	46	12	11	7.529	356.694	15.625	343.750	23	23	120732	1056774	76.00	100.00	19	19	3785642565	12
2026-07-26T21:40:19Z	20260726T214015Z	boards/board1.txt	ab(d4)@1.classic(t1,c4,w0,l0)@2.opener(rand,4)@1	ab(d6,tt,ord,nb200k)@1.learned(s6,eac8ab99)@1.opener(rand,4)@1	W	60	9	7	10.527	710.425	15.625	625.000	30	30	166863	2085761	104.00	137.00	26	26	809769373	12
2026-07-26T21:40:19Z	20260726T214015Z	boards/board1.txt	ab(d4)@1.classic(t1,c4,w0,l0)@2.opener(rand,4)@1	ab(d6,tt,ord,qs,nb200k)@1.learned(s98,5801570e)@1.opener(rand,4)@1	B	34	14	13	4.653	327.262	0.000	296.875	17	17	73035	905387	45.00	62.00	13	13	3029835047	12
2026-07-26T21:40:20Z	20260726T214015Z	boards/board1.txt	ab(d6,ord,nb200k)@1.adv(t20,c77,w0,l0,f0,d-2,e0,m0,h0,b1,o0,r0,x0,n0,s1,g1)@1.opener(rand,4)@1	ab(d6,tt,ord,nb200k)@1.classic(t1,c4,w0,l0)@2.dil(r30,d4)@1.opener(rand,4)@1	B	35	13	13	688.694	140.786	625.000	140.625	18	17	1869664	443698	70.08	63.00	14	13	3005357139	12
2026-07-26T21:40:32Z	20260726T214015Z	boards/board1.txt	ab(d6,ord,nb200k)@1.adv(t20,c77,w0,l0,f0,d-2,e0,m0,h0,b1,o0,r0,x0,n0,s1,g1)@1.opener(rand,4)@1	ab(d6,tt,ord,nb200k)@1.learned(s111,78ef6974)@1.opener(rand,4)@1	W	38	12	12	791.663	10795.759	656.250	9875.000	19	19	2183419	2104435	79.14	72.40	15	15	628687368	12
2026-07-26T21:40:34Z	20260726T214015Z	boards/board1.txt	ab(d6,ord,nb200k)@1.adv(t20,c77,w0,l0,f0,d-2,e0,m0,h0,b1,o0,r0,x0,n0,s1,g1)@1.opener(rand,4)@1	ab(d6,tt,ord,nb200k)@1.learned(s76,ef183148)@1.opener(rand,4)@1	B	73	7	5	1342.803	932.932	1265.625	875.000	37	36	3714913	3225108	182.72	180.88	33	32	2783059554	12
2026-07-26T21:40:39Z	20260726T214015Z	boards/board1.txt	ab(d6,ord,nb200k)@1.adv(t20,c77,w0,l0,f0,d-2,e0,m0,h0,b1,o0,r0,x0,n0,s1,g1)@1.opener(rand,4)@1	ab(d8,tt,ord,nb2m)@1.classic(t1,c4,w0,l0)@2.opener(rand,4)@1	B	51	9	10	960.253	4096.151	906.250	3890.625	26	25	2716951	12201498	117.53	152.00	22	21	2941924485	12
2026-07-26T21:40:39Z	20260726T214015Z	boards/board1.txt	ab(d6,tt,ord,nb200k)@1.classic(t1,c4,w0,l0)@2.dil(r30,d4)@1.opener(rand,4)@1	ab(d6,tt,ord,nb200k)@1.classic(t1,c4,w0,l0)@2.opener(rand,4)@1	B	39	12	12	148.964	214.667	140.625	156.250	20	19	358822	523439	71.00	81.00	16	15	2224498967	12
2026-07-26T21:40:40Z	20260726T214015Z	boards/board1.txt	ab(d6,tt,ord,nb200k)@1.classic(t1,c4,w0,l0)@2.dil(r30,d4)@1.opener(rand,4)@1	ab(d6,tt,ord,nb200k)@1.learned(s6,eac8ab99)@1.opener(rand,4)@1	B	57	9	10	268.545	525.677	234.375	421.875	29	28	675848	1201926	126.00	135.00	25	24	3899454595	12
2026-07-26T21:40:41Z	20260726T214015Z	boards/board1.txt	ab(d6,tt,ord,nb200k)@1.classic(t1,c4,w0,l0)@2.dil(r30,d4)@1.opener(rand,4)@1	ab(d6,tt,ord,qs,nb200k)@1.learned(s98,5801570e)@1.opener(rand,4)@1	B	59	10	10	374.912	758.978	281.250	734.375	30	29	906946	2265061	133.00	139.93	26	25	1644934625	12
2026-07-26T21:40:42Z	20260726T214015Z	boards/board1.txt	ab(d6,tt,ord,nb200k)@1.classic(t1,c4,w0,l0)@2.dil(r63)@1.opener(rand,4)@1	ab(d6,tt,ord,nb200k)@1.classic(t1,c4,w0,l0)@2.opener(rand,4)@1	B	38	11	15	221.603	302.341	203.125	250.000	19	19	576345	754847	60.00	85.00	10	15	1431681695	12
2026-07-26T21:40:42Z	20260726T214015Z	boards/board1.txt	ab(d6,tt,ord,nb200k)@1.classic(t1,c4,w0,l0)@2.dil(r63)@1.opener(rand,4)@1	ab(d6,tt,ord,nb200k)@1.learned(s6,eac8ab99)@1.opener(rand,4)@1	B	54	10	11	169.046	529.409	156.250	500.000	27	27	485931	1462710	73.00	125.00	13	23	749084523	12
2026-07-26T21:40:43Z	20260726T214015Z	boards/board1.txt	ab(d6,tt,ord,nb200k)@1.classic(t1,c4,w0,l0)@2.dil(r63)@1.opener(rand,4)@1	ab(d6,tt,ord,qs,nb200k)@1.learned(s98,5801570e)@1.opener(rand,4)@1	B	32	14	15	54.624	363.459	46.875	328.125	16	16	114159	1171643	18.00	61.00	3	12	95955737	12
2026-07-26T21:40:56Z	20260726T214015Z	boards/board1.txt	ab(d6,tt,ord,nb200k)@1.classic(t1,c4,w0,l0)@2.opener(rand,4)@1	ab(d6,tt,ord,nb200k)@1.learned(s111,78ef6974)@1.opener(rand,4)@1	W	70	8	7	437.971	13119.251	437.500	11828.125	35	35	1081526	2582145	177.00	170.41	31	31	444097040	12
2026-07-26T21:40:57Z	20260726T214015Z	boards/board1.txt	ab(d6,tt,ord,nb200k)@1.classic(t1,c4,w0,l0)@2.opener(rand,4)@1	ab(d6,tt,ord,nb200k)@1.learned(s76,ef183148)@1.opener(rand,4)@1	B	69	8	6	445.358	637.924	390.625	609.375	35	34	1072199	2044804	172.00	171.00	31	30	3414053978	12
2026-07-26T21:41:05Z	20260726T214015Z	boards/board1.txt	ab(d6,tt,ord,nb200k)@1.classic(t1,c4,w0,l0)@2.opener(rand,4)@1	ab(d8,tt,ord,nb2m)@1.classic(t1,c4,w0,l0)@2.opener(rand,4)@1	B	65	7	11	147.415	7144.306	140.625	6312.500	33	32	480681	19551638	160.00	208.00	29	28	1712921453	12
2026-07-26T21:41:17Z	20260726T214015Z	boards/board1.txt	ab(d6,tt,ord,nb200k)@1.learned(s111,78ef6974)@1.opener(rand,4)@1	ab(d6,tt,ord,nb200k)@1.learned(s6,eac8ab99)@1.opener(rand,4)@1	B	79	5	10	11295.138	706.707	10703.125	750.000	40	39	2611022	2170363	202.00	200.90	36	35	3495549802	12
2026-07-26T21:41:29Z	20260726T214015Z	boards/board1.txt	ab(d6,tt,ord,nb200k)@1.learned(s111,78ef6974)@1.opener(rand,4)@1	ab(d6,tt,ord,qs,nb200k)@1.learned(s98,5801570e)@1.opener(rand,4)@1	W	77	8	7	11684.532	657.051	11109.375	703.125	39	38	2933163	1889776	196.00	190.00	35	34	3632167124	12
2026-07-26T21:41:30Z	20260726T214015Z	boards/board1.txt	ab(d6,tt,ord,nb200k)@1.learned(s3,68364898)@1.opener(rand,4)@1	ab(d6,tt,ord,nb200k)@1.learned(s6,eac8ab99)@1.opener(rand,4)@1	B	83	5	7	569.971	619.950	562.500	593.750	42	41	1920445	2276578	214.00	213.00	38	37	148720218	12
2026-07-26T21:41:31Z	20260726T214015Z	boards/board1.txt	ab(d6,tt,ord,nb200k)@1.learned(s3,68364898)@1.opener(rand,4)@1	ab(d6,tt,ord,qs,nb200k)@1.learned(s98,5801570e)@1.opener(rand,4)@1	B	53	10	12	474.514	494.727	468.750	484.375	27	26	1717865	1704755	124.00	122.00	23	22	4077343204	12
2026-07-26T21:41:32Z	20260726T214015Z	boards/board1.txt	ab(d6,tt,ord,nb200k)@1.learned(s6,eac8ab99)@1.opener(rand,4)@1	ab(d6,tt,ord,nb200k)@1.learned(s76,ef183148)@1.opener(rand,4)@1	W	54	11	11	473.513	550.022	437.500	531.250	27	27	1500016	2192640	129.00	123.60	23	23	1650219250	12
2026-07-26T21:41:37Z	20260726T214015Z	boards/board1.txt	ab(d6,tt,ord,nb200k)@1.learned(s6,eac8ab99)@1.opener(rand,4)@1	ab(d8,tt,ord,nb2m)@1.classic(t1,c4,w0,l0)@2.opener(rand,4)@1	B	55	9	11	289.191	4621.564	265.625	4500.000	28	27	1175974	15869994	130.00	168.00	24	23	3002654965	12
2026-07-26T21:41:38Z	20260726T214015Z	boards/board1.txt	ab(d6,tt,ord,nb200k)@1.learned(s76,ef183148)@1.opener(rand,4)@1	ab(d6,tt,ord,qs,nb200k)@1.learned(s98,5801570e)@1.opener(rand,4)@1	W	64	10	6	597.646	593.626	609.375	562.500	32	32	1978010	2135866	159.00	154.00	28	28	2112195840	12
2026-07-26T21:41:40Z	20260726T214015Z	boards/board1.txt	ab(d6,tt,ord,nb200k)@1.learned(s98,5801570e)@1.opener(rand,4)@1	ab(d6,tt,ord,qs,nb200k)@1.learned(s98,5801570e)@1.opener(rand,4)@1	B	71	7	9	621.065	664.658	531.250	703.125	36	35	2112045	2618687	178.00	176.84	32	31	3760548915	12
2026-07-26T21:41:43Z	20260726T214015Z	boards/board1.txt	ab(d6,tt,ord,qs,nb200k)@1.learned(s98,5801570e)@1.opener(rand,4)@1	ab(d8,tt,ord,nb2m)@1.classic(t1,c4,w0,l0)@2.opener(rand,4)@1	B	50	9	12	165.449	3109.154	140.625	3000.000	25	25	593498	10867905	117.00	152.00	21	21	1767368035	12
2026-07-26T21:40:16Z	20260726T214015Z	boards/board1.txt	ab(d6,ord,nb200k)@1.adv(t20,c77,w0,l0,f0,d-2,e0,m0,h0,b1,o0,r0,x0,n0,s1,g1)@1.opener(rand,4)@1	ab(d2)@1.classic(t1,c4,w0,l0)@2.opener(rand,4)@1	W	53	11	12	1226.247	0.278	1062.500	0.000	27	26	3095017	3613	120.47	42.00	23	22	3419326527	12
2026-07-26T21:40:16Z	20260726T214015Z	boards/board1.txt	ab(d6,tt,ord,nb200k)@1.classic(t1,c4,w0,l0)@2.opener(rand,4)@1	ab(d2)@1.classic(t1,c4,w0,l0)@2.opener(rand,4)@1	W	57	9	12	476.631	0.279	359.375	0.000	29	28	1235354	2946	136.00	46.00	25	24	4000567711	12
2026-07-26T21:40:17Z	20260726T214015Z	boards/board1.txt	ab(d6,tt,ord,nb200k)@1.learned(s6,eac8ab99)@1.opener(rand,4)@1	ab(d2)@1.classic(t1,c4,w0,l0)@2.opener(rand,4)@1	W	45	11	12	518.395	0.156	421.875	0.000	23	22	1517456	1700	99.68	34.00	19	18	3317970539	12
2026-07-26T21:40:17Z	20260726T214015Z	boards/board1.txt	ab(d6,tt,ord,qs,nb200k)@1.learned(s98,5801570e)@1.opener(rand,4)@1	ab(d2)@1.classic(t1,c4,w0,l0)@2.opener(rand,4)@1	W	39	12	12	558.654	0.152	515.625	0.000	20	19	1537877	1798	82.00	28.00	16	15	2611425817	12
2026-07-26T21:40:19Z	20260726T214015Z	boards/board1.txt	ab(d6,ord,nb200k)@1.adv(t20,c77,w0,l0,f0,d-2,e0,m0,h0,b1,o0,r0,x0,n0,s1,g1)@1.opener(rand,4)@1	ab(d4)@1.classic(t1,c4,w0,l0)@2.opener(rand,4)@1	B	67	6	9	1333.109	11.819	1234.375	0.000	34	33	3418733	163134	164.51	116.00	30	29	3735504737	12
2026-07-26T21:40:19Z	20260726T214015Z	boards/board1.txt	ab(d6,tt,ord,nb200k)@1.classic(t1,c4,w0,l0)@2.opener(rand,4)@1	ab(d4)@1.classic(t1,c4,w0,l0)@2.opener(rand,4)@1	W	45	13	12	394.265	12.036	296.875	0.000	23	22	1010017	126043	100.00	65.00	19	18	3785642565	12
2026-07-26T21:40:20Z	20260726T214015Z	boards/board1.txt	ab(d6,tt,ord,nb200k)@1.learned(s6,eac8ab99)@1.opener(rand,4)@1	ab(d4)@1.classic(t1,c4,w0,l0)@2.opener(rand,4)@1	W	53	10	10	611.330	13.938	515.625	0.000	27	26	1674755	149921	124.00	81.00	23	22	809769373	12
2026-07-26T21:40:21Z	20260726T214015Z	boards/board1.txt	ab(d6,tt,ord,qs,nb200k)@1.learned(s98,5801570e)@1.opener(rand,4)@1	ab(d4)@1.classic(t1,c4,w0,l0)@2.opener(rand,4)@1	W	55	11	11	748.219	6.942	640.625	0.000	28	27	1986304	101936	130.00	85.00	24	23	3029835047	12
2026-07-26T21:40:22Z	20260726T214015Z	boards/board1.txt	ab(d6,tt,ord,nb200k)@1.classic(t1,c4,w0,l0)@2.dil(r30,d4)@1.opener(rand,4)@1	ab(d6,ord,nb200k)@1.adv(t20,c77,w0,l0,f0,d-2,e0,m0,h0,b1,o0,r0,x0,n0,s1,g1)@1.opener(rand,4)@1	W	42	12	11	230.942	907.439	187.500	781.250	21	21	641753	2325346	87.00	87.70	17	17	3005357139	12
2026-07-26T21:40:40Z	20260726T214015Z	boards/board1.txt	ab(d6,tt,ord,nb200k)@1.learned(s111,78ef6974)@1.opener(rand,4)@1	ab(d6,ord,nb200k)@1.adv(t20,c77,w0,l0,f0,d-2,e0,m0,h0,b1,o0,r0,x0,n0,s1,g1)@1.opener(rand,4)@1	B	61	9	10	16755.927	1459.897	14593.750	1343.750	31	30	3260240	3787453	142.24	142.59	27	26	628687368	12
2026-07-26T21:40:41Z	20260726T214015Z	boards/board1.txt	ab(d6,tt,ord,nb200k)@1.learned(s76,ef183148)@1.opener(rand,4)@1	ab(d6,ord,nb200k)@1.adv(t20,c77,w0,l0,f0,d-2,e0,m0,h0,b1,o0,r0,x0,n0,s1,g1)@1.opener(rand,4)@1	B	43	12	12	667.178	922.500	562.500	765.625	22	21	2247821	2438605	91.77	91.30	18	17	2783059554	12
2026-07-26T21:40:49Z	20260726T214015Z	boards/board1.txt	ab(d8,tt,ord,nb2m)@1.classic(t1,c4,w0,l0)@2.opener(rand,4)@1	ab(d6,ord,nb200k)@1.adv(t20,c77,w0,l0,f0,d-2,e0,m0,h0,b1,o0,r0,x0,n0,s1,g1)@1.opener(rand,4)@1	W	72	8	7	6364.793	1339.318	5671.875	1156.250	36	36	19583743	3413973	240.00	177.96	32	32	2941924485	12
2026-07-26T21:40:50Z	20260726T214015Z	boards/board1.txt	ab(d6,tt,ord,nb200k)@1.classic(t1,c4,w0,l0)@2.opener(rand,4)@1	ab(d6,tt,ord,nb200k)@1.classic(t1,c4,w0,l0)@2.dil(r30,d4)@1.opener(rand,4)@1	W	58	11	10	370.143	192.209	359.375	156.250	29	29	993358	441068	141.00	116.00	25	25	2224498967	12
2026-07-26T21:40:51Z	20260726T214015Z	boards/board1.txt	ab(d6,tt,ord,nb200k)@1.learned(s6,eac8ab99)@1.opener(rand,4)@1	ab(d6,tt,ord,nb200k)@1.classic(t1,c4,w0,l0)@2.dil(r30,d4)@1.opener(rand,4)@1	W	64	10	7	717.359	392.746	609.375	296.875	32	32	1912526	932105	159.00	144.00	28	28	3899454595	12
2026-07-26T21:40:52Z	20260726T214015Z	boards/board1.txt	ab(d6,tt,ord,qs,nb200k)@1.learned(s98,5801570e)@1.opener(rand,4)@1	ab(d6,tt,ord,nb200k)@1.classic(t1,c4,w0,l0)@2.dil(r30,d4)@1.opener(rand,4)@1	W	62	9	10	744.352	311.382	593.750	312.500	31	31	2007253	830316	153.00	138.00	27	27	1644934625	12
2026-07-26T21:40:52Z	20260726T214015Z	boards/board1.txt	ab(d6,tt,ord,nb200k)@1.classic(t1,c4,w0,l0)@2.opener(rand,4)@1	ab(d6,tt,ord,nb200k)@1.classic(t1,c4,w0,l0)@2.dil(r63)@1.opener(rand,4)@1	W	29	15	12	157.045	70.743	140.625	78.125	15	14	442966	212943	61.00	36.00	11	6	1431681695	12
2026-07-26T21:40:53Z	20260726T214015Z	boards/board1.txt	ab(d6,tt,ord,nb200k)@1.learned(s6,eac8ab99)@1.opener(rand,4)@1	ab(d6,tt,ord,nb200k)@1.classic(t1,c4,w0,l0)@2.dil(r63)@1.opener(rand,4)@1	W	45	13	12	575.457	204.537	515.625	156.250	23	22	1532830	545563	101.00	67.00	19	12	749084523	12
2026-07-26T21:40:53Z	20260726T214015Z	boards/board1.txt	ab(d6,tt,ord,qs,nb200k)@1.learned(s98,5801570e)@1.opener(rand,4)@1	ab(d6,tt,ord,nb200k)@1.classic(t1,c4,w0,l0)@2.dil(r63)@1.opener(rand,4)@1	W	49	13	9	456.754	85.570	421.875	62.500	25	24	1302921	225732	121.00	42.00	21	7	95955737	12
2026-07-26T21:41:03Z	20260726T214015Z	boards/board1.txt	ab(d6,tt,ord,nb200k)@1.learned(s111,78ef6974)@1.opener(rand,4)@1	ab(d6,tt,ord,nb200k)@1.classic(t1,c4,w0,l0)@2.opener(rand,4)@1	B	61	8	11	8679.934	426.967	7484.375	375.000	31	30	1706992	1049352	148.00	147.00	27	26	444097040	12
2026-07-26T21:41:04Z	20260726T214015Z	boards/board1.txt	ab(d6,tt,ord,nb200k)@1.learned(s76,ef183148)@1.opener(rand,4)@1	ab(d6,tt,ord,nb200k)@1.classic(t1,c4,w0,l0)@2.opener(rand,4)@1	W	56	9	9	695.977	457.302	562.500	406.250	28	28	1806173	1159558	135.00	130.00	24	24	3414053978	12
2026-07-26T21:41:09Z	20260726T214015Z	boards/board1.txt	ab(d8,tt,ord,nb2m)@1.classic(t1,c4,w0,l0)@2.opener(rand,4)@1	ab(d6,tt,ord,nb200k)@1.classic(t1,c4,w0,l0)@2.opener(rand,4)@1	W	44	13	11	4858.653	110.479	4250.000	93.750	22	22	13043619	324500	128.00	94.00	18	18	1712921453	12
2026-07-26T21:41:25Z	20260726T214015Z	boards/board1.txt	ab(d6,tt,ord,nb200k)@1.learned(s6,eac8ab99)@1.opener(rand,4)@1	ab(d6,tt,ord,nb200k)@1.learned(s111,78ef6974)@1.opener(rand,4)@1	W	84	8	6	891.636	15396.242	875.000	14546.875	42	42	3157012	3341435	217.56	213.67	38	38	3495549802	12
2026-07-26T21:41:34Z	20260726T214015Z	boards/board1.txt	ab(d6,tt,ord,qs,nb200k)@1.learned(s98,5801570e)@1.opener(rand,4)@1	ab(d6,tt,ord,nb200k)@1.learned(s111,78ef6974)@1.opener(rand,4)@1	B	55	9	12	580.136	8320.665	593.750	7875.000	28	27	2098933	2107476	130.00	128.56	24	23	3632167124	12
2026-07-26T21:41:35Z	20260726T214015Z	boards/board1.txt	ab(d6,tt,ord,nb200k)@1.learned(s6,eac8ab99)@1.opener(rand,4)@1	ab(d6,tt,ord,nb200k)@1.learned(s3,68364898)@1.opener(rand,4)@1	W	40	12	11	373.137	283.541	421.875	218.750	20	20	1274074	1075915	87.00	82.00	16	16	148720218	12
2026-07-26T21:41:36Z	20260726T214015Z	boards/board1.txt	ab(d6,tt,ord,qs,nb200k)@1.learned(s98,5801570e)@1.opener(rand,4)@1	ab(d6,tt,ord,nb200k)@1.learned(s3,68364898)@1.opener(rand,4)@1	B	80	6	7	660.080	643.459	515.625	703.125	40	40	2470962	2038716	202.00	202.00	36	36	4077343204	12
2026-07-26T21:41:37Z	20260726T214015Z	boards/board1.txt	ab(d6,tt,ord,nb200k)@1.learned(s76,ef183148)@1.opener(rand,4)@1	ab(d6,tt,ord,nb200k)@1.learned(s6,eac8ab99)@1.opener(rand,4)@1	W	64	10	7	679.790	528.784	671.875	484.375	32	32	2150862	2038136	159.00	154.00	28	28	1650219250	12
2026-07-26T21:41:42Z	20260726T214015Z	boards/board1.txt	ab(d8,tt,ord,nb2m)@1.classic(t1,c4,w0,l0)@2.opener(rand,4)@1	ab(d6,tt,ord,nb200k)@1.learned(s6,eac8ab99)@1.opener(rand,4)@1	W	62	9	8	4762.956	244.696	4656.250	234.375	31	31	16123027	818765	200.00	148.00	27	27	3002654965	12
2026-07-26T21:41:44Z	20260726T214015Z	boards/board1.txt	ab(d6,tt,ord,qs,nb200k)@1.learned(s98,5801570e)@1.opener(rand,4)@1	ab(d6,tt,ord,nb200k)@1.learned(s76,ef183148)@1.opener(rand,4)@1	B	80	8	9	731.012	698.564	734.375	625.000	40	40	2663586	2459158	201.89	202.00	36	36	2112195840	12
2026-07-26T21:41:44Z	20260726T214015Z	boards/board1.txt	ab(d6,tt,ord,qs,nb200k)@1.learned(s98,5801570e)@1.opener(rand,4)@1	ab(d6,tt,ord,nb200k)@1.learned(s98,5801570e)@1.opener(rand,4)@1	W	68	8	6	544.559	421.221	515.625	406.250	34	34	1915376	2084019	171.00	166.00	30	30	3760548915	12
2026-07-26T21:41:48Z	20260726T214015Z	boards/board1.txt	ab(d8,tt,ord,nb2m)@1.classic(t1,c4,w0,l0)@2.opener(rand,4)@1	ab(d6,tt,ord,qs,nb200k)@1.learned(s98,5801570e)@1.opener(rand,4)@1	W	57	11	8	3006.372	175.401	2890.625	187.500	29	28	12680752	731105	184.00	135.00	25	24	1767368035	12
2026-07-26T21:40:16Z	20260726T214015Z	boards/board1.txt	ab(d2)@1.classic(t1,c4,w0,l0)@2.opener(rand,4)@1	ab(d6,ord,nb200k)@1.adv(t20,c77,w0,l0,f0,d-2,e0,m0,h0,b1,o0,r0,x0,n0,s1,g1)@1.opener(rand,4)@1	B	60	11	10	0.302	1209.545	0.000	1093.750	30	30	3425	3172544	50.00	141.66	26	26	3483472932	12
2026-07-26T21:40:16Z	20260726T214015Z	boards/board1.txt	ab(d2)@1.classic(t1,c4,w0,l0)@2.opener(rand,4)@1	ab(d6,tt,ord,nb200k)@1.classic(t1,c4,w0,l0)@2.opener(rand,4)@1	B	38	14	14	3.988	268.246	0.000	171.875	19	19	1951	712861	28.00	77.00	15	15	4064714116	12
2026-07-26T21:40:17Z	20260726T214015Z	boards/board1.txt	ab(d2)@1.classic(t1,c4,w0,l0)@2.opener(rand,4)@1	ab(d6,tt,ord,nb200k)@1.learned(s6,eac8ab99)@1.opener(rand,4)@1	B	52	11	10	0.215	623.135	0.000	515.625	26	26	2331	1741616	42.00	118.00	22	22	3382103024	12
2026-07-26T21:40:17Z	20260726T214015Z	boards/board1.txt	ab(d2)@1.classic(t1,c4,w0,l0)@2.opener(rand,4)@1	ab(d6,tt,ord,qs,nb200k)@1.learned(s98,5801570e)@1.opener(rand,4)@1	B	46	13	12	0.210	540.458	0.000	453.125	23	23	2375	1598504	36.00	98.00	19	19	2722513942	12
2026-07-26T21:40:18Z	20260726T214015Z	boards/board1.txt	ab(d4)@1.classic(t1,c4,w0,l0)@2.opener(rand,4)@1	ab(d6,ord,nb200k)@1.adv(t20,c77,w0,l0,f0,d-2,e0,m0,h0,b1,o0,r0,x0,n0,s1,g1)@1.opener(rand,4)@1	B	64	9	8	8.062	922.424	0.000	843.750	32	32	99670	2549353	105.00	153.87	28	28	3846592862	12
2026-07-26T21:40:18Z	20260726T214015Z	boards/board1.txt	ab(d4)@1.classic(t1,c4,w0,l0)@2.opener(rand,4)@1	ab(d6,tt,ord,nb200k)@1.classic(t1,c4,w0,l0)@2.opener(rand,4)@1	B	54	10	12	11.903	333.881	0.000	328.125	27	27	165315	1037771	85.00	124.00	23	23	3896730690	12
2026-07-26T21:40:19Z	20260726T214015Z	boards/board1.txt	ab(d4)@1.classic(t1,c4,w0,l0)@2.opener(rand,4)@1	ab(d6,tt,ord,nb200k)@1.learned(s6,eac8ab99)@1.opener(rand,4)@1	B	54	10	9	8.389	604.491	0.000	546.875	27	27	122253	1975079	85.00	124.00	23	23	920857498	12
2026-07-26T21:40:19Z	20260726T214015Z	boards/board1.txt	ab(d4)@1.classic(t1,c4,w0,l0)@2.opener(rand,4)@1	ab(d6,tt,ord,qs,nb200k)@1.learned(s98,5801570e)@1.opener(rand,4)@1	B	40	13	14	6.528	349.899	15.625	328.125	20	20	109033	979296	57.00	80.00	16	16	3093967532	12
2026-07-26T21:40:20Z	20260726T214015Z	boards/board1.txt	ab(d6,ord,nb200k)@1.adv(t20,c77,w0,l0,f0,d-2,e0,m0,h0,b1,o0,r0,x0,n0,s1,g1)@1.opener(rand,4)@1	ab(d6,tt,ord,nb200k)@1.classic(t1,c4,w0,l0)@2.dil(r30,d4)@1.opener(rand,4)@1	B	39	12	13	687.515	78.632	531.250	93.750	20	19	1976096	278557	81.02	67.00	16	15	3069503544	12
2026-07-26T21:40:33Z	20260726T214015Z	boards/board1.txt	ab(d6,ord,nb200k)@1.adv(t20,c77,w0,l0,f0,d-2,e0,m0,h0,b1,o0,r0,x0,n0,s1,g1)@1.opener(rand,4)@1	ab(d6,tt,ord,nb200k)@1.learned(s111,78ef6974)@1.opener(rand,4)@1	W	50	11	9	993.303	12286.129	921.875	11156.250	25	25	2699575	2398743	116.51	110.05	21	21	516099363	12
2026-07-26T21:40:35Z	20260726T214015Z	boards/board1.txt	ab(d6,ord,nb200k)@1.adv(t20,c77,w0,l0,f0,d-2,e0,m0,h0,b1,o0,r0,x0,n0,s1,g1)@1.opener(rand,4)@1	ab(d6,tt,ord,nb200k)@1.learned(s76,ef183148)@1.opener(rand,4)@1	W	74	7	6	1204.516	788.053	1078.125	687.500	37	37	3247471	2780663	188.19	183.34	33	33	2720413029	12
2026-07-26T21:40:41Z	20260726T214015Z	boards/board1.txt	ab(d6,ord,nb200k)@1.adv(t20,c77,w0,l0,f0,d-2,e0,m0,h0,b1,o0,r0,x0,n0,s1,g1)@1.opener(rand,4)@1	ab(d8,tt,ord,nb2m)@1.classic(t1,c4,w0,l0)@2.opener(rand,4)@1	B	55	9	11	961.494	4982.240	875.000	4531.250	28	27	2664341	15618526	129.20	168.00	24	23	3004571010	12
2026-07-26T21:40:42Z	20260726T214015Z	boards/board1.txt	ab(d6,tt,ord,nb200k)@1.classic(t1,c4,w0,l0)@2.dil(r30,d4)@1.opener(rand,4)@1	ab(d6,tt,ord,nb200k)@1.classic(t1,c4,w0,l0)@2.opener(rand,4)@1	B	47	11	12	226.846	361.595	140.625	312.500	24	23	475594	921182	92.00	105.00	20	19	2288687132	12
2026-07-26T21:40:43Z	20260726T214015Z	boards/board1.txt	ab(d6,tt,ord,nb200k)@1.classic(t1,c4,w0,l0)@2.dil(r30,d4)@1.opener(rand,4)@1	ab(d6,tt,ord,nb200k)@1.learned(s6,eac8ab99)@1.opener(rand,4)@1	B	59	9	10	351.218	786.158	312.500	687.500	30	29	773115	2169322	134.00	140.77	26	25	3963601000	12
2026-07-26T21:40:44Z	20260726T214015Z	boards/board1.txt	ab(d6,tt,ord,nb200k)@1.classic(t1,c4,w0,l0)@2.dil(r30,d4)@1.opener(rand,4)@1	ab(d6,tt,ord,qs,nb200k)@1.learned(s98,5801570e)@1.opener(rand,4)@1	B	59	7	10	270.091	656.545	203.125	562.500	30	29	735735	1683229	129.00	140.00	26	25	1756022750	12
2026-07-26T21:40:44Z	20260726T214015Z	boards/board1.txt	ab(d6,tt,ord,nb200k)@1.classic(t1,c4,w0,l0)@2.dil(r63)@1.opener(rand,4)@1	ab(d6,tt,ord,nb200k)@1.classic(t1,c4,w0,l0)@2.opener(rand,4)@1	B	29	13	15	59.556	123.788	46.875	125.000	15	14	180885	360710	26.00	52.00	6	10	1495828100	12
2026-07-26T21:40:45Z	20260726T214015Z	boards/board1.txt	ab(d6,tt,ord,nb200k)@1.classic(t1,c4,w0,l0)@2.dil(r63)@1.opener(rand,4)@1	ab(d6,tt,ord,nb200k)@1.learned(s6,eac8ab99)@1.opener(rand,4)@1	B	33	13	15	78.417	340.851	78.125	312.500	17	16	196371	1031342	14.00	64.00	4	12	813217008	12
2026-07-26T21:40:45Z	20260726T214015Z	boards/board1.txt	ab(d6,tt,ord,nb200k)@1.classic(t1,c4,w0,l0)@2.dil(r63)@1.opener(rand,4)@1	ab(d6,tt,ord,qs,nb200k)@1.learned(s98,5801570e)@1.opener(rand,4)@1	B	36	12	13	61.139	252.652	31.250	281.250	18	18	145174	727934	30.00	74.00	5	14	207043862	12
2026-07-26T21:40:58Z	20260726T214015Z	boards/board1.txt	ab(d6,tt,ord,nb200k)@1.classic(t1,c4,w0,l0)@2.opener(rand,4)@1	ab(d6,tt,ord,nb200k)@1.learned(s111,78ef6974)@1.opener(rand,4)@1	W	64	12	8	506.423	12792.811	437.500	11765.625	32	32	1225824	2702315	159.00	153.34	28	28	331467275	12
2026-07-26T21:40:59Z	20260726T214015Z	boards/board1.txt	ab(d6,tt,ord,nb200k)@1.classic(t1,c4,w0,l0)@2.opener(rand,4)@1	ab(d6,tt,ord,nb200k)@1.learned(s76,ef183148)@1.opener(rand,4)@1	B	73	7	6	428.052	687.542	359.375	718.750	37	36	1270875	1898432	184.00	183.00	33	32	3351407453	12
2026-07-26T21:41:03Z	20260726T214015Z	boards/board1.txt	ab(d6,tt,ord,nb200k)@1.classic(t1,c4,w0,l0)@2.opener(rand,4)@1	ab(d8,tt,ord,nb2m)@1.classic(t1,c4,w0,l0)@2.opener(rand,4)@1	W	54	11	8	84.319	3727.432	93.750	3343.750	27	27	274492	11339976	129.00	161.00	23	23	1775567978	12
2026-07-26T21:41:20Z	20260726T214015Z	boards/board1.txt	ab(d6,tt,ord,nb200k)@1.learned(s111,78ef6974)@1.opener(rand,4)@1	ab(d6,tt,ord,nb200k)@1.learned(s6,eac8ab99)@1.opener(rand,4)@1	W	84	6	6	15940.362	830.140	14843.750	796.875	42	42	3442334	2834929	219.00	213.96	38	38	3432903277	12
2026-07-26T21:41:28Z	20260726T214015Z	boards/board1.txt	ab(d6,tt,ord,nb200k)@1.learned(s111,78ef6974)@1.opener(rand,4)@1	ab(d6,tt,ord,qs,nb200k)@1.learned(s98,5801570e)@1.opener(rand,4)@1	W	51	11	9	7162.624	590.055	6953.125	562.500	26	25	1800761	2193951	117.74	111.51	22	21	3519579119	12
2026-07-26T21:41:29Z	20260726T214015Z	boards/board1.txt	ab(d6,tt,ord,nb200k)@1.learned(s3,68364898)@1.opener(rand,4)@1	ab(d6,tt,ord,nb200k)@1.learned(s6,eac8ab99)@1.opener(rand,4)@1	B	85	4	5	486.358	498.928	437.500	484.375	43	42	1710815	1717885	220.00	219.00	39	38	86073693	12
2026-07-26T21:41:30Z	20260726T214015Z	boards/board1.txt	ab(d6,tt,ord,nb200k)@1.learned(s3,68364898)@1.opener(rand,4)@1	ab(d6,tt,ord,qs,nb200k)@1.learned(s98,5801570e)@1.opener(rand,4)@1	B	75	6	8	528.838	629.951	453.125	656.250	38	37	1852553	2086293	190.00	189.00	34	33	4013196799	12
2026-07-26T21:41:31Z	20260726T214015Z	boards/board1.txt	ab(d6,tt,ord,nb200k)@1.learned(s6,eac8ab99)@1.opener(rand,4)@1	ab(d6,tt,ord,nb200k)@1.learned(s76,ef183148)@1.opener(rand,4)@1	W	60	8	10	456.138	520.566	421.875	484.375	30	30	1707768	1663795	147.00	142.00	26	26	1587628405	12
2026-07-26T21:41:36Z	20260726T214015Z	boards/board1.txt	ab(d6,tt,ord,nb200k)@1.learned(s6,eac8ab99)@1.opener(rand,4)@1	ab(d8,tt,ord,nb2m)@1.classic(t1,c4,w0,l0)@2.opener(rand,4)@1	B	55	10	11	332.478	4480.866	265.625	4375.000	28	27	1257199	15041718	130.00	168.00	24	23	3065245810	12
2026-07-26T21:41:37Z	20260726T214015Z	boards/board1.txt	ab(d6,tt,ord,nb200k)@1.learned(s76,ef183148)@1.opener(rand,4)@1	ab(d6,tt,ord,qs,nb200k)@1.learned(s98,5801570e)@1.opener(rand,4)@1	B	71	8	8	724.060	722.686	671.875	734.375	36	35	2320772	2634461	178.00	177.00	32	31	2048063355	12
2026-07-26T21:41:38Z	20260726T214015Z	boards/board1.txt	ab(d6,tt,ord,nb200k)@1.learned(s98,5801570e)@1.opener(rand,4)@1	ab(d6,tt,ord,qs,nb200k)@1.learned(s98,5801570e)@1.opener(rand,4)@1	B	51	11	10	335.836	376.626	312.500	343.750	26	25	1205912	1329342	118.00	117.00	22	21	3873136920	12
2026-07-26T21:41:43Z	20260726T214015Z	boards/board1.txt	ab(d6,tt,ord,qs,nb200k)@1.learned(s98,5801570e)@1.opener(rand,4)@1	ab(d8,tt,ord,nb2m)@1.classic(t1,c4,w0,l0)@2.opener(rand,4)@1	B	78	7	10	259.722	5210.000	234.375	5015.625	39	39	991510	17360336	196.00	257.00	35	35	1831514440	12
2026-07-26T21:40:16Z	20260726T214015Z	boards/board1.txt	ab(d6,ord,nb200k)@1.adv(t20,c77,w0,l0,f0,d-2,e0,m0,h0,b1,o0,r0,x0,n0,s1,g1)@1.opener(rand,4)@1	ab(d2)@1.classic(t1,c4,w0,l0)@2.opener(rand,4)@1	W	65	10	12	1223.226	0.312	1156.250	0.000	33	32	3311450	3484	159.29	54.00	29	28	3483472932	12
2026-07-26T21:40:16Z	20260726T214015Z	boards/board1.txt	ab(d6,tt,ord,nb200k)@1.classic(t1,c4,w0,l0)@2.opener(rand,4)@1	ab(d2)@1.classic(t1,c4,w0,l0)@2.opener(rand,4)@1	W	31	14	14	191.576	0.105	171.875	0.000	16	15	548372	1204	59.00	20.00	12	11	4064714116	12
2026-07-26T21:40:17Z	20260726T214015Z	boards/board1.txt	ab(d6,tt,ord,nb200k)@1.learned(s6,eac8ab99)@1.opener(rand,4)@1	ab(d2)@1.classic(t1,c4,w0,l0)@2.opener(rand,4)@1	B	53	10	11	839.369	0.205	765.625	0.000	27	26	2241029	2268	124.00	44.00	23	22	3382103024	12
2026-07-26T21:40:17Z	20260726T214015Z	boards/board1.txt	ab(d6,tt,ord,qs,nb200k)@1.learned(s98,5801570e)@1.opener(rand,4)@1	ab(d2)@1.classic(t1,c4,w0,l0)@2.opener(rand,4)@1	W	45	12	12	588.343	0.220	515.625	0.000	23	22	1565895	2269	98.00	34.00	19	18	2722513942	12
2026-07-26T21:40:19Z	20260726T214015Z	boards/board1.txt	ab(d6,ord,nb200k)@1.adv(t20,c77,w0,l0,f0,d-2,e0,m0,h0,b1,o0,r0,x0,n0,s1,g1)@1.opener(rand,4)@1	ab(d4)@1.classic(t1,c4,w0,l0)@2.opener(rand,4)@1	W	51	11	12	1205.015	7.242	1078.125	0.000	26	25	3013581	120281	115.76	77.00	22	21	3846592862	12
2026-07-26T21:40:19Z	20260726T214015Z	boards/board1.txt	ab(d6,tt,ord,nb200k)@1.classic(t1,c4,w0,l0)@2.opener(rand,4)@1	ab(d4)@1.classic(t1,c4,w0,l0)@2.opener(rand,4)@1	B	49	10	13	427.255	6.808	390.625	15.625	25	24	1138120	107969	112.00	80.00	21	20	3896730690	12
2026-07-26T21:40:20Z	20260726T214015Z	boards/board1.txt	ab(d6,tt,ord,nb200k)@1.learned(s6,eac8ab99)@1.opener(rand,4)@1	ab(d4)@1.classic(t1,c4,w0,l0)@2.opener(rand,4)@1	W	63	8	11	823.309	12.810	718.750	0.000	32	31	2399216	182028	153.41	101.00	28	27	920857498	12
2026-07-26T21:40:21Z	20260726T214015Z	boards/board1.txt	ab(d6,tt,ord,qs,nb200k)@1.learned(s98,5801570e)@1.opener(rand,4)@1	ab(d4)@1.classic(t1,c4,w0,l0)@2.opener(rand,4)@1	W	53	10	9	826.316	7.910	734.375	0.000	27	26	2265287	101541	121.53	81.00	23	22	3093967532	12
2026-07-26T21:40:22Z	20260726T214015Z	boards/board1.txt	ab(d6,tt,ord,nb200k)@1.classic(t1,c4,w0,l0)@2.dil(r30,d4)@1.opener(rand,4)@1	ab(d6,ord,nb200k)@1.adv(t20,c77,w0,l0,f0,d-2,e0,m0,h0,b1,o0,r0,x0,n0,s1,g1)@1.opener(rand,4)@1	W	44	13	12	160.250	888.097	125.000	812.500	22	22	481178	2431830	84.00	93.33	18	18	3069503544	12
2026-07-26T21:40:41Z	20260726T214015Z	boards/board1.txt	ab(d6,tt,ord,nb200k)@1.learned(s111,78ef6974)@1.opener(rand,4)@1	ab(d6,ord,nb200k)@1.adv(t20,c77,w0,l0,f0,d-2,e0,m0,h0,b1,o0,r0,x0,n0,s1,g1)@1.opener(rand,4)@1	W	80	6	5	17978.842	1362.486	15703.125	1250.000	40	40	3375586	3612903	204.20	200.20	36	36	516099363	12
2026-07-26T21:40:43Z	20260726T214015Z	boards/board1.txt	ab(d6,tt,ord,nb200k)@1.learned(s76,ef183148)@1.opener(rand,4)@1	ab(d6,ord,nb200k)@1.adv(t20,c77,w0,l0,f0,d-2,e0,m0,h0,b1,o0,r0,x0,n0,s1,g1)@1.opener(rand,4)@1	B	63	8	9	869.446	1152.940	734.375	1046.875	32	31	2820944	3115608	151.41	152.13	28	27	2720413029	12
2026-07-26T21:40:46Z	20260726T214015Z	boards/board1.txt	ab(d8,tt,ord,nb2m)@1.classic(t1,c4,w0,l0)@2.opener(rand,4)@1	ab(d6,ord,nb200k)@1.adv(t20,c77,w0,l0,f0,d-2,e0,m0,h0,b1,o0,r0,x0,n0,s1,g1)@1.opener(rand,4)@1	W	34	13	13	2357.262	557.815	2156.250	453.125	17	17	6970526	1507221	89.00	64.34	13	13	3004571010	12
2026-07-26T21:40:47Z	20260726T214015Z	boards/board1.txt	ab(d6,tt,ord,nb200k)@1.classic(t1,c4,w0,l0)@2.opener(rand,4)@1	ab(d6,tt,ord,nb200k)@1.classic(t1,c4,w0,l0)@2.dil(r30,d4)@1.opener(rand,4)@1	W	56	12	11	465.746	268.646	390.625	203.125	28	28	1140838	692338	135.00	114.00	24	24	2288687132	12
2026-07-26T21:40:48Z	20260726T214015Z	boards/board1.txt	ab(d6,tt,ord,nb200k)@1.learned(s6,eac8ab99)@1.opener(rand,4)@1	ab(d6,tt,ord,nb200k)@1.classic(t1,c4,w0,l0)@2.dil(r30,d4)@1.opener(rand,4)@1	W	62	10	9	657.271	374.584	484.375	328.125	31	31	1778182	894809	153.00	140.00	27	27	3963601000	12
2026-07-26T21:40:49Z	20260726T214015Z	boards/board1.txt	ab(d6,tt,ord,qs,nb200k)@1.learned(s98,5801570e)@1.opener(rand,4)@1	ab(d6,tt,ord,nb200k)@1.classic(t1,c4,w0,l0)@2.dil(r30,d4)@1.opener(rand,4)@1	W	58	10	9	831.411	282.700	671.875	265.625	29	29	2020911	738076	140.00	125.00	25	25	1756022750	12
2026-07-26T21:40:49Z	20260726T214015Z	boards/board1.txt	ab(d6,tt,ord,nb200k)@1.classic(t1,c4,w0,l0)@2.opener(rand,4)@1	ab(d6,tt,ord,nb200k)@1.classic(t1,c4,w0,l0)@2.dil(r63)@1.opener(rand,4)@1	W	39	15	10	238.162	106.424	218.750	78.125	20	19	639964	234215	91.00	42.00	16	7	1495828100	12
2026-07-26T21:40:50Z	20260726T214015Z	boards/board1.txt	ab(d6,tt,ord,nb200k)@1.learned(s6,eac8ab99)@1.opener(rand,4)@1	ab(d6,tt,ord,nb200k)@1.classic(t1,c4,w0,l0)@2.dil(r63)@1.opener(rand,4)@1	W	31	15	14	276.065	27.442	250.000	31.250	16	15	737852	85591	62.00	12.00	12	2	813217008	12
2026-07-26T21:40:50Z	20260726T214015Z	boards/board1.txt	ab(d6,tt,ord,qs,nb200k)@1.learned(s98,5801570e)@1.opener(rand,4)@1	ab(d6,tt,ord,nb200k)@1.classic(t1,c4,w0,l0)@2.dil(r63)@1.opener(rand,4)@1	W	38	13	11	448.220	92.426	421.875	78.125	19	19	1309255	222722	84.00	31.00	15	6	207043862	12
2026-07-26T21:41:00Z	20260726T214015Z	boards/board1.txt	ab(d6,tt,ord,nb200k)@1.learned(s111,78ef6974)@1.opener(rand,4)@1	ab(d6,tt,ord,nb200k)@1.classic(t1,c4,w0,l0)@2.opener(rand,4)@1	W	60	9	10	9497.366	479.162	8265.625	406.250	30	30	1921167	1209309	147.00	142.00	26	26	331467275	12
2026-07-26T21:41:01Z	20260726T214015Z	boards/board1.txt	ab(d6,tt,ord,nb200k)@1.learned(s76,ef183148)@1.opener(rand,4)@1	ab(d6,tt,ord,nb200k)@1.classic(t1,c4,w0,l0)@2.opener(rand,4)@1	B	63	7	10	596.536	349.419	453.125	328.125	32	31	1704677	848026	154.00	153.00	28	27	3351407453	12
2026-07-26T21:41:04Z	20260726T214015Z	boards/board1.txt	ab(d8,tt,ord,nb2m)@1.classic(t1,c4,w0,l0)@2.opener(rand,4)@1	ab(d6,tt,ord,nb200k)@1.classic(t1,c4,w0,l0)@2.opener(rand,4)@1	W	30	14	12	2539.466	22.819	2203.125	62.500	15	15	6667994	69141	72.00	52.00	11	11	1775567978	12
2026-07-26T21:41:18Z	20260726T214015Z	boards/board1.txt	ab(d6,tt,ord,nb200k)@1.learned(s6,eac8ab99)@1.opener(rand,4)@1	ab(d6,tt,ord,nb200k)@1.learned(s111,78ef6974)@1.opener(rand,4)@1	W	80	7	7	977.044	13745.193	906.250	12796.875	40	40	3245773	3056287	206.54	201.24	36	36	3432903277	12
2026-07-26T21:41:31Z	20260726T214015Z	boards/board1.txt	ab(d6,tt,ord,qs,nb200k)@1.learned(s98,5801570e)@1.opener(rand,4)@1	ab(d6,tt,ord,nb200k)@1.learned(s111,78ef6974)@1.opener(rand,4)@1	W	60	9	9	673.963	11541.310	625.000	11093.750	30	30	2366780	2777628	146.00	141.13	26	26	3519579119	12
2026-07-26T21:41:32Z	20260726T214015Z	boards/board1.txt	ab(d6,tt,ord,nb200k)@1.learned(s6,eac8ab99)@1.opener(rand,4)@1	ab(d6,tt,ord,nb200k)@1.learned(s3,68364898)@1.opener(rand,4)@1	W	82	7	6	580.795	539.037	531.250	546.875	41	41	2087468	1820112	213.00	208.00	37	37	86073693	12
2026-07-26T21:41:33Z	20260726T214015Z	boards/board1.txt	ab(d6,tt,ord,qs,nb200k)@1.learned(s98,5801570e)@1.opener(rand,4)@1	ab(d6,tt,ord,nb200k)@1.learned(s3,68364898)@1.opener(rand,4)@1	W	74	9	7	703.852	562.088	625.000	578.125	37	37	2481525	1903409	188.77	184.00	33	33	4013196799	12
2026-07-26T21:41:34Z	20260726T214015Z	boards/board1.txt	ab(d6,tt,ord,nb200k)@1.learned(s76,ef183148)@1.opener(rand,4)@1	ab(d6,tt,ord,nb200k)@1.learned(s6,eac8ab99)@1.opener(rand,4)@1	W	64	8	8	648.317	565.933	640.625	531.250	32	32	2217509	2006534	159.00	154.00	28	28	1587628405	12
2026-07-26T21:41:39Z	20260726T214015Z	boards/board1.txt	ab(d8,tt,ord,nb2m)@1.classic(t1,c4,w0,l0)@2.opener(rand,4)@1	ab(d6,tt,ord,nb200k)@1.learned(s6,eac8ab99)@1.opener(rand,4)@1	W	52	12	10	5049.070	243.560	4953.125	156.250	26	26	16908214	878830	160.00	118.00	22	22	3065245810	12
2026-07-26T21:41:41Z	20260726T214015Z	boards/board1.txt	ab(d6,tt,ord,qs,nb200k)@1.learned(s98,5801570e)@1.opener(rand,4)@1	ab(d6,tt,ord,nb200k)@1.learned(s76,ef183148)@1.opener(rand,4)@1	B	80	6	9	956.145	839.882	906.250	765.625	40	40	3546012	2784891	199.57	201.68	36	36	2048063355	12
2026-07-26T21:41:42Z	20260726T214015Z	boards/board1.txt	ab(d6,tt,ord,qs,nb200k)@1.learned(s98,5801570e)@1.opener(rand,4)@1	ab(d6,tt,ord,nb200k)@1.learned(s98,5801570e)@1.opener(rand,4)@1	B	77	6	8	624.003	527.584	578.125	531.250	39	38	1981978	1911392	196.00	195.00	35	34	3873136920	12
2026-07-26T21:41:47Z	20260726T214015Z	boards/board1.txt	ab(d8,tt,ord,nb2m)@1.classic(t1,c4,w0,l0)@2.opener(rand,4)@1	ab(d6,tt,ord,qs,nb200k)@1.learned(s98,5801570e)@1.opener(rand,4)@1	W	57	12	11	4085.560	178.387	3984.375	125.000	29	28	14942963	874650	177.00	130.00	25	24	1831514440	12
2026-07-26T21:40:15Z	20260726T214015Z	boards/board1.txt	ab(d2)@1.classic(t1,c4,w0,l0)@2.opener(rand,4)@1	ab(d6,tt,ord,nb200k)@1.classic(t1,c4,w0,l0)@2.dil(r30,d4)@1.opener(rand,4)@1	B	38	14	14	0.200	160.653	0.000	140.625	19	19	2421	462528	28.00	67.00	15	15	468760189	12
2026-07-26T21:40:31Z	20260726T214015Z	boards/board1.txt	ab(d2)@1.classic(t1,c4,w0,l0)@2.opener(rand,4)@1	ab(d6,tt,ord,nb200k)@1.learned(s111,78ef6974)@1.opener(rand,4)@1	B	58	12	11	0.308	16362.793	0.000	14796.875	29	29	3680	3244129	48.00	133.58	25	25	3629150158	12
2026-07-26T21:40:32Z	20260726T214015Z	boards/board1.txt	ab(d2)@1.classic(t1,c4,w0,l0)@2.opener(rand,4)@1	ab(d6,tt,ord,nb200k)@1.learned(s76,ef183148)@1.opener(rand,4)@1	B	72	10	8	0.343	853.368	0.000	750.000	36	36	3797	2703240	62.00	179.00	32	32	2679472844	12
2026-07-26T21:40:37Z	20260726T214015Z	boards/board1.txt	ab(d2)@1.classic(t1,c4,w0,l0)@2.opener(rand,4)@1	ab(d8,tt,ord,nb2m)@1.classic(t1,c4,w0,l0)@2.opener(rand,4)@1	B	82	10	6	0.378	4880.897	0.000	4593.750	41	41	4773	13624735	72.00	207.00	37	37	662679515	12
2026-07-26T21:40:37Z	20260726T214015Z	boards/board1.txt	ab(d4)@1.classic(t1,c4,w0,l0)@2.opener(rand,4)@1	ab(d6,tt,ord,nb200k)@1.classic(t1,c4,w0,l0)@2.dil(r30,d4)@1.opener(rand,4)@1	B	34	13	14	4.561	153.512	0.000	156.250	17	17	72331	476514	45.00	61.00	13	13	2080325455	12
2026-07-26T21:40:45Z	20260726T214015Z	boards/board1.txt	ab(d4)@1.classic(t1,c4,w0,l0)@2.opener(rand,4)@1	ab(d6,tt,ord,nb200k)@1.learned(s111,78ef6974)@1.opener(rand,4)@1	B	46	12	12	7.606	7824.829	0.000	7062.500	23	23	91512	1549517	69.00	100.00	19	19	3149158788	12
2026-07-26T21:40:45Z	20260726T214015Z	boards/board1.txt	ab(d4)@1.classic(t1,c4,w0,l0)@2.opener(rand,4)@1	ab(d6,tt,ord,nb200k)@1.learned(s76,ef183148)@1.opener(rand,4)@1	W	70	9	6	6.538	438.167	15.625	359.375	35	35	96518	1344838	124.00	167.00	31	31	4291917454	12
2026-07-26T21:40:52Z	20260726T214015Z	boards/board1.txt	ab(d4)@1.classic(t1,c4,w0,l0)@2.opener(rand,4)@1	ab(d8,tt,ord,nb2m)@1.classic(t1,c4,w0,l0)@2.opener(rand,4)@1	W	62	10	10	9.702	6618.462	0.000	6046.875	31	31	149234	17931017	108.00	191.00	27	27	1849525473	12
2026-07-26T21:40:53Z	20260726T214015Z	boards/board1.txt	ab(d6,ord,nb200k)@1.adv(t20,c77,w0,l0,f0,d-2,e0,m0,h0,b1,o0,r0,x0,n0,s1,g1)@1.opener(rand,4)@1	ab(d6,tt,ord,nb200k)@1.classic(t1,c4,w0,l0)@2.dil(r63)@1.opener(rand,4)@1	W	35	15	13	689.280	28.315	609.375	31.250	18	17	1901641	97926	69.34	7.00	14	2	620928313	12
2026-07-26T21:40:54Z	20260726T214015Z	boards/board1.txt	ab(d6,ord,nb200k)@1.adv(t20,c77,w0,l0,f0,d-2,e0,m0,h0,b1,o0,r0,x0,n0,s1,g1)@1.opener(rand,4)@1	ab(d6,tt,ord,nb200k)@1.learned(s3,68364898)@1.opener(rand,4)@1	B	51	10	10	1174.769	580.527	1062.500	500.000	26	25	3239158	1972536	116.08	117.00	22	21	2467895312	12
2026-07-26T21:40:56Z	20260726T214015Z	boards/board1.txt	ab(d6,ord,nb200k)@1.adv(t20,c77,w0,l0,f0,d-2,e0,m0,h0,b1,o0,r0,x0,n0,s1,g1)@1.opener(rand,4)@1	ab(d6,tt,ord,nb200k)@1.learned(s98,5801570e)@1.opener(rand,4)@1	W	58	9	8	1022.834	579.342	921.875	578.125	29	29	2860170	1918479	139.90	134.85	25	25	3678814255	12
2026-07-26T21:40:57Z	20260726T214015Z	boards/board1.txt	ab(d6,ord,nb200k)@1.adv(t20,c77,w0,l0,f0,d-2,e0,m0,h0,b1,o0,r0,x0,n0,s1,g1)@1.opener(rand,4)@1	rand@1	W	45	15	10	1019.727	0.046	812.500	0.000	23	22	2559549	0	102.50	0.00	19	0	3445643102	12
2026-07-26T21:41:12Z	20260726T214015Z	boards/board1.txt	ab(d6,tt,ord,nb200k)@1.classic(t1,c4,w0,l0)@2.dil(r30,d4)@1.opener(rand,4)@1	ab(d6,tt,ord,nb200k)@1.learned(s111,78ef6974)@1.opener(rand,4)@1	B	79	5	6	342.495	14992.268	296.875	14062.500	40	39	880013	3042931	178.00	199.02	36	35	997912694	12
2026-07-26T21:41:13Z	20260726T214015Z	boards/board1.txt	ab(d6,tt,ord,nb200k)@1.classic(t1,c4,w0,l0)@2.dil(r30,d4)@1.opener(rand,4)@1	ab(d6,tt,ord,nb200k)@1.learned(s76,ef183148)@1.opener(rand,4)@1	B	53	8	12	220.051	665.427	156.250	687.500	27	26	713851	1948922	110.00	123.00	23	22	2814388292	12
2026-07-26T21:41:18Z	20260726T214015Z	boards/board1.txt	ab(d6,tt,ord,nb200k)@1.classic(t1,c4,w0,l0)@2.dil(r30,d4)@1.opener(rand,4)@1	ab(d8,tt,ord,nb2m)@1.classic(t1,c4,w0,l0)@2.opener(rand,4)@1	B	57	9	11	68.466	4737.440	46.875	4531.250	29	28	254015	14474386	120.00	176.00	25	24	3584810051	12
2026-07-26T21:41:26Z	20260726T214015Z	boards/board1.txt	ab(d6,tt,ord,nb200k)@1.classic(t1,c4,w0,l0)@2.dil(r63)@1.opener(rand,4)@1	ab(d6,tt,ord,nb200k)@1.learned(s111,78ef6974)@1.opener(rand,4)@1	B	43	12	14	112.781	8288.001	93.750	7906.250	22	21	393417	2090607	43.00	95.05	8	17	1981399246	12
2026-07-26T21:41:27Z	20260726T214015Z	boards/board1.txt	ab(d6,tt,ord,nb200k)@1.classic(t1,c4,w0,l0)@2.dil(r63)@1.opener(rand,4)@1	ab(d6,tt,ord,nb200k)@1.learned(s76,ef183148)@1.opener(rand,4)@1	B	37	11	12	40.233	465.923	31.250	437.500	19	18	129466	1484143	16.00	75.00	4	14	1905552844	12
2026-07-26T21:41:28Z	20260726T214015Z	boards/board1.txt	ab(d6,tt,ord,nb200k)@1.classic(t1,c4,w0,l0)@2.dil(r63)@1.opener(rand,4)@1	ab(d8,tt,ord,nb2m)@1.classic(t1,c4,w0,l0)@2.opener(rand,4)@1	B	20	13	16	19.541	980.939	15.625	953.125	10	10	76560	3467520	12.00	41.00	2	6	1746956507	12
2026-07-26T21:41:29Z	20260726T214015Z	boards/board1.txt	ab(d6,tt,ord,nb200k)@1.classic(t1,c4,w0,l0)@2.opener(rand,4)@1	ab(d6,tt,ord,nb200k)@1.learned(s3,68364898)@1.opener(rand,4)@1	W	54	12	10	317.087	473.245	328.125	421.875	27	27	980516	1676222	129.00	124.00	23	23	588584152	12
2026-07-26T21:41:30Z	20260726T214015Z	boards/board1.txt	ab(d6,tt,ord,nb200k)@1.classic(t1,c4,w0,l0)@2.opener(rand,4)@1	ab(d6,tt,ord,nb200k)@1.learned(s98,5801570e)@1.opener(rand,4)@1	B	65	8	5	335.801	537.876	359.375	500.000	33	32	1013439	2080633	160.00	159.00	29	28	1387693847	12
2026-07-26T21:41:30Z	20260726T214015Z	boards/board1.txt	ab(d6,tt,ord,nb200k)@1.classic(t1,c4,w0,l0)@2.opener(rand,4)@1	rand@1	W	21	16	12	85.144	0.014	78.125	0.000	11	10	305297	0	37.00	0.00	7	0	842738822	12
2026-07-26T21:41:41Z	20260726T214015Z	boards/board1.txt	ab(d6,tt,ord,nb200k)@1.learned(s111,78ef6974)@1.opener(rand,4)@1	ab(d6,tt,ord,nb200k)@1.learned(s76,ef183148)@1.opener(rand,4)@1	W	68	7	9	10913.611	623.919	10578.125	562.500	34	34	2753337	1886911	170.88	166.00	30	30	3043915875	12
2026-07-26T21:41:48Z	20260726T214015Z	boards/board1.txt	ab(d6,tt,ord,nb200k)@1.learned(s111,78ef6974)@1.opener(rand,4)@1	ab(d8,tt,ord,nb2m)@1.classic(t1,c4,w0,l0)@2.opener(rand,4)@1	B	55	8	12	2904.912	3434.372	2875.000	3234.375	28	27	862478	12128553	130.00	168.00	24	23	545840726	12
2026-07-26T21:41:49Z	20260726T214015Z	boards/board1.txt	ab(d6,tt,ord,nb200k)@1.learned(s3,68364898)@1.opener(rand,4)@1	ab(d6,tt,ord,nb200k)@1.learned(s76,ef183148)@1.opener(rand,4)@1	B	77	6	7	608.527	608.027	593.750	609.375	39	38	2570157	2637351	195.40	195.00	35	34	4054408691	12
2026-07-26T21:41:53Z	20260726T214015Z	boards/board1.txt	ab(d6,tt,ord,nb200k)@1.learned(s3,68364898)@1.opener(rand,4)@1	ab(d8,tt,ord,nb2m)@1.classic(t1,c4,w0,l0)@2.opener(rand,4)@1	B	45	10	12	135.760	4133.028	109.375	4000.000	23	22	646054	16333448	100.00	127.97	19	18	2217071686	12
2026-07-26T21:41:54Z	20260726T214015Z	boards/board1.txt	ab(d6,tt,ord,nb200k)@1.learned(s6,eac8ab99)@1.opener(rand,4)@1	ab(d6,tt,ord,nb200k)@1.learned(s98,5801570e)@1.opener(rand,4)@1	B	63	7	8	360.024	309.814	375.000	281.250	32	31	1563875	1377890	154.00	153.00	28	27	3015219743	12
2026-07-26T21:41:54Z	20260726T214015Z	boards/board1.txt	ab(d6,tt,ord,nb200k)@1.learned(s6,eac8ab99)@1.opener(rand,4)@1	rand@1	W	31	15	13	204.296	0.023	203.125	0.000	16	15	928811	0	67.00	0.00	12	0	880154574	12
2026-07-26T21:41:57Z	20260726T214015Z	boards/board1.txt	ab(d6,tt,ord,nb200k)@1.learned(s76,ef183148)@1.opener(rand,4)@1	ab(d8,tt,ord,nb2m)@1.classic(t1,c4,w0,l0)@2.opener(rand,4)@1	W	54	11	9	75.850	2586.031	78.125	2515.625	27	27	407634	11191811	129.00	161.00	23	23	1592511418	12
2026-07-26T21:42:01Z	20260726T214015Z	boards/board1.txt	ab(d6,tt,ord,nb200k)@1.learned(s98,5801570e)@1.opener(rand,4)@1	ab(d8,tt,ord,nb2m)@1.classic(t1,c4,w0,l0)@2.opener(rand,4)@1	W	74	8	7	209.393	4017.098	218.750	3968.750	37	37	958259	17436543	189.00	239.00	33	33	960568085	12
2026-07-26T21:42:01Z	20260726T214015Z	boards/board1.txt	ab(d6,tt,ord,qs,nb200k)@1.learned(s98,5801570e)@1.opener(rand,4)@1	rand@1	W	25	16	12	152.940	0.017	140.625	0.000	13	12	699543	0	49.00	0.00	9	0	3107164180	12
2026-07-26T21:40:15Z	20260726T214015Z	boards/board1.txt	ab(d6,tt,ord,nb200k)@1.classic(t1,c4,w0,l0)@2.dil(r30,d4)@1.opener(rand,4)@1	ab(d2)@1.classic(t1,c4,w0,l0)@2.opener(rand,4)@1	W	65	8	10	174.803	0.257	156.250	0.000	33	32	454088	3378	120.00	54.00	29	28	468760189	12
2026-07-26T21:40:28Z	20260726T214015Z	boards/board1.txt	ab(d6,tt,ord,nb200k)@1.learned(s111,78ef6974)@1.opener(rand,4)@1	ab(d2)@1.classic(t1,c4,w0,l0)@2.opener(rand,4)@1	W	57	10	10	12900.578	0.257	11406.250	0.000	29	28	2482072	2796	135.29	46.00	25	24	3629150158	12
2026-07-26T21:40:29Z	20260726T214015Z	boards/board1.txt	ab(d6,tt,ord,nb200k)@1.learned(s76,ef183148)@1.opener(rand,4)@1	ab(d2)@1.classic(t1,c4,w0,l0)@2.opener(rand,4)@1	B	57	10	11	1089.891	0.260	859.375	0.000	29	28	2975194	2838	133.83	48.00	25	24	2679472844	12
2026-07-26T21:40:34Z	20260726T214015Z	boards/board1.txt	ab(d8,tt,ord,nb2m)@1.classic(t1,c4,w0,l0)@2.opener(rand,4)@1	ab(d2)@1.classic(t1,c4,w0,l0)@2.opener(rand,4)@1	W	41	14	14	4789.222	0.276	4046.875	0.000	21	20	12524681	2485	117.00	30.00	17	16	662679515	12
2026-07-26T21:40:34Z	20260726T214015Z	boards/board1.txt	ab(d6,tt,ord,nb200k)@1.classic(t1,c4,w0,l0)@2.dil(r30,d4)@1.opener(rand,4)@1	ab(d4)@1.classic(t1,c4,w0,l0)@2.opener(rand,4)@1	B	45	11	12	252.652	7.861	218.750	0.000	23	22	746827	105973	94.00	72.00	19	18	2080325455	12
2026-07-26T21:40:43Z	20260726T214015Z	boards/board1.txt	ab(d6,tt,ord,nb200k)@1.learned(s111,78ef6974)@1.opener(rand,4)@1	ab(d4)@1.classic(t1,c4,w0,l0)@2.opener(rand,4)@1	B	43	10	12	9604.675	6.156	8718.750	0.000	22	21	1904039	80497	93.94	68.00	18	17	3149158788	12
2026-07-26T21:40:44Z	20260726T214015Z	boards/board1.txt	ab(d6,tt,ord,nb200k)@1.learned(s76,ef183148)@1.opener(rand,4)@1	ab(d4)@1.classic(t1,c4,w0,l0)@2.opener(rand,4)@1	W	77	7	6	560.432	7.141	484.375	0.000	39	38	1703303	109296	196.00	129.00	35	34	4291917454	12
2026-07-26T21:40:50Z	20260726T214015Z	boards/board1.txt	ab(d8,tt,ord,nb2m)@1.classic(t1,c4,w0,l0)@2.opener(rand,4)@1	ab(d4)@1.classic(t1,c4,w0,l0)@2.opener(rand,4)@1	W	59	11	10	6012.508	11.504	5250.000	0.000	30	29	16363200	143934	185.00	93.00	26	25	1849525473	12
2026-07-26T21:40:51Z	20260726T214015Z	boards/board1.txt	ab(d6,tt,ord,nb200k)@1.classic(t1,c4,w0,l0)@2.dil(r63)@1.opener(rand,4)@1	ab(d6,ord,nb200k)@1.adv(t20,c77,w0,l0,f0,d-2,e0,m0,h0,b1,o0,r0,x0,n0,s1,g1)@1.opener(rand,4)@1	B	28	11	16	24.637	460.814	15.625	453.125	14	14	95642	1283355	6.00	48.23	1	10	620928313	12
2026-07-26T21:40:52Z	20260726T214015Z	boards/board1.txt	ab(d6,tt,ord,nb200k)@1.learned(s3,68364898)@1.opener(rand,4)@1	ab(d6,ord,nb200k)@1.adv(t20,c77,w0,l0,f0,d-2,e0,m0,h0,b1,o0,r0,x0,n0,s1,g1)@1.opener(rand,4)@1	W	58	11	11	703.228	1128.916	718.750	1046.875	29	29	2528282	3166851	137.67	133.38	25	25	2467895312	12
2026-07-26T21:40:54Z	20260726T214015Z	boards/board1.txt	ab(d6,tt,ord,nb200k)@1.learned(s98,5801570e)@1.opener(rand,4)@1	ab(d6,ord,nb200k)@1.adv(t20,c77,w0,l0,f0,d-2,e0,m0,h0,b1,o0,r0,x0,n0,s1,g1)@1.opener(rand,4)@1	B	41	13	13	624.311	795.531	500.000	687.500	21	20	1855338	2080439	88.41	86.00	17	16	3678814255	12
2026-07-26T21:40:54Z	20260726T214015Z	boards/board1.txt	rand@1	ab(d6,ord,nb200k)@1.adv(t20,c77,w0,l0,f0,d-2,e0,m0,h0,b1,o0,r0,x0,n0,s1,g1)@1.opener(rand,4)@1	B	14	13	16	0.008	51.520	0.000	31.250	7	7	0	110594	0.00	13.00	0	3	3445643102	12
2026-07-26T21:41:02Z	20260726T214015Z	boards/board1.txt	ab(d6,tt,ord,nb200k)@1.learned(s111,78ef6974)@1.opener(rand,4)@1	ab(d6,tt,ord,nb200k)@1.classic(t1,c4,w0,l0)@2.dil(r30,d4)@1.opener(rand,4)@1	W	48	11	9	8101.180	231.349	6859.375	187.500	24	24	1534371	597618	110.52	95.00	20	20	997912694	12
2026-07-26T21:41:03Z	20260726T214015Z	boards/board1.txt	ab(d6,tt,ord,nb200k)@1.learned(s76,ef183148)@1.opener(rand,4)@1	ab(d6,tt,ord,nb200k)@1.classic(t1,c4,w0,l0)@2.dil(r30,d4)@1.opener(rand,4)@1	W	38	13	10	489.720	131.341	406.250	140.625	19	19	1245680	350607	81.00	67.00	15	15	2814388292	12
2026-07-26T21:41:08Z	20260726T214015Z	boards/board1.txt	ab(d8,tt,ord,nb2m)@1.classic(t1,c4,w0,l0)@2.opener(rand,4)@1	ab(d6,tt,ord,nb200k)@1.classic(t1,c4,w0,l0)@2.dil(r30,d4)@1.opener(rand,4)@1	W	48	13	12	4664.304	46.954	3984.375	78.125	24	24	12298203	156323	144.00	91.00	20	20	3584810051	12
2026-07-26T21:41:18Z	20260726T214015Z	boards/board1.txt	ab(d6,tt,ord,nb200k)@1.learned(s111,78ef6974)@1.opener(rand,4)@1	ab(d6,tt,ord,nb200k)@1.classic(t1,c4,w0,l0)@2.dil(r63)@1.opener(rand,4)@1	W	52	14	11	10502.133	198.157	9921.875	171.875	26	26	2383192	678441	125.42	60.00	22	11	1981399246	12
2026-07-26T21:41:19Z	20260726T214015Z	boards/board1.txt	ab(d6,tt,ord,nb200k)@1.learned(s76,ef183148)@1.opener(rand,4)@1	ab(d6,tt,ord,nb200k)@1.classic(t1,c4,w0,l0)@2.dil(r63)@1.opener(rand,4)@1	W	46	12	10	569.591	79.409	531.250	78.125	23	23	2070829	294075	104.44	31.00	19	6	1905552844	12
2026-07-26T21:41:20Z	20260726T214015Z	boards/board1.txt	ab(d8,tt,ord,nb2m)@1.classic(t1,c4,w0,l0)@2.opener(rand,4)@1	ab(d6,tt,ord,nb200k)@1.classic(t1,c4,w0,l0)@2.dil(r63)@1.opener(rand,4)@1	W	21	16	14	1270.445	0.284	1218.750	0.000	11	10	4238985	589	49.00	12.00	7	2	1746956507	12
2026-07-26T21:41:21Z	20260726T214015Z	boards/board1.txt	ab(d6,tt,ord,nb200k)@1.learned(s3,68364898)@1.opener(rand,4)@1	ab(d6,tt,ord,nb200k)@1.classic(t1,c4,w0,l0)@2.opener(rand,4)@1	W	66	7	9	547.565	398.607	484.375	375.000	33	33	2050315	1203733	164.53	160.00	29	29	588584152	12
2026-07-26T21:41:22Z	20260726T214015Z	boards/board1.txt	ab(d6,tt,ord,nb200k)@1.learned(s98,5801570e)@1.opener(rand,4)@1	ab(d6,tt,ord,nb200k)@1.classic(t1,c4,w0,l0)@2.opener(rand,4)@1	B	57	8	11	470.236	290.019	453.125	281.250	29	28	1665742	915554	136.00	135.00	25	24	1387693847	12
2026-07-26T21:41:22Z	20260726T214015Z	boards/board1.txt	rand@1	ab(d6,tt,ord,nb200k)@1.classic(t1,c4,w0,l0)@2.opener(rand,4)@1	B	16	14	16	0.006	19.375	0.000	15.625	8	8	0	76674	0.00	14.00	0	4	842738822	12
2026-07-26T21:41:33Z	20260726T214015Z	boards/board1.txt	ab(d6,tt,ord,nb200k)@1.learned(s76,ef183148)@1.opener(rand,4)@1	ab(d6,tt,ord,nb200k)@1.learned(s111,78ef6974)@1.opener(rand,4)@1	B	61	10	10	695.541	9982.343	625.000	9390.625	31	30	2826368	2495629	146.86	146.73	27	26	3043915875	12
2026-07-26T21:41:38Z	20260726T214015Z	boards/board1.txt	ab(d8,tt,ord,nb2m)@1.classic(t1,c4,w0,l0)@2.opener(rand,4)@1	ab(d6,tt,ord,nb200k)@1.learned(s111,78ef6974)@1.opener(rand,4)@1	W	44	12	11	3743.872	1763.739	3593.750	1656.250	22	22	12245783	505356	128.00	94.00	18	18	545840726	12
2026-07-26T21:41:39Z	20260726T214015Z	boards/board1.txt	ab(d6,tt,ord,nb200k)@1.learned(s76,ef183148)@1.opener(rand,4)@1	ab(d6,tt,ord,nb200k)@1.learned(s3,68364898)@1.opener(rand,4)@1	B	45	11	12	555.410	531.461	531.250	515.625	23	22	2106475	1907349	98.98	98.32	19	18	4054408691	12
2026-07-26T21:41:45Z	20260726T214015Z	boards/board1.txt	ab(d8,tt,ord,nb2m)@1.classic(t1,c4,w0,l0)@2.opener(rand,4)@1	ab(d6,tt,ord,nb200k)@1.learned(s3,68364898)@1.opener(rand,4)@1	W	74	8	8	5776.450	394.673	5609.375	328.125	37	37	20621138	1385761	248.00	183.67	33	33	2217071686	12
2026-07-26T21:41:46Z	20260726T214015Z	boards/board1.txt	ab(d6,tt,ord,nb200k)@1.learned(s98,5801570e)@1.opener(rand,4)@1	ab(d6,tt,ord,nb200k)@1.learned(s6,eac8ab99)@1.opener(rand,4)@1	B	69	8	11	440.076	445.115	390.625	484.375	35	34	1922553	1738126	172.00	171.00	31	30	3015219743	12
2026-07-26T21:41:46Z	20260726T214015Z	boards/board1.txt	rand@1	ab(d6,tt,ord,nb200k)@1.learned(s6,eac8ab99)@1.opener(rand,4)@1	B	22	13	16	0.012	109.135	0.000	93.750	11	11	0	472554	0.00	37.00	0	7	880154574	12
2026-07-26T21:41:48Z	20260726T214015Z	boards/board1.txt	ab(d8,tt,ord,nb2m)@1.classic(t1,c4,w0,l0)@2.opener(rand,4)@1	ab(d6,tt,ord,nb200k)@1.learned(s76,ef183148)@1.opener(rand,4)@1	W	36	13	13	1540.091	68.061	1531.250	46.875	18	18	6059828	294213	96.00	70.00	14	14	1592511418	12
2026-07-26T21:41:54Z	20260726T214015Z	boards/board1.txt	ab(d8,tt,ord,nb2m)@1.classic(t1,c4,w0,l0)@2.opener(rand,4)@1	ab(d6,tt,ord,nb200k)@1.learned(s98,5801570e)@1.opener(rand,4)@1	B	67	10	7	5506.363	162.779	5390.625	93.750	34	33	21093551	831970	217.00	165.00	30	29	960568085	12
2026-07-26T21:41:54Z	20260726T214015Z	boards/board1.txt	rand@1	ab(d6,tt,ord,qs,nb200k)@1.learned(s98,5801570e)@1.opener(rand,4)@1	B	22	13	16	0.009	69.870	0.000	62.500	11	11	0	315600	0.00	32.00	0	7	3107164180	12
2026-07-26T21:40:15Z	20260726T214015Z	boards/board1.txt	ab(d2)@1.classic(t1,c4,w0,l0)@2.opener(rand,4)@1	ab(d6,tt,ord,nb200k)@1.classic(t1,c4,w0,l0)@2.dil(r30,d4)@1.opener(rand,4)@1	B	48	14	14	0.260	265.680	0.000	250.000	24	24	3380	750480	38.00	93.00	20	20	531406714	12
2026-07-26T21:40:25Z	20260726T214015Z	boards/board1.txt	ab(d2)@1.classic(t1,c4,w0,l0)@2.opener(rand,4)@1	ab(d6,tt,ord,nb200k)@1.learned(s111,78ef6974)@1.opener(rand,4)@1	B	46	13	13	0.219	10405.219	0.000	9531.250	23	23	2435	2170987	36.00	100.73	19	19	3566503633	12
2026-07-26T21:40:26Z	20260726T214015Z	boards/board1.txt	ab(d2)@1.classic(t1,c4,w0,l0)@2.opener(rand,4)@1	ab(d6,tt,ord,nb200k)@1.learned(s76,ef183148)@1.opener(rand,4)@1	B	54	10	10	0.212	632.540	0.000	546.875	27	27	2324	1915144	44.00	124.00	23	23	2566898759	12
2026-07-26T21:40:31Z	20260726T214015Z	boards/board1.txt	ab(d2)@1.classic(t1,c4,w0,l0)@2.opener(rand,4)@1	ab(d8,tt,ord,nb2m)@1.classic(t1,c4,w0,l0)@2.opener(rand,4)@1	B	42	13	13	0.213	4902.117	0.000	4375.000	21	21	2505	13542707	32.00	116.00	17	17	726812000	12
2026-07-26T21:40:31Z	20260726T214015Z	boards/board1.txt	ab(d4)@1.classic(t1,c4,w0,l0)@2.opener(rand,4)@1	ab(d6,tt,ord,nb200k)@1.classic(t1,c4,w0,l0)@2.dil(r30,d4)@1.opener(rand,4)@1	W	40	14	12	5.409	207.720	15.625	203.125	20	20	78823	637028	64.00	78.00	16	16	2192913460	12
2026-07-26T21:40:47Z	20260726T214015Z	boards/board1.txt	ab(d4)@1.classic(t1,c4,w0,l0)@2.opener(rand,4)@1	ab(d6,tt,ord,nb200k)@1.learned(s111,78ef6974)@1.opener(rand,4)@1	W	68	8	9	9.687	16322.087	0.000	14531.250	34	34	152029	3242633	120.00	159.81	30	30	3085012383	12
2026-07-26T21:40:48Z	20260726T214015Z	boards/board1.txt	ab(d4)@1.classic(t1,c4,w0,l0)@2.opener(rand,4)@1	ab(d6,tt,ord,nb200k)@1.learned(s76,ef183148)@1.opener(rand,4)@1	B	62	10	9	8.572	645.880	0.000	625.000	31	31	140041	2163836	101.00	148.00	27	27	4229270929	12
2026-07-26T21:40:52Z	20260726T214015Z	boards/board1.txt	ab(d4)@1.classic(t1,c4,w0,l0)@2.opener(rand,4)@1	ab(d8,tt,ord,nb2m)@1.classic(t1,c4,w0,l0)@2.opener(rand,4)@1	B	58	9	11	8.566	4145.877	0.000	3796.875	29	29	141571	11837854	93.00	177.00	25	25	1960613598	12
2026-07-26T21:40:53Z	20260726T214015Z	boards/board1.txt	ab(d6,ord,nb200k)@1.adv(t20,c77,w0,l0,f0,d-2,e0,m0,h0,b1,o0,r0,x0,n0,s1,g1)@1.opener(rand,4)@1	ab(d6,tt,ord,nb200k)@1.classic(t1,c4,w0,l0)@2.dil(r63)@1.opener(rand,4)@1	W	36	14	12	566.536	94.370	562.500	78.125	18	18	1511641	338833	77.74	37.00	14	7	683574838	12
2026-07-26T21:40:54Z	20260726T214015Z	boards/board1.txt	ab(d6,ord,nb200k)@1.adv(t20,c77,w0,l0,f0,d-2,e0,m0,h0,b1,o0,r0,x0,n0,s1,g1)@1.opener(rand,4)@1	ab(d6,tt,ord,nb200k)@1.learned(s3,68364898)@1.opener(rand,4)@1	W	64	10	8	982.409	547.961	875.000	546.875	32	32	2738821	1776927	158.68	154.00	28	28	2355265547	12
2026-07-26T21:40:55Z	20260726T214015Z	boards/board1.txt	ab(d6,ord,nb200k)@1.adv(t20,c77,w0,l0,f0,d-2,e0,m0,h0,b1,o0,r0,x0,n0,s1,g1)@1.opener(rand,4)@1	ab(d6,tt,ord,nb200k)@1.learned(s98,5801570e)@1.opener(rand,4)@1	W	46	13	10	698.760	419.124	640.625	406.250	23	23	1962369	1546349	105.00	100.00	19	19	3742960660	12
2026-07-26T21:40:56Z	20260726T214015Z	boards/board1.txt	ab(d6,ord,nb200k)@1.adv(t20,c77,w0,l0,f0,d-2,e0,m0,h0,b1,o0,r0,x0,n0,s1,g1)@1.opener(rand,4)@1	rand@1	W	35	16	13	802.759	0.029	765.625	0.000	18	17	2200642	0	66.61	0.00	14	0	3334554977	12
2026-07-26T21:41:10Z	20260726T214015Z	boards/board1.txt	ab(d6,tt,ord,nb200k)@1.classic(t1,c4,w0,l0)@2.dil(r30,d4)@1.opener(rand,4)@1	ab(d6,tt,ord,nb200k)@1.learned(s111,78ef6974)@1.opener(rand,4)@1	B	67	7	10	428.876	13038.729	406.250	11937.500	34	33	1183355	2688336	152.00	165.00	30	29	886824569	12
2026-07-26T21:41:10Z	20260726T214015Z	boards/board1.txt	ab(d6,tt,ord,nb200k)@1.classic(t1,c4,w0,l0)@2.dil(r30,d4)@1.opener(rand,4)@1	ab(d6,tt,ord,nb200k)@1.learned(s76,ef183148)@1.opener(rand,4)@1	B	61	8	9	250.492	478.627	218.750	484.375	31	30	743684	1525792	133.00	147.00	27	26	2701800287	12
2026-07-26T21:41:15Z	20260726T214015Z	boards/board1.txt	ab(d6,tt,ord,nb200k)@1.classic(t1,c4,w0,l0)@2.dil(r30,d4)@1.opener(rand,4)@1	ab(d8,tt,ord,nb2m)@1.classic(t1,c4,w0,l0)@2.opener(rand,4)@1	W	70	9	7	48.301	4335.640	46.875	4015.625	35	35	168757	13581239	145.00	221.00	31	31	3697398056	12
2026-07-26T21:41:18Z	20260726T214015Z	boards/board1.txt	ab(d6,tt,ord,nb200k)@1.classic(t1,c4,w0,l0)@2.dil(r63)@1.opener(rand,4)@1	ab(d6,tt,ord,nb200k)@1.learned(s111,78ef6974)@1.opener(rand,4)@1	B	26	12	16	22.385	2993.090	15.625	2859.375	13	13	62542	728636	6.00	43.00	1	9	1918752721	12
2026-07-26T21:41:18Z	20260726T214015Z	boards/board1.txt	ab(d6,tt,ord,nb200k)@1.classic(t1,c4,w0,l0)@2.dil(r63)@1.opener(rand,4)@1	ab(d6,tt,ord,nb200k)@1.learned(s76,ef183148)@1.opener(rand,4)@1	B	34	13	15	42.330	297.786	46.875	281.250	17	17	148876	997365	18.00	68.00	3	13	1792978759	12
2026-07-26T21:41:20Z	20260726T214015Z	boards/board1.txt	ab(d6,tt,ord,nb200k)@1.classic(t1,c4,w0,l0)@2.dil(r63)@1.opener(rand,4)@1	ab(d8,tt,ord,nb2m)@1.classic(t1,c4,w0,l0)@2.opener(rand,4)@1	B	34	14	14	35.470	2127.034	15.625	2109.375	17	17	133074	7281620	30.00	90.00	5	13	1811088992	12
2026-07-26T21:41:21Z	20260726T214015Z	boards/board1.txt	ab(d6,tt,ord,nb200k)@1.classic(t1,c4,w0,l0)@2.opener(rand,4)@1	ab(d6,tt,ord,nb200k)@1.learned(s3,68364898)@1.opener(rand,4)@1	W	44	12	11	264.712	431.555	265.625	406.250	22	22	799487	1474383	99.00	94.00	18	18	524437747	12
2026-07-26T21:41:22Z	20260726T214015Z	boards/board1.txt	ab(d6,tt,ord,nb200k)@1.classic(t1,c4,w0,l0)@2.opener(rand,4)@1	ab(d6,tt,ord,nb200k)@1.learned(s98,5801570e)@1.opener(rand,4)@1	B	59	9	9	222.182	327.763	203.125	312.500	30	29	711142	1143566	142.00	141.00	26	25	1451882012	12
2026-07-26T21:41:22Z	20260726T214015Z	boards/board1.txt	ab(d6,tt,ord,nb200k)@1.classic(t1,c4,w0,l0)@2.opener(rand,4)@1	rand@1	W	23	16	16	104.605	0.013	109.375	0.000	12	11	429016	0	38.00	0.00	8	0	731650697	12
2026-07-26T21:41:33Z	20260726T214015Z	boards/board1.txt	ab(d6,tt,ord,nb200k)@1.learned(s111,78ef6974)@1.opener(rand,4)@1	ab(d6,tt,ord,nb200k)@1.learned(s76,ef183148)@1.opener(rand,4)@1	W	68	6	9	10840.645	664.842	10328.125	593.750	34	34	2506661	1931725	170.68	166.00	30	30	3108062280	12
2026-07-26T21:41:46Z	20260726T214015Z	boards/board1.txt	ab(d6,tt,ord,nb200k)@1.learned(s111,78ef6974)@1.opener(rand,4)@1	ab(d8,tt,ord,nb2m)@1.classic(t1,c4,w0,l0)@2.opener(rand,4)@1	B	67	8	10	5488.004	6885.982	5265.625	6687.500	34	33	1502428	22796488	165.68	216.00	30	29	483194201	12
2026-07-26T21:41:47Z	20260726T214015Z	boards/board1.txt	ab(d6,tt,ord,nb200k)@1.learned(s3,68364898)@1.opener(rand,4)@1	ab(d6,tt,ord,nb200k)@1.learned(s76,ef183148)@1.opener(rand,4)@1	B	65	8	9	473.578	558.713	515.625	500.000	33	32	2136528	2062057	160.00	159.00	29	28	4118555096	12
2026-07-26T21:41:51Z	20260726T214015Z	boards/board1.txt	ab(d6,tt,ord,nb200k)@1.learned(s3,68364898)@1.opener(rand,4)@1	ab(d8,tt,ord,nb2m)@1.classic(t1,c4,w0,l0)@2.opener(rand,4)@1	W	72	7	9	279.856	3975.066	265.625	3890.625	36	36	1201137	16366659	183.00	233.00	32	32	2154425161	12
2026-07-26T21:41:52Z	20260726T214015Z	boards/board1.txt	ab(d6,tt,ord,nb200k)@1.learned(s6,eac8ab99)@1.opener(rand,4)@1	ab(d6,tt,ord,nb200k)@1.learned(s98,5801570e)@1.opener(rand,4)@1	B	65	10	9	388.858	431.701	375.000	421.875	33	32	1645501	1789679	160.00	159.00	29	28	3079366148	12
2026-07-26T21:41:52Z	20260726T214015Z	boards/board1.txt	ab(d6,tt,ord,nb200k)@1.learned(s6,eac8ab99)@1.opener(rand,4)@1	rand@1	W	27	16	14	165.677	0.017	171.875	0.000	14	13	715181	0	50.00	0.00	10	0	817508049	12
2026-07-26T21:41:56Z	20260726T214015Z	boards/board1.txt	ab(d6,tt,ord,nb200k)@1.learned(s76,ef183148)@1.opener(rand,4)@1	ab(d8,tt,ord,nb2m)@1.classic(t1,c4,w0,l0)@2.opener(rand,4)@1	W	58	10	9	142.661	3649.342	125.000	3593.750	29	29	701864	15234503	141.00	177.00	25	25	1481423293	12
2026-07-26T21:42:01Z	20260726T214015Z	boards/board1.txt	ab(d6,tt,ord,nb200k)@1.learned(s98,5801570e)@1.opener(rand,4)@1	ab(d8,tt,ord,nb2m)@1.classic(t1,c4,w0,l0)@2.opener(rand,4)@1	B	65	9	8	171.346	4951.796	156.250	4875.000	33	32	868939	20480999	160.00	208.00	29	28	1023214610	12
2026-07-26T21:42:01Z	20260726T214015Z	boards/board1.txt	ab(d6,tt,ord,qs,nb200k)@1.learned(s98,5801570e)@1.opener(rand,4)@1	rand@1	W	33	16	13	230.846	0.024	218.750	0.000	17	16	1085066	0	65.00	0.00	13	0	3043017775	12
2026-07-26T21:40:15Z	20260726T214015Z	boards/board1.txt	ab(d6,tt,ord,nb200k)@1.classic(t1,c4,w0,l0)@2.dil(r30,d4)@1.opener(rand,4)@1	ab(d2)@1.classic(t1,c4,w0,l0)@2.opener(rand,4)@1	W	45	14	14	241.741	0.234	250.000	0.000	23	22	648518	3145	89.00	34.00	19	18	531406714	12
2026-07-26T21:40:30Z	20260726T214015Z	boards/board1.txt	ab(d6,tt,ord,nb200k)@1.learned(s111,78ef6974)@1.opener(rand,4)@1	ab(d2)@1.classic(t1,c4,w0,l0)@2.opener(rand,4)@1	B	65	7	10	14680.719	0.292	12890.625	0.000	33	32	2827264	2941	160.00	56.00	29	28	3566503633	12
2026-07-26T21:40:31Z	20260726T214015Z	boards/board1.txt	ab(d6,tt,ord,nb200k)@1.learned(s76,ef183148)@1.opener(rand,4)@1	ab(d2)@1.classic(t1,c4,w0,l0)@2.opener(rand,4)@1	W	59	11	12	1099.684	0.293	953.125	0.000	30	29	3219972	3168	141.72	48.00	26	25	2566898759	12
2026-07-26T21:40:36Z	20260726T214015Z	boards/board1.txt	ab(d8,tt,ord,nb2m)@1.classic(t1,c4,w0,l0)@2.opener(rand,4)@1	ab(d2)@1.classic(t1,c4,w0,l0)@2.opener(rand,4)@1	W	51	11	11	5614.922	0.240	4796.875	0.000	26	25	14111052	2897	157.00	40.00	22	21	726812000	12
2026-07-26T21:40:36Z	20260726T214015Z	boards/board1.txt	ab(d6,tt,ord,nb200k)@1.classic(t1,c4,w0,l0)@2.dil(r30,d4)@1.opener(rand,4)@1	ab(d4)@1.classic(t1,c4,w0,l0)@2.opener(rand,4)@1	W	25	13	14	82.352	1.682	62.500	0.000	13	12	243785	26437	39.00	25.00	9	8	2192913460	12
2026-07-26T21:40:51Z	20260726T214015Z	boards/board1.txt	ab(d6,tt,ord,nb200k)@1.learned(s111,78ef6974)@1.opener(rand,4)@1	ab(d4)@1.classic(t1,c4,w0,l0)@2.opener(rand,4)@1	B	61	9	11	14416.015	11.375	12328.125	0.000	31	30	2750467	180552	142.50	104.00	27	26	3085012383	12
2026-07-26T21:40:52Z	20260726T214015Z	boards/board1.txt	ab(d6,tt,ord,nb200k)@1.learned(s76,ef183148)@1.opener(rand,4)@1	ab(d4)@1.classic(t1,c4,w0,l0)@2.opener(rand,4)@1	W	59	9	9	748.303	11.615	671.875	31.250	30	29	2223920	181283	142.00	93.00	26	25	4229270929	12
2026-07-26T21:40:55Z	20260726T214015Z	boards/board1.txt	ab(d8,tt,ord,nb2m)@1.classic(t1,c4,w0,l0)@2.opener(rand,4)@1	ab(d4)@1.classic(t1,c4,w0,l0)@2.opener(rand,4)@1	W	45	12	13	3421.844	6.738	3015.625	15.625	23	22	9019645	103411	129.00	65.00	19	18	1960613598	12
2026-07-26T21:40:56Z	20260726T214015Z	boards/board1.txt	ab(d6,tt,ord,nb200k)@1.classic(t1,c4,w0,l0)@2.dil(r63)@1.opener(rand,4)@1	ab(d6,ord,nb200k)@1.adv(t20,c77,w0,l0,f0,d-2,e0,m0,h0,b1,o0,r0,x0,n0,s1,g1)@1.opener(rand,4)@1	B	34	11	15	140.080	590.893	125.000	500.000	17	17	395129	1579474	36.00	66.78	6	13	683574838	12
2026-07-26T21:40:58Z	20260726T214015Z	boards/board1.txt	ab(d6,tt,ord,nb200k)@1.learned(s3,68364898)@1.opener(rand,4)@1	ab(d6,ord,nb200k)@1.adv(t20,c77,w0,l0,f0,d-2,e0,m0,h0,b1,o0,r0,x0,n0,s1,g1)@1.opener(rand,4)@1	B	55	10	10	803.735	1132.064	640.625	1046.875	28	27	2368417	2995281	129.90	125.25	24	23	2355265547	12
2026-07-26T21:40:59Z	20260726T214015Z	boards/board1.txt	ab(d6,tt,ord,nb200k)@1.learned(s98,5801570e)@1.opener(rand,4)@1	ab(d6,ord,nb200k)@1.adv(t20,c77,w0,l0,f0,d-2,e0,m0,h0,b1,o0,r0,x0,n0,s1,g1)@1.opener(rand,4)@1	W	56	10	10	636.652	994.980	625.000	875.000	28	28	2057754	2733363	135.00	128.92	24	24	3742960660	12
2026-07-26T21:41:00Z	20260726T214015Z	boards/board1.txt	rand@1	ab(d6,ord,nb200k)@1.adv(t20,c77,w0,l0,f0,d-2,e0,m0,h0,b1,o0,r0,x0,n0,s1,g1)@1.opener(rand,4)@1	B	34	10	16	0.031	780.686	0.000	703.125	17	17	0	2118657	0.00	64.25	0	13	3334554977	12
2026-07-26T21:41:05Z	20260726T214015Z	boards/board1.txt	ab(d6,tt,ord,nb200k)@1.learned(s111,78ef6974)@1.opener(rand,4)@1	ab(d6,tt,ord,nb200k)@1.classic(t1,c4,w0,l0)@2.dil(r30,d4)@1.opener(rand,4)@1	B	27	12	14	4824.431	60.044	4234.375	31.250	14	13	990189	163019	46.79	41.00	10	9	886824569	12
2026-07-26T21:41:06Z	20260726T214015Z	boards/board1.txt	ab(d6,tt,ord,nb200k)@1.learned(s76,ef183148)@1.opener(rand,4)@1	ab(d6,tt,ord,nb200k)@1.classic(t1,c4,w0,l0)@2.dil(r30,d4)@1.opener(rand,4)@1	W	58	10	8	779.905	316.470	703.125	312.500	29	29	2270447	794036	141.00	125.00	25	25	2701800287	12
2026-07-26T21:41:08Z	20260726T214015Z	boards/board1.txt	ab(d8,tt,ord,nb2m)@1.classic(t1,c4,w0,l0)@2.opener(rand,4)@1	ab(d6,tt,ord,nb200k)@1.classic(t1,c4,w0,l0)@2.dil(r30,d4)@1.opener(rand,4)@1	W	36	13	12	1993.781	18.954	1765.625	0.000	18	18	5906369	48278	96.00	58.00	14	14	3697398056	12
2026-07-26T21:41:12Z	20260726T214015Z	boards/board1.txt	ab(d6,tt,ord,nb200k)@1.learned(s111,78ef6974)@1.opener(rand,4)@1	ab(d6,tt,ord,nb200k)@1.classic(t1,c4,w0,l0)@2.dil(r63)@1.opener(rand,4)@1	W	27	16	12	4279.972	29.755	3984.375	31.250	14	13	937053	63637	50.00	6.00	10	1	1918752721	12
2026-07-26T21:41:13Z	20260726T214015Z	boards/board1.txt	ab(d6,tt,ord,nb200k)@1.learned(s76,ef183148)@1.opener(rand,4)@1	ab(d6,tt,ord,nb200k)@1.classic(t1,c4,w0,l0)@2.dil(r63)@1.opener(rand,4)@1	W	55	12	9	647.207	125.200	640.625	109.375	28	27	1918111	369278	134.00	54.00	24	9	1792978759	12
2026-07-26T21:41:15Z	20260726T214015Z	boards/board1.txt	ab(d8,tt,ord,nb2m)@1.classic(t1,c4,w0,l0)@2.opener(rand,4)@1	ab(d6,tt,ord,nb200k)@1.classic(t1,c4,w0,l0)@2.dil(r63)@1.opener(rand,4)@1	W	21	16	14	1592.163	5.915	1500.000	0.000	11	10	4974782	12869	49.00	12.00	7	2	1811088992	12
2026-07-26T21:41:16Z	20260726T214015Z	boards/board1.txt	ab(d6,tt,ord,nb200k)@1.learned(s3,68364898)@1.opener(rand,4)@1	ab(d6,tt,ord,nb200k)@1.classic(t1,c4,w0,l0)@2.opener(rand,4)@1	W	54	9	11	565.029	332.218	578.125	281.250	27	27	1701709	970893	129.00	124.00	23	23	524437747	12
2026-07-26T21:41:16Z	20260726T214015Z	boards/board1.txt	ab(d6,tt,ord,nb200k)@1.learned(s98,5801570e)@1.opener(rand,4)@1	ab(d6,tt,ord,nb200k)@1.classic(t1,c4,w0,l0)@2.opener(rand,4)@1	W	38	12	11	300.063	176.508	296.875	171.875	19	19	940024	586938	81.00	76.00	15	15	1451882012	12
2026-07-26T21:41:16Z	20260726T214015Z	boards/board1.txt	rand@1	ab(d6,tt,ord,nb200k)@1.classic(t1,c4,w0,l0)@2.opener(rand,4)@1	B	18	13	16	0.009	54.353	0.000	62.500	9	9	0	161099	0.00	25.00	0	5	731650697	12
2026-07-26T21:41:32Z	20260726T214015Z	boards/board1.txt	ab(d6,tt,ord,nb200k)@1.learned(s76,ef183148)@1.opener(rand,4)@1	ab(d6,tt,ord,nb200k)@1.learned(s111,78ef6974)@1.opener(rand,4)@1	W	62	10	7	825.181	14631.195	796.875	13843.750	31	31	2589528	3329887	151.95	146.45	27	27	3108062280	12
2026-07-26T21:41:39Z	20260726T214015Z	boards/board1.txt	ab(d8,tt,ord,nb2m)@1.classic(t1,c4,w0,l0)@2.opener(rand,4)@1	ab(d6,tt,ord,nb200k)@1.learned(s111,78ef6974)@1.opener(rand,4)@1	W	54	10	9	4461.630	2934.117	4281.250	2781.250	27	27	14640228	799276	168.00	124.00	23	23	483194201	12
2026-07-26T21:41:40Z	20260726T214015Z	boards/board1.txt	ab(d6,tt,ord,nb200k)@1.learned(s76,ef183148)@1.opener(rand,4)@1	ab(d6,tt,ord,nb200k)@1.learned(s3,68364898)@1.opener(rand,4)@1	W	74	8	6	778.920	659.993	781.250	578.125	37	37	2458505	2396617	189.00	184.00	33	33	4118555096	12
2026-07-26T21:41:45Z	20260726T214015Z	boards/board1.txt	ab(d8,tt,ord,nb2m)@1.classic(t1,c4,w0,l0)@2.opener(rand,4)@1	ab(d6,tt,ord,nb200k)@1.learned(s3,68364898)@1.opener(rand,4)@1	W	58	11	9	4499.212	128.682	4328.125	171.875	29	29	15674870	665114	184.00	136.00	25	25	2154425161	12
2026-07-26T21:41:46Z	20260726T214015Z	boards/board1.txt	ab(d6,tt,ord,nb200k)@1.learned(s98,5801570e)@1.opener(rand,4)@1	ab(d6,tt,ord,nb200k)@1.learned(s6,eac8ab99)@1.opener(rand,4)@1	B	63	10	9	536.708	498.082	546.875	453.125	32	31	2117377	2156548	154.00	153.00	28	27	3079366148	12
2026-07-26T21:41:46Z	20260726T214015Z	boards/board1.txt	rand@1	ab(d6,tt,ord,nb200k)@1.learned(s6,eac8ab99)@1.opener(rand,4)@1	B	34	11	15	0.025	317.959	0.000	296.875	17	17	0	1408801	0.00	73.00	0	13	817508049	12
2026-07-26T21:41:49Z	20260726T214015Z	boards/board1.txt	ab(d8,tt,ord,nb2m)@1.classic(t1,c4,w0,l0)@2.opener(rand,4)@1	ab(d6,tt,ord,nb200k)@1.learned(s76,ef183148)@1.opener(rand,4)@1	W	44	12	11	2661.442	69.918	2562.500	78.125	22	22	10837942	347687	128.00	94.00	18	18	1481423293	12
2026-07-26T21:41:52Z	20260726T214015Z	boards/board1.txt	ab(d8,tt,ord,nb2m)@1.classic(t1,c4,w0,l0)@2.opener(rand,4)@1	ab(d6,tt,ord,nb200k)@1.learned(s98,5801570e)@1.opener(rand,4)@1	W	42	13	12	2252.711	131.814	2156.250	109.375	21	21	9833932	602983	120.00	88.00	17	17	1023214610	12
2026-07-26T21:41:52Z	20260726T214015Z	boards/board1.txt	rand@1	ab(d6,tt,ord,qs,nb200k)@1.learned(s98,5801570e)@1.opener(rand,4)@1	B	26	13	16	0.016	166.740	0.000	156.250	13	13	0	705328	0.00	49.00	0	9	3043017775	12
2026-07-26T21:45:07Z	20260726T214507Z	boards/board1.txt	ab(d2)@1.classic(t1,c4,w0,l0)@2.opener(rand,4)@1	ab(d4)@1.classic(t1,c4,w0,l0)@2.opener(rand,4)@1	B	58	10	9	0.244	6.850	0.000	15.625	29	29	3321	114071	48.00	92.00	25	25	1050169629	12
2026-07-26T21:45:07Z	20260726T214507Z	boards/board1.txt	ab(d2)@1.classic(t1,c4,w0,l0)@2.opener(rand,4)@1	ab(d6,tt,ord,nb200k)@1.classic(t1,c4,w0,l0)@2.dil(r63)@1.opener(rand,4)@1	W	34	15	12	0.135	129.590	0.000	109.375	17	17	1652	356782	26.00	37.00	13	7	2205126097	12
2026-07-26T21:45:08Z	20260726T214507Z	boards/board1.txt	ab(d2)@1.classic(t1,c4,w0,l0)@2.opener(rand,4)@1	ab(d6,tt,ord,nb200k)@1.learned(s3,68364898)@1.opener(rand,4)@1	B	48	11	11	0.160	441.090	0.000	375.000	24	24	1641	1273065	38.00	106.00	20	20	3573774288	12
2026-07-26T21:45:09Z	20260726T214507Z	boards/board1.txt	ab(d2)@1.classic(t1,c4,w0,l0)@2.opener(rand,4)@1	ab(d6,tt,ord,nb200k)@1.learned(s98,5801570e)@1.opener(rand,4)@1	W	72	9	5	0.310	852.225	0.000	781.250	36	36	3492	2538875	64.00	175.00	32	32	1448825559	12
2026-07-26T21:45:09Z	20260726T214507Z	boards/board1.txt	ab(d2)@1.classic(t1,c4,w0,l0)@2.opener(rand,4)@1	rand@1	W	21	16	13	0.059	0.006	0.000	0.000	11	10	730	0	14.00	0.00	7	0	2072632722	12
2026-07-26T21:45:09Z	20260726T214507Z	boards/board1.txt	ab(d4)@1.classic(t1,c4,w0,l0)@2.opener(rand,4)@1	ab(d6,tt,ord,nb200k)@1.classic(t1,c4,w0,l0)@2.dil(r63)@1.opener(rand,4)@1	W	23	15	13	2.504	108.558	15.625	62.500	12	11	38690	279825	32.00	24.00	8	4	1205273119	12
2026-07-26T21:45:09Z	20260726T214507Z	boards/board1.txt	ab(d4)@1.classic(t1,c4,w0,l0)@2.opener(rand,4)@1	ab(d6,tt,ord,nb200k)@1.learned(s3,68364898)@1.opener(rand,4)@1	B	44	12	12	8.901	589.338	0.000	593.750	22	22	111799	1827696	65.00	93.41	18	18	2446640810	12
2026-07-26T21:45:10Z	20260726T214507Z	boards/board1.txt	ab(d4)@1.classic(t1,c4,w0,l0)@2.opener(rand,4)@1	ab(d6,tt,ord,nb200k)@1.learned(s98,5801570e)@1.opener(rand,4)@1	B	34	12	12	3.661	236.321	15.625	171.875	17	17	45447	694694	45.00	64.00	13	13	4204355089	12
2026-07-26T21:45:10Z	20260726T214507Z	boards/board1.txt	ab(d4)@1.classic(t1,c4,w0,l0)@2.opener(rand,4)@1	rand@1	W	13	16	13	0.430	0.004	0.000	0.000	7	6	6706	0	12.00	0.00	3	0	2670588916	12
2026-07-26T21:45:11Z	20260726T214507Z	boards/board1.txt	ab(d6,ord,nb200k)@1.adv(t20,c77,w0,l0,f0,d-2,e0,m0,h0,b1,o0,r0,x0,n0,s1,g1)@1.opener(rand,4)@1	ab(d6,tt,ord,nb200k)@1.classic(t1,c4,w0,l0)@2.opener(rand,4)@1	W	54	9	9	1193.471	353.565	937.500	296.875	27	27	2699060	1073500	128.27	124.00	23	23	2756287195	12
2026-07-26T21:45:13Z	20260726T214507Z	boards/board1.txt	ab(d6,ord,nb200k)@1.adv(t20,c77,w0,l0,f0,d-2,e0,m0,h0,b1,o0,r0,x0,n0,s1,g1)@1.opener(rand,4)@1	ab(d6,tt,ord,nb200k)@1.learned(s6,eac8ab99)@1.opener(rand,4)@1	B	59	9	9	1231.261	606.554	1125.000	484.375	30	29	3121838	1914906	140.73	140.45	26	25	3967980515	12
2026-07-26T21:45:15Z	20260726T214507Z	boards/board1.txt	ab(d6,ord,nb200k)@1.adv(t20,c77,w0,l0,f0,d-2,e0,m0,h0,b1,o0,r0,x0,n0,s1,g1)@1.opener(rand,4)@1	ab(d6,tt,ord,qs,nb200k)@1.learned(s98,5801570e)@1.opener(rand,4)@1	W	50	13	9	1076.418	651.605	953.125	578.125	25	25	2771483	1994920	115.59	110.00	21	21	3861501361	12
2026-07-26T21:45:15Z	20260726T214507Z	boards/board1.txt	ab(d6,tt,ord,nb200k)@1.classic(t1,c4,w0,l0)@2.dil(r30,d4)@1.opener(rand,4)@1	ab(d6,tt,ord,nb200k)@1.classic(t1,c4,w0,l0)@2.dil(r63)@1.opener(rand,4)@1	W	24	16	14	55.521	40.864	46.875	46.875	12	12	136573	114194	35.00	13.00	8	3	788777385	12
2026-07-26T21:45:16Z	20260726T214507Z	boards/board1.txt	ab(d6,tt,ord,nb200k)@1.classic(t1,c4,w0,l0)@2.dil(r30,d4)@1.opener(rand,4)@1	ab(d6,tt,ord,nb200k)@1.learned(s3,68364898)@1.opener(rand,4)@1	B	69	6	9	310.184	575.069	296.875	546.875	35	34	987946	1545641	164.00	171.00	31	30	1114391928	12
2026-07-26T21:45:16Z	20260726T214507Z	boards/board1.txt	ab(d6,tt,ord,nb200k)@1.classic(t1,c4,w0,l0)@2.dil(r30,d4)@1.opener(rand,4)@1	ab(d6,tt,ord,nb200k)@1.learned(s98,5801570e)@1.opener(rand,4)@1	B	41	9	12	83.540	338.404	78.125	343.750	21	20	273210	1031995	71.00	87.00	17	16	2292516831	12
2026-07-26T21:45:16Z	20260726T214507Z	boards/board1.txt	ab(d6,tt,ord,nb200k)@1.classic(t1,c4,w0,l0)@2.dil(r30,d4)@1.opener(rand,4)@1	rand@1	W	17	16	14	68.674	0.010	78.125	0.000	9	8	223170	0	25.00	0.00	5	0	317412410	12
2026-07-26T21:45:16Z	20260726T214507Z	boards/board1.txt	ab(d6,tt,ord,nb200k)@1.classic(t1,c4,w0,l0)@2.dil(r63)@1.opener(rand,4)@1	ab(d6,tt,ord,nb200k)@1.learned(s3,68364898)@1.opener(rand,4)@1	B	34	12	14	65.172	222.387	31.250	203.125	17	17	137682	646258	24.00	67.00	4	13	1004888272	12
2026-07-26T21:45:17Z	20260726T214507Z	boards/board1.txt	ab(d6,tt,ord,nb200k)@1.classic(t1,c4,w0,l0)@2.dil(r63)@1.opener(rand,4)@1	ab(d6,tt,ord,nb200k)@1.learned(s98,5801570e)@1.opener(rand,4)@1	B	35	13	15	110.936	322.868	93.750	281.250	18	17	269707	895993	31.00	73.00	6	13	674905559	12
2026-07-26T21:45:17Z	20260726T214507Z	boards/board1.txt	ab(d6,tt,ord,nb200k)@1.classic(t1,c4,w0,l0)@2.dil(r63)@1.opener(rand,4)@1	rand@1	W	37	16	13	141.596	0.017	140.625	0.000	19	18	376302	0	31.00	0.00	6	0	1345971858	12
2026-07-26T21:45:18Z	20260726T214507Z	boards/board1.txt	ab(d6,tt,ord,nb200k)@1.classic(t1,c4,w0,l0)@2.opener(rand,4)@1	ab(d6,tt,ord,nb200k)@1.learned(s6,eac8ab99)@1.opener(rand,4)@1	W	76	7	5	453.862	671.626	328.125	625.000	38	38	1003347	1871447	195.00	190.00	34	34	334697627	12
2026-07-26T21:45:19Z	20260726T214507Z	boards/board1.txt	ab(d6,tt,ord,nb200k)@1.classic(t1,c4,w0,l0)@2.opener(rand,4)@1	ab(d6,tt,ord,qs,nb200k)@1.learned(s98,5801570e)@1.opener(rand,4)@1	B	65	10	7	367.705	595.567	328.125	484.375	33	32	953330	1352701	160.00	159.00	29	28	343628569	12
2026-07-26T21:45:39Z	20260726T214507Z	boards/board1.txt	ab(d6,tt,ord,nb200k)@1.learned(s111,78ef6974)@1.opener(rand,4)@1	ab(d6,tt,ord,nb200k)@1.learned(s3,68364898)@1.opener(rand,4)@1	W	82	7	6	19064.798	1132.948	15984.375	1000.000	41	41	3439551	2959552	211.88	208.00	37	37	3164115309	12
2026-07-26T21:45:52Z	20260726T214507Z	boards/board1.txt	ab(d6,tt,ord,nb200k)@1.learned(s111,78ef6974)@1.opener(rand,4)@1	ab(d6,tt,ord,nb200k)@1.learned(s98,5801570e)@1.opener(rand,4)@1	W	56	9	9	12319.881	735.306	10593.750	593.750	28	28	2453845	2247500	134.81	129.77	24	24	2575600820	12
2026-07-26T21:45:59Z	20260726T214507Z	boards/board1.txt	ab(d6,tt,ord,nb200k)@1.learned(s111,78ef6974)@1.opener(rand,4)@1	rand@1	W	31	16	12	6772.582	0.024	5687.500	0.000	16	15	1260891	0	62.00	0.00	12	0	3295387067	12
2026-07-26T21:46:01Z	20260726T214507Z	boards/board1.txt	ab(d6,tt,ord,nb200k)@1.learned(s3,68364898)@1.opener(rand,4)@1	ab(d6,tt,ord,nb200k)@1.learned(s98,5801570e)@1.opener(rand,4)@1	W	64	10	9	670.716	680.905	625.000	562.500	32	32	1826924	1899582	159.00	154.00	28	28	1491599012	12
2026-07-26T21:46:01Z	20260726T214507Z	boards/board1.txt	ab(d6,tt,ord,nb200k)@1.learned(s3,68364898)@1.opener(rand,4)@1	rand@1	W	31	16	14	333.425	0.023	296.875	0.000	16	15	1036185	0	62.00	0.00	12	0	4090690475	12
2026-07-26T21:46:02Z	20260726T214507Z	boards/board1.txt	ab(d6,tt,ord,nb200k)@1.learned(s6,eac8ab99)@1.opener(rand,4)@1	ab(d6,tt,ord,qs,nb200k)@1.learned(s98,5801570e)@1.opener(rand,4)@1	B	57	9	13	678.937	663.409	640.625	625.000	29	28	2188938	1860980	135.77	135.00	25	24	2935196865	12
2026-07-26T21:46:04Z	20260726T214507Z	boards/board1.txt	ab(d6,tt,ord,nb200k)@1.learned(s76,ef183148)@1.opener(rand,4)@1	ab(d6,tt,ord,nb200k)@1.learned(s98,5801570e)@1.opener(rand,4)@1	B	71	7	8	826.628	725.346	718.750	703.125	36	35	2400126	2214599	177.94	177.00	32	31	1835304816	12
2026-07-26T21:46:04Z	20260726T214507Z	boards/board1.txt	ab(d6,tt,ord,nb200k)@1.learned(s76,ef183148)@1.opener(rand,4)@1	rand@1	W	41	16	11	507.021	0.034	437.500	0.000	21	20	1626337	0	92.00	0.00	17	0	1985476799	12
2026-07-26T21:46:05Z	20260726T214507Z	boards/board1.txt	ab(d6,tt,ord,nb200k)@1.learned(s98,5801570e)@1.opener(rand,4)@1	rand@1	W	31	16	11	368.690	0.025	343.750	0.000	16	15	1348457	0	66.37	0.00	12	0	778826152	12
2026-07-26T21:46:05Z	20260726T214507Z	boards/board1.txt	ab(d8,tt,ord,nb2m)@1.classic(t1,c4,w0,l0)@2.opener(rand,4)@1	rand@1	W	15	16	13	369.955	0.009	359.375	0.000	8	7	1135330	0	25.00	0.00	4	0	501514596	12
2026-07-26T21:45:07Z	20260726T214507Z	boards/board1.txt	ab(d4)@1.classic(t1,c4,w0,l0)@2.opener(rand,4)@1	ab(d2)@1.classic(t1,c4,w0,l0)@2.opener(rand,4)@1	W	47	12	14	6.277	0.170	0.000	0.000	24	23	113734	2716	80.00	36.00	20	19	1050169629	12
2026-07-26T21:45:07Z	20260726T214507Z	boards/board1.txt	ab(d6,tt,ord,nb200k)@1.classic(t1,c4,w0,l0)@2.dil(r63)@1.opener(rand,4)@1	ab(d2)@1.classic(t1,c4,w0,l0)@2.opener(rand,4)@1	B	40	13	15	142.753	0.184	140.625	0.000	20	20	430922	2246	42.00	32.00	7	16	2205126097	12
2026-07-26T21:45:08Z	20260726T214507Z	boards/board1.txt	ab(d6,tt,ord,nb200k)@1.learned(s3,68364898)@1.opener(rand,4)@1	ab(d2)@1.classic(t1,c4,w0,l0)@2.opener(rand,4)@1	W	49	13	13	639.603	0.221	593.750	0.000	25	24	1980111	2663	113.00	38.00	21	20	3573774288	12
2026-07-26T21:45:09Z	20260726T214507Z	boards/board1.txt	ab(d6,tt,ord,nb200k)@1.learned(s98,5801570e)@1.opener(rand,4)@1	ab(d2)@1.classic(t1,c4,w0,l0)@2.opener(rand,4)@1	W	45	12	12	769.702	0.213	656.250	0.000	23	22	2290437	2554	99.52	34.00	19	18	1448825559	12
2026-07-26T21:45:09Z	20260726T214507Z	boards/board1.txt	rand@1	ab(d2)@1.classic(t1,c4,w0,l0)@2.opener(rand,4)@1	B	22	14	16	0.007	0.054	0.000	0.000	11	11	0	689	0.00	14.00	0	7	2072632722	12
2026-07-26T21:45:09Z	20260726T214507Z	boards/board1.txt	ab(d6,tt,ord,nb200k)@1.classic(t1,c4,w0,l0)@2.dil(r63)@1.opener(rand,4)@1	ab(d4)@1.classic(t1,c4,w0,l0)@2.opener(rand,4)@1	B	42	11	13	135.310	5.146	140.625	0.000	21	21	451808	80450	43.00	68.00	8	17	1205273119	12
2026-07-26T21:45:10Z	20260726T214507Z	boards/board1.txt	ab(d6,tt,ord,nb200k)@1.learned(s3,68364898)@1.opener(rand,4)@1	ab(d4)@1.classic(t1,c4,w0,l0)@2.opener(rand,4)@1	W	61	9	10	715.387	8.858	656.250	0.000	31	30	2229903	145164	147.88	97.00	27	26	2446640810	12
2026-07-26T21:45:10Z	20260726T214507Z	boards/board1.txt	ab(d6,tt,ord,nb200k)@1.learned(s98,5801570e)@1.opener(rand,4)@1	ab(d4)@1.classic(t1,c4,w0,l0)@2.opener(rand,4)@1	W	61	10	9	726.254	7.127	578.125	0.000	31	30	2038088	107142	148.00	97.00	27	26	4204355089	12
2026-07-26T21:45:10Z	20260726T214507Z	boards/board1.txt	rand@1	ab(d4)@1.classic(t1,c4,w0,l0)@2.opener(rand,4)@1	B	18	12	16	0.008	2.217	0.000	0.000	9	9	0	13637	0.00	20.00	0	5	2670588916	12
2026-07-26T21:45:12Z	20260726T214507Z	boards/board1.txt	ab(d6,tt,ord,nb200k)@1.classic(t1,c4,w0,l0)@2.opener(rand,4)@1	ab(d6,ord,nb200k)@1.adv(t20,c77,w0,l0,f0,d-2,e0,m0,h0,b1,o0,r0,x0,n0,s1,g1)@1.opener(rand,4)@1	B	69	9	9	520.421	1202.160	515.625	1171.875	35	34	1610539	3320393	172.00	169.45	31	30	2756287195	12
2026-07-26T21:45:14Z	20260726T214507Z	boards/board1.txt	ab(d6,tt,ord,nb200k)@1.learned(s6,eac8ab99)@1.opener(rand,4)@1	ab(d6,ord,nb200k)@1.adv(t20,c77,w0,l0,f0,d-2,e0,m0,h0,b1,o0,r0,x0,n0,s1,g1)@1.opener(rand,4)@1	B	55	9	11	653.874	1060.138	625.000	968.750	28	27	2347498	2962824	129.33	126.61	24	23	3967980515	12
2026-07-26T21:45:16Z	20260726T214507Z	boards/board1.txt	ab(d6,tt,ord,qs,nb200k)@1.learned(s98,5801570e)@1.opener(rand,4)@1	ab(d6,ord,nb200k)@1.adv(t20,c77,w0,l0,f0,d-2,e0,m0,h0,b1,o0,r0,x0,n0,s1,g1)@1.opener(rand,4)@1	W	74	7	5	771.501	1054.953	671.875	953.125	37	37	2374694	3068467	186.40	182.72	33	33	3861501361	12
2026-07-26T21:45:16Z	20260726T214507Z	boards/board1.txt	ab(d6,tt,ord,nb200k)@1.classic(t1,c4,w0,l0)@2.dil(r63)@1.opener(rand,4)@1	ab(d6,tt,ord,nb200k)@1.classic(t1,c4,w0,l0)@2.dil(r30,d4)@1.opener(rand,4)@1	B	32	13	16	67.267	107.718	78.125	93.750	16	16	219742	338587	18.00	54.00	3	12	788777385	12
2026-07-26T21:45:17Z	20260726T214507Z	boards/board1.txt	ab(d6,tt,ord,nb200k)@1.learned(s3,68364898)@1.opener(rand,4)@1	ab(d6,tt,ord,nb200k)@1.classic(t1,c4,w0,l0)@2.dil(r30,d4)@1.opener(rand,4)@1	W	64	9	8	642.212	311.771	562.500	312.500	32	32	2079537	787142	159.00	146.00	28	28	1114391928	12
2026-07-26T21:45:17Z	20260726T214507Z	boards/board1.txt	ab(d6,tt,ord,nb200k)@1.learned(s98,5801570e)@1.opener(rand,4)@1	ab(d6,tt,ord,nb200k)@1.classic(t1,c4,w0,l0)@2.dil(r30,d4)@1.opener(rand,4)@1	W	42	12	10	405.843	79.115	343.750	93.750	21	21	1278379	256122	92.55	71.00	17	17	2292516831	12
2026-07-26T21:45:17Z	20260726T214507Z	boards/board1.txt	rand@1	ab(d6,tt,ord,nb200k)@1.classic(t1,c4,w0,l0)@2.dil(r30,d4)@1.opener(rand,4)@1	B	26	11	16	0.015	105.168	0.000	93.750	13	13	0	325350	0.00	43.00	0	9	317412410	12
2026-07-26T21:45:18Z	20260726T214507Z	boards/board1.txt	ab(d6,tt,ord,nb200k)@1.learned(s3,68364898)@1.opener(rand,4)@1	ab(d6,tt,ord,nb200k)@1.classic(t1,c4,w0,l0)@2.dil(r63)@1.opener(rand,4)@1	W	35	15	10	406.113	82.380	421.875	62.500	18	17	1304032	222641	79.00	24.00	14	4	1004888272	12
2026-07-26T21:45:18Z	20260726T214507Z	boards/board1.txt	ab(d6,tt,ord,nb200k)@1.learned(s98,5801570e)@1.opener(rand,4)@1	ab(d6,tt,ord,nb200k)@1.classic(t1,c4,w0,l0)@2.dil(r63)@1.opener(rand,4)@1	W	35	14	14	325.256	63.448	328.125	62.500	18	17	1028514	202403	70.00	27.00	14	5	674905559	12
2026-07-26T21:45:18Z	20260726T214507Z	boards/board1.txt	rand@1	ab(d6,tt,ord,nb200k)@1.classic(t1,c4,w0,l0)@2.dil(r63)@1.opener(rand,4)@1	B	36	15	16	0.012	16.778	0.000	15.625	18	18	0	57874	0.00	11.00	0	4	1345971858	12
2026-07-26T21:45:19Z	20260726T214507Z	boards/board1.txt	ab(d6,tt,ord,nb200k)@1.learned(s6,eac8ab99)@1.opener(rand,4)@1	ab(d6,tt,ord,nb200k)@1.classic(t1,c4,w0,l0)@2.opener(rand,4)@1	W	66	7	9	451.807	341.920	421.875	359.375	33	33	1446143	907590	165.00	160.00	29	29	334697627	12
2026-07-26T21:45:20Z	20260726T214507Z	boards/board1.txt	ab(d6,tt,ord,qs,nb200k)@1.learned(s98,5801570e)@1.opener(rand,4)@1	ab(d6,tt,ord,nb200k)@1.classic(t1,c4,w0,l0)@2.opener(rand,4)@1	W	52	10	11	674.931	385.840	609.375	359.375	26	26	1970988	1098094	122.00	118.00	22	22	343628569	12
2026-07-26T21:45:38Z	20260726T214507Z	boards/board1.txt	ab(d6,tt,ord,nb200k)@1.learned(s3,68364898)@1.opener(rand,4)@1	ab(d6,tt,ord,nb200k)@1.learned(s111,78ef6974)@1.opener(rand,4)@1	B	75	6	7	1038.488	16478.665	937.500	14843.750	38	37	3186728	3179142	188.99	186.79	34	33	3164115309	12
2026-07-26T21:45:49Z	20260726T214507Z	boards/board1.txt	ab(d6,tt,ord,nb200k)@1.learned(s98,5801570e)@1.opener(rand,4)@1	ab(d6,tt,ord,nb200k)@1.learned(s111,78ef6974)@1.opener(rand,4)@1	W	52	10	10	682.447	11092.071	593.750	10078.125	26	26	2112267	2279881	123.00	117.00	22	22	2575600820	12
2026-07-26T21:45:57Z	20260726T214507Z	boards/board1.txt	rand@1	ab(d6,tt,ord,nb200k)@1.learned(s111,78ef6974)@1.opener(rand,4)@1	B	34	11	16	0.029	7803.791	0.000	7171.875	17	17	0	1526616	0.00	72.20	0	13	3295387067	12
2026-07-26T21:45:58Z	20260726T214507Z	boards/board1.txt	ab(d6,tt,ord,nb200k)@1.learned(s98,5801570e)@1.opener(rand,4)@1	ab(d6,tt,ord,nb200k)@1.learned(s3,68364898)@1.opener(rand,4)@1	B	65	8	9	576.338	564.297	562.500	484.375	33	32	1720150	1610782	160.00	159.00	29	28	1491599012	12
2026-07-26T21:45:58Z	20260726T214507Z	boards/board1.txt	rand@1	ab(d6,tt,ord,nb200k)@1.learned(s3,68364898)@1.opener(rand,4)@1	B	20	13	16	0.013	102.479	0.000	62.500	10	10	0	289255	0.00	31.00	0	6	4090690475	12
2026-07-26T21:46:00Z	20260726T214507Z	boards/board1.txt	ab(d6,tt,ord,qs,nb200k)@1.learned(s98,5801570e)@1.opener(rand,4)@1	ab(d6,tt,ord,nb200k)@1.learned(s6,eac8ab99)@1.opener(rand,4)@1	B	84	6	7	804.452	641.799	765.625	500.000	42	42	2242182	1903381	214.00	214.00	38	38	2935196865	12
2026-07-26T21:46:02Z	20260726T214507Z	boards/board1.txt	ab(d6,tt,ord,nb200k)@1.learned(s98,5801570e)@1.opener(rand,4)@1	ab(d6,tt,ord,nb200k)@1.learned(s76,ef183148)@1.opener(rand,4)@1	W	72	8	7	952.889	933.498	890.625	890.625	36	36	2726664	3221116	182.33	176.99	32	32	1835304816	12
2026-07-26T21:46:02Z	20260726T214507Z	boards/board1.txt	rand@1	ab(d6,tt,ord,nb200k)@1.learned(s76,ef183148)@1.opener(rand,4)@1	B	38	11	15	0.030	603.145	0.000	531.250	19	19	0	1718184	0.00	78.97	0	15	1985476799	12
2026-07-26T21:46:03Z	20260726T214507Z	boards/board1.txt	rand@1	ab(d6,tt,ord,nb200k)@1.learned(s98,5801570e)@1.opener(rand,4)@1	B	30	13	16	0.022	379.297	0.000	359.375	15	15	0	1197336	0.00	60.70	0	11	778826152	12
2026-07-26T21:46:05Z	20260726T214507Z	boards/board1.txt	rand@1	ab(d8,tt,ord,nb2m)@1.classic(t1,c4,w0,l0)@2.opener(rand,4)@1	B	30	12	15	0.022	2103.795	0.000	1984.375	15	15	0	6581383	0.00	74.00	0	11	501514596	12
2026-07-26T21:45:07Z	20260726T214507Z	boards/board1.txt	ab(d2)@1.classic(t1,c4,w0,l0)@2.opener(rand,4)@1	ab(d4)@1.classic(t1,c4,w0,l0)@2.opener(rand,4)@1	B	46	13	13	0.208	6.312	0.000	0.000	23	23	2782	101521	36.00	76.00	19	19	1161257754	12
2026-07-26T21:45:07Z	20260726T214507Z	boards/board1.txt	ab(d2)@1.classic(t1,c4,w0,l0)@2.opener(rand,4)@1	ab(d6,tt,ord,nb200k)@1.classic(t1,c4,w0,l0)@2.dil(r63)@1.opener(rand,4)@1	W	21	16	14	0.055	22.329	0.000	15.625	11	10	636	65223	14.00	6.00	7	1	2267772622	12
2026-07-26T21:45:08Z	20260726T214507Z	boards/board1.txt	ab(d2)@1.classic(t1,c4,w0,l0)@2.opener(rand,4)@1	ab(d6,tt,ord,nb200k)@1.learned(s3,68364898)@1.opener(rand,4)@1	B	50	11	11	0.188	582.596	0.000	515.625	25	25	2059	1620574	40.00	112.00	21	21	3509586123	12
2026-07-26T21:45:09Z	20260726T214507Z	boards/board1.txt	ab(d2)@1.classic(t1,c4,w0,l0)@2.opener(rand,4)@1	ab(d6,tt,ord,nb200k)@1.learned(s98,5801570e)@1.opener(rand,4)@1	B	60	11	10	0.376	740.296	0.000	609.375	30	30	4418	2011225	50.00	143.00	26	26	1561455324	12
2026-07-26T21:45:09Z	20260726T214507Z	boards/board1.txt	ab(d2)@1.classic(t1,c4,w0,l0)@2.opener(rand,4)@1	rand@1	W	23	16	13	0.069	0.007	0.000	0.000	12	11	825	0	16.00	0.00	8	0	2009986197	12
2026-07-26T21:45:09Z	20260726T214507Z	boards/board1.txt	ab(d4)@1.classic(t1,c4,w0,l0)@2.opener(rand,4)@1	ab(d6,tt,ord,nb200k)@1.classic(t1,c4,w0,l0)@2.dil(r63)@1.opener(rand,4)@1	W	39	15	12	6.024	117.116	0.000	93.750	20	19	99772	359102	64.00	36.00	16	6	1269419524	12
2026-07-26T21:45:09Z	20260726T214507Z	boards/board1.txt	ab(d4)@1.classic(t1,c4,w0,l0)@2.opener(rand,4)@1	ab(d6,tt,ord,nb200k)@1.learned(s3,68364898)@1.opener(rand,4)@1	B	58	9	8	7.581	652.291	0.000	546.875	29	29	111735	1884541	93.00	136.00	25	25	2335552685	12
2026-07-26T21:45:10Z	20260726T214507Z	boards/board1.txt	ab(d4)@1.classic(t1,c4,w0,l0)@2.opener(rand,4)@1	ab(d6,tt,ord,nb200k)@1.learned(s98,5801570e)@1.opener(rand,4)@1	B	58	10	9	6.607	585.756	0.000	500.000	29	29	93513	1754942	93.00	136.00	25	25	4267001614	12
2026-07-26T21:45:10Z	20260726T214507Z	boards/board1.txt	ab(d4)@1.classic(t1,c4,w0,l0)@2.opener(rand,4)@1	rand@1	W	17	16	12	0.981	0.005	0.000	0.000	9	8	14316	0	20.00	0.00	5	0	2606442511	12
2026-07-26T21:45:11Z	20260726T214507Z	boards/board1.txt	ab(d6,ord,nb200k)@1.adv(t20,c77,w0,l0,f0,d-2,e0,m0,h0,b1,o0,r0,x0,n0,s1,g1)@1.opener(rand,4)@1	ab(d6,tt,ord,nb200k)@1.classic(t1,c4,w0,l0)@2.opener(rand,4)@1	W	46	12	11	877.819	356.481	828.125	312.500	23	23	2407023	1121027	103.78	100.00	19	19	2820419680	12
2026-07-26T21:45:13Z	20260726T214507Z	boards/board1.txt	ab(d6,ord,nb200k)@1.adv(t20,c77,w0,l0,f0,d-2,e0,m0,h0,b1,o0,r0,x0,n0,s1,g1)@1.opener(rand,4)@1	ab(d6,tt,ord,nb200k)@1.learned(s6,eac8ab99)@1.opener(rand,4)@1	B	65	9	7	1243.358	621.062	1078.125	500.000	33	32	3156101	2039635	159.65	158.95	29	28	4032126920	12
2026-07-26T21:45:15Z	20260726T214507Z	boards/board1.txt	ab(d6,ord,nb200k)@1.adv(t20,c77,w0,l0,f0,d-2,e0,m0,h0,b1,o0,r0,x0,n0,s1,g1)@1.opener(rand,4)@1	ab(d6,tt,ord,qs,nb200k)@1.learned(s98,5801570e)@1.opener(rand,4)@1	B	75	8	7	1462.107	861.631	1296.875	781.250	38	37	3679895	2743409	189.88	186.28	34	33	3924147886	12
2026-07-26T21:45:16Z	20260726T214507Z	boards/board1.txt	ab(d6,tt,ord,nb200k)@1.classic(t1,c4,w0,l0)@2.dil(r30,d4)@1.opener(rand,4)@1	ab(d6,tt,ord,nb200k)@1.classic(t1,c4,w0,l0)@2.dil(r63)@1.opener(rand,4)@1	W	30	15	13	171.580	73.982	156.250	46.875	15	15	457173	194031	55.00	27.00	11	6	851368230	12
2026-07-26T21:45:16Z	20260726T214507Z	boards/board1.txt	ab(d6,tt,ord,nb200k)@1.classic(t1,c4,w0,l0)@2.dil(r30,d4)@1.opener(rand,4)@1	ab(d6,tt,ord,nb200k)@1.learned(s3,68364898)@1.opener(rand,4)@1	B	45	10	13	306.637	486.946	265.625	390.625	23	22	822917	1186664	96.00	99.00	19	18	1050245523	12
2026-07-26T21:45:17Z	20260726T214507Z	boards/board1.txt	ab(d6,tt,ord,nb200k)@1.classic(t1,c4,w0,l0)@2.dil(r30,d4)@1.opener(rand,4)@1	ab(d6,tt,ord,nb200k)@1.learned(s98,5801570e)@1.opener(rand,4)@1	B	59	8	10	221.342	455.837	140.625	421.875	30	29	574051	1238553	129.00	141.00	26	25	2405104836	12
2026-07-26T21:45:17Z	20260726T214507Z	boards/board1.txt	ab(d6,tt,ord,nb200k)@1.classic(t1,c4,w0,l0)@2.dil(r30,d4)@1.opener(rand,4)@1	rand@1	W	17	16	14	58.807	0.009	62.500	0.000	9	8	156212	0	23.00	0.00	5	0	206324285	12
2026-07-26T21:45:18Z	20260726T214507Z	boards/board1.txt	ab(d6,tt,ord,nb200k)@1.classic(t1,c4,w0,l0)@2.dil(r63)@1.opener(rand,4)@1	ab(d6,tt,ord,nb200k)@1.learned(s3,68364898)@1.opener(rand,4)@1	B	39	11	15	96.608	332.640	93.750	234.375	20	19	247038	879817	36.00	84.00	7	15	940700107	12
2026-07-26T21:45:18Z	20260726T214507Z	boards/board1.txt	ab(d6,tt,ord,nb200k)@1.classic(t1,c4,w0,l0)@2.dil(r63)@1.opener(rand,4)@1	ab(d6,tt,ord,nb200k)@1.learned(s98,5801570e)@1.opener(rand,4)@1	B	58	9	10	95.721	522.328	78.125	375.000	29	29	231539	1230095	48.00	137.00	8	25	787535324	12
2026-07-26T21:45:18Z	20260726T214507Z	boards/board1.txt	ab(d6,tt,ord,nb200k)@1.classic(t1,c4,w0,l0)@2.dil(r63)@1.opener(rand,4)@1	rand@1	W	41	15	13	53.409	0.014	46.875	0.000	21	20	123836	0	17.00	0.00	5	0	1283325333	12
2026-07-26T21:45:19Z	20260726T214507Z	boards/board1.txt	ab(d6,tt,ord,nb200k)@1.classic(t1,c4,w0,l0)@2.opener(rand,4)@1	ab(d6,tt,ord,nb200k)@1.learned(s6,eac8ab99)@1.opener(rand,4)@1	W	80	7	3	477.067	573.762	375.000	453.125	40	40	950875	1742266	207.00	202.00	36	36	447271712	12
2026-07-26T21:45:20Z	20260726T214507Z	boards/board1.txt	ab(d6,tt,ord,nb200k)@1.classic(t1,c4,w0,l0)@2.opener(rand,4)@1	ab(d6,tt,ord,qs,nb200k)@1.learned(s98,5801570e)@1.opener(rand,4)@1	W	65	9	7	423.136	683.732	296.875	640.625	33	32	968077	1710655	160.00	153.93	29	28	454716694	12
2026-07-26T21:45:37Z	20260726T214507Z	boards/board1.txt	ab(d6,tt,ord,nb200k)@1.learned(s111,78ef6974)@1.opener(rand,4)@1	ab(d6,tt,ord,nb200k)@1.learned(s3,68364898)@1.opener(rand,4)@1	W	64	11	8	15665.570	934.311	13593.750	828.125	32	32	3110309	2646619	157.44	153.49	28	28	3226761834	12
2026-07-26T21:45:50Z	20260726T214507Z	boards/board1.txt	ab(d6,tt,ord,nb200k)@1.learned(s111,78ef6974)@1.opener(rand,4)@1	ab(d6,tt,ord,nb200k)@1.learned(s98,5801570e)@1.opener(rand,4)@1	B	53	9	11	12270.767	694.178	10328.125	640.625	27	26	2427200	2003577	124.00	122.46	23	22	2463012815	12
2026-07-26T21:45:57Z	20260726T214507Z	boards/board1.txt	ab(d6,tt,ord,nb200k)@1.learned(s111,78ef6974)@1.opener(rand,4)@1	rand@1	W	35	14	12	7343.145	0.025	6390.625	0.000	18	17	1454885	0	70.05	0.00	14	0	3359519552	12
2026-07-26T21:45:59Z	20260726T214507Z	boards/board1.txt	ab(d6,tt,ord,nb200k)@1.learned(s3,68364898)@1.opener(rand,4)@1	ab(d6,tt,ord,nb200k)@1.learned(s98,5801570e)@1.opener(rand,4)@1	W	78	8	6	776.360	769.471	593.750	640.625	39	39	2118471	2180742	201.00	196.00	35	35	1427452607	12
2026-07-26T21:45:59Z	20260726T214507Z	boards/board1.txt	ab(d6,tt,ord,nb200k)@1.learned(s3,68364898)@1.opener(rand,4)@1	rand@1	W	21	16	13	190.806	0.015	125.000	0.000	11	10	507131	0	37.00	0.00	7	0	4203264560	12
2026-07-26T21:46:01Z	20260726T214507Z	boards/board1.txt	ab(d6,tt,ord,nb200k)@1.learned(s6,eac8ab99)@1.opener(rand,4)@1	ab(d6,tt,ord,qs,nb200k)@1.learned(s98,5801570e)@1.opener(rand,4)@1	B	67	9	10	756.923	701.518	625.000	625.000	34	33	1927720	1955436	166.00	165.00	30	29	2997787710	12
2026-07-26T21:46:02Z	20260726T214507Z	boards/board1.txt	ab(d6,tt,ord,nb200k)@1.learned(s76,ef183148)@1.opener(rand,4)@1	ab(d6,tt,ord,nb200k)@1.learned(s98,5801570e)@1.opener(rand,4)@1	W	64	6	8	703.656	572.452	640.625	500.000	32	32	2068470	1681083	159.00	154.00	28	28	1771172331	12
2026-07-26T21:46:02Z	20260726T214507Z	boards/board1.txt	ab(d6,tt,ord,nb200k)@1.learned(s76,ef183148)@1.opener(rand,4)@1	rand@1	W	27	16	12	326.556	0.021	296.875	0.000	14	13	1002087	0	55.00	0.00	10	0	2049623204	12
2026-07-26T21:46:02Z	20260726T214507Z	boards/board1.txt	ab(d6,tt,ord,nb200k)@1.learned(s98,5801570e)@1.opener(rand,4)@1	rand@1	W	29	16	12	225.653	0.022	171.875	0.000	15	14	603834	0	61.00	0.00	11	0	666238147	12
2026-07-26T21:46:04Z	20260726T214507Z	boards/board1.txt	ab(d8,tt,ord,nb2m)@1.classic(t1,c4,w0,l0)@2.opener(rand,4)@1	rand@1	W	19	16	12	1273.433	0.013	1171.875	0.000	10	9	3632532	0	41.00	0.00	6	0	437368191	12
2026-07-26T21:45:07Z	20260726T214507Z	boards/board1.txt	ab(d4)@1.classic(t1,c4,w0,l0)@2.opener(rand,4)@1	ab(d2)@1.classic(t1,c4,w0,l0)@2.opener(rand,4)@1	B	52	10	11	20.588	0.204	0.000	0.000	26	26	156137	2877	78.00	44.00	22	22	1161257754	12
2026-07-26T21:45:07Z	20260726T214507Z	boards/board1.txt	ab(d6,tt,ord,nb200k)@1.classic(t1,c4,w0,l0)@2.dil(r63)@1.opener(rand,4)@1	ab(d2)@1.classic(t1,c4,w0,l0)@2.opener(rand,4)@1	B	32	12	16	93.839	0.468	78.125	0.000	16	16	296531	1367	30.00	24.00	5	12	2267772622	12
2026-07-26T21:45:08Z	20260726T214507Z	boards/board1.txt	ab(d6,tt,ord,nb200k)@1.learned(s3,68364898)@1.opener(rand,4)@1	ab(d2)@1.classic(t1,c4,w0,l0)@2.opener(rand,4)@1	B	65	7	11	601.800	0.299	562.500	0.000	33	32	1961698	3471	143.97	56.00	29	28	3509586123	12
2026-07-26T21:45:08Z	20260726T214507Z	boards/board1.txt	ab(d6,tt,ord,nb200k)@1.learned(s98,5801570e)@1.opener(rand,4)@1	ab(d2)@1.classic(t1,c4,w0,l0)@2.opener(rand,4)@1	W	47	11	12	506.498	0.173	453.125	0.000	24	23	1508448	1836	106.00	36.00	20	19	1561455324	12
2026-07-26T21:45:08Z	20260726T214507Z	boards/board1.txt	rand@1	ab(d2)@1.classic(t1,c4,w0,l0)@2.opener(rand,4)@1	B	20	14	16	0.006	0.049	0.000	0.000	10	10	0	586	0.00	12.00	0	6	2009986197	12
2026-07-26T21:45:09Z	20260726T214507Z	boards/board1.txt	ab(d6,tt,ord,nb200k)@1.classic(t1,c4,w0,l0)@2.dil(r63)@1.opener(rand,4)@1	ab(d4)@1.classic(t1,c4,w0,l0)@2.opener(rand,4)@1	B	30	12	15	97.738	4.117	93.750	0.000	15	15	301031	64987	30.00	44.00	5	11	1269419524	12
2026-07-26T21:45:09Z	20260726T214507Z	boards/board1.txt	ab(d6,tt,ord,nb200k)@1.learned(s3,68364898)@1.opener(rand,4)@1	ab(d4)@1.classic(t1,c4,w0,l0)@2.opener(rand,4)@1	W	53	10	12	591.899	6.811	562.500	0.000	27	26	1756108	110642	124.00	81.00	23	22	2335552685	12
2026-07-26T21:45:10Z	20260726T214507Z	boards/board1.txt	ab(d6,tt,ord,nb200k)@1.learned(s98,5801570e)@1.opener(rand,4)@1	ab(d4)@1.classic(t1,c4,w0,l0)@2.opener(rand,4)@1	W	45	12	11	497.628	4.666	453.125	0.000	23	22	1619801	66272	100.00	65.00	19	18	4267001614	12
2026-07-26T21:45:10Z	20260726T214507Z	boards/board1.txt	rand@1	ab(d4)@1.classic(t1,c4,w0,l0)@2.opener(rand,4)@1	B	18	13	16	0.006	1.052	0.000	0.000	9	9	0	14734	0.00	20.00	0	5	2606442511	12
2026-07-26T21:45:11Z	20260726T214507Z	boards/board1.txt	ab(d6,tt,ord,nb200k)@1.classic(t1,c4,w0,l0)@2.opener(rand,4)@1	ab(d6,ord,nb200k)@1.adv(t20,c77,w0,l0,f0,d-2,e0,m0,h0,b1,o0,r0,x0,n0,s1,g1)@1.opener(rand,4)@1	B	59	10	10	414.186	1141.757	406.250	1000.000	30	29	1371514	3041703	142.00	140.94	26	25	2820419680	12
2026-07-26T21:45:13Z	20260726T214507Z	boards/board1.txt	ab(d6,tt,ord,nb200k)@1.learned(s6,eac8ab99)@1.opener(rand,4)@1	ab(d6,ord,nb200k)@1.adv(t20,c77,w0,l0,f0,d-2,e0,m0,h0,b1,o0,r0,x0,n0,s1,g1)@1.opener(rand,4)@1	W	50	12	10	534.486	1042.877	500.000	1000.000	25	25	1750504	2918923	115.76	108.60	21	21	4032126920	12
2026-07-26T21:45:14Z	20260726T214507Z	boards/board1.txt	ab(d6,tt,ord,qs,nb200k)@1.learned(s98,5801570e)@1.opener(rand,4)@1	ab(d6,ord,nb200k)@1.adv(t20,c77,w0,l0,f0,d-2,e0,m0,h0,b1,o0,r0,x0,n0,s1,g1)@1.opener(rand,4)@1	W	32	14	14	353.706	551.401	296.875	484.375	16	16	1106768	1430319	60.15	57.14	12	12	3924147886	12
2026-07-26T21:45:14Z	20260726T214507Z	boards/board1.txt	ab(d6,tt,ord,nb200k)@1.classic(t1,c4,w0,l0)@2.dil(r63)@1.opener(rand,4)@1	ab(d6,tt,ord,nb200k)@1.classic(t1,c4,w0,l0)@2.dil(r30,d4)@1.opener(rand,4)@1	B	42	11	13	63.414	146.430	46.875	125.000	21	21	161568	436122	36.00	83.00	6	17	851368230	12
2026-07-26T21:45:14Z	20260726T214507Z	boards/board1.txt	ab(d6,tt,ord,nb200k)@1.learned(s3,68364898)@1.opener(rand,4)@1	ab(d6,tt,ord,nb200k)@1.classic(t1,c4,w0,l0)@2.dil(r30,d4)@1.opener(rand,4)@1	B	35	14	12	348.844	221.070	265.625	203.125	18	17	1000210	592658	70.00	65.00	14	13	1050245523	12
2026-07-26T21:45:15Z	20260726T214507Z	boards/board1.txt	ab(d6,tt,ord,nb200k)@1.learned(s98,5801570e)@1.opener(rand,4)@1	ab(d6,tt,ord,nb200k)@1.classic(t1,c4,w0,l0)@2.dil(r30,d4)@1.opener(rand,4)@1	W	50	10	10	472.872	224.246	406.250	171.875	25	25	1292623	613177	117.00	105.00	21	21	2405104836	12
2026-07-26T21:45:15Z	20260726T214507Z	boards/board1.txt	rand@1	ab(d6,tt,ord,nb200k)@1.classic(t1,c4,w0,l0)@2.dil(r30,d4)@1.opener(rand,4)@1	B	22	14	16	0.015	99.200	0.000	93.750	11	11	0	308520	0.00	32.00	0	7	206324285	12
2026-07-26T21:45:16Z	20260726T214507Z	boards/board1.txt	ab(d6,tt,ord,nb200k)@1.learned(s3,68364898)@1.opener(rand,4)@1	ab(d6,tt,ord,nb200k)@1.classic(t1,c4,w0,l0)@2.dil(r63)@1.opener(rand,4)@1	W	32	14	15	415.956	73.642	406.250	62.500	16	16	1410389	182324	67.00	25.00	12	5	940700107	12
2026-07-26T21:45:16Z	20260726T214507Z	boards/board1.txt	ab(d6,tt,ord,nb200k)@1.learned(s98,5801570e)@1.opener(rand,4)@1	ab(d6,tt,ord,nb200k)@1.classic(t1,c4,w0,l0)@2.dil(r63)@1.opener(rand,4)@1	W	50	13	10	494.809	92.717	437.500	78.125	25	25	1493875	254629	121.00	37.00	21	7	787535324	12
2026-07-26T21:45:16Z	20260726T214507Z	boards/board1.txt	rand@1	ab(d6,tt,ord,nb200k)@1.classic(t1,c4,w0,l0)@2.dil(r63)@1.opener(rand,4)@1	B	36	13	16	0.016	86.294	0.000	93.750	18	18	0	254278	0.00	25.00	0	5	1283325333	12
2026-07-26T21:45:17Z	20260726T214507Z	boards/board1.txt	ab(d6,tt,ord,nb200k)@1.learned(s6,eac8ab99)@1.opener(rand,4)@1	ab(d6,tt,ord,nb200k)@1.classic(t1,c4,w0,l0)@2.opener(rand,4)@1	W	48	10	11	512.448	384.480	484.375	312.500	24	24	1427958	927236	111.00	106.00	20	20	447271712	12
2026-07-26T21:45:18Z	20260726T214507Z	boards/board1.txt	ab(d6,tt,ord,qs,nb200k)@1.learned(s98,5801570e)@1.opener(rand,4)@1	ab(d6,tt,ord,nb200k)@1.classic(t1,c4,w0,l0)@2.opener(rand,4)@1	B	52	10	12	690.376	356.173	562.500	390.625	26	26	1965161	950993	118.00	118.00	22	22	454716694	12
2026-07-26T21:45:31Z	20260726T214507Z	boards/board1.txt	ab(d6,tt,ord,nb200k)@1.learned(s3,68364898)@1.opener(rand,4)@1	ab(d6,tt,ord,nb200k)@1.learned(s111,78ef6974)@1.opener(rand,4)@1	B	55	10	11	628.123	11549.028	625.000	10468.750	28	27	1796895	2278641	130.00	128.52	24	23	3226761834	12
2026-07-26T21:45:46Z	20260726T214507Z	boards/board1.txt	ab(d6,tt,ord,nb200k)@1.learned(s98,5801570e)@1.opener(rand,4)@1	ab(d6,tt,ord,nb200k)@1.learned(s111,78ef6974)@1.opener(rand,4)@1	W	76	11	5	904.278	14799.695	750.000	13750.000	38	38	2558066	2966230	194.87	189.58	34	34	2463012815	12
2026-07-26T21:45:52Z	20260726T214507Z	boards/board1.txt	rand@1	ab(d6,tt,ord,nb200k)@1.learned(s111,78ef6974)@1.opener(rand,4)@1	B	28	14	16	0.020	6009.648	0.000	5546.875	14	14	0	1214004	0.00	49.61	0	10	3359519552	12
2026-07-26T21:45:54Z	20260726T214507Z	boards/board1.txt	ab(d6,tt,ord,nb200k)@1.learned(s98,5801570e)@1.opener(rand,4)@1	ab(d6,tt,ord,nb200k)@1.learned(s3,68364898)@1.opener(rand,4)@1	W	76	8	6	675.652	664.966	640.625	656.250	38	38	2097668	2046124	194.74	190.00	34	34	1427452607	12
2026-07-26T21:45:54Z	20260726T214507Z	boards/board1.txt	rand@1	ab(d6,tt,ord,nb200k)@1.learned(s3,68364898)@1.opener(rand,4)@1	B	14	13	16	0.007	25.579	0.000	15.625	7	7	0	65828	0.00	13.00	0	3	4203264560	12
2026-07-26T21:45:56Z	20260726T214507Z	boards/board1.txt	ab(d6,tt,ord,qs,nb200k)@1.learned(s98,5801570e)@1.opener(rand,4)@1	ab(d6,tt,ord,nb200k)@1.learned(s6,eac8ab99)@1.opener(rand,4)@1	W	78	7	7	1016.427	863.376	968.750	875.000	39	39	3408403	2713742	200.51	195.83	35	35	2997787710	12
2026-07-26T21:45:57Z	20260726T214507Z	boards/board1.txt	ab(d6,tt,ord,nb200k)@1.learned(s98,5801570e)@1.opener(rand,4)@1	ab(d6,tt,ord,nb200k)@1.learned(s76,ef183148)@1.opener(rand,4)@1	W	62	9	9	771.830	611.541	703.125	578.125	31	31	2241411	1920740	153.00	147.86	27	27	1771172331	12
2026-07-26T21:45:57Z	20260726T214507Z	boards/board1.txt	rand@1	ab(d6,tt,ord,nb200k)@1.learned(s76,ef183148)@1.opener(rand,4)@1	B	40	12	16	0.029	417.587	0.000	406.250	20	20	0	1342090	0.00	84.69	0	16	2049623204	12
2026-07-26T21:45:58Z	20260726T214507Z	boards/board1.txt	rand@1	ab(d6,tt,ord,nb200k)@1.learned(s98,5801570e)@1.opener(rand,4)@1	B	28	13	16	0.020	261.661	0.000	234.375	14	14	0	798750	0.00	55.00	0	10	666238147	12
2026-07-26T21:46:00Z	20260726T214507Z	boards/board1.txt	rand@1	ab(d8,tt,ord,nb2m)@1.classic(t1,c4,w0,l0)@2.opener(rand,4)@1	B	24	14	16	0.018	2187.082	0.000	1953.125	12	12	0	6278620	0.00	57.00	0	8	437368191	12
2026-07-26T21:45:08Z	20260726T214507Z	boards/board1.txt	ab(d2)@1.classic(t1,c4,w0,l0)@2.opener(rand,4)@1	ab(d6,ord,nb200k)@1.adv(t20,c77,w0,l0,f0,d-2,e0,m0,h0,b1,o0,r0,x0,n0,s1,g1)@1.opener(rand,4)@1	B	44	12	12	0.190	838.652	0.000	718.750	22	22	2047	2144261	34.00	95.00	18	18	3594562797	12
2026-07-26T21:45:08Z	20260726T214507Z	boards/board1.txt	ab(d2)@1.classic(t1,c4,w0,l0)@2.opener(rand,4)@1	ab(d6,tt,ord,nb200k)@1.classic(t1,c4,w0,l0)@2.opener(rand,4)@1	B	26	15	15	0.096	121.857	0.000	109.375	13	13	1093	305440	16.00	40.00	9	9	4175803981	12
2026-07-26T21:45:09Z	20260726T214507Z	boards/board1.txt	ab(d2)@1.classic(t1,c4,w0,l0)@2.opener(rand,4)@1	ab(d6,tt,ord,nb200k)@1.learned(s6,eac8ab99)@1.opener(rand,4)@1	B	54	11	10	0.245	773.325	0.000	640.625	27	27	2719	2108734	44.00	124.00	23	23	3493192889	12
2026-07-26T21:45:09Z	20260726T214507Z	boards/board1.txt	ab(d2)@1.classic(t1,c4,w0,l0)@2.opener(rand,4)@1	ab(d6,tt,ord,qs,nb200k)@1.learned(s98,5801570e)@1.opener(rand,4)@1	B	52	11	9	0.215	479.940	0.000	437.500	26	26	2440	1515454	42.00	118.00	22	22	2484645067	12
2026-07-26T21:45:10Z	20260726T214507Z	boards/board1.txt	ab(d4)@1.classic(t1,c4,w0,l0)@2.opener(rand,4)@1	ab(d6,ord,nb200k)@1.adv(t20,c77,w0,l0,f0,d-2,e0,m0,h0,b1,o0,r0,x0,n0,s1,g1)@1.opener(rand,4)@1	B	40	12	13	4.898	782.689	0.000	609.375	20	20	74865	1715263	57.00	81.78	16	16	3560268467	12
2026-07-26T21:45:11Z	20260726T214507Z	boards/board1.txt	ab(d4)@1.classic(t1,c4,w0,l0)@2.opener(rand,4)@1	ab(d6,tt,ord,nb200k)@1.classic(t1,c4,w0,l0)@2.opener(rand,4)@1	B	54	9	11	9.837	419.905	15.625	343.750	27	27	142442	1132893	85.00	124.00	23	23	3658861815	12
2026-07-26T21:45:11Z	20260726T214507Z	boards/board1.txt	ab(d4)@1.classic(t1,c4,w0,l0)@2.opener(rand,4)@1	ab(d6,tt,ord,nb200k)@1.learned(s6,eac8ab99)@1.opener(rand,4)@1	W	62	10	7	7.169	657.351	15.625	562.500	31	31	102895	1915181	108.00	148.00	27	27	634533103	12
2026-07-26T21:45:12Z	20260726T214507Z	boards/board1.txt	ab(d4)@1.classic(t1,c4,w0,l0)@2.opener(rand,4)@1	ab(d6,tt,ord,qs,nb200k)@1.learned(s98,5801570e)@1.opener(rand,4)@1	W	61	10	8	9.214	654.846	0.000	640.625	31	30	130361	1908962	108.00	142.00	27	26	3205057397	12
2026-07-26T21:45:14Z	20260726T214507Z	boards/board1.txt	ab(d6,ord,nb200k)@1.adv(t20,c77,w0,l0,f0,d-2,e0,m0,h0,b1,o0,r0,x0,n0,s1,g1)@1.opener(rand,4)@1	ab(d6,tt,ord,nb200k)@1.classic(t1,c4,w0,l0)@2.dil(r30,d4)@1.opener(rand,4)@1	B	53	11	11	1229.259	414.321	1156.250	343.750	27	26	3290400	1207849	117.78	115.00	23	22	3132151809	12
2026-07-26T21:45:32Z	20260726T214507Z	boards/board1.txt	ab(d6,ord,nb200k)@1.adv(t20,c77,w0,l0,f0,d-2,e0,m0,h0,b1,o0,r0,x0,n0,s1,g1)@1.opener(rand,4)@1	ab(d6,tt,ord,nb200k)@1.learned(s111,78ef6974)@1.opener(rand,4)@1	W	66	11	6	1420.351	17247.311	1265.625	14843.750	33	33	3721838	3115527	162.23	159.52	29	29	753982158	12
2026-07-26T21:45:35Z	20260726T214507Z	boards/board1.txt	ab(d6,ord,nb200k)@1.adv(t20,c77,w0,l0,f0,d-2,e0,m0,h0,b1,o0,r0,x0,n0,s1,g1)@1.opener(rand,4)@1	ab(d6,tt,ord,nb200k)@1.learned(s76,ef183148)@1.opener(rand,4)@1	W	76	7	6	1612.285	1219.431	1359.375	1046.875	38	38	4115266	3907622	192.78	186.50	34	34	2609378844	12
2026-07-26T21:45:45Z	20260726T214507Z	boards/board1.txt	ab(d6,ord,nb200k)@1.adv(t20,c77,w0,l0,f0,d-2,e0,m0,h0,b1,o0,r0,x0,n0,s1,g1)@1.opener(rand,4)@1	ab(d8,tt,ord,nb2m)@1.classic(t1,c4,w0,l0)@2.opener(rand,4)@1	B	73	7	9	1472.305	8422.441	1328.125	7140.625	37	36	3717546	22354634	182.00	240.00	33	32	2766702135	12
2026-07-26T21:45:46Z	20260726T214507Z	boards/board1.txt	ab(d6,tt,ord,nb200k)@1.classic(t1,c4,w0,l0)@2.dil(r30,d4)@1.opener(rand,4)@1	ab(d6,tt,ord,nb200k)@1.classic(t1,c4,w0,l0)@2.opener(rand,4)@1	B	69	8	8	379.314	494.697	296.875	437.500	35	34	903285	1163822	160.00	171.00	31	30	2399721317	12
2026-07-26T21:45:47Z	20260726T214507Z	boards/board1.txt	ab(d6,tt,ord,nb200k)@1.classic(t1,c4,w0,l0)@2.dil(r30,d4)@1.opener(rand,4)@1	ab(d6,tt,ord,nb200k)@1.learned(s6,eac8ab99)@1.opener(rand,4)@1	W	62	9	8	295.140	610.616	281.250	546.875	31	31	775287	1656915	145.00	148.00	27	27	4074635185	12
2026-07-26T21:45:48Z	20260726T214507Z	boards/board1.txt	ab(d6,tt,ord,nb200k)@1.classic(t1,c4,w0,l0)@2.dil(r30,d4)@1.opener(rand,4)@1	ab(d6,tt,ord,qs,nb200k)@1.learned(s98,5801570e)@1.opener(rand,4)@1	B	49	10	11	238.571	440.035	203.125	359.375	25	24	590858	1125871	106.00	111.00	21	20	1469698355	12
2026-07-26T21:45:48Z	20260726T214507Z	boards/board1.txt	ab(d6,tt,ord,nb200k)@1.classic(t1,c4,w0,l0)@2.dil(r63)@1.opener(rand,4)@1	ab(d6,tt,ord,nb200k)@1.classic(t1,c4,w0,l0)@2.opener(rand,4)@1	B	38	13	15	143.669	202.446	109.375	140.625	19	19	298199	577344	39.00	81.00	7	15	1606917965	12
2026-07-26T21:45:48Z	20260726T214507Z	boards/board1.txt	ab(d6,tt,ord,nb200k)@1.classic(t1,c4,w0,l0)@2.dil(r63)@1.opener(rand,4)@1	ab(d6,tt,ord,nb200k)@1.learned(s6,eac8ab99)@1.opener(rand,4)@1	B	28	13	16	44.312	314.726	46.875	281.250	14	14	112159	836918	12.00	55.00	2	10	924306873	12
2026-07-26T21:45:48Z	20260726T214507Z	boards/board1.txt	ab(d6,tt,ord,nb200k)@1.classic(t1,c4,w0,l0)@2.dil(r63)@1.opener(rand,4)@1	ab(d6,tt,ord,qs,nb200k)@1.learned(s98,5801570e)@1.opener(rand,4)@1	B	20	12	16	28.302	120.948	15.625	109.375	10	10	53189	324527	6.00	31.00	1	6	4264142283	12
2026-07-26T21:46:01Z	20260726T214507Z	boards/board1.txt	ab(d6,tt,ord,nb200k)@1.classic(t1,c4,w0,l0)@2.opener(rand,4)@1	ab(d6,tt,ord,nb200k)@1.learned(s111,78ef6974)@1.opener(rand,4)@1	W	62	10	8	400.043	11882.870	343.750	10718.750	31	31	1059940	2343101	153.00	148.00	27	27	569336150	12
2026-07-26T21:46:02Z	20260726T214507Z	boards/board1.txt	ab(d6,tt,ord,nb200k)@1.classic(t1,c4,w0,l0)@2.opener(rand,4)@1	ab(d6,tt,ord,nb200k)@1.learned(s76,ef183148)@1.opener(rand,4)@1	W	72	10	7	542.290	757.162	531.250	625.000	36	36	1301857	2395503	183.00	178.00	32	32	3240317588	12
2026-07-26T21:46:07Z	20260726T214507Z	boards/board1.txt	ab(d6,tt,ord,nb200k)@1.classic(t1,c4,w0,l0)@2.opener(rand,4)@1	ab(d8,tt,ord,nb2m)@1.classic(t1,c4,w0,l0)@2.opener(rand,4)@1	B	51	12	12	127.130	4820.347	140.625	4390.625	26	25	406486	14616344	118.00	152.00	22	21	1537685183	12
2026-07-26T21:46:17Z	20260726T214507Z	boards/board1.txt	ab(d6,tt,ord,nb200k)@1.learned(s111,78ef6974)@1.opener(rand,4)@1	ab(d6,tt,ord,nb200k)@1.learned(s6,eac8ab99)@1.opener(rand,4)@1	B	67	6	9	9373.221	501.391	8875.000	484.375	34	33	2343634	1558708	165.43	165.00	30	29	3321813412	12
2026-07-26T21:46:22Z	20260726T214507Z	boards/board1.txt	ab(d6,tt,ord,nb200k)@1.learned(s111,78ef6974)@1.opener(rand,4)@1	ab(d6,tt,ord,qs,nb200k)@1.learned(s98,5801570e)@1.opener(rand,4)@1	W	34	14	13	4827.146	342.569	4531.250	375.000	17	17	1316415	1396413	68.86	63.64	13	13	3805903514	12
2026-07-26T21:46:23Z	20260726T214507Z	boards/board1.txt	ab(d6,tt,ord,nb200k)@1.learned(s3,68364898)@1.opener(rand,4)@1	ab(d6,tt,ord,nb200k)@1.learned(s6,eac8ab99)@1.opener(rand,4)@1	W	70	6	9	493.598	499.374	484.375	453.125	35	35	1900134	1609001	177.00	172.00	31	31	4269951124	12
2026-07-26T21:46:24Z	20260726T214507Z	boards/board1.txt	ab(d6,tt,ord,nb200k)@1.learned(s3,68364898)@1.opener(rand,4)@1	ab(d6,tt,ord,qs,nb200k)@1.learned(s98,5801570e)@1.opener(rand,4)@1	W	59	10	8	492.631	499.296	531.250	406.250	30	29	1628721	1753570	142.00	136.00	26	25	4251079594	12
2026-07-26T21:46:26Z	20260726T214507Z	boards/board1.txt	ab(d6,tt,ord,nb200k)@1.learned(s6,eac8ab99)@1.opener(rand,4)@1	ab(d6,tt,ord,nb200k)@1.learned(s76,ef183148)@1.opener(rand,4)@1	B	79	7	7	682.019	923.631	656.250	828.125	40	39	2720598	2986614	201.31	201.00	36	35	1476538540	12
2026-07-26T21:46:29Z	20260726T214507Z	boards/board1.txt	ab(d6,tt,ord,nb200k)@1.learned(s6,eac8ab99)@1.opener(rand,4)@1	ab(d8,tt,ord,nb2m)@1.classic(t1,c4,w0,l0)@2.opener(rand,4)@1	B	65	7	9	186.891	3720.664	187.500	3562.500	33	32	747100	12677426	160.00	208.00	29	28	2827432615	12
2026-07-26T21:46:31Z	20260726T214507Z	boards/board1.txt	ab(d6,tt,ord,nb200k)@1.learned(s76,ef183148)@1.opener(rand,4)@1	ab(d6,tt,ord,qs,nb200k)@1.learned(s98,5801570e)@1.opener(rand,4)@1	W	69	9	8	566.587	661.205	484.375	656.250	35	34	1799042	2378488	172.00	166.00	31	30	2285932230	12
2026-07-26T21:46:32Z	20260726T214507Z	boards/board1.txt	ab(d6,tt,ord,nb200k)@1.learned(s98,5801570e)@1.opener(rand,4)@1	ab(d6,tt,ord,qs,nb200k)@1.learned(s98,5801570e)@1.opener(rand,4)@1	W	63	10	9	458.975	562.798	406.250	578.125	32	31	1550479	2093871	154.00	148.00	28	27	3935785185	12
2026-07-26T21:46:38Z	20260726T214507Z	boards/board1.txt	ab(d6,tt,ord,qs,nb200k)@1.learned(s98,5801570e)@1.opener(rand,4)@1	ab(d8,tt,ord,nb2m)@1.classic(t1,c4,w0,l0)@2.opener(rand,4)@1	B	50	12	13	313.822	5704.251	218.750	5531.250	25	25	1254523	18079705	112.00	145.00	21	21	1942604305	12
2026-07-26T21:45:09Z	20260726T214507Z	boards/board1.txt	ab(d6,ord,nb200k)@1.adv(t20,c77,w0,l0,f0,d-2,e0,m0,h0,b1,o0,r0,x0,n0,s1,g1)@1.opener(rand,4)@1	ab(d2)@1.classic(t1,c4,w0,l0)@2.opener(rand,4)@1	W	61	8	9	1298.705	0.244	1171.875	0.000	31	30	3473633	2882	145.31	50.00	27	26	3594562797	12
2026-07-26T21:45:09Z	20260726T214507Z	boards/board1.txt	ab(d6,tt,ord,nb200k)@1.classic(t1,c4,w0,l0)@2.opener(rand,4)@1	ab(d2)@1.classic(t1,c4,w0,l0)@2.opener(rand,4)@1	W	43	13	13	312.020	0.171	281.250	0.000	22	21	876091	2091	95.00	32.00	18	17	4175803981	12
2026-07-26T21:45:10Z	20260726T214507Z	boards/board1.txt	ab(d6,tt,ord,nb200k)@1.learned(s6,eac8ab99)@1.opener(rand,4)@1	ab(d2)@1.classic(t1,c4,w0,l0)@2.opener(rand,4)@1	W	55	12	12	806.172	0.329	750.000	0.000	28	27	2682353	3909	129.17	44.00	24	23	3493192889	12
2026-07-26T21:45:10Z	20260726T214507Z	boards/board1.txt	ab(d6,tt,ord,qs,nb200k)@1.learned(s98,5801570e)@1.opener(rand,4)@1	ab(d2)@1.classic(t1,c4,w0,l0)@2.opener(rand,4)@1	W	47	11	12	558.642	0.199	500.000	0.000	24	23	1598270	2205	106.00	36.00	20	19	2484645067	12
2026-07-26T21:45:11Z	20260726T214507Z	boards/board1.txt	ab(d6,ord,nb200k)@1.adv(t20,c77,w0,l0,f0,d-2,e0,m0,h0,b1,o0,r0,x0,n0,s1,g1)@1.opener(rand,4)@1	ab(d4)@1.classic(t1,c4,w0,l0)@2.opener(rand,4)@1	B	49	10	11	769.292	5.559	703.125	15.625	25	24	2142451	86501	111.68	80.00	21	20	3560268467	12
2026-07-26T21:45:11Z	20260726T214507Z	boards/board1.txt	ab(d6,tt,ord,nb200k)@1.classic(t1,c4,w0,l0)@2.opener(rand,4)@1	ab(d4)@1.classic(t1,c4,w0,l0)@2.opener(rand,4)@1	W	57	9	10	413.250	10.487	375.000	0.000	29	28	1233480	168788	136.00	89.00	25	24	3658861815	12
2026-07-26T21:45:12Z	20260726T214507Z	boards/board1.txt	ab(d6,tt,ord,nb200k)@1.learned(s6,eac8ab99)@1.opener(rand,4)@1	ab(d4)@1.classic(t1,c4,w0,l0)@2.opener(rand,4)@1	W	43	11	12	316.604	3.211	281.250	0.000	22	21	990052	44789	94.00	61.00	18	17	634533103	12
2026-07-26T21:45:12Z	20260726T214507Z	boards/board1.txt	ab(d6,tt,ord,qs,nb200k)@1.learned(s98,5801570e)@1.opener(rand,4)@1	ab(d4)@1.classic(t1,c4,w0,l0)@2.opener(rand,4)@1	W	47	10	11	559.459	7.532	531.250	0.000	24	23	1659978	99336	104.00	69.00	20	19	3205057397	12
2026-07-26T21:45:14Z	20260726T214507Z	boards/board1.txt	ab(d6,tt,ord,nb200k)@1.classic(t1,c4,w0,l0)@2.dil(r30,d4)@1.opener(rand,4)@1	ab(d6,ord,nb200k)@1.adv(t20,c77,w0,l0,f0,d-2,e0,m0,h0,b1,o0,r0,x0,n0,s1,g1)@1.opener(rand,4)@1	W	76	6	5	291.072	1027.208	359.375	906.250	38	38	1031436	2928830	179.00	188.73	34	34	3132151809	12
2026-07-26T21:45:32Z	20260726T214507Z	boards/board1.txt	ab(d6,tt,ord,nb200k)@1.learned(s111,78ef6974)@1.opener(rand,4)@1	ab(d6,ord,nb200k)@1.adv(t20,c77,w0,l0,f0,d-2,e0,m0,h0,b1,o0,r0,x0,n0,s1,g1)@1.opener(rand,4)@1	B	63	8	12	17110.140	1583.214	15765.625	1468.750	32	31	3471554	4362084	151.04	148.38	28	27	753982158	12
2026-07-26T21:45:33Z	20260726T214507Z	boards/board1.txt	ab(d6,tt,ord,nb200k)@1.learned(s76,ef183148)@1.opener(rand,4)@1	ab(d6,ord,nb200k)@1.adv(t20,c77,w0,l0,f0,d-2,e0,m0,h0,b1,o0,r0,x0,n0,s1,g1)@1.opener(rand,4)@1	B	33	16	14	511.945	624.006	500.000	562.500	17	16	1880314	1791011	61.19	60.27	13	12	2609378844	12
2026-07-26T21:45:40Z	20260726T214507Z	boards/board1.txt	ab(d8,tt,ord,nb2m)@1.classic(t1,c4,w0,l0)@2.opener(rand,4)@1	ab(d6,ord,nb200k)@1.adv(t20,c77,w0,l0,f0,d-2,e0,m0,h0,b1,o0,r0,x0,n0,s1,g1)@1.opener(rand,4)@1	B	79	6	8	5174.220	1169.102	4609.375	1046.875	40	39	15795027	3247993	264.00	200.97	36	35	2766702135	12
2026-07-26T21:45:40Z	20260726T214507Z	boards/board1.txt	ab(d6,tt,ord,nb200k)@1.classic(t1,c4,w0,l0)@2.opener(rand,4)@1	ab(d6,tt,ord,nb200k)@1.classic(t1,c4,w0,l0)@2.dil(r30,d4)@1.opener(rand,4)@1	W	54	9	9	353.717	293.555	296.875	265.625	27	27	886162	690362	129.00	118.00	23	23	2399721317	12
2026-07-26T21:45:41Z	20260726T214507Z	boards/board1.txt	ab(d6,tt,ord,nb200k)@1.learned(s6,eac8ab99)@1.opener(rand,4)@1	ab(d6,tt,ord,nb200k)@1.classic(t1,c4,w0,l0)@2.dil(r30,d4)@1.opener(rand,4)@1	W	60	8	9	570.337	285.856	546.875	250.000	30	30	1559067	789991	147.00	134.00	26	26	4074635185	12
2026-07-26T21:45:42Z	20260726T214507Z	boards/board1.txt	ab(d6,tt,ord,qs,nb200k)@1.learned(s98,5801570e)@1.opener(rand,4)@1	ab(d6,tt,ord,nb200k)@1.classic(t1,c4,w0,l0)@2.dil(r30,d4)@1.opener(rand,4)@1	W	56	11	8	531.451	243.503	484.375	250.000	28	28	1503438	703186	133.00	121.00	24	24	1469698355	12
2026-07-26T21:45:42Z	20260726T214507Z	boards/board1.txt	ab(d6,tt,ord,nb200k)@1.classic(t1,c4,w0,l0)@2.opener(rand,4)@1	ab(d6,tt,ord,nb200k)@1.classic(t1,c4,w0,l0)@2.dil(r63)@1.opener(rand,4)@1	W	41	14	12	258.544	85.355	234.375	62.500	21	20	678740	240373	88.00	39.00	17	7	1606917965	12
2026-07-26T21:45:43Z	20260726T214507Z	boards/board1.txt	ab(d6,tt,ord,nb200k)@1.learned(s6,eac8ab99)@1.opener(rand,4)@1	ab(d6,tt,ord,nb200k)@1.classic(t1,c4,w0,l0)@2.dil(r63)@1.opener(rand,4)@1	W	27	16	14	207.118	21.416	203.125	15.625	14	13	582841	82736	50.00	12.00	10	2	924306873	12
2026-07-26T21:45:43Z	20260726T214507Z	boards/board1.txt	ab(d6,tt,ord,qs,nb200k)@1.learned(s98,5801570e)@1.opener(rand,4)@1	ab(d6,tt,ord,nb200k)@1.classic(t1,c4,w0,l0)@2.dil(r63)@1.opener(rand,4)@1	W	27	14	12	354.577	49.939	343.750	31.250	14	13	1069115	125539	55.00	18.00	10	3	4264142283	12
2026-07-26T21:45:54Z	20260726T214507Z	boards/board1.txt	ab(d6,tt,ord,nb200k)@1.learned(s111,78ef6974)@1.opener(rand,4)@1	ab(d6,tt,ord,nb200k)@1.classic(t1,c4,w0,l0)@2.opener(rand,4)@1	B	81	5	7	10791.488	441.564	9718.750	421.875	41	40	2172433	1165172	207.81	207.00	37	36	569336150	12
2026-07-26T21:45:55Z	20260726T214507Z	boards/board1.txt	ab(d6,tt,ord,nb200k)@1.learned(s76,ef183148)@1.opener(rand,4)@1	ab(d6,tt,ord,nb200k)@1.classic(t1,c4,w0,l0)@2.opener(rand,4)@1	B	51	12	12	596.534	314.122	562.500	218.750	26	25	1681010	816218	118.00	117.00	22	21	3240317588	12
2026-07-26T21:46:01Z	20260726T214507Z	boards/board1.txt	ab(d8,tt,ord,nb2m)@1.classic(t1,c4,w0,l0)@2.opener(rand,4)@1	ab(d6,tt,ord,nb200k)@1.classic(t1,c4,w0,l0)@2.opener(rand,4)@1	W	52	11	11	5289.973	121.043	4609.375	109.375	26	26	14028742	356325	160.00	118.00	22	22	1537685183	12
2026-07-26T21:46:15Z	20260726T214507Z	boards/board1.txt	ab(d6,tt,ord,nb200k)@1.learned(s6,eac8ab99)@1.opener(rand,4)@1	ab(d6,tt,ord,nb200k)@1.learned(s111,78ef6974)@1.opener(rand,4)@1	W	62	10	9	843.499	13218.860	812.500	12609.375	31	31	2833169	3036722	151.83	146.99	27	27	3321813412	12
2026-07-26T21:46:28Z	20260726T214507Z	boards/board1.txt	ab(d6,tt,ord,qs,nb200k)@1.learned(s98,5801570e)@1.opener(rand,4)@1	ab(d6,tt,ord,nb200k)@1.learned(s111,78ef6974)@1.opener(rand,4)@1	B	64	8	10	803.240	12142.495	796.875	11671.875	32	32	2862512	3039166	153.17	152.09	28	28	3805903514	12
2026-07-26T21:46:29Z	20260726T214507Z	boards/board1.txt	ab(d6,tt,ord,nb200k)@1.learned(s6,eac8ab99)@1.opener(rand,4)@1	ab(d6,tt,ord,nb200k)@1.learned(s3,68364898)@1.opener(rand,4)@1	B	67	8	7	491.784	565.044	500.000	515.625	34	33	1781414	1846099	166.00	165.00	30	29	4269951124	12
2026-07-26T21:46:30Z	20260726T214507Z	boards/board1.txt	ab(d6,tt,ord,qs,nb200k)@1.learned(s98,5801570e)@1.opener(rand,4)@1	ab(d6,tt,ord,nb200k)@1.learned(s3,68364898)@1.opener(rand,4)@1	W	60	10	8	616.541	494.094	625.000	421.875	30	30	2057601	1885433	146.96	142.00	26	26	4251079594	12
2026-07-26T21:46:31Z	20260726T214507Z	boards/board1.txt	ab(d6,tt,ord,nb200k)@1.learned(s76,ef183148)@1.opener(rand,4)@1	ab(d6,tt,ord,nb200k)@1.learned(s6,eac8ab99)@1.opener(rand,4)@1	B	81	6	8	815.193	671.391	765.625	640.625	41	40	2972569	2465480	207.59	207.00	37	36	1476538540	12
2026-07-26T21:46:36Z	20260726T214507Z	boards/board1.txt	ab(d8,tt,ord,nb2m)@1.classic(t1,c4,w0,l0)@2.opener(rand,4)@1	ab(d6,tt,ord,nb200k)@1.learned(s6,eac8ab99)@1.opener(rand,4)@1	B	59	9	10	4919.205	244.801	4656.250	234.375	30	29	16720239	906746	185.00	141.00	26	25	2827432615	12
2026-07-26T21:46:38Z	20260726T214507Z	boards/board1.txt	ab(d6,tt,ord,qs,nb200k)@1.learned(s98,5801570e)@1.opener(rand,4)@1	ab(d6,tt,ord,nb200k)@1.learned(s76,ef183148)@1.opener(rand,4)@1	B	48	14	14	683.866	615.116	718.750	578.125	24	24	2541332	2068241	105.90	105.68	20	20	2285932230	12
2026-07-26T21:46:39Z	20260726T214507Z	boards/board1.txt	ab(d6,tt,ord,qs,nb200k)@1.learned(s98,5801570e)@1.opener(rand,4)@1	ab(d6,tt,ord,nb200k)@1.learned(s98,5801570e)@1.opener(rand,4)@1	B	58	10	9	546.736	406.453	515.625	375.000	29	29	2197819	1578816	136.00	136.00	25	25	3935785185	12
2026-07-26T21:46:43Z	20260726T214507Z	boards/board1.txt	ab(d8,tt,ord,nb2m)@1.classic(t1,c4,w0,l0)@2.opener(rand,4)@1	ab(d6,tt,ord,qs,nb200k)@1.learned(s98,5801570e)@1.opener(rand,4)@1	W	60	11	8	3883.161	209.003	3703.125	218.750	30	30	14133038	995871	192.00	142.00	26	26	1942604305	12
2026-07-26T21:45:08Z	20260726T214507Z	boards/board1.txt	ab(d2)@1.classic(t1,c4,w0,l0)@2.opener(rand,4)@1	ab(d6,ord,nb200k)@1.adv(t20,c77,w0,l0,f0,d-2,e0,m0,h0,b1,o0,r0,x0,n0,s1,g1)@1.opener(rand,4)@1	B	60	10	9	0.234	1165.456	0.000	1015.625	30	30	2603	2991246	50.00	141.77	26	26	3657209322	12
2026-07-26T21:45:09Z	20260726T214507Z	boards/board1.txt	ab(d2)@1.classic(t1,c4,w0,l0)@2.opener(rand,4)@1	ab(d6,tt,ord,nb200k)@1.classic(t1,c4,w0,l0)@2.opener(rand,4)@1	B	54	14	14	0.348	540.861	0.000	500.000	27	27	4561	1342023	44.00	125.00	23	23	4238394826	12
2026-07-26T21:45:10Z	20260726T214507Z	boards/board1.txt	ab(d2)@1.classic(t1,c4,w0,l0)@2.opener(rand,4)@1	ab(d6,tt,ord,nb200k)@1.learned(s6,eac8ab99)@1.opener(rand,4)@1	W	64	10	7	0.249	828.507	0.000	687.500	32	32	2681	2403380	56.00	154.00	28	28	3555839414	12
2026-07-26T21:45:11Z	20260726T214507Z	boards/board1.txt	ab(d2)@1.classic(t1,c4,w0,l0)@2.opener(rand,4)@1	ab(d6,tt,ord,qs,nb200k)@1.learned(s98,5801570e)@1.opener(rand,4)@1	B	52	13	11	0.276	802.478	0.000	562.500	26	26	3299	2035208	42.00	118.00	22	22	2548833232	12
2026-07-26T21:45:12Z	20260726T214507Z	boards/board1.txt	ab(d4)@1.classic(t1,c4,w0,l0)@2.opener(rand,4)@1	ab(d6,ord,nb200k)@1.adv(t20,c77,w0,l0,f0,d-2,e0,m0,h0,b1,o0,r0,x0,n0,s1,g1)@1.opener(rand,4)@1	B	62	9	10	8.293	1178.769	0.000	984.375	31	31	127995	3013802	101.00	147.81	27	27	3672856472	12
2026-07-26T21:45:12Z	20260726T214507Z	boards/board1.txt	ab(d4)@1.classic(t1,c4,w0,l0)@2.opener(rand,4)@1	ab(d6,tt,ord,nb200k)@1.classic(t1,c4,w0,l0)@2.opener(rand,4)@1	B	60	8	11	12.603	374.278	0.000	343.750	30	30	168994	1109107	97.00	142.00	26	26	3722994300	12
2026-07-26T21:45:13Z	20260726T214507Z	boards/board1.txt	ab(d4)@1.classic(t1,c4,w0,l0)@2.opener(rand,4)@1	ab(d6,tt,ord,nb200k)@1.learned(s6,eac8ab99)@1.opener(rand,4)@1	B	60	11	8	6.390	538.957	0.000	453.125	30	30	92581	1607188	97.00	142.00	26	26	747121108	12
2026-07-26T21:45:13Z	20260726T214507Z	boards/board1.txt	ab(d4)@1.classic(t1,c4,w0,l0)@2.opener(rand,4)@1	ab(d6,tt,ord,qs,nb200k)@1.learned(s98,5801570e)@1.opener(rand,4)@1	B	56	11	10	6.859	665.250	0.000	593.750	28	28	103764	1869796	89.00	128.00	24	24	3267648242	12
2026-07-26T21:45:15Z	20260726T214507Z	boards/board1.txt	ab(d6,ord,nb200k)@1.adv(t20,c77,w0,l0,f0,d-2,e0,m0,h0,b1,o0,r0,x0,n0,s1,g1)@1.opener(rand,4)@1	ab(d6,tt,ord,nb200k)@1.classic(t1,c4,w0,l0)@2.dil(r30,d4)@1.opener(rand,4)@1	B	67	6	8	1362.387	360.717	1218.750	250.000	34	33	3692780	1062854	163.08	149.00	30	29	3243184254	12
2026-07-26T21:45:32Z	20260726T214507Z	boards/board1.txt	ab(d6,ord,nb200k)@1.adv(t20,c77,w0,l0,f0,d-2,e0,m0,h0,b1,o0,r0,x0,n0,s1,g1)@1.opener(rand,4)@1	ab(d6,tt,ord,nb200k)@1.learned(s111,78ef6974)@1.opener(rand,4)@1	B	53	11	10	1371.824	15393.477	1203.125	13406.250	27	26	3493139	2834587	121.00	118.54	23	22	691335633	12
2026-07-26T21:45:34Z	20260726T214507Z	boards/board1.txt	ab(d6,ord,nb200k)@1.adv(t20,c77,w0,l0,f0,d-2,e0,m0,h0,b1,o0,r0,x0,n0,s1,g1)@1.opener(rand,4)@1	ab(d6,tt,ord,nb200k)@1.learned(s76,ef183148)@1.opener(rand,4)@1	W	62	10	9	1181.896	805.633	1015.625	671.875	31	31	3165877	2589676	152.29	147.97	27	27	2545190679	12
2026-07-26T21:45:45Z	20260726T214507Z	boards/board1.txt	ab(d6,ord,nb200k)@1.adv(t20,c77,w0,l0,f0,d-2,e0,m0,h0,b1,o0,r0,x0,n0,s1,g1)@1.opener(rand,4)@1	ab(d8,tt,ord,nb2m)@1.classic(t1,c4,w0,l0)@2.opener(rand,4)@1	W	74	8	8	1718.109	9383.359	1421.875	7765.625	37	37	4241245	26757687	185.79	239.86	33	33	2830834620	12
2026-07-26T21:45:45Z	20260726T214507Z	boards/board1.txt	ab(d6,tt,ord,nb200k)@1.classic(t1,c4,w0,l0)@2.dil(r30,d4)@1.opener(rand,4)@1	ab(d6,tt,ord,nb200k)@1.classic(t1,c4,w0,l0)@2.opener(rand,4)@1	W	42	11	11	151.626	219.507	109.375	171.875	21	21	369164	496328	87.00	88.00	17	17	2462367842	12
2026-07-26T21:45:46Z	20260726T214507Z	boards/board1.txt	ab(d6,tt,ord,nb200k)@1.classic(t1,c4,w0,l0)@2.dil(r30,d4)@1.opener(rand,4)@1	ab(d6,tt,ord,nb200k)@1.learned(s6,eac8ab99)@1.opener(rand,4)@1	B	61	8	10	319.138	499.136	312.500	406.250	31	30	816957	1328063	139.00	147.00	27	26	4137281710	12
2026-07-26T21:45:47Z	20260726T214507Z	boards/board1.txt	ab(d6,tt,ord,nb200k)@1.classic(t1,c4,w0,l0)@2.dil(r30,d4)@1.opener(rand,4)@1	ab(d6,tt,ord,qs,nb200k)@1.learned(s98,5801570e)@1.opener(rand,4)@1	B	59	10	10	274.735	609.654	234.375	546.875	30	29	733740	1466283	129.00	141.00	26	25	1582286360	12
2026-07-26T21:45:47Z	20260726T214507Z	boards/board1.txt	ab(d6,tt,ord,nb200k)@1.classic(t1,c4,w0,l0)@2.dil(r63)@1.opener(rand,4)@1	ab(d6,tt,ord,nb200k)@1.classic(t1,c4,w0,l0)@2.opener(rand,4)@1	B	31	12	15	104.552	170.658	46.875	203.125	16	15	309720	428977	36.00	60.00	7	11	1669508810	12
2026-07-26T21:45:48Z	20260726T214507Z	boards/board1.txt	ab(d6,tt,ord,nb200k)@1.classic(t1,c4,w0,l0)@2.dil(r63)@1.opener(rand,4)@1	ab(d6,tt,ord,nb200k)@1.learned(s6,eac8ab99)@1.opener(rand,4)@1	B	37	11	14	86.722	362.325	109.375	343.750	19	18	266910	1133376	37.00	79.00	7	14	986953398	12
2026-07-26T21:45:48Z	20260726T214507Z	boards/board1.txt	ab(d6,tt,ord,nb200k)@1.classic(t1,c4,w0,l0)@2.dil(r63)@1.opener(rand,4)@1	ab(d6,tt,ord,qs,nb200k)@1.learned(s98,5801570e)@1.opener(rand,4)@1	B	37	12	14	110.067	473.044	93.750	375.000	19	18	268386	1143256	37.00	78.59	7	14	33363152	12
2026-07-26T21:46:03Z	20260726T214507Z	boards/board1.txt	ab(d6,tt,ord,nb200k)@1.classic(t1,c4,w0,l0)@2.opener(rand,4)@1	ab(d6,tt,ord,nb200k)@1.learned(s111,78ef6974)@1.opener(rand,4)@1	W	72	11	6	473.998	14066.197	406.250	11921.875	36	36	1089398	2701775	183.00	177.33	32	32	506689625	12
2026-07-26T21:46:04Z	20260726T214507Z	boards/board1.txt	ab(d6,tt,ord,nb200k)@1.classic(t1,c4,w0,l0)@2.opener(rand,4)@1	ab(d6,tt,ord,nb200k)@1.learned(s76,ef183148)@1.opener(rand,4)@1	B	55	9	8	250.496	385.525	187.500	406.250	28	27	679972	1212410	130.00	129.00	24	23	3176171183	12
2026-07-26T21:46:07Z	20260726T214507Z	boards/board1.txt	ab(d6,tt,ord,nb200k)@1.classic(t1,c4,w0,l0)@2.opener(rand,4)@1	ab(d8,tt,ord,nb2m)@1.classic(t1,c4,w0,l0)@2.opener(rand,4)@1	B	43	13	12	79.731	2931.687	62.500	2718.750	22	21	257368	9815166	94.00	120.00	18	17	1601831588	12
2026-07-26T21:46:18Z	20260726T214507Z	boards/board1.txt	ab(d6,tt,ord,nb200k)@1.learned(s111,78ef6974)@1.opener(rand,4)@1	ab(d6,tt,ord,nb200k)@1.learned(s6,eac8ab99)@1.opener(rand,4)@1	B	73	5	8	10611.397	560.774	10171.875	453.125	37	36	2583876	1995102	183.50	183.00	33	32	3257667007	12
2026-07-26T21:46:28Z	20260726T214507Z	boards/board1.txt	ab(d6,tt,ord,nb200k)@1.learned(s111,78ef6974)@1.opener(rand,4)@1	ab(d6,tt,ord,qs,nb200k)@1.learned(s98,5801570e)@1.opener(rand,4)@1	B	67	7	10	9532.564	620.445	9140.625	500.000	34	33	2329482	2204918	166.00	165.00	30	29	3694815389	12
2026-07-26T21:46:29Z	20260726T214507Z	boards/board1.txt	ab(d6,tt,ord,nb200k)@1.learned(s3,68364898)@1.opener(rand,4)@1	ab(d6,tt,ord,nb200k)@1.learned(s6,eac8ab99)@1.opener(rand,4)@1	B	73	7	9	660.878	591.681	625.000	562.500	37	36	2331291	2099395	184.00	183.00	33	32	4205804719	12
2026-07-26T21:46:30Z	20260726T214507Z	boards/board1.txt	ab(d6,tt,ord,nb200k)@1.learned(s3,68364898)@1.opener(rand,4)@1	ab(d6,tt,ord,qs,nb200k)@1.learned(s98,5801570e)@1.opener(rand,4)@1	W	62	12	9	595.986	681.120	609.375	609.375	31	31	2110436	2296516	152.57	147.89	27	27	4139991469	12
2026-07-26T21:46:32Z	20260726T214507Z	boards/board1.txt	ab(d6,tt,ord,nb200k)@1.learned(s6,eac8ab99)@1.opener(rand,4)@1	ab(d6,tt,ord,nb200k)@1.learned(s76,ef183148)@1.opener(rand,4)@1	W	64	10	6	641.337	647.516	562.500	656.250	32	32	2177328	2528930	158.85	152.57	28	28	1412406055	12
2026-07-26T21:46:36Z	20260726T214507Z	boards/board1.txt	ab(d6,tt,ord,nb200k)@1.learned(s6,eac8ab99)@1.opener(rand,4)@1	ab(d8,tt,ord,nb2m)@1.classic(t1,c4,w0,l0)@2.opener(rand,4)@1	B	53	9	11	180.547	4213.978	187.500	4046.875	27	26	726143	15408512	124.00	160.00	23	22	2891565100	12
2026-07-26T21:46:37Z	20260726T214507Z	boards/board1.txt	ab(d6,tt,ord,nb200k)@1.learned(s76,ef183148)@1.opener(rand,4)@1	ab(d6,tt,ord,qs,nb200k)@1.learned(s98,5801570e)@1.opener(rand,4)@1	B	65	9	7	708.843	592.898	656.250	562.500	33	32	2233609	2064653	160.00	157.70	29	28	2223285705	12
2026-07-26T21:46:39Z	20260726T214507Z	boards/board1.txt	ab(d6,tt,ord,nb200k)@1.learned(s98,5801570e)@1.opener(rand,4)@1	ab(d6,tt,ord,qs,nb200k)@1.learned(s98,5801570e)@1.opener(rand,4)@1	W	72	8	8	569.135	678.119	546.875	609.375	36	36	1985081	2645588	183.00	177.58	32	32	4046873310	12
2026-07-26T21:46:42Z	20260726T214507Z	boards/board1.txt	ab(d6,tt,ord,qs,nb200k)@1.learned(s98,5801570e)@1.opener(rand,4)@1	ab(d8,tt,ord,nb2m)@1.classic(t1,c4,w0,l0)@2.opener(rand,4)@1	B	44	12	12	235.008	3365.931	234.375	3203.125	22	22	930708	12253082	94.00	121.00	18	18	2005250830	12
2026-07-26T21:45:08Z	20260726T214507Z	boards/board1.txt	ab(d6,ord,nb200k)@1.adv(t20,c77,w0,l0,f0,d-2,e0,m0,h0,b1,o0,r0,x0,n0,s1,g1)@1.opener(rand,4)@1	ab(d2)@1.classic(t1,c4,w0,l0)@2.opener(rand,4)@1	W	59	10	10	1169.846	0.252	1093.750	0.000	30	29	3304451	2841	140.85	48.00	26	25	3657209322	12
2026-07-26T21:45:09Z	20260726T214507Z	boards/board1.txt	ab(d6,tt,ord,nb200k)@1.classic(t1,c4,w0,l0)@2.opener(rand,4)@1	ab(d2)@1.classic(t1,c4,w0,l0)@2.opener(rand,4)@1	W	43	13	13	296.879	0.182	265.625	0.000	22	21	828111	2247	95.00	32.00	18	17	4238394826	12
2026-07-26T21:45:09Z	20260726T214507Z	boards/board1.txt	ab(d6,tt,ord,nb200k)@1.learned(s6,eac8ab99)@1.opener(rand,4)@1	ab(d2)@1.classic(t1,c4,w0,l0)@2.opener(rand,4)@1	W	55	11	12	555.646	0.247	531.250	0.000	28	27	1791600	2824	131.00	44.00	24	23	3555839414	12
2026-07-26T21:45:10Z	20260726T214507Z	boards/board1.txt	ab(d6,tt,ord,qs,nb200k)@1.learned(s98,5801570e)@1.opener(rand,4)@1	ab(d2)@1.classic(t1,c4,w0,l0)@2.opener(rand,4)@1	W	45	11	12	512.101	0.159	484.375	0.000	23	22	1560852	1744	101.00	34.00	19	18	2548833232	12
2026-07-26T21:45:11Z	20260726T214507Z	boards/board1.txt	ab(d6,ord,nb200k)@1.adv(t20,c77,w0,l0,f0,d-2,e0,m0,h0,b1,o0,r0,x0,n0,s1,g1)@1.opener(rand,4)@1	ab(d4)@1.classic(t1,c4,w0,l0)@2.opener(rand,4)@1	W	57	9	10	1112.508	6.782	1000.000	15.625	29	28	3051808	109744	133.76	89.00	25	24	3672856472	12
2026-07-26T21:45:11Z	20260726T214507Z	boards/board1.txt	ab(d6,tt,ord,nb200k)@1.classic(t1,c4,w0,l0)@2.opener(rand,4)@1	ab(d4)@1.classic(t1,c4,w0,l0)@2.opener(rand,4)@1	W	51	12	11	344.490	6.789	296.875	15.625	26	25	971558	118139	118.00	77.00	22	21	3722994300	12
2026-07-26T21:45:12Z	20260726T214507Z	boards/board1.txt	ab(d6,tt,ord,nb200k)@1.learned(s6,eac8ab99)@1.opener(rand,4)@1	ab(d4)@1.classic(t1,c4,w0,l0)@2.opener(rand,4)@1	W	49	11	11	504.173	6.127	453.125	0.000	25	24	1611499	92690	112.00	73.00	21	20	747121108	12
2026-07-26T21:45:12Z	20260726T214507Z	boards/board1.txt	ab(d6,tt,ord,qs,nb200k)@1.learned(s98,5801570e)@1.opener(rand,4)@1	ab(d4)@1.classic(t1,c4,w0,l0)@2.opener(rand,4)@1	W	45	13	11	425.080	4.342	421.875	0.000	23	22	1251086	71942	98.00	65.00	19	18	3267648242	12
2026-07-26T21:45:13Z	20260726T214507Z	boards/board1.txt	ab(d6,tt,ord,nb200k)@1.classic(t1,c4,w0,l0)@2.dil(r30,d4)@1.opener(rand,4)@1	ab(d6,ord,nb200k)@1.adv(t20,c77,w0,l0,f0,d-2,e0,m0,h0,b1,o0,r0,x0,n0,s1,g1)@1.opener(rand,4)@1	B	63	9	9	332.472	938.800	343.750	843.750	32	31	1015053	2468532	140.00	152.16	28	27	3243184254	12
2026-07-26T21:45:26Z	20260726T214507Z	boards/board1.txt	ab(d6,tt,ord,nb200k)@1.learned(s111,78ef6974)@1.opener(rand,4)@1	ab(d6,ord,nb200k)@1.adv(t20,c77,w0,l0,f0,d-2,e0,m0,h0,b1,o0,r0,x0,n0,s1,g1)@1.opener(rand,4)@1	B	51	12	11	11641.773	1163.844	10796.875	1046.875	26	25	2448672	3117863	116.40	114.36	22	21	691335633	12
2026-07-26T21:45:28Z	20260726T214507Z	boards/board1.txt	ab(d6,tt,ord,nb200k)@1.learned(s76,ef183148)@1.opener(rand,4)@1	ab(d6,ord,nb200k)@1.adv(t20,c77,w0,l0,f0,d-2,e0,m0,h0,b1,o0,r0,x0,n0,s1,g1)@1.opener(rand,4)@1	W	62	9	9	714.409	934.640	656.250	781.250	31	31	2348950	2589953	153.00	148.00	27	27	2545190679	12
2026-07-26T21:45:34Z	20260726T214507Z	boards/board1.txt	ab(d8,tt,ord,nb2m)@1.classic(t1,c4,w0,l0)@2.opener(rand,4)@1	ab(d6,ord,nb200k)@1.adv(t20,c77,w0,l0,f0,d-2,e0,m0,h0,b1,o0,r0,x0,n0,s1,g1)@1.opener(rand,4)@1	B	71	7	6	4929.747	1128.738	4578.125	984.375	36	35	15493720	3202994	233.00	176.97	32	31	2830834620	12
2026-07-26T21:45:34Z	20260726T214507Z	boards/board1.txt	ab(d6,tt,ord,nb200k)@1.classic(t1,c4,w0,l0)@2.opener(rand,4)@1	ab(d6,tt,ord,nb200k)@1.classic(t1,c4,w0,l0)@2.dil(r30,d4)@1.opener(rand,4)@1	W	42	11	11	195.338	157.260	109.375	140.625	21	21	511039	366739	93.00	82.00	17	17	2462367842	12
2026-07-26T21:45:35Z	20260726T214507Z	boards/board1.txt	ab(d6,tt,ord,nb200k)@1.learned(s6,eac8ab99)@1.opener(rand,4)@1	ab(d6,tt,ord,nb200k)@1.classic(t1,c4,w0,l0)@2.dil(r30,d4)@1.opener(rand,4)@1	W	68	9	8	764.439	331.306	703.125	265.625	34	34	1983069	963222	171.00	154.00	30	30	4137281710	12
2026-07-26T21:45:36Z	20260726T214507Z	boards/board1.txt	ab(d6,tt,ord,qs,nb200k)@1.learned(s98,5801570e)@1.opener(rand,4)@1	ab(d6,tt,ord,nb200k)@1.classic(t1,c4,w0,l0)@2.dil(r30,d4)@1.opener(rand,4)@1	W	36	14	13	366.265	165.748	343.750	171.875	18	18	1052320	435536	73.00	67.00	14	14	1582286360	12
2026-07-26T21:45:36Z	20260726T214507Z	boards/board1.txt	ab(d6,tt,ord,nb200k)@1.classic(t1,c4,w0,l0)@2.opener(rand,4)@1	ab(d6,tt,ord,nb200k)@1.classic(t1,c4,w0,l0)@2.dil(r63)@1.opener(rand,4)@1	W	32	14	14	206.962	112.343	156.250	109.375	16	16	559096	284333	67.00	37.00	12	7	1669508810	12
2026-07-26T21:45:37Z	20260726T214507Z	boards/board1.txt	ab(d6,tt,ord,nb200k)@1.learned(s6,eac8ab99)@1.opener(rand,4)@1	ab(d6,tt,ord,nb200k)@1.classic(t1,c4,w0,l0)@2.dil(r63)@1.opener(rand,4)@1	W	29	15	15	198.043	69.311	171.875	62.500	15	14	600981	173033	52.00	21.00	11	4	986953398	12
2026-07-26T21:45:37Z	20260726T214507Z	boards/board1.txt	ab(d6,tt,ord,qs,nb200k)@1.learned(s98,5801570e)@1.opener(rand,4)@1	ab(d6,tt,ord,nb200k)@1.classic(t1,c4,w0,l0)@2.dil(r63)@1.opener(rand,4)@1	W	38	13	11	374.115	77.827	312.500	93.750	19	19	1010834	213739	81.00	34.00	15	7	33363152	12
2026-07-26T21:45:48Z	20260726T214507Z	boards/board1.txt	ab(d6,tt,ord,nb200k)@1.learned(s111,78ef6974)@1.opener(rand,4)@1	ab(d6,tt,ord,nb200k)@1.classic(t1,c4,w0,l0)@2.opener(rand,4)@1	B	61	8	9	10177.373	349.248	9125.000	328.125	31	30	2084526	975163	148.00	147.00	27	26	506689625	12
2026-07-26T21:45:49Z	20260726T214507Z	boards/board1.txt	ab(d6,tt,ord,nb200k)@1.learned(s76,ef183148)@1.opener(rand,4)@1	ab(d6,tt,ord,nb200k)@1.classic(t1,c4,w0,l0)@2.opener(rand,4)@1	B	65	8	9	719.193	468.166	656.250	375.000	33	32	1934460	1179923	160.00	159.00	29	28	3176171183	12
2026-07-26T21:45:56Z	20260726T214507Z	boards/board1.txt	ab(d8,tt,ord,nb2m)@1.classic(t1,c4,w0,l0)@2.opener(rand,4)@1	ab(d6,tt,ord,nb200k)@1.classic(t1,c4,w0,l0)@2.opener(rand,4)@1	B	51	12	12	6769.263	81.103	6000.000	93.750	26	25	17359256	212456	152.94	117.00	22	21	1601831588	12
2026-07-26T21:46:12Z	20260726T214507Z	boards/board1.txt	ab(d6,tt,ord,nb200k)@1.learned(s6,eac8ab99)@1.opener(rand,4)@1	ab(d6,tt,ord,nb200k)@1.learned(s111,78ef6974)@1.opener(rand,4)@1	B	87	6	7	807.473	16049.239	750.000	15187.500	44	43	2416858	3486738	226.00	223.39	40	39	3257667007	12
2026-07-26T21:46:29Z	20260726T214507Z	boards/board1.txt	ab(d6,tt,ord,qs,nb200k)@1.learned(s98,5801570e)@1.opener(rand,4)@1	ab(d6,tt,ord,nb200k)@1.learned(s111,78ef6974)@1.opener(rand,4)@1	W	84	8	5	803.323	15389.158	750.000	14750.000	42	42	2607456	3661859	219.00	212.80	38	38	3694815389	12
2026-07-26T21:46:30Z	20260726T214507Z	boards/board1.txt	ab(d6,tt,ord,nb200k)@1.learned(s6,eac8ab99)@1.opener(rand,4)@1	ab(d6,tt,ord,nb200k)@1.learned(s3,68364898)@1.opener(rand,4)@1	W	62	9	8	528.708	597.690	562.500	515.625	31	31	1946625	1831736	153.00	148.00	27	27	4205804719	12
2026-07-26T21:46:31Z	20260726T214507Z	boards/board1.txt	ab(d6,tt,ord,qs,nb200k)@1.learned(s98,5801570e)@1.opener(rand,4)@1	ab(d6,tt,ord,nb200k)@1.learned(s3,68364898)@1.opener(rand,4)@1	W	72	10	8	650.205	559.810	640.625	531.250	36	36	2216669	2158641	183.00	178.00	32	32	4139991469	12
2026-07-26T21:46:33Z	20260726T214507Z	boards/board1.txt	ab(d6,tt,ord,nb200k)@1.learned(s76,ef183148)@1.opener(rand,4)@1	ab(d6,tt,ord,nb200k)@1.learned(s6,eac8ab99)@1.opener(rand,4)@1	W	86	4	5	794.972	758.585	750.000	781.250	43	43	2972170	2906769	223.12	219.44	39	39	1412406055	12
2026-07-26T21:46:38Z	20260726T214507Z	boards/board1.txt	ab(d8,tt,ord,nb2m)@1.classic(t1,c4,w0,l0)@2.opener(rand,4)@1	ab(d6,tt,ord,nb200k)@1.learned(s6,eac8ab99)@1.opener(rand,4)@1	W	52	12	11	5102.131	240.592	4875.000	218.750	26	26	16611876	836573	160.00	118.00	22	22	2891565100	12
2026-07-26T21:46:39Z	20260726T214507Z	boards/board1.txt	ab(d6,tt,ord,qs,nb200k)@1.learned(s98,5801570e)@1.opener(rand,4)@1	ab(d6,tt,ord,nb200k)@1.learned(s76,ef183148)@1.opener(rand,4)@1	W	78	8	7	655.546	641.466	562.500	671.875	39	39	2567379	2474869	200.60	195.24	35	35	2223285705	12
2026-07-26T21:46:40Z	20260726T214507Z	boards/board1.txt	ab(d6,tt,ord,qs,nb200k)@1.learned(s98,5801570e)@1.opener(rand,4)@1	ab(d6,tt,ord,nb200k)@1.learned(s98,5801570e)@1.opener(rand,4)@1	B	42	10	12	282.713	235.096	281.250	203.125	21	21	1026579	916308	93.00	93.00	17	17	4046873310	12
2026-07-26T21:46:43Z	20260726T214507Z	boards/board1.txt	ab(d8,tt,ord,nb2m)@1.classic(t1,c4,w0,l0)@2.opener(rand,4)@1	ab(d6,tt,ord,qs,nb200k)@1.learned(s98,5801570e)@1.opener(rand,4)@1	W	58	11	8	3145.885	116.778	3062.500	125.000	29	29	11872490	548650	184.00	136.00	25	25	2005250830	12
2026-07-26T21:45:08Z	20260726T214507Z	boards/board1.txt	ab(d2)@1.classic(t1,c4,w0,l0)@2.opener(rand,4)@1	ab(d6,tt,ord,nb200k)@1.classic(t1,c4,w0,l0)@2.dil(r30,d4)@1.opener(rand,4)@1	B	42	13	13	2.378	318.964	0.000	234.375	21	21	2277	824225	32.00	85.00	17	17	293579599	12
2026-07-26T21:45:22Z	20260726T214507Z	boards/board1.txt	ab(d2)@1.classic(t1,c4,w0,l0)@2.opener(rand,4)@1	ab(d6,tt,ord,nb200k)@1.learned(s111,78ef6974)@1.opener(rand,4)@1	W	54	13	10	0.254	14042.804	0.000	12031.250	27	27	2789	2649198	46.00	120.72	23	23	3503855368	12
2026-07-26T21:45:22Z	20260726T214507Z	boards/board1.txt	ab(d2)@1.classic(t1,c4,w0,l0)@2.opener(rand,4)@1	ab(d6,tt,ord,nb200k)@1.learned(s76,ef183148)@1.opener(rand,4)@1	W	64	10	7	0.262	701.632	0.000	578.125	32	32	2561	1937629	56.00	154.00	28	28	2804767634	12
2026-07-26T21:45:27Z	20260726T214507Z	boards/board1.txt	ab(d2)@1.classic(t1,c4,w0,l0)@2.opener(rand,4)@1	ab(d8,tt,ord,nb2m)@1.classic(t1,c4,w0,l0)@2.opener(rand,4)@1	B	46	12	12	0.223	4715.818	0.000	4015.625	23	23	2733	12784825	36.00	133.00	19	19	837901865	12
2026-07-26T21:45:27Z	20260726T214507Z	boards/board1.txt	ab(d4)@1.classic(t1,c4,w0,l0)@2.opener(rand,4)@1	ab(d6,tt,ord,nb200k)@1.classic(t1,c4,w0,l0)@2.dil(r30,d4)@1.opener(rand,4)@1	B	46	11	12	5.386	222.136	0.000	187.500	23	23	93118	648813	69.00	91.00	19	19	2255506045	12
2026-07-26T21:45:38Z	20260726T214507Z	boards/board1.txt	ab(d4)@1.classic(t1,c4,w0,l0)@2.opener(rand,4)@1	ab(d6,tt,ord,nb200k)@1.learned(s111,78ef6974)@1.opener(rand,4)@1	W	64	11	8	12.175	11037.925	15.625	9578.125	32	32	126713	2113149	112.00	154.00	28	28	3322839498	12
2026-07-26T21:45:39Z	20260726T214507Z	boards/board1.txt	ab(d4)@1.classic(t1,c4,w0,l0)@2.opener(rand,4)@1	ab(d6,tt,ord,nb200k)@1.learned(s76,ef183148)@1.opener(rand,4)@1	W	68	8	6	7.809	855.581	0.000	796.875	34	34	124203	2347618	120.00	166.00	30	30	4118181064	12
2026-07-26T21:45:45Z	20260726T214507Z	boards/board1.txt	ab(d4)@1.classic(t1,c4,w0,l0)@2.opener(rand,4)@1	ab(d8,tt,ord,nb2m)@1.classic(t1,c4,w0,l0)@2.opener(rand,4)@1	W	50	11	10	21.274	5341.502	0.000	4468.750	25	25	171578	14394158	84.00	145.00	21	21	1674289203	12
2026-07-26T21:45:46Z	20260726T214507Z	boards/board1.txt	ab(d6,ord,nb200k)@1.adv(t20,c77,w0,l0,f0,d-2,e0,m0,h0,b1,o0,r0,x0,n0,s1,g1)@1.opener(rand,4)@1	ab(d6,tt,ord,nb200k)@1.classic(t1,c4,w0,l0)@2.dil(r63)@1.opener(rand,4)@1	W	41	13	12	1023.365	134.066	812.500	125.000	21	20	2429156	428444	90.67	30.00	17	5	445705963	12
2026-07-26T21:45:47Z	20260726T214507Z	boards/board1.txt	ab(d6,ord,nb200k)@1.adv(t20,c77,w0,l0,f0,d-2,e0,m0,h0,b1,o0,r0,x0,n0,s1,g1)@1.opener(rand,4)@1	ab(d6,tt,ord,nb200k)@1.learned(s3,68364898)@1.opener(rand,4)@1	W	50	12	10	1097.784	571.987	968.750	484.375	25	25	2913057	1744931	115.12	111.96	21	21	2593134422	12
2026-07-26T21:45:49Z	20260726T214507Z	boards/board1.txt	ab(d6,ord,nb200k)@1.adv(t20,c77,w0,l0,f0,d-2,e0,m0,h0,b1,o0,r0,x0,n0,s1,g1)@1.opener(rand,4)@1	ab(d6,tt,ord,nb200k)@1.learned(s98,5801570e)@1.opener(rand,4)@1	B	35	14	14	849.093	516.026	734.375	453.125	18	17	2208961	1690078	67.07	67.09	14	13	3854050525	12
2026-07-26T21:45:50Z	20260726T214507Z	boards/board1.txt	ab(d6,ord,nb200k)@1.adv(t20,c77,w0,l0,f0,d-2,e0,m0,h0,b1,o0,r0,x0,n0,s1,g1)@1.opener(rand,4)@1	rand@1	W	41	14	11	1038.466	0.043	875.000	0.000	21	20	2636954	0	94.74	0.00	17	0	3271906712	12
2026-07-26T21:46:04Z	20260726T214507Z	boards/board1.txt	ab(d6,tt,ord,nb200k)@1.classic(t1,c4,w0,l0)@2.dil(r30,d4)@1.opener(rand,4)@1	ab(d6,tt,ord,nb200k)@1.learned(s111,78ef6974)@1.opener(rand,4)@1	B	67	8	11	300.720	13753.206	265.625	12156.250	34	33	836411	2784768	141.00	164.32	30	29	824176304	12
2026-07-26T21:46:05Z	20260726T214507Z	boards/board1.txt	ab(d6,tt,ord,nb200k)@1.classic(t1,c4,w0,l0)@2.dil(r30,d4)@1.opener(rand,4)@1	ab(d6,tt,ord,nb200k)@1.learned(s76,ef183148)@1.opener(rand,4)@1	B	69	6	10	252.127	649.969	218.750	609.375	35	34	800007	2130933	155.00	170.79	31	30	2939627402	12
2026-07-26T21:46:11Z	20260726T214507Z	boards/board1.txt	ab(d6,tt,ord,nb200k)@1.classic(t1,c4,w0,l0)@2.dil(r30,d4)@1.opener(rand,4)@1	ab(d8,tt,ord,nb2m)@1.classic(t1,c4,w0,l0)@2.opener(rand,4)@1	B	71	7	9	128.171	6179.309	156.250	5875.000	36	35	476820	19883094	168.00	232.00	32	31	3759990641	12
2026-07-26T21:46:16Z	20260726T214507Z	boards/board1.txt	ab(d6,tt,ord,nb200k)@1.classic(t1,c4,w0,l0)@2.dil(r63)@1.opener(rand,4)@1	ab(d6,tt,ord,nb200k)@1.learned(s111,78ef6974)@1.opener(rand,4)@1	B	26	14	15	55.131	5247.260	46.875	5000.000	13	13	170259	1358576	18.00	48.45	3	9	1856104456	12
2026-07-26T21:46:17Z	20260726T214507Z	boards/board1.txt	ab(d6,tt,ord,nb200k)@1.classic(t1,c4,w0,l0)@2.dil(r63)@1.opener(rand,4)@1	ab(d6,tt,ord,nb200k)@1.learned(s76,ef183148)@1.opener(rand,4)@1	B	40	13	15	16.200	480.181	0.000	484.375	20	20	63211	1741919	6.00	85.00	1	16	2030847634	12
2026-07-26T21:46:18Z	20260726T214507Z	boards/board1.txt	ab(d6,tt,ord,nb200k)@1.classic(t1,c4,w0,l0)@2.dil(r63)@1.opener(rand,4)@1	ab(d8,tt,ord,nb2m)@1.classic(t1,c4,w0,l0)@2.opener(rand,4)@1	B	19	15	16	0.045	907.641	0.000	890.625	10	9	168	3232333	1.00	33.00	1	5	1922178857	12
2026-07-26T21:46:19Z	20260726T214507Z	boards/board1.txt	ab(d6,tt,ord,nb200k)@1.classic(t1,c4,w0,l0)@2.opener(rand,4)@1	ab(d6,tt,ord,nb200k)@1.learned(s3,68364898)@1.opener(rand,4)@1	W	70	9	5	323.969	641.749	375.000	546.875	35	35	1130856	2334448	177.00	172.00	31	31	762320542	12
2026-07-26T21:46:20Z	20260726T214507Z	boards/board1.txt	ab(d6,tt,ord,nb200k)@1.classic(t1,c4,w0,l0)@2.opener(rand,4)@1	ab(d6,tt,ord,nb200k)@1.learned(s98,5801570e)@1.opener(rand,4)@1	W	68	8	7	376.113	420.504	359.375	406.250	34	34	1076897	1663441	171.00	166.00	30	30	1562916197	12
2026-07-26T21:46:20Z	20260726T214507Z	boards/board1.txt	ab(d6,tt,ord,nb200k)@1.classic(t1,c4,w0,l0)@2.opener(rand,4)@1	rand@1	W	19	16	13	63.083	0.010	62.500	0.000	10	9	220980	0	31.00	0.00	6	0	669002432	12
2026-07-26T21:46:33Z	20260726T214507Z	boards/board1.txt	ab(d6,tt,ord,nb200k)@1.learned(s111,78ef6974)@1.opener(rand,4)@1	ab(d6,tt,ord,nb200k)@1.learned(s76,ef183148)@1.opener(rand,4)@1	B	57	8	12	12180.656	746.181	11640.625	656.250	29	28	2945470	2373387	133.89	134.91	25	24	3219152145	12
2026-07-26T21:46:36Z	20260726T214507Z	boards/board1.txt	ab(d6,tt,ord,nb200k)@1.learned(s111,78ef6974)@1.opener(rand,4)@1	ab(d8,tt,ord,nb2m)@1.classic(t1,c4,w0,l0)@2.opener(rand,4)@1	W	32	13	13	1245.793	2518.589	1187.500	2421.875	16	16	318161	8629616	63.00	73.63	12	12	420601616	12
2026-07-26T21:46:38Z	20260726T214507Z	boards/board1.txt	ab(d6,tt,ord,nb200k)@1.learned(s3,68364898)@1.opener(rand,4)@1	ab(d6,tt,ord,nb200k)@1.learned(s76,ef183148)@1.opener(rand,4)@1	B	65	7	9	577.240	619.493	609.375	578.125	33	32	2288930	1976023	160.00	159.00	29	28	4229644961	12
2026-07-26T21:46:41Z	20260726T214507Z	boards/board1.txt	ab(d6,tt,ord,nb200k)@1.learned(s3,68364898)@1.opener(rand,4)@1	ab(d8,tt,ord,nb2m)@1.classic(t1,c4,w0,l0)@2.opener(rand,4)@1	B	57	8	10	164.617	3623.663	187.500	3437.500	29	28	683709	12854305	136.00	176.00	25	24	2043335296	12
2026-07-26T21:46:42Z	20260726T214507Z	boards/board1.txt	ab(d6,tt,ord,nb200k)@1.learned(s6,eac8ab99)@1.opener(rand,4)@1	ab(d6,tt,ord,nb200k)@1.learned(s98,5801570e)@1.opener(rand,4)@1	W	38	12	12	360.954	328.596	359.375	296.875	19	19	1184281	1493002	81.00	76.62	15	15	3190456013	12
2026-07-26T21:46:42Z	20260726T214507Z	boards/board1.txt	ab(d6,tt,ord,nb200k)@1.learned(s6,eac8ab99)@1.opener(rand,4)@1	rand@1	W	25	16	13	195.362	0.018	171.875	0.000	13	12	669807	0	49.00	0.00	9	0	754859784	12
2026-07-26T21:46:46Z	20260726T214507Z	boards/board1.txt	ab(d6,tt,ord,nb200k)@1.learned(s76,ef183148)@1.opener(rand,4)@1	ab(d8,tt,ord,nb2m)@1.classic(t1,c4,w0,l0)@2.opener(rand,4)@1	B	65	9	9	182.219	3454.777	140.625	3359.375	33	32	843626	14453374	160.00	208.00	29	28	1418830708	12
2026-07-26T21:46:50Z	20260726T214507Z	boards/board1.txt	ab(d6,tt,ord,nb200k)@1.learned(s98,5801570e)@1.opener(rand,4)@1	ab(d8,tt,ord,nb2m)@1.classic(t1,c4,w0,l0)@2.opener(rand,4)@1	W	62	8	9	192.245	3573.570	140.625	3500.000	31	31	835935	14896652	153.00	193.00	27	27	785345735	12
2026-07-26T21:46:50Z	20260726T214507Z	boards/board1.txt	ab(d6,tt,ord,qs,nb200k)@1.learned(s98,5801570e)@1.opener(rand,4)@1	rand@1	W	33	15	15	350.247	0.024	343.750	0.000	17	16	1553346	0	63.71	0.00	13	0	3280900570	12
2026-07-26T21:45:08Z	20260726T214507Z	boards/board1.txt	ab(d6,tt,ord,nb200k)@1.classic(t1,c4,w0,l0)@2.dil(r30,d4)@1.opener(rand,4)@1	ab(d2)@1.classic(t1,c4,w0,l0)@2.opener(rand,4)@1	W	49	12	12	370.882	0.223	359.375	0.000	25	24	1020284	2849	107.00	38.00	21	20	293579599	12
2026-07-26T21:45:17Z	20260726T214507Z	boards/board1.txt	ab(d6,tt,ord,nb200k)@1.learned(s111,78ef6974)@1.opener(rand,4)@1	ab(d2)@1.classic(t1,c4,w0,l0)@2.opener(rand,4)@1	W	63	7	11	9428.375	1.000	8437.500	15.625	32	31	1930368	2659	154.00	52.00	28	27	3503855368	12
2026-07-26T21:45:18Z	20260726T214507Z	boards/board1.txt	ab(d6,tt,ord,nb200k)@1.learned(s76,ef183148)@1.opener(rand,4)@1	ab(d2)@1.classic(t1,c4,w0,l0)@2.opener(rand,4)@1	W	53	10	11	500.837	0.204	484.375	0.000	27	26	1643008	2213	125.00	42.00	23	22	2804767634	12
2026-07-26T21:45:21Z	20260726T214507Z	boards/board1.txt	ab(d8,tt,ord,nb2m)@1.classic(t1,c4,w0,l0)@2.opener(rand,4)@1	ab(d2)@1.classic(t1,c4,w0,l0)@2.opener(rand,4)@1	W	39	13	13	3469.581	0.157	3125.000	0.000	20	19	9712291	1869	108.00	28.00	16	15	837901865	12
2026-07-26T21:45:21Z	20260726T214507Z	boards/board1.txt	ab(d6,tt,ord,nb200k)@1.classic(t1,c4,w0,l0)@2.dil(r30,d4)@1.opener(rand,4)@1	ab(d4)@1.classic(t1,c4,w0,l0)@2.opener(rand,4)@1	W	43	11	11	226.476	8.125	187.500	0.000	22	21	708231	113138	87.00	61.00	18	17	2255506045	12
2026-07-26T21:45:37Z	20260726T214507Z	boards/board1.txt	ab(d6,tt,ord,nb200k)@1.learned(s111,78ef6974)@1.opener(rand,4)@1	ab(d4)@1.classic(t1,c4,w0,l0)@2.opener(rand,4)@1	B	65	8	11	15387.994	10.295	14046.875	15.625	33	32	3204369	156622	159.75	112.00	29	28	3322839498	12
2026-07-26T21:45:37Z	20260726T214507Z	boards/board1.txt	ab(d6,tt,ord,nb200k)@1.learned(s76,ef183148)@1.opener(rand,4)@1	ab(d4)@1.classic(t1,c4,w0,l0)@2.opener(rand,4)@1	W	51	9	10	568.955	5.067	546.875	0.000	26	25	1749837	77477	118.00	77.00	22	21	4118181064	12
2026-07-26T21:45:41Z	20260726T214507Z	boards/board1.txt	ab(d8,tt,ord,nb2m)@1.classic(t1,c4,w0,l0)@2.opener(rand,4)@1	ab(d4)@1.classic(t1,c4,w0,l0)@2.opener(rand,4)@1	W	41	13	12	3560.337	6.270	3359.375	0.000	21	20	10416603	97132	113.00	57.00	17	16	1674289203	12
2026-07-26T21:45:42Z	20260726T214507Z	boards/board1.txt	ab(d6,tt,ord,nb200k)@1.classic(t1,c4,w0,l0)@2.dil(r63)@1.opener(rand,4)@1	ab(d6,ord,nb200k)@1.adv(t20,c77,w0,l0,f0,d-2,e0,m0,h0,b1,o0,r0,x0,n0,s1,g1)@1.opener(rand,4)@1	B	38	10	16	112.973	786.929	62.500	765.625	19	19	393330	2146732	30.00	78.41	5	15	445705963	12
2026-07-26T21:45:44Z	20260726T214507Z	boards/board1.txt	ab(d6,tt,ord,nb200k)@1.learned(s3,68364898)@1.opener(rand,4)@1	ab(d6,ord,nb200k)@1.adv(t20,c77,w0,l0,f0,d-2,e0,m0,h0,b1,o0,r0,x0,n0,s1,g1)@1.opener(rand,4)@1	B	59	10	10	897.538	1071.834	750.000	1000.000	30	29	2889697	2973729	141.03	139.64	26	25	2593134422	12
2026-07-26T21:45:46Z	20260726T214507Z	boards/board1.txt	ab(d6,tt,ord,nb200k)@1.learned(s98,5801570e)@1.opener(rand,4)@1	ab(d6,ord,nb200k)@1.adv(t20,c77,w0,l0,f0,d-2,e0,m0,h0,b1,o0,r0,x0,n0,s1,g1)@1.opener(rand,4)@1	B	49	8	13	698.024	963.687	656.250	906.250	25	24	2460247	2750925	111.47	110.83	21	20	3854050525	12
2026-07-26T21:45:46Z	20260726T214507Z	boards/board1.txt	rand@1	ab(d6,ord,nb200k)@1.adv(t20,c77,w0,l0,f0,d-2,e0,m0,h0,b1,o0,r0,x0,n0,s1,g1)@1.opener(rand,4)@1	B	26	14	16	0.020	269.693	0.000	281.250	13	13	0	744737	0.00	41.00	0	9	3271906712	12
2026-07-26T21:45:56Z	20260726T214507Z	boards/board1.txt	ab(d6,tt,ord,nb200k)@1.learned(s111,78ef6974)@1.opener(rand,4)@1	ab(d6,tt,ord,nb200k)@1.classic(t1,c4,w0,l0)@2.dil(r30,d4)@1.opener(rand,4)@1	W	64	9	8	9819.977	214.650	8765.625	140.625	32	32	1960741	577266	159.00	132.00	28	28	824176304	12
2026-07-26T21:45:57Z	20260726T214507Z	boards/board1.txt	ab(d6,tt,ord,nb200k)@1.learned(s76,ef183148)@1.opener(rand,4)@1	ab(d6,tt,ord,nb200k)@1.classic(t1,c4,w0,l0)@2.dil(r30,d4)@1.opener(rand,4)@1	W	46	13	9	475.724	190.059	406.250	218.750	23	23	1407261	603305	105.00	92.00	19	19	2939627402	12
2026-07-26T21:46:01Z	20260726T214507Z	boards/board1.txt	ab(d8,tt,ord,nb2m)@1.classic(t1,c4,w0,l0)@2.opener(rand,4)@1	ab(d6,tt,ord,nb200k)@1.classic(t1,c4,w0,l0)@2.dil(r30,d4)@1.opener(rand,4)@1	W	48	12	12	4446.291	91.899	4000.000	62.500	24	24	12500335	256300	144.00	101.00	20	20	3759990641	12
2026-07-26T21:46:10Z	20260726T214507Z	boards/board1.txt	ab(d6,tt,ord,nb200k)@1.learned(s111,78ef6974)@1.opener(rand,4)@1	ab(d6,tt,ord,nb200k)@1.classic(t1,c4,w0,l0)@2.dil(r63)@1.opener(rand,4)@1	W	41	15	10	8668.290	84.931	8328.125	62.500	21	20	2152062	292115	92.35	24.00	17	4	1856104456	12
2026-07-26T21:46:10Z	20260726T214507Z	boards/board1.txt	ab(d6,tt,ord,nb200k)@1.learned(s76,ef183148)@1.opener(rand,4)@1	ab(d6,tt,ord,nb200k)@1.classic(t1,c4,w0,l0)@2.dil(r63)@1.opener(rand,4)@1	W	31	15	11	280.211	20.069	265.625	15.625	16	15	1034787	73530	67.00	6.00	12	1	2030847634	12
2026-07-26T21:46:14Z	20260726T214507Z	boards/board1.txt	ab(d8,tt,ord,nb2m)@1.classic(t1,c4,w0,l0)@2.opener(rand,4)@1	ab(d6,tt,ord,nb200k)@1.classic(t1,c4,w0,l0)@2.dil(r63)@1.opener(rand,4)@1	W	42	14	11	3508.831	33.002	3343.750	31.250	21	21	12605150	129500	125.00	36.00	17	7	1922178857	12
2026-07-26T21:46:14Z	20260726T214507Z	boards/board1.txt	ab(d6,tt,ord,nb200k)@1.learned(s3,68364898)@1.opener(rand,4)@1	ab(d6,tt,ord,nb200k)@1.classic(t1,c4,w0,l0)@2.opener(rand,4)@1	W	54	8	10	474.654	276.042	421.875	265.625	27	27	1605426	942819	129.00	124.00	23	23	762320542	12
2026-07-26T21:46:15Z	20260726T214507Z	boards/board1.txt	ab(d6,tt,ord,nb200k)@1.learned(s98,5801570e)@1.opener(rand,4)@1	ab(d6,tt,ord,nb200k)@1.classic(t1,c4,w0,l0)@2.opener(rand,4)@1	B	71	7	10	696.078	317.876	734.375	265.625	36	35	2321679	1059554	177.94	177.00	32	31	1562916197	12
2026-07-26T21:46:15Z	20260726T214507Z	boards/board1.txt	rand@1	ab(d6,tt,ord,nb200k)@1.classic(t1,c4,w0,l0)@2.opener(rand,4)@1	B	22	12	16	0.015	80.769	0.000	78.125	11	11	0	293071	0.00	37.00	0	7	669002432	12
2026-07-26T21:46:29Z	20260726T214507Z	boards/board1.txt	ab(d6,tt,ord,nb200k)@1.learned(s76,ef183148)@1.opener(rand,4)@1	ab(d6,tt,ord,nb200k)@1.learned(s111,78ef6974)@1.opener(rand,4)@1	W	58	11	8	788.235	12388.654	687.500	11937.500	29	29	2336258	2869737	141.00	134.93	25	25	3219152145	12
2026-07-26T21:46:36Z	20260726T214507Z	boards/board1.txt	ab(d8,tt,ord,nb2m)@1.classic(t1,c4,w0,l0)@2.opener(rand,4)@1	ab(d6,tt,ord,nb200k)@1.learned(s111,78ef6974)@1.opener(rand,4)@1	W	42	13	13	4097.842	3002.402	3953.125	2890.625	21	21	13671837	846475	120.00	88.00	17	17	420601616	12
2026-07-26T21:46:37Z	20260726T214507Z	boards/board1.txt	ab(d6,tt,ord,nb200k)@1.learned(s76,ef183148)@1.opener(rand,4)@1	ab(d6,tt,ord,nb200k)@1.learned(s3,68364898)@1.opener(rand,4)@1	B	63	7	9	718.152	604.376	656.250	625.000	32	31	2473932	2121717	152.54	152.65	28	27	4229644961	12
2026-07-26T21:46:40Z	20260726T214507Z	boards/board1.txt	ab(d8,tt,ord,nb2m)@1.classic(t1,c4,w0,l0)@2.opener(rand,4)@1	ab(d6,tt,ord,nb200k)@1.learned(s3,68364898)@1.opener(rand,4)@1	W	52	11	8	3126.380	210.708	2953.125	234.375	26	26	11892245	780141	160.00	118.00	22	22	2043335296	12
2026-07-26T21:46:41Z	20260726T214507Z	boards/board1.txt	ab(d6,tt,ord,nb200k)@1.learned(s98,5801570e)@1.opener(rand,4)@1	ab(d6,tt,ord,nb200k)@1.learned(s6,eac8ab99)@1.opener(rand,4)@1	B	67	5	10	507.549	520.718	468.750	500.000	34	33	1904798	2153383	166.00	164.87	30	29	3190456013	12
2026-07-26T21:46:42Z	20260726T214507Z	boards/board1.txt	rand@1	ab(d6,tt,ord,nb200k)@1.learned(s6,eac8ab99)@1.opener(rand,4)@1	B	32	12	15	0.024	258.213	0.000	265.625	16	16	0	1062858	0.00	67.00	0	12	754859784	12
2026-07-26T21:46:44Z	20260726T214507Z	boards/board1.txt	ab(d8,tt,ord,nb2m)@1.classic(t1,c4,w0,l0)@2.opener(rand,4)@1	ab(d6,tt,ord,nb200k)@1.learned(s76,ef183148)@1.opener(rand,4)@1	W	48	11	12	2429.564	160.942	2359.375	171.875	24	24	10498990	691642	144.00	106.00	20	20	1418830708	12
2026-07-26T21:46:47Z	20260726T214507Z	boards/board1.txt	ab(d8,tt,ord,nb2m)@1.classic(t1,c4,w0,l0)@2.opener(rand,4)@1	ab(d6,tt,ord,nb200k)@1.learned(s98,5801570e)@1.opener(rand,4)@1	W	50	11	9	2744.453	90.626	2656.250	109.375	25	25	11467228	465495	152.00	112.00	21	21	785345735	12
2026-07-26T21:46:47Z	20260726T214507Z	boards/board1.txt	rand@1	ab(d6,tt,ord,qs,nb200k)@1.learned(s98,5801570e)@1.opener(rand,4)@1	B	28	12	16	0.021	195.591	0.000	187.500	14	14	0	856155	0.00	55.00	0	10	3280900570	12
2026-07-26T21:45:08Z	20260726T214507Z	boards/board1.txt	ab(d2)@1.classic(t1,c4,w0,l0)@2.opener(rand,4)@1	ab(d6,tt,ord,nb200k)@1.classic(t1,c4,w0,l0)@2.dil(r30,d4)@1.opener(rand,4)@1	B	50	13	13	0.236	224.440	0.000	156.250	25	25	3033	621825	40.00	99.00	21	21	406167604	12
2026-07-26T21:45:23Z	20260726T214507Z	boards/board1.txt	ab(d2)@1.classic(t1,c4,w0,l0)@2.opener(rand,4)@1	ab(d6,tt,ord,nb200k)@1.learned(s111,78ef6974)@1.opener(rand,4)@1	B	64	10	7	0.311	15400.105	0.000	13015.625	32	32	3370	2926337	54.00	152.86	28	28	3391267363	12
2026-07-26T21:45:24Z	20260726T214507Z	boards/board1.txt	ab(d2)@1.classic(t1,c4,w0,l0)@2.opener(rand,4)@1	ab(d6,tt,ord,nb200k)@1.learned(s76,ef183148)@1.opener(rand,4)@1	B	50	11	10	0.215	691.369	0.000	531.250	25	25	2271	1997394	40.00	112.49	21	21	2742121109	12
2026-07-26T21:45:26Z	20260726T214507Z	boards/board1.txt	ab(d2)@1.classic(t1,c4,w0,l0)@2.opener(rand,4)@1	ab(d8,tt,ord,nb2m)@1.classic(t1,c4,w0,l0)@2.opener(rand,4)@1	B	38	13	12	0.149	2809.502	0.000	2468.750	19	19	1755	7998162	28.00	98.00	15	15	900492710	12
2026-07-26T21:45:27Z	20260726T214507Z	boards/board1.txt	ab(d4)@1.classic(t1,c4,w0,l0)@2.opener(rand,4)@1	ab(d6,tt,ord,nb200k)@1.classic(t1,c4,w0,l0)@2.dil(r30,d4)@1.opener(rand,4)@1	W	52	11	10	9.351	338.607	15.625	281.250	26	26	134267	898778	88.00	110.00	22	22	2318152570	12
2026-07-26T21:45:37Z	20260726T214507Z	boards/board1.txt	ab(d4)@1.classic(t1,c4,w0,l0)@2.opener(rand,4)@1	ab(d6,tt,ord,nb200k)@1.learned(s111,78ef6974)@1.opener(rand,4)@1	B	46	11	11	4.249	10313.943	15.625	9000.000	23	23	63973	1955088	69.00	99.89	19	19	3260248653	12
2026-07-26T21:45:38Z	20260726T214507Z	boards/board1.txt	ab(d4)@1.classic(t1,c4,w0,l0)@2.opener(rand,4)@1	ab(d6,tt,ord,nb200k)@1.learned(s76,ef183148)@1.opener(rand,4)@1	B	56	10	9	7.864	521.255	15.625	421.875	28	28	118479	1676358	89.00	130.00	24	24	4054034659	12
2026-07-26T21:45:41Z	20260726T214507Z	boards/board1.txt	ab(d4)@1.classic(t1,c4,w0,l0)@2.opener(rand,4)@1	ab(d8,tt,ord,nb2m)@1.classic(t1,c4,w0,l0)@2.opener(rand,4)@1	B	48	11	13	6.531	3487.570	0.000	3078.125	24	24	106366	9771672	73.00	137.00	20	20	1786877208	12
2026-07-26T21:45:42Z	20260726T214507Z	boards/board1.txt	ab(d6,ord,nb200k)@1.adv(t20,c77,w0,l0,f0,d-2,e0,m0,h0,b1,o0,r0,x0,n0,s1,g1)@1.opener(rand,4)@1	ab(d6,tt,ord,nb200k)@1.classic(t1,c4,w0,l0)@2.dil(r63)@1.opener(rand,4)@1	W	32	13	13	751.598	83.207	656.250	78.125	16	16	2009538	277519	63.59	19.00	12	4	509838448	12
2026-07-26T21:45:43Z	20260726T214507Z	boards/board1.txt	ab(d6,ord,nb200k)@1.adv(t20,c77,w0,l0,f0,d-2,e0,m0,h0,b1,o0,r0,x0,n0,s1,g1)@1.opener(rand,4)@1	ab(d6,tt,ord,nb200k)@1.learned(s3,68364898)@1.opener(rand,4)@1	W	40	14	8	724.607	385.949	640.625	343.750	20	20	1918914	1343426	85.94	82.00	16	16	2530487897	12
2026-07-26T21:45:45Z	20260726T214507Z	boards/board1.txt	ab(d6,ord,nb200k)@1.adv(t20,c77,w0,l0,f0,d-2,e0,m0,h0,b1,o0,r0,x0,n0,s1,g1)@1.opener(rand,4)@1	ab(d6,tt,ord,nb200k)@1.learned(s98,5801570e)@1.opener(rand,4)@1	W	66	9	7	974.074	548.807	953.125	468.750	33	33	2737976	1834779	163.35	158.93	29	29	3916697050	12
2026-07-26T21:45:46Z	20260726T214507Z	boards/board1.txt	ab(d6,ord,nb200k)@1.adv(t20,c77,w0,l0,f0,d-2,e0,m0,h0,b1,o0,r0,x0,n0,s1,g1)@1.opener(rand,4)@1	rand@1	W	41	16	12	938.790	0.037	828.125	0.000	21	20	2398805	0	91.78	0.00	17	0	3159318707	12
2026-07-26T21:46:02Z	20260726T214507Z	boards/board1.txt	ab(d6,tt,ord,nb200k)@1.classic(t1,c4,w0,l0)@2.dil(r30,d4)@1.opener(rand,4)@1	ab(d6,tt,ord,nb200k)@1.learned(s111,78ef6974)@1.opener(rand,4)@1	B	71	8	7	486.506	15822.703	468.750	14031.250	36	35	1117109	3063219	169.00	174.72	32	31	711602219	12
2026-07-26T21:46:03Z	20260726T214507Z	boards/board1.txt	ab(d6,tt,ord,nb200k)@1.classic(t1,c4,w0,l0)@2.dil(r30,d4)@1.opener(rand,4)@1	ab(d6,tt,ord,nb200k)@1.learned(s76,ef183148)@1.opener(rand,4)@1	B	55	11	9	270.051	680.370	250.000	625.000	28	27	810360	1993025	123.00	128.93	24	23	2877036557	12
2026-07-26T21:46:07Z	20260726T214507Z	boards/board1.txt	ab(d6,tt,ord,nb200k)@1.classic(t1,c4,w0,l0)@2.dil(r30,d4)@1.opener(rand,4)@1	ab(d8,tt,ord,nb2m)@1.classic(t1,c4,w0,l0)@2.opener(rand,4)@1	W	48	12	9	96.505	4412.097	62.500	4234.375	24	24	301356	14504563	101.00	136.00	20	20	3871078766	12
2026-07-26T21:46:16Z	20260726T214507Z	boards/board1.txt	ab(d6,tt,ord,nb200k)@1.classic(t1,c4,w0,l0)@2.dil(r63)@1.opener(rand,4)@1	ab(d6,tt,ord,nb200k)@1.learned(s111,78ef6974)@1.opener(rand,4)@1	B	46	11	13	171.402	8034.755	93.750	7734.375	23	23	560590	2045215	60.00	103.96	10	19	1743516451	12
2026-07-26T21:46:16Z	20260726T214507Z	boards/board1.txt	ab(d6,tt,ord,nb200k)@1.classic(t1,c4,w0,l0)@2.dil(r63)@1.opener(rand,4)@1	ab(d6,tt,ord,nb200k)@1.learned(s76,ef183148)@1.opener(rand,4)@1	B	53	8	12	43.228	619.822	31.250	609.375	27	26	196310	2144734	26.00	124.00	6	22	1968201109	12
2026-07-26T21:46:19Z	20260726T214507Z	boards/board1.txt	ab(d6,tt,ord,nb200k)@1.classic(t1,c4,w0,l0)@2.dil(r63)@1.opener(rand,4)@1	ab(d8,tt,ord,nb2m)@1.classic(t1,c4,w0,l0)@2.opener(rand,4)@1	B	35	13	15	14.786	2571.246	31.250	2437.500	18	17	63857	8968042	31.00	97.00	6	13	1984769702	12
2026-07-26T21:46:19Z	20260726T214507Z	boards/board1.txt	ab(d6,tt,ord,nb200k)@1.classic(t1,c4,w0,l0)@2.opener(rand,4)@1	ab(d6,tt,ord,nb200k)@1.learned(s3,68364898)@1.opener(rand,4)@1	W	62	9	6	294.476	378.598	234.375	406.250	31	31	796777	1572990	153.00	148.00	27	27	699674017	12
2026-07-26T21:46:20Z	20260726T214507Z	boards/board1.txt	ab(d6,tt,ord,nb200k)@1.classic(t1,c4,w0,l0)@2.opener(rand,4)@1	ab(d6,tt,ord,nb200k)@1.learned(s98,5801570e)@1.opener(rand,4)@1	B	51	10	10	267.275	370.930	250.000	359.375	26	25	884496	1335167	118.00	117.00	22	21	1625562722	12
2026-07-26T21:46:20Z	20260726T214507Z	boards/board1.txt	ab(d6,tt,ord,nb200k)@1.classic(t1,c4,w0,l0)@2.opener(rand,4)@1	rand@1	W	23	16	13	90.036	0.016	78.125	0.000	12	11	302116	0	38.00	0.00	8	0	604869947	12
2026-07-26T21:46:34Z	20260726T214507Z	boards/board1.txt	ab(d6,tt,ord,nb200k)@1.learned(s111,78ef6974)@1.opener(rand,4)@1	ab(d6,tt,ord,nb200k)@1.learned(s76,ef183148)@1.opener(rand,4)@1	W	86	7	5	13180.045	954.626	12484.375	859.375	43	43	3478225	3424275	223.55	219.09	39	39	3281798670	12
2026-07-26T21:46:43Z	20260726T214507Z	boards/board1.txt	ab(d6,tt,ord,nb200k)@1.learned(s111,78ef6974)@1.opener(rand,4)@1	ab(d8,tt,ord,nb2m)@1.classic(t1,c4,w0,l0)@2.opener(rand,4)@1	B	59	10	12	3816.240	5301.291	3453.125	5078.125	30	29	1081512	18811624	142.00	184.00	26	25	307971851	12
2026-07-26T21:46:44Z	20260726T214507Z	boards/board1.txt	ab(d6,tt,ord,nb200k)@1.learned(s3,68364898)@1.opener(rand,4)@1	ab(d6,tt,ord,nb200k)@1.learned(s76,ef183148)@1.opener(rand,4)@1	B	53	10	10	382.445	404.113	359.375	406.250	27	26	1533773	1957851	124.00	122.38	23	22	4292291486	12
2026-07-26T21:46:49Z	20260726T214507Z	boards/board1.txt	ab(d6,tt,ord,nb200k)@1.learned(s3,68364898)@1.opener(rand,4)@1	ab(d8,tt,ord,nb2m)@1.classic(t1,c4,w0,l0)@2.opener(rand,4)@1	B	53	10	11	221.021	4640.952	234.375	4421.875	27	26	1042715	19975913	124.00	160.00	23	22	1979202811	12
2026-07-26T21:46:50Z	20260726T214507Z	boards/board1.txt	ab(d6,tt,ord,nb200k)@1.learned(s6,eac8ab99)@1.opener(rand,4)@1	ab(d6,tt,ord,nb200k)@1.learned(s98,5801570e)@1.opener(rand,4)@1	W	48	11	11	270.976	264.311	265.625	234.375	24	24	1075233	1155730	111.00	106.00	20	20	3253046858	12
2026-07-26T21:46:50Z	20260726T214507Z	boards/board1.txt	ab(d6,tt,ord,nb200k)@1.learned(s6,eac8ab99)@1.opener(rand,4)@1	rand@1	W	23	16	12	149.024	0.016	140.625	0.000	12	11	691382	0	43.00	0.00	8	0	642271779	12
2026-07-26T21:46:54Z	20260726T214507Z	boards/board1.txt	ab(d6,tt,ord,nb200k)@1.learned(s76,ef183148)@1.opener(rand,4)@1	ab(d8,tt,ord,nb2m)@1.classic(t1,c4,w0,l0)@2.opener(rand,4)@1	W	62	9	10	125.236	4355.831	109.375	4328.125	31	31	653077	18456471	153.00	193.00	27	27	1354684303	12
2026-07-26T21:46:57Z	20260726T214507Z	boards/board1.txt	ab(d6,tt,ord,nb200k)@1.learned(s98,5801570e)@1.opener(rand,4)@1	ab(d8,tt,ord,nb2m)@1.classic(t1,c4,w0,l0)@2.opener(rand,4)@1	B	43	12	12	165.967	2999.817	125.000	2984.375	22	21	782704	13334825	94.00	120.00	18	17	897919820	12
2026-07-26T21:46:58Z	20260726T214507Z	boards/board1.txt	ab(d6,tt,ord,qs,nb200k)@1.learned(s98,5801570e)@1.opener(rand,4)@1	rand@1	W	27	16	13	204.982	0.016	203.125	0.000	14	13	908970	0	55.00	0.00	10	0	3218254045	12
2026-07-26T21:45:07Z	20260726T214507Z	boards/board1.txt	ab(d6,tt,ord,nb200k)@1.classic(t1,c4,w0,l0)@2.dil(r30,d4)@1.opener(rand,4)@1	ab(d2)@1.classic(t1,c4,w0,l0)@2.opener(rand,4)@1	W	37	13	13	140.017	0.140	93.750	0.000	19	18	335001	1781	67.00	26.00	15	14	406167604	12
2026-07-26T21:45:18Z	20260726T214507Z	boards/board1.txt	ab(d6,tt,ord,nb200k)@1.learned(s111,78ef6974)@1.opener(rand,4)@1	ab(d2)@1.classic(t1,c4,w0,l0)@2.opener(rand,4)@1	W	59	10	10	10883.498	0.228	9812.500	0.000	30	29	2245552	2288	142.00	48.00	26	25	3391267363	12
2026-07-26T21:45:19Z	20260726T214507Z	boards/board1.txt	ab(d6,tt,ord,nb200k)@1.learned(s76,ef183148)@1.opener(rand,4)@1	ab(d2)@1.classic(t1,c4,w0,l0)@2.opener(rand,4)@1	B	55	9	11	719.883	0.242	640.625	0.000	28	27	2341755	2818	130.00	46.00	24	23	2742121109	12
2026-07-26T21:45:23Z	20260726T214507Z	boards/board1.txt	ab(d8,tt,ord,nb2m)@1.classic(t1,c4,w0,l0)@2.opener(rand,4)@1	ab(d2)@1.classic(t1,c4,w0,l0)@2.opener(rand,4)@1	W	39	14	14	3779.234	0.178	3453.125	0.000	20	19	10556114	1788	108.00	28.00	16	15	900492710	12
2026-07-26T21:45:23Z	20260726T214507Z	boards/board1.txt	ab(d6,tt,ord,nb200k)@1.classic(t1,c4,w0,l0)@2.dil(r30,d4)@1.opener(rand,4)@1	ab(d4)@1.classic(t1,c4,w0,l0)@2.opener(rand,4)@1	W	53	11	10	295.348	8.542	281.250	0.000	27	26	870929	138962	116.00	81.00	23	22	2318152570	12
2026-07-26T21:45:34Z	20260726T214507Z	boards/board1.txt	ab(d6,tt,ord,nb200k)@1.learned(s111,78ef6974)@1.opener(rand,4)@1	ab(d4)@1.classic(t1,c4,w0,l0)@2.opener(rand,4)@1	W	65	8	9	10737.127	6.631	9906.250	0.000	33	32	2219386	99804	160.00	105.00	29	28	3260248653	12
2026-07-26T21:45:35Z	20260726T214507Z	boards/board1.txt	ab(d6,tt,ord,nb200k)@1.learned(s76,ef183148)@1.opener(rand,4)@1	ab(d4)@1.classic(t1,c4,w0,l0)@2.opener(rand,4)@1	W	59	9	9	729.367	9.717	609.375	0.000	30	29	2079767	122470	142.00	93.00	26	25	4054034659	12
2026-07-26T21:45:37Z	20260726T214507Z	boards/board1.txt	ab(d8,tt,ord,nb2m)@1.classic(t1,c4,w0,l0)@2.opener(rand,4)@1	ab(d4)@1.classic(t1,c4,w0,l0)@2.opener(rand,4)@1	W	41	13	12	2509.974	6.295	2250.000	0.000	21	20	7299652	85200	113.00	57.00	17	16	1786877208	12
2026-07-26T21:45:38Z	20260726T214507Z	boards/board1.txt	ab(d6,tt,ord,nb200k)@1.classic(t1,c4,w0,l0)@2.dil(r63)@1.opener(rand,4)@1	ab(d6,ord,nb200k)@1.adv(t20,c77,w0,l0,f0,d-2,e0,m0,h0,b1,o0,r0,x0,n0,s1,g1)@1.opener(rand,4)@1	B	48	9	15	182.477	1172.079	140.625	1125.000	24	24	704055	3297647	50.00	107.79	9	20	509838448	12
2026-07-26T21:45:40Z	20260726T214507Z	boards/board1.txt	ab(d6,tt,ord,nb200k)@1.learned(s3,68364898)@1.opener(rand,4)@1	ab(d6,ord,nb200k)@1.adv(t20,c77,w0,l0,f0,d-2,e0,m0,h0,b1,o0,r0,x0,n0,s1,g1)@1.opener(rand,4)@1	B	55	8	12	698.580	978.105	593.750	937.500	28	27	2189556	2678972	130.00	127.93	24	23	2530487897	12
2026-07-26T21:45:42Z	20260726T214507Z	boards/board1.txt	ab(d6,tt,ord,nb200k)@1.learned(s98,5801570e)@1.opener(rand,4)@1	ab(d6,ord,nb200k)@1.adv(t20,c77,w0,l0,f0,d-2,e0,m0,h0,b1,o0,r0,x0,n0,s1,g1)@1.opener(rand,4)@1	B	63	10	11	876.149	1190.112	828.125	1093.750	32	31	2909407	3363631	152.67	150.42	28	27	3916697050	12
2026-07-26T21:45:42Z	20260726T214507Z	boards/board1.txt	rand@1	ab(d6,ord,nb200k)@1.adv(t20,c77,w0,l0,f0,d-2,e0,m0,h0,b1,o0,r0,x0,n0,s1,g1)@1.opener(rand,4)@1	B	22	15	16	0.014	219.979	0.000	218.750	11	11	0	658025	0.00	29.00	0	7	3159318707	12
2026-07-26T21:45:57Z	20260726T214507Z	boards/board1.txt	ab(d6,tt,ord,nb200k)@1.learned(s111,78ef6974)@1.opener(rand,4)@1	ab(d6,tt,ord,nb200k)@1.classic(t1,c4,w0,l0)@2.dil(r30,d4)@1.opener(rand,4)@1	B	75	8	7	14215.391	467.469	12984.375	484.375	38	37	3020635	1304945	189.37	176.00	34	33	711602219	12
2026-07-26T21:45:58Z	20260726T214507Z	boards/board1.txt	ab(d6,tt,ord,nb200k)@1.learned(s76,ef183148)@1.opener(rand,4)@1	ab(d6,tt,ord,nb200k)@1.classic(t1,c4,w0,l0)@2.dil(r30,d4)@1.opener(rand,4)@1	W	64	10	8	968.776	396.497	796.875	390.625	32	32	2572318	1258481	159.00	146.00	28	28	2877036557	12
2026-07-26T21:46:03Z	20260726T214507Z	boards/board1.txt	ab(d8,tt,ord,nb2m)@1.classic(t1,c4,w0,l0)@2.opener(rand,4)@1	ab(d6,tt,ord,nb200k)@1.classic(t1,c4,w0,l0)@2.dil(r30,d4)@1.opener(rand,4)@1	W	38	14	12	4339.230	54.471	4015.625	31.250	19	19	11972181	189141	104.00	68.00	15	15	3871078766	12
2026-07-26T21:46:10Z	20260726T214507Z	boards/board1.txt	ab(d6,tt,ord,nb200k)@1.learned(s111,78ef6974)@1.opener(rand,4)@1	ab(d6,tt,ord,nb200k)@1.classic(t1,c4,w0,l0)@2.dil(r63)@1.opener(rand,4)@1	W	51	12	8	6923.086	142.907	6562.500	125.000	26	25	1726692	498954	123.00	63.00	22	11	1743516451	12
2026-07-26T21:46:11Z	20260726T214507Z	boards/board1.txt	ab(d6,tt,ord,nb200k)@1.learned(s76,ef183148)@1.opener(rand,4)@1	ab(d6,tt,ord,nb200k)@1.classic(t1,c4,w0,l0)@2.dil(r63)@1.opener(rand,4)@1	W	49	13	13	517.579	55.327	500.000	46.875	25	24	1958970	210530	113.00	24.00	21	4	1968201109	12
2026-07-26T21:46:13Z	20260726T214507Z	boards/board1.txt	ab(d8,tt,ord,nb2m)@1.classic(t1,c4,w0,l0)@2.opener(rand,4)@1	ab(d6,tt,ord,nb200k)@1.classic(t1,c4,w0,l0)@2.dil(r63)@1.opener(rand,4)@1	W	33	16	12	2705.801	22.563	2593.750	15.625	17	16	9185982	115224	97.00	30.00	13	5	1984769702	12
2026-07-26T21:46:14Z	20260726T214507Z	boards/board1.txt	ab(d6,tt,ord,nb200k)@1.learned(s3,68364898)@1.opener(rand,4)@1	ab(d6,tt,ord,nb200k)@1.classic(t1,c4,w0,l0)@2.opener(rand,4)@1	W	48	11	11	419.824	236.906	359.375	234.375	24	24	1563784	817093	111.00	106.00	20	20	699674017	12
2026-07-26T21:46:15Z	20260726T214507Z	boards/board1.txt	ab(d6,tt,ord,nb200k)@1.learned(s98,5801570e)@1.opener(rand,4)@1	ab(d6,tt,ord,nb200k)@1.classic(t1,c4,w0,l0)@2.opener(rand,4)@1	W	54	9	11	551.694	272.955	562.500	234.375	27	27	1755323	956538	129.00	124.00	23	23	1625562722	12
2026-07-26T21:46:15Z	20260726T214507Z	boards/board1.txt	rand@1	ab(d6,tt,ord,nb200k)@1.classic(t1,c4,w0,l0)@2.opener(rand,4)@1	B	34	12	15	0.027	159.782	0.000	156.250	17	17	0	548106	0.00	65.00	0	13	604869947	12
2026-07-26T21:46:27Z	20260726T214507Z	boards/board1.txt	ab(d6,tt,ord,nb200k)@1.learned(s76,ef183148)@1.opener(rand,4)@1	ab(d6,tt,ord,nb200k)@1.learned(s111,78ef6974)@1.opener(rand,4)@1	B	59	11	9	833.334	11596.484	843.750	11109.375	30	29	2689743	2866887	141.50	139.57	26	25	3281798670	12
2026-07-26T21:46:35Z	20260726T214507Z	boards/board1.txt	ab(d8,tt,ord,nb2m)@1.classic(t1,c4,w0,l0)@2.opener(rand,4)@1	ab(d6,tt,ord,nb200k)@1.learned(s111,78ef6974)@1.opener(rand,4)@1	W	58	11	9	5286.611	2485.017	5000.000	2531.250	29	29	17324754	695886	184.00	136.00	25	25	307971851	12
2026-07-26T21:46:37Z	20260726T214507Z	boards/board1.txt	ab(d6,tt,ord,nb200k)@1.learned(s76,ef183148)@1.opener(rand,4)@1	ab(d6,tt,ord,nb200k)@1.learned(s3,68364898)@1.opener(rand,4)@1	W	74	9	5	830.620	779.595	796.875	765.625	37	37	2651546	2863578	189.00	181.78	33	33	4292291486	12
2026-07-26T21:46:42Z	20260726T214507Z	boards/board1.txt	ab(d8,tt,ord,nb2m)@1.classic(t1,c4,w0,l0)@2.opener(rand,4)@1	ab(d6,tt,ord,nb200k)@1.learned(s3,68364898)@1.opener(rand,4)@1	B	47	12	12	5245.090	189.600	5000.000	218.750	24	23	17975071	736877	137.00	105.00	20	19	1979202811	12
2026-07-26T21:46:43Z	20260726T214507Z	boards/board1.txt	ab(d6,tt,ord,nb200k)@1.learned(s98,5801570e)@1.opener(rand,4)@1	ab(d6,tt,ord,nb200k)@1.learned(s6,eac8ab99)@1.opener(rand,4)@1	W	66	10	9	645.059	530.557	703.125	421.875	33	33	2743433	2300686	165.00	160.00	29	29	3253046858	12
2026-07-26T21:46:44Z	20260726T214507Z	boards/board1.txt	rand@1	ab(d6,tt,ord,nb200k)@1.learned(s6,eac8ab99)@1.opener(rand,4)@1	B	30	11	16	0.024	205.157	0.000	218.750	15	15	0	869233	0.00	61.00	0	11	642271779	12
2026-07-26T21:46:50Z	20260726T214507Z	boards/board1.txt	ab(d8,tt,ord,nb2m)@1.classic(t1,c4,w0,l0)@2.opener(rand,4)@1	ab(d6,tt,ord,nb200k)@1.learned(s76,ef183148)@1.opener(rand,4)@1	W	58	12	10	5858.423	276.291	5687.500	265.625	29	29	23101012	1255729	184.00	136.00	25	25	1354684303	12
2026-07-26T21:46:53Z	20260726T214507Z	boards/board1.txt	ab(d8,tt,ord,nb2m)@1.classic(t1,c4,w0,l0)@2.opener(rand,4)@1	ab(d6,tt,ord,nb200k)@1.learned(s98,5801570e)@1.opener(rand,4)@1	W	50	11	10	2815.211	66.020	2703.125	78.125	25	25	11997401	365929	152.00	112.00	21	21	897919820	12
2026-07-26T21:46:53Z	20260726T214507Z	boards/board1.txt	rand@1	ab(d6,tt,ord,qs,nb200k)@1.learned(s98,5801570e)@1.opener(rand,4)@1	B	16	14	16	0.008	33.746	0.000	31.250	8	8	0	131864	0.00	19.00	0	4	3218254045	12
2026-07-26T21:46:59Z	20260726T214659Z	boards/board1.txt	ab(d2)@1.classic(t1,c4,w0,l0)@2.opener(rand,4)@1	ab(d4)@1.classic(t1,c4,w0,l0)@2.opener(rand,4)@1	B	38	13	13	0.149	8.048	0.000	15.625	19	19	1926	125950	28.00	60.00	15	15	1223892099	12
2026-07-26T21:47:00Z	20260726T214659Z	boards/board1.txt	ab(d2)@1.classic(t1,c4,w0,l0)@2.opener(rand,4)@1	ab(d6,ord,nb200k)@1.adv(t20,c77,w0,l0,f0,d-2,e0,m0,h0,b1,o0,r0,x0,n0,s1,g1)@1.opener(rand,4)@1	B	62	10	10	0.268	1155.683	0.000	1015.625	31	31	3191	3033771	52.00	147.07	27	27	3895079937	12
2026-07-26T21:47:00Z	20260726T214659Z	boards/board1.txt	ab(d2)@1.classic(t1,c4,w0,l0)@2.opener(rand,4)@1	ab(d6,tt,ord,nb200k)@1.classic(t1,c4,w0,l0)@2.dil(r63)@1.opener(rand,4)@1	W	29	16	13	0.098	69.671	0.000	46.875	15	14	1255	200722	22.00	18.00	11	3	1729428367	12
2026-07-26T21:47:00Z	20260726T214659Z	boards/board1.txt	ab(d2)@1.classic(t1,c4,w0,l0)@2.opener(rand,4)@1	ab(d6,tt,ord,nb200k)@1.classic(t1,c4,w0,l0)@2.opener(rand,4)@1	W	36	13	13	0.135	238.450	0.000	218.750	18	18	1594	651784	28.00	70.00	14	14	181298145	12
2026-07-26T21:47:01Z	20260726T214659Z	boards/board1.txt	ab(d2)@1.classic(t1,c4,w0,l0)@2.opener(rand,4)@1	ab(d6,tt,ord,nb200k)@1.learned(s3,68364898)@1.opener(rand,4)@1	B	48	12	12	0.201	651.210	0.000	578.125	24	24	2263	1877248	38.00	106.09	20	20	3398551938	12
2026-07-26T21:47:02Z	20260726T214659Z	boards/board1.txt	ab(d2)@1.classic(t1,c4,w0,l0)@2.opener(rand,4)@1	ab(d6,tt,ord,nb200k)@1.learned(s6,eac8ab99)@1.opener(rand,4)@1	B	50	13	12	0.288	847.886	0.000	734.375	25	25	3381	2502327	40.00	112.81	21	21	3144234149	12
2026-07-26T21:47:02Z	20260726T214659Z	boards/board1.txt	ab(d2)@1.classic(t1,c4,w0,l0)@2.opener(rand,4)@1	ab(d6,tt,ord,nb200k)@1.learned(s98,5801570e)@1.opener(rand,4)@1	B	54	11	10	0.281	644.620	0.000	593.750	27	27	3186	1876906	44.00	124.00	23	23	1973006649	12
2026-07-26T21:47:03Z	20260726T214659Z	boards/board1.txt	ab(d2)@1.classic(t1,c4,w0,l0)@2.opener(rand,4)@1	ab(d6,tt,ord,qs,nb200k)@1.learned(s98,5801570e)@1.opener(rand,4)@1	W	55	12	9	0.237	706.945	0.000	578.125	28	27	2563	2135161	48.00	124.00	24	23	2135742007	12
2026-07-26T21:47:03Z	20260726T214659Z	boards/board1.txt	ab(d2)@1.classic(t1,c4,w0,l0)@2.opener(rand,4)@1	rand@1	W	23	16	14	0.066	0.006	0.000	0.000	12	11	822	0	16.00	0.00	8	0	2247855072	12
2026-07-26T21:47:04Z	20260726T214659Z	boards/board1.txt	ab(d4)@1.classic(t1,c4,w0,l0)@2.opener(rand,4)@1	ab(d6,ord,nb200k)@1.adv(t20,c77,w0,l0,f0,d-2,e0,m0,h0,b1,o0,r0,x0,n0,s1,g1)@1.opener(rand,4)@1	B	56	11	10	7.145	1038.451	15.625	937.500	28	28	104257	2771066	89.00	129.20	24	24	3259807007	12
2026-07-26T21:47:04Z	20260726T214659Z	boards/board1.txt	ab(d4)@1.classic(t1,c4,w0,l0)@2.opener(rand,4)@1	ab(d6,tt,ord,nb200k)@1.classic(t1,c4,w0,l0)@2.dil(r63)@1.opener(rand,4)@1	W	23	15	12	2.229	60.343	0.000	62.500	12	11	33900	172638	32.00	18.00	8	3	1680970849	12
2026-07-26T21:47:04Z	20260726T214659Z	boards/board1.txt	ab(d4)@1.classic(t1,c4,w0,l0)@2.opener(rand,4)@1	ab(d6,tt,ord,nb200k)@1.classic(t1,c4,w0,l0)@2.opener(rand,4)@1	B	46	11	12	8.327	245.065	15.625	203.125	23	23	77983	705954	69.00	100.00	19	19	3959323275	12
2026-07-26T21:47:05Z	20260726T214659Z	boards/board1.txt	ab(d4)@1.classic(t1,c4,w0,l0)@2.opener(rand,4)@1	ab(d6,tt,ord,nb200k)@1.learned(s3,68364898)@1.opener(rand,4)@1	B	60	10	9	6.405	596.243	0.000	531.250	30	30	98575	1676614	97.00	142.00	26	26	2573421560	12
2026-07-26T21:47:05Z	20260726T214659Z	boards/board1.txt	ab(d4)@1.classic(t1,c4,w0,l0)@2.opener(rand,4)@1	ab(d6,tt,ord,nb200k)@1.learned(s6,eac8ab99)@1.opener(rand,4)@1	B	38	13	12	4.798	331.967	0.000	281.250	19	19	75522	976196	53.00	76.00	15	15	983491843	12
2026-07-26T21:47:06Z	20260726T214659Z	boards/board1.txt	ab(d4)@1.classic(t1,c4,w0,l0)@2.opener(rand,4)@1	ab(d6,tt,ord,nb200k)@1.learned(s98,5801570e)@1.opener(rand,4)@1	B	32	13	12	3.826	355.671	15.625	281.250	16	16	55566	987839	41.00	58.00	12	12	3680215759	12
2026-07-26T21:47:06Z	20260726T214659Z	boards/board1.txt	ab(d4)@1.classic(t1,c4,w0,l0)@2.opener(rand,4)@1	ab(d6,tt,ord,qs,nb200k)@1.learned(s98,5801570e)@1.opener(rand,4)@1	B	42	13	11	3.904	399.400	0.000	375.000	21	21	62031	1068263	61.00	88.00	17	17	3505518857	12
2026-07-26T21:47:06Z	20260726T214659Z	boards/board1.txt	ab(d4)@1.classic(t1,c4,w0,l0)@2.opener(rand,4)@1	rand@1	W	13	16	13	0.402	0.004	0.000	0.000	7	6	5992	0	12.00	0.00	3	0	3144786766	12
2026-07-26T21:47:07Z	20260726T214659Z	boards/board1.txt	ab(d6,ord,nb200k)@1.adv(t20,c77,w0,l0,f0,d-2,e0,m0,h0,b1,o0,r0,x0,n0,s1,g1)@1.opener(rand,4)@1	ab(d6,tt,ord,nb200k)@1.classic(t1,c4,w0,l0)@2.dil(r30,d4)@1.opener(rand,4)@1	W	66	8	8	1058.337	357.218	968.750	265.625	33	33	2830671	1126165	165.00	155.00	29	29	2831634669	12
2026-07-26T21:47:09Z	20260726T214659Z	boards/board1.txt	ab(d6,ord,nb200k)@1.adv(t20,c77,w0,l0,f0,d-2,e0,m0,h0,b1,o0,r0,x0,n0,s1,g1)@1.opener(rand,4)@1	ab(d6,tt,ord,nb200k)@1.classic(t1,c4,w0,l0)@2.opener(rand,4)@1	W	76	9	8	1269.627	422.404	1062.500	359.375	38	38	3361583	1350364	194.23	190.00	34	34	2582550805	12
2026-07-26T21:47:26Z	20260726T214659Z	boards/board1.txt	ab(d6,ord,nb200k)@1.adv(t20,c77,w0,l0,f0,d-2,e0,m0,h0,b1,o0,r0,x0,n0,s1,g1)@1.opener(rand,4)@1	ab(d6,tt,ord,nb200k)@1.learned(s111,78ef6974)@1.opener(rand,4)@1	W	52	11	8	1206.714	15188.688	968.750	13000.000	26	26	3033334	2750241	121.08	114.87	22	22	453465018	12
2026-07-26T21:47:27Z	20260726T214659Z	boards/board1.txt	ab(d6,ord,nb200k)@1.adv(t20,c77,w0,l0,f0,d-2,e0,m0,h0,b1,o0,r0,x0,n0,s1,g1)@1.opener(rand,4)@1	ab(d6,tt,ord,nb200k)@1.learned(s6,eac8ab99)@1.opener(rand,4)@1	W	54	11	8	1031.025	635.581	906.250	578.125	27	27	2721136	2142914	128.44	124.00	23	23	3794258045	12
2026-07-26T21:47:29Z	20260726T214659Z	boards/board1.txt	ab(d6,ord,nb200k)@1.adv(t20,c77,w0,l0,f0,d-2,e0,m0,h0,b1,o0,r0,x0,n0,s1,g1)@1.opener(rand,4)@1	ab(d6,tt,ord,nb200k)@1.learned(s76,ef183148)@1.opener(rand,4)@1	W	46	12	10	1234.149	631.747	968.750	531.250	23	23	2751025	1723860	102.71	100.00	19	19	2958281904	12
2026-07-26T21:47:31Z	20260726T214659Z	boards/board1.txt	ab(d6,ord,nb200k)@1.adv(t20,c77,w0,l0,f0,d-2,e0,m0,h0,b1,o0,r0,x0,n0,s1,g1)@1.opener(rand,4)@1	ab(d6,tt,ord,qs,nb200k)@1.learned(s98,5801570e)@1.opener(rand,4)@1	B	57	9	8	1197.881	668.680	984.375	515.625	29	28	2941308	1943706	135.94	134.88	25	24	3337362031	12
2026-07-26T21:47:39Z	20260726T214659Z	boards/board1.txt	ab(d6,ord,nb200k)@1.adv(t20,c77,w0,l0,f0,d-2,e0,m0,h0,b1,o0,r0,x0,n0,s1,g1)@1.opener(rand,4)@1	ab(d8,tt,ord,nb2m)@1.classic(t1,c4,w0,l0)@2.opener(rand,4)@1	W	74	8	9	1364.043	6276.343	1281.250	5296.875	37	37	3442013	17758582	187.11	239.00	33	33	3115605195	12
2026-07-26T21:47:39Z	20260726T214659Z	boards/board1.txt	ab(d6,tt,ord,nb200k)@1.classic(t1,c4,w0,l0)@2.dil(r30,d4)@1.opener(rand,4)@1	ab(d6,tt,ord,nb200k)@1.classic(t1,c4,w0,l0)@2.dil(r63)@1.opener(rand,4)@1	W	17	16	15	55.366	0.009	31.250	0.000	9	8	154957	0	20.00	0.00	5	0	264596295	12
2026-07-26T21:47:39Z	20260726T214659Z	boards/board1.txt	ab(d6,tt,ord,nb200k)@1.classic(t1,c4,w0,l0)@2.dil(r30,d4)@1.opener(rand,4)@1	ab(d6,tt,ord,nb200k)@1.classic(t1,c4,w0,l0)@2.opener(rand,4)@1	B	49	10	10	172.353	296.974	156.250	265.625	25	24	459672	724253	102.00	111.00	21	20	2700238457	12
2026-07-26T21:47:40Z	20260726T214659Z	boards/board1.txt	ab(d6,tt,ord,nb200k)@1.classic(t1,c4,w0,l0)@2.dil(r30,d4)@1.opener(rand,4)@1	ab(d6,tt,ord,nb200k)@1.learned(s3,68364898)@1.opener(rand,4)@1	B	57	10	9	324.731	699.685	328.125	578.125	29	28	739797	1822114	124.00	135.00	25	24	987611178	12
2026-07-26T21:47:41Z	20260726T214659Z	boards/board1.txt	ab(d6,tt,ord,nb200k)@1.classic(t1,c4,w0,l0)@2.dil(r30,d4)@1.opener(rand,4)@1	ab(d6,tt,ord,nb200k)@1.learned(s6,eac8ab99)@1.opener(rand,4)@1	B	69	7	6	400.727	713.961	281.250	671.875	35	34	1021299	2028178	162.00	170.65	31	30	3725732125	12
2026-07-26T21:47:42Z	20260726T214659Z	boards/board1.txt	ab(d6,tt,ord,nb200k)@1.classic(t1,c4,w0,l0)@2.dil(r30,d4)@1.opener(rand,4)@1	ab(d6,tt,ord,nb200k)@1.learned(s98,5801570e)@1.opener(rand,4)@1	B	55	10	10	250.207	467.262	187.500	421.875	28	27	715113	1138492	120.00	129.00	24	23	2816656161	12
2026-07-26T21:47:43Z	20260726T214659Z	boards/board1.txt	ab(d6,tt,ord,nb200k)@1.classic(t1,c4,w0,l0)@2.dil(r30,d4)@1.opener(rand,4)@1	ab(d6,tt,ord,qs,nb200k)@1.learned(s98,5801570e)@1.opener(rand,4)@1	B	65	7	8	299.110	503.925	250.000	484.375	33	32	809192	1161277	150.00	159.00	29	28	1169236895	12
2026-07-26T21:47:43Z	20260726T214659Z	boards/board1.txt	ab(d6,tt,ord,nb200k)@1.classic(t1,c4,w0,l0)@2.dil(r30,d4)@1.opener(rand,4)@1	rand@1	W	19	16	12	76.381	0.008	62.500	0.000	10	9	214796	0	27.00	0.00	6	0	492634760	12
2026-07-26T21:47:43Z	20260726T214659Z	boards/board1.txt	ab(d6,tt,ord,nb200k)@1.classic(t1,c4,w0,l0)@2.dil(r63)@1.opener(rand,4)@1	ab(d6,tt,ord,nb200k)@1.classic(t1,c4,w0,l0)@2.opener(rand,4)@1	B	29	13	16	82.584	157.737	62.500	156.250	15	14	199746	434543	31.00	55.00	6	10	1907379425	12
2026-07-26T21:47:43Z	20260726T214659Z	boards/board1.txt	ab(d6,tt,ord,nb200k)@1.classic(t1,c4,w0,l0)@2.dil(r63)@1.opener(rand,4)@1	ab(d6,tt,ord,nb200k)@1.learned(s3,68364898)@1.opener(rand,4)@1	B	16	12	16	0.008	54.511	0.000	46.875	8	8	0	137492	0.00	19.00	0	4	829665922	12
2026-07-26T21:47:44Z	20260726T214659Z	boards/board1.txt	ab(d6,tt,ord,nb200k)@1.classic(t1,c4,w0,l0)@2.dil(r63)@1.opener(rand,4)@1	ab(d6,tt,ord,nb200k)@1.learned(s6,eac8ab99)@1.opener(rand,4)@1	B	50	10	12	133.632	558.350	93.750	484.375	25	25	328023	1778212	48.00	116.65	8	21	575348133	12
2026-07-26T21:47:44Z	20260726T214659Z	boards/board1.txt	ab(d6,tt,ord,nb200k)@1.classic(t1,c4,w0,l0)@2.dil(r63)@1.opener(rand,4)@1	ab(d6,tt,ord,nb200k)@1.learned(s98,5801570e)@1.opener(rand,4)@1	B	34	12	15	72.190	286.725	46.875	250.000	17	17	196376	837272	24.00	70.00	4	13	1199086649	12
2026-07-26T21:47:45Z	20260726T214659Z	boards/board1.txt	ab(d6,tt,ord,nb200k)@1.classic(t1,c4,w0,l0)@2.dil(r63)@1.opener(rand,4)@1	ab(d6,tt,ord,qs,nb200k)@1.learned(s98,5801570e)@1.opener(rand,4)@1	B	28	11	16	88.382	337.168	93.750	296.875	14	14	228143	991221	18.00	54.31	3	10	3915239223	12
2026-07-26T21:47:45Z	20260726T214659Z	boards/board1.txt	ab(d6,tt,ord,nb200k)@1.classic(t1,c4,w0,l0)@2.dil(r63)@1.opener(rand,4)@1	rand@1	W	21	16	13	91.196	0.012	93.750	0.000	11	10	256658	0	31.00	0.00	6	0	1521194208	12
2026-07-26T21:47:58Z	20260726T214659Z	boards/board1.txt	ab(d6,tt,ord,nb200k)@1.classic(t1,c4,w0,l0)@2.opener(rand,4)@1	ab(d6,tt,ord,nb200k)@1.learned(s111,78ef6974)@1.opener(rand,4)@1	W	82	9	5	529.806	12586.090	515.625	10781.250	41	41	1178914	2438377	213.00	208.00	37	37	268874690	12
2026-07-26T21:47:59Z	20260726T214659Z	boards/board1.txt	ab(d6,tt,ord,nb200k)@1.classic(t1,c4,w0,l0)@2.opener(rand,4)@1	ab(d6,tt,ord,nb200k)@1.learned(s6,eac8ab99)@1.opener(rand,4)@1	W	64	8	9	388.733	649.495	359.375	546.875	32	32	1079937	1652434	159.00	154.00	28	28	160961237	12
2026-07-26T21:48:00Z	20260726T214659Z	boards/board1.txt	ab(d6,tt,ord,nb200k)@1.classic(t1,c4,w0,l0)@2.opener(rand,4)@1	ab(d6,tt,ord,nb200k)@1.learned(s76,ef183148)@1.opener(rand,4)@1	W	62	9	8	378.475	640.302	250.000	625.000	31	31	892172	1835907	153.00	148.00	27	27	3589276328	12
2026-07-26T21:48:01Z	20260726T214659Z	boards/board1.txt	ab(d6,tt,ord,nb200k)@1.classic(t1,c4,w0,l0)@2.opener(rand,4)@1	ab(d6,tt,ord,qs,nb200k)@1.learned(s98,5801570e)@1.opener(rand,4)@1	W	45	13	10	337.514	503.054	250.000	468.750	23	22	749839	1502635	105.00	99.00	19	18	4162912055	12
2026-07-26T21:48:07Z	20260726T214659Z	boards/board1.txt	ab(d6,tt,ord,nb200k)@1.classic(t1,c4,w0,l0)@2.opener(rand,4)@1	ab(d8,tt,ord,nb2m)@1.classic(t1,c4,w0,l0)@2.opener(rand,4)@1	W	56	12	9	103.856	6546.465	78.125	5437.500	28	28	334241	16463638	135.00	168.00	24	24	1886643923	12
2026-07-26T21:48:28Z	20260726T214659Z	boards/board1.txt	ab(d6,tt,ord,nb200k)@1.learned(s111,78ef6974)@1.opener(rand,4)@1	ab(d6,tt,ord,nb200k)@1.learned(s3,68364898)@1.opener(rand,4)@1	W	78	8	6	19983.049	1080.400	16859.375	906.250	39	39	3555882	2765585	198.76	196.00	35	35	3337837779	12
2026-07-26T21:48:42Z	20260726T214659Z	boards/board1.txt	ab(d6,tt,ord,nb200k)@1.learned(s111,78ef6974)@1.opener(rand,4)@1	ab(d6,tt,ord,nb200k)@1.learned(s6,eac8ab99)@1.opener(rand,4)@1	B	79	7	7	12787.145	857.172	10812.500	718.750	40	39	2404868	2415992	202.00	201.00	36	35	3670772152	12
2026-07-26T21:48:56Z	20260726T214659Z	boards/board1.txt	ab(d6,tt,ord,nb200k)@1.learned(s111,78ef6974)@1.opener(rand,4)@1	ab(d6,tt,ord,nb200k)@1.learned(s98,5801570e)@1.opener(rand,4)@1	B	91	5	5	12735.608	1151.696	10765.625	984.375	46	45	2577611	3260724	238.00	237.00	42	41	3049798670	12
2026-07-26T21:49:08Z	20260726T214659Z	boards/board1.txt	ab(d6,tt,ord,nb200k)@1.learned(s111,78ef6974)@1.opener(rand,4)@1	ab(d6,tt,ord,qs,nb200k)@1.learned(s98,5801570e)@1.opener(rand,4)@1	W	58	8	8	11732.668	798.467	9765.625	687.500	29	29	2210705	2042527	141.00	136.00	25	25	4106364974	12
2026-07-26T21:49:21Z	20260726T214659Z	boards/board1.txt	ab(d6,tt,ord,nb200k)@1.learned(s111,78ef6974)@1.opener(rand,4)@1	rand@1	W	43	15	13	12682.103	0.037	10625.000	0.000	22	21	2345452	0	92.90	0.00	18	0	3121706357	12
2026-07-26T21:49:23Z	20260726T214659Z	boards/board1.txt	ab(d6,tt,ord,nb200k)@1.learned(s3,68364898)@1.opener(rand,4)@1	ab(d6,tt,ord,nb200k)@1.learned(s6,eac8ab99)@1.opener(rand,4)@1	W	84	6	4	729.054	677.901	671.875	531.250	42	42	2100338	2029337	219.00	214.00	38	38	323942568	12
2026-07-26T21:49:24Z	20260726T214659Z	boards/board1.txt	ab(d6,tt,ord,nb200k)@1.learned(s3,68364898)@1.opener(rand,4)@1	ab(d6,tt,ord,nb200k)@1.learned(s98,5801570e)@1.opener(rand,4)@1	W	70	9	8	547.333	496.145	500.000	453.125	35	35	1764454	1299883	177.00	172.00	31	31	2014238462	12
2026-07-26T21:49:25Z	20260726T214659Z	boards/board1.txt	ab(d6,tt,ord,nb200k)@1.learned(s3,68364898)@1.opener(rand,4)@1	ab(d6,tt,ord,qs,nb200k)@1.learned(s98,5801570e)@1.opener(rand,4)@1	B	55	9	10	581.526	609.940	546.875	546.875	28	27	1847601	1679618	129.93	129.00	24	23	256573758	12
2026-07-26T21:49:25Z	20260726T214659Z	boards/board1.txt	ab(d6,tt,ord,nb200k)@1.learned(s3,68364898)@1.opener(rand,4)@1	rand@1	W	17	16	13	84.401	0.009	78.125	0.000	9	8	223438	0	25.00	0.00	5	0	3965395685	12
2026-07-26T21:49:26Z	20260726T214659Z	boards/board1.txt	ab(d6,tt,ord,nb200k)@1.learned(s6,eac8ab99)@1.opener(rand,4)@1	ab(d6,tt,ord,nb200k)@1.learned(s76,ef183148)@1.opener(rand,4)@1	W	74	8	8	770.570	797.832	703.125	750.000	37	37	1996380	2836841	189.00	184.00	33	33	1825441600	12
2026-07-26T21:49:28Z	20260726T214659Z	boards/board1.txt	ab(d6,tt,ord,nb200k)@1.learned(s6,eac8ab99)@1.opener(rand,4)@1	ab(d6,tt,ord,qs,nb200k)@1.learned(s98,5801570e)@1.opener(rand,4)@1	B	71	7	8	672.602	576.311	640.625	546.875	36	35	1992879	1805924	178.00	177.00	32	31	2459443455	12
2026-07-26T21:49:34Z	20260726T214659Z	boards/board1.txt	ab(d6,tt,ord,nb200k)@1.learned(s6,eac8ab99)@1.opener(rand,4)@1	ab(d8,tt,ord,nb2m)@1.classic(t1,c4,w0,l0)@2.opener(rand,4)@1	B	57	9	11	401.903	6209.217	343.750	5906.250	29	28	1297462	17887726	136.00	176.00	25	24	3176335675	12
2026-07-26T21:49:36Z	20260726T214659Z	boards/board1.txt	ab(d6,tt,ord,nb200k)@1.learned(s76,ef183148)@1.opener(rand,4)@1	ab(d6,tt,ord,nb200k)@1.learned(s98,5801570e)@1.opener(rand,4)@1	W	64	8	8	616.881	614.999	546.875	578.125	32	32	1832017	2204807	159.00	154.00	28	28	1708524066	12
2026-07-26T21:49:37Z	20260726T214659Z	boards/board1.txt	ab(d6,tt,ord,nb200k)@1.learned(s76,ef183148)@1.opener(rand,4)@1	ab(d6,tt,ord,qs,nb200k)@1.learned(s98,5801570e)@1.opener(rand,4)@1	W	93	6	4	660.909	813.511	718.750	750.000	47	46	1970339	2809463	244.00	238.00	43	42	1985415090	12
2026-07-26T21:49:37Z	20260726T214659Z	boards/board1.txt	ab(d6,tt,ord,nb200k)@1.learned(s76,ef183148)@1.opener(rand,4)@1	rand@1	W	33	15	11	342.785	0.029	328.125	0.000	17	16	1109432	0	70.00	0.00	13	0	2461230209	12
2026-07-26T21:49:38Z	20260726T214659Z	boards/board1.txt	ab(d6,tt,ord,nb200k)@1.learned(s98,5801570e)@1.opener(rand,4)@1	ab(d6,tt,ord,qs,nb200k)@1.learned(s98,5801570e)@1.opener(rand,4)@1	B	67	10	9	544.705	557.642	546.875	546.875	34	33	1833277	1894006	166.00	165.00	30	29	3635323725	12
2026-07-26T21:49:39Z	20260726T214659Z	boards/board1.txt	ab(d6,tt,ord,nb200k)@1.learned(s98,5801570e)@1.opener(rand,4)@1	rand@1	W	27	16	16	149.162	0.016	125.000	0.000	14	13	566307	0	47.00	0.00	10	0	603603802	12
2026-07-26T21:49:44Z	20260726T214659Z	boards/board1.txt	ab(d6,tt,ord,qs,nb200k)@1.learned(s98,5801570e)@1.opener(rand,4)@1	ab(d8,tt,ord,nb2m)@1.classic(t1,c4,w0,l0)@2.opener(rand,4)@1	B	70	6	8	304.524	5271.184	250.000	5062.500	35	35	1200745	18324825	177.00	232.00	31	31	1593645565	12
2026-07-26T21:49:46Z	20260726T214659Z	boards/board1.txt	ab(d8,tt,ord,nb2m)@1.classic(t1,c4,w0,l0)@2.opener(rand,4)@1	rand@1	W	31	16	13	1990.664	0.022	1890.625	0.000	16	15	7380541	0	77.00	0.00	12	0	975712446	12
2026-07-26T21:46:59Z	20260726T214659Z	boards/board1.txt	ab(d4)@1.classic(t1,c4,w0,l0)@2.opener(rand,4)@1	ab(d2)@1.classic(t1,c4,w0,l0)@2.opener(rand,4)@1	W	53	11	11	8.425	0.206	15.625	0.000	27	26	145336	3122	90.00	42.00	23	22	1223892099	12
2026-07-26T21:46:59Z	20260726T214659Z	boards/board1.txt	ab(d6,ord,nb200k)@1.adv(t20,c77,w0,l0,f0,d-2,e0,m0,h0,b1,o0,r0,x0,n0,s1,g1)@1.opener(rand,4)@1	ab(d2)@1.classic(t1,c4,w0,l0)@2.opener(rand,4)@1	W	51	10	10	829.178	0.179	703.125	0.000	26	25	2244456	1953	118.00	40.00	22	21	3895079937	12
2026-07-26T21:47:00Z	20260726T214659Z	boards/board1.txt	ab(d6,tt,ord,nb200k)@1.classic(t1,c4,w0,l0)@2.dil(r63)@1.opener(rand,4)@1	ab(d2)@1.classic(t1,c4,w0,l0)@2.opener(rand,4)@1	B	35	14	16	71.470	0.131	62.500	0.000	18	17	207818	1602	19.00	26.00	4	13	1729428367	12
2026-07-26T21:47:00Z	20260726T214659Z	boards/board1.txt	ab(d6,tt,ord,nb200k)@1.classic(t1,c4,w0,l0)@2.opener(rand,4)@1	ab(d2)@1.classic(t1,c4,w0,l0)@2.opener(rand,4)@1	W	25	15	14	82.221	0.064	78.125	0.000	13	12	250468	697	40.00	14.00	9	8	181298145	12
2026-07-26T21:47:00Z	20260726T214659Z	boards/board1.txt	ab(d6,tt,ord,nb200k)@1.learned(s3,68364898)@1.opener(rand,4)@1	ab(d2)@1.classic(t1,c4,w0,l0)@2.opener(rand,4)@1	W	39	13	13	463.945	0.167	406.250	0.000	20	19	1530388	2040	82.83	28.00	16	15	3398551938	12
2026-07-26T21:47:01Z	20260726T214659Z	boards/board1.txt	ab(d6,tt,ord,nb200k)@1.learned(s6,eac8ab99)@1.opener(rand,4)@1	ab(d2)@1.classic(t1,c4,w0,l0)@2.opener(rand,4)@1	W	51	11	12	632.144	0.251	562.500	0.000	26	25	1986419	2973	119.00	40.00	22	21	3144234149	12
2026-07-26T21:47:02Z	20260726T214659Z	boards/board1.txt	ab(d6,tt,ord,nb200k)@1.learned(s98,5801570e)@1.opener(rand,4)@1	ab(d2)@1.classic(t1,c4,w0,l0)@2.opener(rand,4)@1	W	59	11	12	1003.017	0.321	921.875	0.000	30	29	3039247	3522	141.50	48.00	26	25	1973006649	12
2026-07-26T21:47:03Z	20260726T214659Z	boards/board1.txt	ab(d6,tt,ord,qs,nb200k)@1.learned(s98,5801570e)@1.opener(rand,4)@1	ab(d2)@1.classic(t1,c4,w0,l0)@2.opener(rand,4)@1	W	57	10	11	843.553	0.269	796.875	0.000	29	28	2546601	3017	132.33	46.00	25	24	2135742007	12
2026-07-26T21:47:03Z	20260726T214659Z	boards/board1.txt	rand@1	ab(d2)@1.classic(t1,c4,w0,l0)@2.opener(rand,4)@1	B	22	13	16	0.007	0.047	0.000	0.000	11	11	0	582	0.00	14.00	0	7	2247855072	12
2026-07-26T21:47:03Z	20260726T214659Z	boards/board1.txt	ab(d6,ord,nb200k)@1.adv(t20,c77,w0,l0,f0,d-2,e0,m0,h0,b1,o0,r0,x0,n0,s1,g1)@1.opener(rand,4)@1	ab(d4)@1.classic(t1,c4,w0,l0)@2.opener(rand,4)@1	W	37	14	13	640.199	4.499	578.125	0.000	19	18	1742797	71120	75.25	49.00	15	14	3259807007	12
2026-07-26T21:47:03Z	20260726T214659Z	boards/board1.txt	ab(d6,tt,ord,nb200k)@1.classic(t1,c4,w0,l0)@2.dil(r63)@1.opener(rand,4)@1	ab(d4)@1.classic(t1,c4,w0,l0)@2.opener(rand,4)@1	B	24	12	16	72.138	2.619	62.500	0.000	12	12	224256	41535	18.00	32.00	3	8	1680970849	12
2026-07-26T21:47:04Z	20260726T214659Z	boards/board1.txt	ab(d6,tt,ord,nb200k)@1.classic(t1,c4,w0,l0)@2.opener(rand,4)@1	ab(d4)@1.classic(t1,c4,w0,l0)@2.opener(rand,4)@1	W	49	12	11	306.393	8.036	281.250	0.000	25	24	910754	115370	112.00	73.00	21	20	3959323275	12
2026-07-26T21:47:04Z	20260726T214659Z	boards/board1.txt	ab(d6,tt,ord,nb200k)@1.learned(s3,68364898)@1.opener(rand,4)@1	ab(d4)@1.classic(t1,c4,w0,l0)@2.opener(rand,4)@1	W	57	10	9	767.538	8.953	703.125	0.000	29	28	2320381	119079	136.00	89.00	25	24	2573421560	12
2026-07-26T21:47:05Z	20260726T214659Z	boards/board1.txt	ab(d6,tt,ord,nb200k)@1.learned(s6,eac8ab99)@1.opener(rand,4)@1	ab(d4)@1.classic(t1,c4,w0,l0)@2.opener(rand,4)@1	B	55	9	11	603.171	7.310	562.500	0.000	28	27	1845782	101071	130.00	92.00	24	23	983491843	12
2026-07-26T21:47:06Z	20260726T214659Z	boards/board1.txt	ab(d6,tt,ord,nb200k)@1.learned(s98,5801570e)@1.opener(rand,4)@1	ab(d4)@1.classic(t1,c4,w0,l0)@2.opener(rand,4)@1	W	73	5	7	854.627	8.214	765.625	0.000	37	36	2617179	132637	184.00	121.00	33	32	3680215759	12
2026-07-26T21:47:06Z	20260726T214659Z	boards/board1.txt	ab(d6,tt,ord,qs,nb200k)@1.learned(s98,5801570e)@1.opener(rand,4)@1	ab(d4)@1.classic(t1,c4,w0,l0)@2.opener(rand,4)@1	W	57	10	9	527.148	7.080	453.125	0.000	29	28	1632798	102155	134.00	89.00	25	24	3505518857	12
2026-07-26T21:47:06Z	20260726T214659Z	boards/board1.txt	rand@1	ab(d4)@1.classic(t1,c4,w0,l0)@2.opener(rand,4)@1	B	22	13	16	0.007	1.528	0.000	0.000	11	11	0	22171	0.00	28.00	0	7	3144786766	12
2026-07-26T21:47:08Z	20260726T214659Z	boards/board1.txt	ab(d6,tt,ord,nb200k)@1.classic(t1,c4,w0,l0)@2.dil(r30,d4)@1.opener(rand,4)@1	ab(d6,ord,nb200k)@1.adv(t20,c77,w0,l0,f0,d-2,e0,m0,h0,b1,o0,r0,x0,n0,s1,g1)@1.opener(rand,4)@1	B	57	9	8	283.268	905.659	234.375	828.125	29	28	974359	2518587	132.00	134.94	25	24	2831634669	12
2026-07-26T21:47:09Z	20260726T214659Z	boards/board1.txt	ab(d6,tt,ord,nb200k)@1.classic(t1,c4,w0,l0)@2.opener(rand,4)@1	ab(d6,ord,nb200k)@1.adv(t20,c77,w0,l0,f0,d-2,e0,m0,h0,b1,o0,r0,x0,n0,s1,g1)@1.opener(rand,4)@1	W	82	7	5	434.320	1249.229	375.000	1046.875	41	41	1342844	3189574	213.00	207.25	37	37	2582550805	12
2026-07-26T21:47:25Z	20260726T214659Z	boards/board1.txt	ab(d6,tt,ord,nb200k)@1.learned(s111,78ef6974)@1.opener(rand,4)@1	ab(d6,ord,nb200k)@1.adv(t20,c77,w0,l0,f0,d-2,e0,m0,h0,b1,o0,r0,x0,n0,s1,g1)@1.opener(rand,4)@1	B	73	6	8	14910.599	1229.683	13578.125	1187.500	37	36	3008221	3408105	183.00	182.62	33	32	453465018	12
2026-07-26T21:47:27Z	20260726T214659Z	boards/board1.txt	ab(d6,tt,ord,nb200k)@1.learned(s6,eac8ab99)@1.opener(rand,4)@1	ab(d6,ord,nb200k)@1.adv(t20,c77,w0,l0,f0,d-2,e0,m0,h0,b1,o0,r0,x0,n0,s1,g1)@1.opener(rand,4)@1	B	63	6	8	740.229	1262.180	718.750	1140.625	32	31	2536844	3474643	150.85	149.68	28	27	3794258045	12
2026-07-26T21:47:29Z	20260726T214659Z	boards/board1.txt	ab(d6,tt,ord,nb200k)@1.learned(s76,ef183148)@1.opener(rand,4)@1	ab(d6,ord,nb200k)@1.adv(t20,c77,w0,l0,f0,d-2,e0,m0,h0,b1,o0,r0,x0,n0,s1,g1)@1.opener(rand,4)@1	B	51	11	11	806.994	1138.804	750.000	1078.125	26	25	2940892	3249917	114.67	112.62	22	21	2958281904	12
2026-07-26T21:47:31Z	20260726T214659Z	boards/board1.txt	ab(d6,tt,ord,qs,nb200k)@1.learned(s98,5801570e)@1.opener(rand,4)@1	ab(d6,ord,nb200k)@1.adv(t20,c77,w0,l0,f0,d-2,e0,m0,h0,b1,o0,r0,x0,n0,s1,g1)@1.opener(rand,4)@1	W	68	10	8	856.270	1268.920	796.875	1125.000	34	34	2640633	3306988	168.78	164.21	30	30	3337362031	12
2026-07-26T21:47:38Z	20260726T214659Z	boards/board1.txt	ab(d8,tt,ord,nb2m)@1.classic(t1,c4,w0,l0)@2.opener(rand,4)@1	ab(d6,ord,nb200k)@1.adv(t20,c77,w0,l0,f0,d-2,e0,m0,h0,b1,o0,r0,x0,n0,s1,g1)@1.opener(rand,4)@1	W	80	6	6	5623.240	1338.790	5234.375	1265.625	40	40	17157040	3769344	272.00	201.05	36	36	3115605195	12
2026-07-26T21:47:39Z	20260726T214659Z	boards/board1.txt	ab(d6,tt,ord,nb200k)@1.classic(t1,c4,w0,l0)@2.dil(r63)@1.opener(rand,4)@1	ab(d6,tt,ord,nb200k)@1.classic(t1,c4,w0,l0)@2.dil(r30,d4)@1.opener(rand,4)@1	B	28	14	16	61.074	182.351	62.500	140.625	14	14	153665	445679	18.00	51.00	3	10	264596295	12
2026-07-26T21:47:39Z	20260726T214659Z	boards/board1.txt	ab(d6,tt,ord,nb200k)@1.classic(t1,c4,w0,l0)@2.opener(rand,4)@1	ab(d6,tt,ord,nb200k)@1.classic(t1,c4,w0,l0)@2.dil(r30,d4)@1.opener(rand,4)@1	W	62	9	9	341.276	244.579	296.875	203.125	31	31	885036	601922	153.00	138.00	27	27	2700238457	12
2026-07-26T21:47:40Z	20260726T214659Z	boards/board1.txt	ab(d6,tt,ord,nb200k)@1.learned(s3,68364898)@1.opener(rand,4)@1	ab(d6,tt,ord,nb200k)@1.classic(t1,c4,w0,l0)@2.dil(r30,d4)@1.opener(rand,4)@1	W	76	8	5	746.924	353.925	656.250	234.375	38	38	1833273	985309	195.00	174.00	34	34	987611178	12
2026-07-26T21:47:41Z	20260726T214659Z	boards/board1.txt	ab(d6,tt,ord,nb200k)@1.learned(s6,eac8ab99)@1.opener(rand,4)@1	ab(d6,tt,ord,nb200k)@1.classic(t1,c4,w0,l0)@2.dil(r30,d4)@1.opener(rand,4)@1	W	36	12	13	403.289	181.432	328.125	171.875	18	18	1117623	489531	75.00	67.00	14	14	3725732125	12
2026-07-26T21:47:42Z	20260726T214659Z	boards/board1.txt	ab(d6,tt,ord,nb200k)@1.learned(s98,5801570e)@1.opener(rand,4)@1	ab(d6,tt,ord,nb200k)@1.classic(t1,c4,w0,l0)@2.dil(r30,d4)@1.opener(rand,4)@1	B	41	13	11	671.635	210.048	562.500	187.500	21	20	1824492	544953	88.78	79.00	17	16	2816656161	12
2026-07-26T21:47:43Z	20260726T214659Z	boards/board1.txt	ab(d6,tt,ord,qs,nb200k)@1.learned(s98,5801570e)@1.opener(rand,4)@1	ab(d6,tt,ord,nb200k)@1.classic(t1,c4,w0,l0)@2.dil(r30,d4)@1.opener(rand,4)@1	W	52	11	9	655.217	264.976	546.875	250.000	26	26	1885768	702002	123.00	112.00	22	22	1169236895	12
2026-07-26T21:47:43Z	20260726T214659Z	boards/board1.txt	rand@1	ab(d6,tt,ord,nb200k)@1.classic(t1,c4,w0,l0)@2.dil(r30,d4)@1.opener(rand,4)@1	B	14	13	16	0.005	1.567	0.000	0.000	7	7	0	4695	0.00	9.00	0	3	492634760	12
2026-07-26T21:47:43Z	20260726T214659Z	boards/board1.txt	ab(d6,tt,ord,nb200k)@1.classic(t1,c4,w0,l0)@2.opener(rand,4)@1	ab(d6,tt,ord,nb200k)@1.classic(t1,c4,w0,l0)@2.dil(r63)@1.opener(rand,4)@1	W	23	16	13	91.765	40.673	31.250	46.875	12	11	220442	119385	39.00	18.00	8	3	1907379425	12
2026-07-26T21:47:43Z	20260726T214659Z	boards/board1.txt	ab(d6,tt,ord,nb200k)@1.learned(s3,68364898)@1.opener(rand,4)@1	ab(d6,tt,ord,nb200k)@1.classic(t1,c4,w0,l0)@2.dil(r63)@1.opener(rand,4)@1	W	31	15	10	301.277	51.114	234.375	0.000	16	15	717819	124312	67.00	24.00	12	4	829665922	12
2026-07-26T21:47:44Z	20260726T214659Z	boards/board1.txt	ab(d6,tt,ord,nb200k)@1.learned(s6,eac8ab99)@1.opener(rand,4)@1	ab(d6,tt,ord,nb200k)@1.classic(t1,c4,w0,l0)@2.dil(r63)@1.opener(rand,4)@1	W	41	12	9	368.141	123.869	234.375	109.375	21	20	911735	283748	92.00	42.00	17	7	575348133	12
2026-07-26T21:47:44Z	20260726T214659Z	boards/board1.txt	ab(d6,tt,ord,nb200k)@1.learned(s98,5801570e)@1.opener(rand,4)@1	ab(d6,tt,ord,nb200k)@1.classic(t1,c4,w0,l0)@2.dil(r63)@1.opener(rand,4)@1	W	25	15	13	254.746	57.755	234.375	0.000	13	12	691059	98812	44.00	12.00	9	2	1199086649	12
2026-07-26T21:47:44Z	20260726T214659Z	boards/board1.txt	ab(d6,tt,ord,qs,nb200k)@1.learned(s98,5801570e)@1.opener(rand,4)@1	ab(d6,tt,ord,nb200k)@1.classic(t1,c4,w0,l0)@2.dil(r63)@1.opener(rand,4)@1	W	27	16	14	253.665	57.976	234.375	31.250	14	13	709335	162450	49.00	18.00	10	3	3915239223	12
2026-07-26T21:47:44Z	20260726T214659Z	boards/board1.txt	rand@1	ab(d6,tt,ord,nb200k)@1.classic(t1,c4,w0,l0)@2.dil(r63)@1.opener(rand,4)@1	B	20	14	16	0.009	40.843	0.000	46.875	10	10	0	123572	0.00	14.00	0	4	1521194208	12
2026-07-26T21:47:55Z	20260726T214659Z	boards/board1.txt	ab(d6,tt,ord,nb200k)@1.learned(s111,78ef6974)@1.opener(rand,4)@1	ab(d6,tt,ord,nb200k)@1.classic(t1,c4,w0,l0)@2.opener(rand,4)@1	W	60	10	10	10239.536	412.475	9500.000	312.500	30	30	2167399	1098584	147.00	142.00	26	26	268874690	12
2026-07-26T21:47:56Z	20260726T214659Z	boards/board1.txt	ab(d6,tt,ord,nb200k)@1.learned(s6,eac8ab99)@1.opener(rand,4)@1	ab(d6,tt,ord,nb200k)@1.classic(t1,c4,w0,l0)@2.opener(rand,4)@1	B	57	8	10	563.014	373.846	562.500	296.875	29	28	1706712	992887	136.00	135.00	25	24	160961237	12
2026-07-26T21:47:57Z	20260726T214659Z	boards/board1.txt	ab(d6,tt,ord,nb200k)@1.learned(s76,ef183148)@1.opener(rand,4)@1	ab(d6,tt,ord,nb200k)@1.classic(t1,c4,w0,l0)@2.opener(rand,4)@1	B	33	14	15	546.883	279.292	484.375	296.875	17	16	1744663	729468	62.97	63.00	13	12	3589276328	12
2026-07-26T21:47:58Z	20260726T214659Z	boards/board1.txt	ab(d6,tt,ord,qs,nb200k)@1.learned(s98,5801570e)@1.opener(rand,4)@1	ab(d6,tt,ord,nb200k)@1.classic(t1,c4,w0,l0)@2.opener(rand,4)@1	B	69	7	10	710.273	387.150	640.625	406.250	35	34	2030338	1098186	172.00	171.00	31	30	4162912055	12
2026-07-26T21:48:02Z	20260726T214659Z	boards/board1.txt	ab(d8,tt,ord,nb2m)@1.classic(t1,c4,w0,l0)@2.opener(rand,4)@1	ab(d6,tt,ord,nb200k)@1.classic(t1,c4,w0,l0)@2.opener(rand,4)@1	W	52	12	11	4065.792	94.459	3750.000	93.750	26	26	12113364	260523	160.00	118.00	22	22	1886643923	12
2026-07-26T21:48:17Z	20260726T214659Z	boards/board1.txt	ab(d6,tt,ord,nb200k)@1.learned(s3,68364898)@1.opener(rand,4)@1	ab(d6,tt,ord,nb200k)@1.learned(s111,78ef6974)@1.opener(rand,4)@1	W	76	8	5	845.628	14438.195	765.625	13000.000	38	38	2325158	2893347	195.00	188.89	34	34	3337837779	12
2026-07-26T21:48:30Z	20260726T214659Z	boards/board1.txt	ab(d6,tt,ord,nb200k)@1.learned(s6,eac8ab99)@1.opener(rand,4)@1	ab(d6,tt,ord,nb200k)@1.learned(s111,78ef6974)@1.opener(rand,4)@1	B	57	9	9	776.403	12113.945	671.875	11031.250	29	28	2219889	2427382	136.00	135.00	25	24	3670772152	12
2026-07-26T21:48:47Z	20260726T214659Z	boards/board1.txt	ab(d6,tt,ord,nb200k)@1.learned(s98,5801570e)@1.opener(rand,4)@1	ab(d6,tt,ord,nb200k)@1.learned(s111,78ef6974)@1.opener(rand,4)@1	B	65	8	11	887.604	15644.603	765.625	14140.625	33	32	3115307	3063997	158.18	157.85	29	28	3049798670	12
2026-07-26T21:49:04Z	20260726T214659Z	boards/board1.txt	ab(d6,tt,ord,qs,nb200k)@1.learned(s98,5801570e)@1.opener(rand,4)@1	ab(d6,tt,ord,nb200k)@1.learned(s111,78ef6974)@1.opener(rand,4)@1	W	70	11	7	968.242	16405.208	906.250	15171.875	35	35	2705222	3230079	176.62	171.62	31	31	4106364974	12
2026-07-26T21:49:13Z	20260726T214659Z	boards/board1.txt	rand@1	ab(d6,tt,ord,nb200k)@1.learned(s111,78ef6974)@1.opener(rand,4)@1	B	38	12	16	0.031	9087.850	0.000	8328.125	19	19	0	1827511	0.00	77.00	0	15	3121706357	12
2026-07-26T21:49:14Z	20260726T214659Z	boards/board1.txt	ab(d6,tt,ord,nb200k)@1.learned(s6,eac8ab99)@1.opener(rand,4)@1	ab(d6,tt,ord,nb200k)@1.learned(s3,68364898)@1.opener(rand,4)@1	B	65	8	8	521.065	560.432	500.000	484.375	33	32	1659961	1657826	160.00	159.00	29	28	323942568	12
2026-07-26T21:49:15Z	20260726T214659Z	boards/board1.txt	ab(d6,tt,ord,nb200k)@1.learned(s98,5801570e)@1.opener(rand,4)@1	ab(d6,tt,ord,nb200k)@1.learned(s3,68364898)@1.opener(rand,4)@1	W	42	12	13	479.951	451.939	437.500	437.500	21	21	1411762	1367159	93.00	88.00	17	17	2014238462	12
2026-07-26T21:49:17Z	20260726T214659Z	boards/board1.txt	ab(d6,tt,ord,qs,nb200k)@1.learned(s98,5801570e)@1.opener(rand,4)@1	ab(d6,tt,ord,nb200k)@1.learned(s3,68364898)@1.opener(rand,4)@1	B	50	10	12	720.183	810.636	750.000	687.500	25	25	2313176	2169856	116.38	117.00	21	21	256573758	12
2026-07-26T21:49:17Z	20260726T214659Z	boards/board1.txt	rand@1	ab(d6,tt,ord,nb200k)@1.learned(s3,68364898)@1.opener(rand,4)@1	B	38	12	15	0.032	490.004	0.000	437.500	19	19	0	1392051	0.00	85.00	0	15	3965395685	12
2026-07-26T21:49:19Z	20260726T214659Z	boards/board1.txt	ab(d6,tt,ord,nb200k)@1.learned(s76,ef183148)@1.opener(rand,4)@1	ab(d6,tt,ord,nb200k)@1.learned(s6,eac8ab99)@1.opener(rand,4)@1	W	74	9	5	806.763	674.557	765.625	546.875	37	37	2129966	2150364	189.00	184.00	33	33	1825441600	12
2026-07-26T21:49:20Z	20260726T214659Z	boards/board1.txt	ab(d6,tt,ord,qs,nb200k)@1.learned(s98,5801570e)@1.opener(rand,4)@1	ab(d6,tt,ord,nb200k)@1.learned(s6,eac8ab99)@1.opener(rand,4)@1	W	76	8	7	687.255	788.344	484.375	828.125	38	38	2020017	2308288	194.73	190.00	34	34	2459443455	12
2026-07-26T21:49:25Z	20260726T214659Z	boards/board1.txt	ab(d8,tt,ord,nb2m)@1.classic(t1,c4,w0,l0)@2.opener(rand,4)@1	ab(d6,tt,ord,nb200k)@1.learned(s6,eac8ab99)@1.opener(rand,4)@1	W	58	9	10	4468.980	129.833	4265.625	109.375	29	29	13716709	475384	184.00	136.00	25	25	3176335675	12
2026-07-26T21:49:26Z	20260726T214659Z	boards/board1.txt	ab(d6,tt,ord,nb200k)@1.learned(s98,5801570e)@1.opener(rand,4)@1	ab(d6,tt,ord,nb200k)@1.learned(s76,ef183148)@1.opener(rand,4)@1	B	75	7	7	515.232	560.485	375.000	609.375	38	37	1514516	1810535	190.00	189.00	34	33	1708524066	12
2026-07-26T21:49:28Z	20260726T214659Z	boards/board1.txt	ab(d6,tt,ord,qs,nb200k)@1.learned(s98,5801570e)@1.opener(rand,4)@1	ab(d6,tt,ord,nb200k)@1.learned(s76,ef183148)@1.opener(rand,4)@1	B	70	8	10	867.565	815.225	843.750	734.375	35	35	2664278	2396985	176.75	177.00	31	31	1985415090	12
2026-07-26T21:49:28Z	20260726T214659Z	boards/board1.txt	rand@1	ab(d6,tt,ord,nb200k)@1.learned(s76,ef183148)@1.opener(rand,4)@1	B	20	13	16	0.013	152.403	0.000	156.250	10	10	0	458837	0.00	31.00	0	6	2461230209	12
2026-07-26T21:49:29Z	20260726T214659Z	boards/board1.txt	ab(d6,tt,ord,qs,nb200k)@1.learned(s98,5801570e)@1.opener(rand,4)@1	ab(d6,tt,ord,nb200k)@1.learned(s98,5801570e)@1.opener(rand,4)@1	W	78	9	8	1006.883	640.921	875.000	625.000	39	39	2873865	1876089	201.00	196.00	35	35	3635323725	12
2026-07-26T21:49:30Z	20260726T214659Z	boards/board1.txt	rand@1	ab(d6,tt,ord,nb200k)@1.learned(s98,5801570e)@1.opener(rand,4)@1	B	28	12	16	0.020	198.629	0.000	171.875	14	14	0	579522	0.00	50.00	0	10	603603802	12
2026-07-26T21:49:32Z	20260726T214659Z	boards/board1.txt	ab(d8,tt,ord,nb2m)@1.classic(t1,c4,w0,l0)@2.opener(rand,4)@1	ab(d6,tt,ord,qs,nb200k)@1.learned(s98,5801570e)@1.opener(rand,4)@1	W	34	14	11	2466.708	114.335	2265.625	125.000	17	17	7381620	373023	88.00	64.00	13	13	1593645565	12
2026-07-26T21:49:33Z	20260726T214659Z	boards/board1.txt	rand@1	ab(d8,tt,ord,nb2m)@1.classic(t1,c4,w0,l0)@2.opener(rand,4)@1	B	16	13	16	0.010	599.419	0.000	546.875	8	8	0	1741724	0.00	25.00	0	4	975712446	12
2026-07-26T21:46:59Z	20260726T214659Z	boards/board1.txt	ab(d2)@1.classic(t1,c4,w0,l0)@2.opener(rand,4)@1	ab(d4)@1.classic(t1,c4,w0,l0)@2.opener(rand,4)@1	B	66	10	10	0.287	10.666	0.000	15.625	33	33	4136	167777	56.00	108.00	29	29	1288038504	12
2026-07-26T21:46:59Z	20260726T214659Z	boards/board1.txt	ab(d2)@1.classic(t1,c4,w0,l0)@2.opener(rand,4)@1	ab(d6,ord,nb200k)@1.adv(t20,c77,w0,l0,f0,d-2,e0,m0,h0,b1,o0,r0,x0,n0,s1,g1)@1.opener(rand,4)@1	B	38	12	12	0.116	441.693	0.000	406.250	19	19	1272	1127508	28.00	76.00	15	15	4006112382	12
2026-07-26T21:46:59Z	20260726T214659Z	boards/board1.txt	ab(d2)@1.classic(t1,c4,w0,l0)@2.opener(rand,4)@1	ab(d6,tt,ord,nb200k)@1.classic(t1,c4,w0,l0)@2.dil(r63)@1.opener(rand,4)@1	W	33	14	13	0.108	97.423	0.000	93.750	17	16	1303	279756	26.00	36.00	13	6	1793574772	12
2026-07-26T21:46:59Z	20260726T214659Z	boards/board1.txt	ab(d2)@1.classic(t1,c4,w0,l0)@2.opener(rand,4)@1	ab(d6,tt,ord,nb200k)@1.classic(t1,c4,w0,l0)@2.opener(rand,4)@1	B	40	14	14	0.195	309.830	0.000	265.625	20	20	2565	823912	30.00	83.00	16	16	292386270	12
2026-07-26T21:47:00Z	20260726T214659Z	boards/board1.txt	ab(d2)@1.classic(t1,c4,w0,l0)@2.opener(rand,4)@1	ab(d6,tt,ord,nb200k)@1.learned(s3,68364898)@1.opener(rand,4)@1	B	38	13	11	0.141	311.473	0.000	281.250	19	19	1607	958361	28.00	76.00	15	15	3335905413	12
2026-07-26T21:47:00Z	20260726T214659Z	boards/board1.txt	ab(d2)@1.classic(t1,c4,w0,l0)@2.opener(rand,4)@1	ab(d6,tt,ord,nb200k)@1.learned(s6,eac8ab99)@1.opener(rand,4)@1	B	56	11	10	0.221	599.949	0.000	546.875	28	28	2435	1780777	46.00	131.00	24	24	3255322274	12
2026-07-26T21:47:01Z	20260726T214659Z	boards/board1.txt	ab(d2)@1.classic(t1,c4,w0,l0)@2.opener(rand,4)@1	ab(d6,tt,ord,nb200k)@1.learned(s98,5801570e)@1.opener(rand,4)@1	B	60	9	8	0.292	588.648	0.000	515.625	30	30	3343	1800512	50.00	132.00	26	26	2035653174	12
2026-07-26T21:47:02Z	20260726T214659Z	boards/board1.txt	ab(d2)@1.classic(t1,c4,w0,l0)@2.opener(rand,4)@1	ab(d6,tt,ord,qs,nb200k)@1.learned(s98,5801570e)@1.opener(rand,4)@1	B	46	13	12	0.219	545.542	0.000	468.750	23	23	2341	1509705	36.00	99.55	19	19	2199874492	12
2026-07-26T21:47:02Z	20260726T214659Z	boards/board1.txt	ab(d2)@1.classic(t1,c4,w0,l0)@2.opener(rand,4)@1	rand@1	W	35	15	12	0.113	0.009	0.000	0.000	18	17	1532	0	28.00	0.00	14	0	2183722587	12
2026-07-26T21:47:03Z	20260726T214659Z	boards/board1.txt	ab(d4)@1.classic(t1,c4,w0,l0)@2.opener(rand,4)@1	ab(d6,ord,nb200k)@1.adv(t20,c77,w0,l0,f0,d-2,e0,m0,h0,b1,o0,r0,x0,n0,s1,g1)@1.opener(rand,4)@1	W	60	8	8	12.012	1250.347	0.000	1093.750	30	30	144341	3163340	104.00	139.88	26	26	3323953412	12
2026-07-26T21:47:03Z	20260726T214659Z	boards/board1.txt	ab(d4)@1.classic(t1,c4,w0,l0)@2.opener(rand,4)@1	ab(d6,tt,ord,nb200k)@1.classic(t1,c4,w0,l0)@2.dil(r63)@1.opener(rand,4)@1	W	25	16	12	2.703	66.056	0.000	31.250	13	12	41892	190428	36.00	18.00	9	3	1792058974	12
2026-07-26T21:47:03Z	20260726T214659Z	boards/board1.txt	ab(d4)@1.classic(t1,c4,w0,l0)@2.opener(rand,4)@1	ab(d6,tt,ord,nb200k)@1.classic(t1,c4,w0,l0)@2.opener(rand,4)@1	W	52	10	9	10.288	322.325	0.000	312.500	26	26	110114	893838	88.00	113.00	22	22	4071953040	12
2026-07-26T21:47:04Z	20260726T214659Z	boards/board1.txt	ab(d4)@1.classic(t1,c4,w0,l0)@2.opener(rand,4)@1	ab(d6,tt,ord,nb200k)@1.learned(s3,68364898)@1.opener(rand,4)@1	B	50	11	9	6.405	466.431	0.000	390.625	25	25	91126	1352967	77.00	112.00	21	21	2509275155	12
2026-07-26T21:47:04Z	20260726T214659Z	boards/board1.txt	ab(d4)@1.classic(t1,c4,w0,l0)@2.opener(rand,4)@1	ab(d6,tt,ord,nb200k)@1.learned(s6,eac8ab99)@1.opener(rand,4)@1	B	60	10	9	7.217	687.396	0.000	546.875	30	30	114158	2061048	97.00	142.00	26	26	1047638248	12
2026-07-26T21:47:05Z	20260726T214659Z	boards/board1.txt	ab(d4)@1.classic(t1,c4,w0,l0)@2.opener(rand,4)@1	ab(d6,tt,ord,nb200k)@1.learned(s98,5801570e)@1.opener(rand,4)@1	B	54	11	10	10.521	671.062	15.625	578.125	27	27	136240	1789428	85.00	124.00	23	23	3792803764	12
2026-07-26T21:47:06Z	20260726T214659Z	boards/board1.txt	ab(d4)@1.classic(t1,c4,w0,l0)@2.opener(rand,4)@1	ab(d6,tt,ord,qs,nb200k)@1.learned(s98,5801570e)@1.opener(rand,4)@1	B	54	10	8	11.854	572.405	31.250	437.500	27	27	130059	1645939	85.00	122.00	23	23	3616606982	12
2026-07-26T21:47:06Z	20260726T214659Z	boards/board1.txt	ab(d4)@1.classic(t1,c4,w0,l0)@2.opener(rand,4)@1	rand@1	W	21	16	12	1.434	0.006	0.000	0.000	11	10	21364	0	28.00	0.00	7	0	3082140241	12
2026-07-26T21:47:07Z	20260726T214659Z	boards/board1.txt	ab(d6,ord,nb200k)@1.adv(t20,c77,w0,l0,f0,d-2,e0,m0,h0,b1,o0,r0,x0,n0,s1,g1)@1.opener(rand,4)@1	ab(d6,tt,ord,nb200k)@1.classic(t1,c4,w0,l0)@2.dil(r30,d4)@1.opener(rand,4)@1	W	52	10	11	852.720	306.006	718.750	281.250	26	26	2262283	852468	123.00	113.00	22	22	2894281194	12
2026-07-26T21:47:08Z	20260726T214659Z	boards/board1.txt	ab(d6,ord,nb200k)@1.adv(t20,c77,w0,l0,f0,d-2,e0,m0,h0,b1,o0,r0,x0,n0,s1,g1)@1.opener(rand,4)@1	ab(d6,tt,ord,nb200k)@1.classic(t1,c4,w0,l0)@2.opener(rand,4)@1	B	61	7	10	1142.963	392.491	1031.250	328.125	31	30	3162150	1216104	147.36	147.00	27	26	2645197330	12
2026-07-26T21:47:25Z	20260726T214659Z	boards/board1.txt	ab(d6,ord,nb200k)@1.adv(t20,c77,w0,l0,f0,d-2,e0,m0,h0,b1,o0,r0,x0,n0,s1,g1)@1.opener(rand,4)@1	ab(d6,tt,ord,nb200k)@1.learned(s111,78ef6974)@1.opener(rand,4)@1	W	64	11	6	1417.998	15148.958	1187.500	13281.250	32	32	3691762	2844015	156.68	153.12	28	28	342376893	12
2026-07-26T21:47:26Z	20260726T214659Z	boards/board1.txt	ab(d6,ord,nb200k)@1.adv(t20,c77,w0,l0,f0,d-2,e0,m0,h0,b1,o0,r0,x0,n0,s1,g1)@1.opener(rand,4)@1	ab(d6,tt,ord,nb200k)@1.learned(s6,eac8ab99)@1.opener(rand,4)@1	W	38	13	11	684.664	451.640	562.500	406.250	19	19	1723723	1348272	80.15	76.00	15	15	3856904570	12
2026-07-26T21:47:29Z	20260726T214659Z	boards/board1.txt	ab(d6,ord,nb200k)@1.adv(t20,c77,w0,l0,f0,d-2,e0,m0,h0,b1,o0,r0,x0,n0,s1,g1)@1.opener(rand,4)@1	ab(d6,tt,ord,nb200k)@1.learned(s76,ef183148)@1.opener(rand,4)@1	W	60	11	9	1546.202	991.068	1218.750	781.250	30	30	3689090	2739544	145.56	141.61	26	26	2845707819	12
2026-07-26T21:47:30Z	20260726T214659Z	boards/board1.txt	ab(d6,ord,nb200k)@1.adv(t20,c77,w0,l0,f0,d-2,e0,m0,h0,b1,o0,r0,x0,n0,s1,g1)@1.opener(rand,4)@1	ab(d6,tt,ord,qs,nb200k)@1.learned(s98,5801570e)@1.opener(rand,4)@1	B	53	9	12	1161.209	735.221	953.125	656.250	27	26	2905284	2038367	123.28	121.69	23	22	3449950036	12
2026-07-26T21:47:40Z	20260726T214659Z	boards/board1.txt	ab(d6,ord,nb200k)@1.adv(t20,c77,w0,l0,f0,d-2,e0,m0,h0,b1,o0,r0,x0,n0,s1,g1)@1.opener(rand,4)@1	ab(d8,tt,ord,nb2m)@1.classic(t1,c4,w0,l0)@2.opener(rand,4)@1	B	83	6	7	1511.136	7814.427	1250.000	6765.625	42	41	3771609	22242920	212.39	278.00	38	37	3179793360	12
2026-07-26T21:47:40Z	20260726T214659Z	boards/board1.txt	ab(d6,tt,ord,nb200k)@1.classic(t1,c4,w0,l0)@2.dil(r30,d4)@1.opener(rand,4)@1	ab(d6,tt,ord,nb200k)@1.classic(t1,c4,w0,l0)@2.dil(r63)@1.opener(rand,4)@1	W	33	15	10	155.284	81.103	125.000	93.750	17	16	348967	272086	65.00	30.00	13	5	377170380	12
2026-07-26T21:47:40Z	20260726T214659Z	boards/board1.txt	ab(d6,tt,ord,nb200k)@1.classic(t1,c4,w0,l0)@2.dil(r30,d4)@1.opener(rand,4)@1	ab(d6,tt,ord,nb200k)@1.classic(t1,c4,w0,l0)@2.opener(rand,4)@1	B	41	14	12	143.500	272.311	109.375	218.750	21	20	388188	666397	77.00	87.00	17	16	2811326582	12
2026-07-26T21:47:41Z	20260726T214659Z	boards/board1.txt	ab(d6,tt,ord,nb200k)@1.classic(t1,c4,w0,l0)@2.dil(r30,d4)@1.opener(rand,4)@1	ab(d6,tt,ord,nb200k)@1.learned(s3,68364898)@1.opener(rand,4)@1	W	66	10	8	301.744	742.080	296.875	578.125	33	33	717944	2229439	145.00	160.00	29	29	876523053	12
2026-07-26T21:47:42Z	20260726T214659Z	boards/board1.txt	ab(d6,tt,ord,nb200k)@1.classic(t1,c4,w0,l0)@2.dil(r30,d4)@1.opener(rand,4)@1	ab(d6,tt,ord,nb200k)@1.learned(s6,eac8ab99)@1.opener(rand,4)@1	B	47	10	12	217.872	502.721	171.875	453.125	24	23	557283	1412255	98.00	105.00	20	19	3836820250	12
2026-07-26T21:47:43Z	20260726T214659Z	boards/board1.txt	ab(d6,tt,ord,nb200k)@1.classic(t1,c4,w0,l0)@2.dil(r30,d4)@1.opener(rand,4)@1	ab(d6,tt,ord,nb200k)@1.learned(s98,5801570e)@1.opener(rand,4)@1	B	55	9	12	219.095	469.331	218.750	343.750	28	27	635064	1069348	115.00	129.00	24	23	2879302686	12
2026-07-26T21:47:44Z	20260726T214659Z	boards/board1.txt	ab(d6,tt,ord,nb200k)@1.classic(t1,c4,w0,l0)@2.dil(r30,d4)@1.opener(rand,4)@1	ab(d6,tt,ord,qs,nb200k)@1.learned(s98,5801570e)@1.opener(rand,4)@1	B	73	9	9	404.068	809.513	375.000	671.875	37	36	1128434	1951039	173.00	183.00	33	32	1233383300	12
2026-07-26T21:47:44Z	20260726T214659Z	boards/board1.txt	ab(d6,tt,ord,nb200k)@1.classic(t1,c4,w0,l0)@2.dil(r30,d4)@1.opener(rand,4)@1	rand@1	W	19	16	15	83.857	0.010	78.125	0.000	10	9	233430	0	26.00	0.00	6	0	380046755	12
2026-07-26T21:47:45Z	20260726T214659Z	boards/board1.txt	ab(d6,tt,ord,nb200k)@1.classic(t1,c4,w0,l0)@2.dil(r63)@1.opener(rand,4)@1	ab(d6,tt,ord,nb200k)@1.classic(t1,c4,w0,l0)@2.opener(rand,4)@1	B	34	11	16	44.245	286.370	46.875	250.000	17	17	118061	696340	18.00	73.00	3	13	2018467550	12
2026-07-26T21:47:45Z	20260726T214659Z	boards/board1.txt	ab(d6,tt,ord,nb200k)@1.classic(t1,c4,w0,l0)@2.dil(r63)@1.opener(rand,4)@1	ab(d6,tt,ord,nb200k)@1.learned(s3,68364898)@1.opener(rand,4)@1	B	34	11	16	143.476	460.689	125.000	375.000	17	17	359851	1350689	30.00	73.00	5	13	767019397	12
2026-07-26T21:47:46Z	20260726T214659Z	boards/board1.txt	ab(d6,tt,ord,nb200k)@1.classic(t1,c4,w0,l0)@2.dil(r63)@1.opener(rand,4)@1	ab(d6,tt,ord,nb200k)@1.learned(s6,eac8ab99)@1.opener(rand,4)@1	B	54	10	11	153.184	512.118	156.250	421.875	27	27	350946	1487258	60.00	130.00	10	23	686436258	12
2026-07-26T21:47:46Z	20260726T214659Z	boards/board1.txt	ab(d6,tt,ord,nb200k)@1.classic(t1,c4,w0,l0)@2.dil(r63)@1.opener(rand,4)@1	ab(d6,tt,ord,nb200k)@1.learned(s98,5801570e)@1.opener(rand,4)@1	B	38	10	13	154.842	383.082	109.375	328.125	19	19	332796	1080450	48.00	85.00	8	15	1261733174	12
2026-07-26T21:47:47Z	20260726T214659Z	boards/board1.txt	ab(d6,tt,ord,nb200k)@1.classic(t1,c4,w0,l0)@2.dil(r63)@1.opener(rand,4)@1	ab(d6,tt,ord,qs,nb200k)@1.learned(s98,5801570e)@1.opener(rand,4)@1	B	49	10	11	84.712	479.714	93.750	390.625	25	24	213403	1287736	37.00	115.00	7	20	3979371708	12
2026-07-26T21:47:47Z	20260726T214659Z	boards/board1.txt	ab(d6,tt,ord,nb200k)@1.classic(t1,c4,w0,l0)@2.dil(r63)@1.opener(rand,4)@1	rand@1	W	31	16	13	78.971	0.014	78.125	0.000	16	15	201924	0	19.00	0.00	4	0	1457061723	12
2026-07-26T21:47:56Z	20260726T214659Z	boards/board1.txt	ab(d6,tt,ord,nb200k)@1.classic(t1,c4,w0,l0)@2.opener(rand,4)@1	ab(d6,tt,ord,nb200k)@1.learned(s111,78ef6974)@1.opener(rand,4)@1	W	64	12	8	375.228	8694.194	296.875	8187.500	32	32	902633	1863612	159.00	154.00	28	28	157786565	12
2026-07-26T21:47:57Z	20260726T214659Z	boards/board1.txt	ab(d6,tt,ord,nb200k)@1.classic(t1,c4,w0,l0)@2.opener(rand,4)@1	ab(d6,tt,ord,nb200k)@1.learned(s6,eac8ab99)@1.opener(rand,4)@1	W	68	9	7	489.646	696.691	437.500	609.375	34	34	1122069	1936695	171.00	166.00	30	30	272049362	12
2026-07-26T21:47:58Z	20260726T214659Z	boards/board1.txt	ab(d6,tt,ord,nb200k)@1.classic(t1,c4,w0,l0)@2.opener(rand,4)@1	ab(d6,tt,ord,nb200k)@1.learned(s76,ef183148)@1.opener(rand,4)@1	W	66	9	7	321.620	549.537	203.125	437.500	33	33	782052	1583449	165.00	160.00	29	29	3476688323	12
2026-07-26T21:47:59Z	20260726T214659Z	boards/board1.txt	ab(d6,tt,ord,nb200k)@1.classic(t1,c4,w0,l0)@2.opener(rand,4)@1	ab(d6,tt,ord,qs,nb200k)@1.learned(s98,5801570e)@1.opener(rand,4)@1	B	49	11	11	290.430	518.180	281.250	343.750	25	24	754128	1272799	112.00	111.00	21	20	4227044540	12
2026-07-26T21:48:06Z	20260726T214659Z	boards/board1.txt	ab(d6,tt,ord,nb200k)@1.classic(t1,c4,w0,l0)@2.opener(rand,4)@1	ab(d8,tt,ord,nb2m)@1.classic(t1,c4,w0,l0)@2.opener(rand,4)@1	B	73	7	8	193.763	7010.639	187.500	5875.000	37	36	535580	17580692	184.00	240.00	33	32	1950790328	12
2026-07-26T21:48:17Z	20260726T214659Z	boards/board1.txt	ab(d6,tt,ord,nb200k)@1.learned(s111,78ef6974)@1.opener(rand,4)@1	ab(d6,tt,ord,nb200k)@1.learned(s3,68364898)@1.opener(rand,4)@1	B	67	8	7	10241.907	714.257	8984.375	625.000	34	33	1984828	2321754	166.00	163.80	30	29	3401984184	12
2026-07-26T21:48:33Z	20260726T214659Z	boards/board1.txt	ab(d6,tt,ord,nb200k)@1.learned(s111,78ef6974)@1.opener(rand,4)@1	ab(d6,tt,ord,nb200k)@1.learned(s6,eac8ab99)@1.opener(rand,4)@1	W	78	6	5	14770.416	910.968	12718.750	828.125	39	39	2779589	2776177	200.04	195.22	35	35	3606625747	12
2026-07-26T21:48:49Z	20260726T214659Z	boards/board1.txt	ab(d6,tt,ord,nb200k)@1.learned(s111,78ef6974)@1.opener(rand,4)@1	ab(d6,tt,ord,nb200k)@1.learned(s98,5801570e)@1.opener(rand,4)@1	B	75	6	8	14896.596	1069.709	13093.750	1000.000	38	37	2792114	2751069	188.95	188.26	34	33	2987152145	12
2026-07-26T21:49:08Z	20260726T214659Z	boards/board1.txt	ab(d6,tt,ord,nb200k)@1.learned(s111,78ef6974)@1.opener(rand,4)@1	ab(d6,tt,ord,qs,nb200k)@1.learned(s98,5801570e)@1.opener(rand,4)@1	W	75	9	7	18540.074	1151.167	16171.875	1031.250	38	37	3480958	3207541	190.00	183.94	34	33	4043718449	12
2026-07-26T21:49:12Z	20260726T214659Z	boards/board1.txt	ab(d6,tt,ord,nb200k)@1.learned(s111,78ef6974)@1.opener(rand,4)@1	rand@1	W	25	15	11	3566.424	0.019	3031.250	0.000	13	12	718811	0	49.00	0.00	9	0	3184297202	12
2026-07-26T21:49:13Z	20260726T214659Z	boards/board1.txt	ab(d6,tt,ord,nb200k)@1.learned(s3,68364898)@1.opener(rand,4)@1	ab(d6,tt,ord,nb200k)@1.learned(s6,eac8ab99)@1.opener(rand,4)@1	B	63	7	10	717.965	580.526	640.625	531.250	32	31	2208551	1673998	154.00	153.00	28	27	211354563	12
2026-07-26T21:49:15Z	20260726T214659Z	boards/board1.txt	ab(d6,tt,ord,nb200k)@1.learned(s3,68364898)@1.opener(rand,4)@1	ab(d6,tt,ord,nb200k)@1.learned(s98,5801570e)@1.opener(rand,4)@1	W	74	9	7	604.886	666.465	515.625	531.250	37	37	1786214	1743658	188.68	184.00	33	33	1903206017	12
2026-07-26T21:49:16Z	20260726T214659Z	boards/board1.txt	ab(d6,tt,ord,nb200k)@1.learned(s3,68364898)@1.opener(rand,4)@1	ab(d6,tt,ord,qs,nb200k)@1.learned(s98,5801570e)@1.opener(rand,4)@1	W	75	8	7	1027.478	904.757	781.250	781.250	38	37	2670997	2238135	190.00	184.00	34	33	193982913	12
2026-07-26T21:49:17Z	20260726T214659Z	boards/board1.txt	ab(d6,tt,ord,nb200k)@1.learned(s3,68364898)@1.opener(rand,4)@1	rand@1	W	39	16	13	720.253	0.035	546.875	0.000	20	19	1856911	0	90.38	0.00	16	0	4028042210	12
2026-07-26T21:49:18Z	20260726T214659Z	boards/board1.txt	ab(d6,tt,ord,nb200k)@1.learned(s6,eac8ab99)@1.opener(rand,4)@1	ab(d6,tt,ord,nb200k)@1.learned(s76,ef183148)@1.opener(rand,4)@1	W	66	8	9	598.746	671.944	531.250	515.625	33	33	1647293	1988507	165.00	159.67	29	29	1761309115	12
2026-07-26T21:49:20Z	20260726T214659Z	boards/board1.txt	ab(d6,tt,ord,nb200k)@1.learned(s6,eac8ab99)@1.opener(rand,4)@1	ab(d6,tt,ord,qs,nb200k)@1.learned(s98,5801570e)@1.opener(rand,4)@1	B	75	6	9	773.092	858.772	671.875	765.625	38	37	2250737	2383327	190.00	189.00	34	33	2523589860	12
2026-07-26T21:49:25Z	20260726T214659Z	boards/board1.txt	ab(d6,tt,ord,nb200k)@1.learned(s6,eac8ab99)@1.opener(rand,4)@1	ab(d8,tt,ord,nb2m)@1.classic(t1,c4,w0,l0)@2.opener(rand,4)@1	B	51	10	11	215.556	4544.237	203.125	4218.750	26	25	797251	13334487	117.68	152.00	22	21	3240468160	12
2026-07-26T21:49:26Z	20260726T214659Z	boards/board1.txt	ab(d6,tt,ord,nb200k)@1.learned(s76,ef183148)@1.opener(rand,4)@1	ab(d6,tt,ord,nb200k)@1.learned(s98,5801570e)@1.opener(rand,4)@1	W	68	9	8	827.535	666.122	703.125	687.500	34	34	2437206	1973530	171.00	166.00	30	30	1597435941	12
2026-07-26T21:49:28Z	20260726T214659Z	boards/board1.txt	ab(d6,tt,ord,nb200k)@1.learned(s76,ef183148)@1.opener(rand,4)@1	ab(d6,tt,ord,qs,nb200k)@1.learned(s98,5801570e)@1.opener(rand,4)@1	W	63	12	8	840.592	938.685	796.875	812.500	32	31	2394652	2880800	159.00	151.79	28	27	1874382645	12
2026-07-26T21:49:29Z	20260726T214659Z	boards/board1.txt	ab(d6,tt,ord,nb200k)@1.learned(s76,ef183148)@1.opener(rand,4)@1	rand@1	W	35	15	10	549.328	0.029	562.500	0.000	18	17	1709991	0	79.00	0.00	14	0	2572262654	12
2026-07-26T21:49:30Z	20260726T214659Z	boards/board1.txt	ab(d6,tt,ord,nb200k)@1.learned(s98,5801570e)@1.opener(rand,4)@1	ab(d6,tt,ord,qs,nb200k)@1.learned(s98,5801570e)@1.opener(rand,4)@1	W	86	7	6	891.763	908.996	953.125	718.750	43	43	2708245	2720267	225.00	219.67	39	39	3697914570	12
2026-07-26T21:49:31Z	20260726T214659Z	boards/board1.txt	ab(d6,tt,ord,nb200k)@1.learned(s98,5801570e)@1.opener(rand,4)@1	rand@1	W	41	15	12	659.691	0.035	625.000	0.000	21	20	1975969	0	90.69	0.00	17	0	540957277	12
2026-07-26T21:49:38Z	20260726T214659Z	boards/board1.txt	ab(d6,tt,ord,qs,nb200k)@1.learned(s98,5801570e)@1.opener(rand,4)@1	ab(d8,tt,ord,nb2m)@1.classic(t1,c4,w0,l0)@2.opener(rand,4)@1	B	58	8	10	375.183	6520.018	359.375	6156.250	29	29	1291025	18996078	141.00	184.00	25	25	1656292090	12
2026-07-26T21:49:38Z	20260726T214659Z	boards/board1.txt	ab(d8,tt,ord,nb2m)@1.classic(t1,c4,w0,l0)@2.opener(rand,4)@1	rand@1	W	13	16	13	218.354	0.007	203.125	0.000	7	6	704631	0	17.00	0.00	3	0	913121601	12
2026-07-26T21:46:59Z	20260726T214659Z	boards/board1.txt	ab(d4)@1.classic(t1,c4,w0,l0)@2.opener(rand,4)@1	ab(d2)@1.classic(t1,c4,w0,l0)@2.opener(rand,4)@1	W	35	15	15	8.533	0.130	0.000	0.000	18	17	90149	1869	56.00	24.00	14	13	1288038504	12
2026-07-26T21:47:00Z	20260726T214659Z	boards/board1.txt	ab(d6,ord,nb200k)@1.adv(t20,c77,w0,l0,f0,d-2,e0,m0,h0,b1,o0,r0,x0,n0,s1,g1)@1.opener(rand,4)@1	ab(d2)@1.classic(t1,c4,w0,l0)@2.opener(rand,4)@1	W	49	12	12	891.973	0.198	812.500	0.000	25	24	2376891	2207	111.72	38.00	21	20	4006112382	12
2026-07-26T21:47:00Z	20260726T214659Z	boards/board1.txt	ab(d6,tt,ord,nb200k)@1.classic(t1,c4,w0,l0)@2.dil(r63)@1.opener(rand,4)@1	ab(d2)@1.classic(t1,c4,w0,l0)@2.opener(rand,4)@1	B	42	9	15	180.013	0.196	171.875	0.000	21	21	573890	2486	47.00	34.00	8	17	1793574772	12
2026-07-26T21:47:00Z	20260726T214659Z	boards/board1.txt	ab(d6,tt,ord,nb200k)@1.classic(t1,c4,w0,l0)@2.opener(rand,4)@1	ab(d2)@1.classic(t1,c4,w0,l0)@2.opener(rand,4)@1	W	47	13	13	390.130	0.227	390.625	0.000	24	23	1084447	2794	107.00	36.00	20	19	292386270	12
2026-07-26T21:47:01Z	20260726T214659Z	boards/board1.txt	ab(d6,tt,ord,nb200k)@1.learned(s3,68364898)@1.opener(rand,4)@1	ab(d2)@1.classic(t1,c4,w0,l0)@2.opener(rand,4)@1	W	39	14	14	599.943	0.176	546.875	0.000	20	19	1756287	1947	82.72	28.00	16	15	3335905413	12
2026-07-26T21:47:01Z	20260726T214659Z	boards/board1.txt	ab(d6,tt,ord,nb200k)@1.learned(s6,eac8ab99)@1.opener(rand,4)@1	ab(d2)@1.classic(t1,c4,w0,l0)@2.opener(rand,4)@1	W	39	13	14	458.123	0.155	453.125	0.000	20	19	1445604	1596	82.00	28.00	16	15	3255322274	12
2026-07-26T21:47:02Z	20260726T214659Z	boards/board1.txt	ab(d6,tt,ord,nb200k)@1.learned(s98,5801570e)@1.opener(rand,4)@1	ab(d2)@1.classic(t1,c4,w0,l0)@2.opener(rand,4)@1	W	49	11	12	692.018	0.206	671.875	0.000	25	24	2137274	2195	112.00	38.00	21	20	2035653174	12
2026-07-26T21:47:02Z	20260726T214659Z	boards/board1.txt	ab(d6,tt,ord,qs,nb200k)@1.learned(s98,5801570e)@1.opener(rand,4)@1	ab(d2)@1.classic(t1,c4,w0,l0)@2.opener(rand,4)@1	W	47	12	12	604.811	0.212	578.125	0.000	24	23	2041296	2229	103.27	36.00	20	19	2199874492	12
2026-07-26T21:47:02Z	20260726T214659Z	boards/board1.txt	rand@1	ab(d2)@1.classic(t1,c4,w0,l0)@2.opener(rand,4)@1	B	14	13	16	0.005	0.021	0.000	0.000	7	7	0	216	0.00	6.00	0	3	2183722587	12
2026-07-26T21:47:03Z	20260726T214659Z	boards/board1.txt	ab(d6,ord,nb200k)@1.adv(t20,c77,w0,l0,f0,d-2,e0,m0,h0,b1,o0,r0,x0,n0,s1,g1)@1.opener(rand,4)@1	ab(d4)@1.classic(t1,c4,w0,l0)@2.opener(rand,4)@1	W	41	13	12	735.454	6.167	703.125	0.000	21	20	2082467	104251	87.37	57.00	17	16	3323953412	12
2026-07-26T21:47:03Z	20260726T214659Z	boards/board1.txt	ab(d6,tt,ord,nb200k)@1.classic(t1,c4,w0,l0)@2.dil(r63)@1.opener(rand,4)@1	ab(d4)@1.classic(t1,c4,w0,l0)@2.opener(rand,4)@1	B	34	12	15	96.579	4.508	93.750	0.000	17	17	296438	63558	30.00	52.00	5	13	1792058974	12
2026-07-26T21:47:04Z	20260726T214659Z	boards/board1.txt	ab(d6,tt,ord,nb200k)@1.classic(t1,c4,w0,l0)@2.opener(rand,4)@1	ab(d4)@1.classic(t1,c4,w0,l0)@2.opener(rand,4)@1	W	45	12	12	242.823	6.460	234.375	0.000	23	22	730835	98063	100.00	65.00	19	18	4071953040	12
2026-07-26T21:47:04Z	20260726T214659Z	boards/board1.txt	ab(d6,tt,ord,nb200k)@1.learned(s3,68364898)@1.opener(rand,4)@1	ab(d4)@1.classic(t1,c4,w0,l0)@2.opener(rand,4)@1	W	57	9	9	750.421	5.943	671.875	15.625	29	28	2211360	93382	136.00	89.00	25	24	2509275155	12
2026-07-26T21:47:05Z	20260726T214659Z	boards/board1.txt	ab(d6,tt,ord,nb200k)@1.learned(s6,eac8ab99)@1.opener(rand,4)@1	ab(d4)@1.classic(t1,c4,w0,l0)@2.opener(rand,4)@1	W	57	9	10	830.381	7.887	781.250	0.000	29	28	2443035	111052	135.64	89.00	25	24	1047638248	12
2026-07-26T21:47:06Z	20260726T214659Z	boards/board1.txt	ab(d6,tt,ord,nb200k)@1.learned(s98,5801570e)@1.opener(rand,4)@1	ab(d4)@1.classic(t1,c4,w0,l0)@2.opener(rand,4)@1	W	45	12	12	426.107	5.473	390.625	0.000	23	22	1253077	86590	100.00	65.00	19	18	3792803764	12
2026-07-26T21:47:06Z	20260726T214659Z	boards/board1.txt	ab(d6,tt,ord,qs,nb200k)@1.learned(s98,5801570e)@1.opener(rand,4)@1	ab(d4)@1.classic(t1,c4,w0,l0)@2.opener(rand,4)@1	W	49	12	10	638.672	6.953	562.500	0.000	25	24	1802258	103372	110.00	73.00	21	20	3616606982	12
2026-07-26T21:47:06Z	20260726T214659Z	boards/board1.txt	rand@1	ab(d4)@1.classic(t1,c4,w0,l0)@2.opener(rand,4)@1	B	22	13	16	0.007	1.326	0.000	0.000	11	11	0	19355	0.00	28.00	0	7	3082140241	12
2026-07-26T21:47:07Z	20260726T214659Z	boards/board1.txt	ab(d6,tt,ord,nb200k)@1.classic(t1,c4,w0,l0)@2.dil(r30,d4)@1.opener(rand,4)@1	ab(d6,ord,nb200k)@1.adv(t20,c77,w0,l0,f0,d-2,e0,m0,h0,b1,o0,r0,x0,n0,s1,g1)@1.opener(rand,4)@1	W	58	9	9	293.590	834.680	250.000	796.875	29	29	981686	2387062	135.00	134.72	25	25	2894281194	12
2026-07-26T21:47:09Z	20260726T214659Z	boards/board1.txt	ab(d6,tt,ord,nb200k)@1.classic(t1,c4,w0,l0)@2.opener(rand,4)@1	ab(d6,ord,nb200k)@1.adv(t20,c77,w0,l0,f0,d-2,e0,m0,h0,b1,o0,r0,x0,n0,s1,g1)@1.opener(rand,4)@1	W	58	11	9	377.602	1172.870	343.750	1015.625	29	29	1158804	3043095	141.00	134.24	25	25	2645197330	12
2026-07-26T21:47:26Z	20260726T214659Z	boards/board1.txt	ab(d6,tt,ord,nb200k)@1.learned(s111,78ef6974)@1.opener(rand,4)@1	ab(d6,ord,nb200k)@1.adv(t20,c77,w0,l0,f0,d-2,e0,m0,h0,b1,o0,r0,x0,n0,s1,g1)@1.opener(rand,4)@1	B	57	9	10	15602.794	1075.906	14187.500	1062.500	29	28	3023023	3051146	134.96	134.15	25	24	342376893	12
2026-07-26T21:47:27Z	20260726T214659Z	boards/board1.txt	ab(d6,tt,ord,nb200k)@1.learned(s6,eac8ab99)@1.opener(rand,4)@1	ab(d6,ord,nb200k)@1.adv(t20,c77,w0,l0,f0,d-2,e0,m0,h0,b1,o0,r0,x0,n0,s1,g1)@1.opener(rand,4)@1	B	55	9	11	744.101	1088.719	625.000	1046.875	28	27	2589400	2929908	128.18	127.40	24	23	3856904570	12
2026-07-26T21:47:29Z	20260726T214659Z	boards/board1.txt	ab(d6,tt,ord,nb200k)@1.learned(s76,ef183148)@1.opener(rand,4)@1	ab(d6,ord,nb200k)@1.adv(t20,c77,w0,l0,f0,d-2,e0,m0,h0,b1,o0,r0,x0,n0,s1,g1)@1.opener(rand,4)@1	B	55	10	9	736.728	1104.904	718.750	953.125	28	27	2584676	2940537	128.91	127.26	24	23	2845707819	12
2026-07-26T21:47:31Z	20260726T214659Z	boards/board1.txt	ab(d6,tt,ord,qs,nb200k)@1.learned(s98,5801570e)@1.opener(rand,4)@1	ab(d6,ord,nb200k)@1.adv(t20,c77,w0,l0,f0,d-2,e0,m0,h0,b1,o0,r0,x0,n0,s1,g1)@1.opener(rand,4)@1	B	63	8	12	879.011	1368.237	781.250	1218.750	32	31	2916165	3621690	151.90	149.32	28	27	3449950036	12
2026-07-26T21:47:36Z	20260726T214659Z	boards/board1.txt	ab(d8,tt,ord,nb2m)@1.classic(t1,c4,w0,l0)@2.opener(rand,4)@1	ab(d6,ord,nb200k)@1.adv(t20,c77,w0,l0,f0,d-2,e0,m0,h0,b1,o0,r0,x0,n0,s1,g1)@1.opener(rand,4)@1	W	38	12	12	3915.842	784.570	3796.875	703.125	19	19	12071841	2192244	103.66	74.85	15	15	3179793360	12
2026-07-26T21:47:36Z	20260726T214659Z	boards/board1.txt	ab(d6,tt,ord,nb200k)@1.classic(t1,c4,w0,l0)@2.dil(r63)@1.opener(rand,4)@1	ab(d6,tt,ord,nb200k)@1.classic(t1,c4,w0,l0)@2.dil(r30,d4)@1.opener(rand,4)@1	B	33	12	15	64.193	113.921	78.125	109.375	17	16	198846	308169	25.00	61.00	5	12	377170380	12
2026-07-26T21:47:37Z	20260726T214659Z	boards/board1.txt	ab(d6,tt,ord,nb200k)@1.classic(t1,c4,w0,l0)@2.opener(rand,4)@1	ab(d6,tt,ord,nb200k)@1.classic(t1,c4,w0,l0)@2.dil(r30,d4)@1.opener(rand,4)@1	B	45	12	12	302.767	147.034	296.875	125.000	23	22	921286	367810	100.00	87.00	19	18	2811326582	12
2026-07-26T21:47:37Z	20260726T214659Z	boards/board1.txt	ab(d6,tt,ord,nb200k)@1.learned(s3,68364898)@1.opener(rand,4)@1	ab(d6,tt,ord,nb200k)@1.classic(t1,c4,w0,l0)@2.dil(r30,d4)@1.opener(rand,4)@1	W	42	12	10	344.843	153.413	312.500	171.875	21	21	1019190	451877	93.00	79.00	17	17	876523053	12
2026-07-26T21:47:38Z	20260726T214659Z	boards/board1.txt	ab(d6,tt,ord,nb200k)@1.learned(s6,eac8ab99)@1.opener(rand,4)@1	ab(d6,tt,ord,nb200k)@1.classic(t1,c4,w0,l0)@2.dil(r30,d4)@1.opener(rand,4)@1	W	52	9	10	489.034	242.870	500.000	171.875	26	26	1420529	704416	123.00	110.00	22	22	3836820250	12
2026-07-26T21:47:39Z	20260726T214659Z	boards/board1.txt	ab(d6,tt,ord,nb200k)@1.learned(s98,5801570e)@1.opener(rand,4)@1	ab(d6,tt,ord,nb200k)@1.classic(t1,c4,w0,l0)@2.dil(r30,d4)@1.opener(rand,4)@1	W	52	10	10	530.831	213.772	531.250	156.250	26	26	1612990	529428	123.00	107.00	22	22	2879302686	12
2026-07-26T21:47:40Z	20260726T214659Z	boards/board1.txt	ab(d6,tt,ord,qs,nb200k)@1.learned(s98,5801570e)@1.opener(rand,4)@1	ab(d6,tt,ord,nb200k)@1.classic(t1,c4,w0,l0)@2.dil(r30,d4)@1.opener(rand,4)@1	B	38	13	12	594.122	181.100	593.750	171.875	19	19	1818526	507454	79.83	75.00	15	15	1233383300	12
2026-07-26T21:47:40Z	20260726T214659Z	boards/board1.txt	rand@1	ab(d6,tt,ord,nb200k)@1.classic(t1,c4,w0,l0)@2.dil(r30,d4)@1.opener(rand,4)@1	B	14	13	16	0.006	19.177	0.000	15.625	7	7	0	48898	0.00	13.00	0	3	380046755	12
2026-07-26T21:47:40Z	20260726T214659Z	boards/board1.txt	ab(d6,tt,ord,nb200k)@1.classic(t1,c4,w0,l0)@2.opener(rand,4)@1	ab(d6,tt,ord,nb200k)@1.classic(t1,c4,w0,l0)@2.dil(r63)@1.opener(rand,4)@1	W	23	16	14	112.416	31.624	93.750	31.250	12	11	318086	71830	43.00	12.00	8	2	2018467550	12
2026-07-26T21:47:40Z	20260726T214659Z	boards/board1.txt	ab(d6,tt,ord,nb200k)@1.learned(s3,68364898)@1.opener(rand,4)@1	ab(d6,tt,ord,nb200k)@1.classic(t1,c4,w0,l0)@2.dil(r63)@1.opener(rand,4)@1	W	37	15	10	502.680	127.322	468.750	109.375	19	18	1342103	360145	85.00	30.00	15	5	767019397	12
2026-07-26T21:47:41Z	20260726T214659Z	boards/board1.txt	ab(d6,tt,ord,nb200k)@1.learned(s6,eac8ab99)@1.opener(rand,4)@1	ab(d6,tt,ord,nb200k)@1.classic(t1,c4,w0,l0)@2.dil(r63)@1.opener(rand,4)@1	W	53	11	10	495.547	138.181	421.875	187.500	27	26	1502332	352206	128.00	60.00	23	10	686436258	12
2026-07-26T21:47:42Z	20260726T214659Z	boards/board1.txt	ab(d6,tt,ord,nb200k)@1.learned(s98,5801570e)@1.opener(rand,4)@1	ab(d6,tt,ord,nb200k)@1.classic(t1,c4,w0,l0)@2.dil(r63)@1.opener(rand,4)@1	W	34	14	13	399.137	112.115	343.750	125.000	17	17	1148788	290242	68.90	35.00	13	8	1261733174	12
2026-07-26T21:47:42Z	20260726T214659Z	boards/board1.txt	ab(d6,tt,ord,qs,nb200k)@1.learned(s98,5801570e)@1.opener(rand,4)@1	ab(d6,tt,ord,nb200k)@1.classic(t1,c4,w0,l0)@2.dil(r63)@1.opener(rand,4)@1	W	32	14	13	408.619	51.375	343.750	31.250	16	16	1069424	130611	67.00	19.00	12	4	3979371708	12
2026-07-26T21:47:42Z	20260726T214659Z	boards/board1.txt	rand@1	ab(d6,tt,ord,nb200k)@1.classic(t1,c4,w0,l0)@2.dil(r63)@1.opener(rand,4)@1	B	36	11	16	0.017	94.167	0.000	62.500	18	18	0	236998	0.00	26.00	0	6	1457061723	12
2026-07-26T21:47:48Z	20260726T214659Z	boards/board1.txt	ab(d6,tt,ord,nb200k)@1.learned(s111,78ef6974)@1.opener(rand,4)@1	ab(d6,tt,ord,nb200k)@1.classic(t1,c4,w0,l0)@2.opener(rand,4)@1	W	42	10	13	5957.289	235.824	5578.125	203.125	21	21	1254167	654614	93.00	88.00	17	17	157786565	12
2026-07-26T21:47:49Z	20260726T214659Z	boards/board1.txt	ab(d6,tt,ord,nb200k)@1.learned(s6,eac8ab99)@1.opener(rand,4)@1	ab(d6,tt,ord,nb200k)@1.classic(t1,c4,w0,l0)@2.opener(rand,4)@1	B	43	11	12	416.117	219.865	406.250	218.750	22	21	1251277	655131	94.00	93.00	18	17	272049362	12
2026-07-26T21:47:50Z	20260726T214659Z	boards/board1.txt	ab(d6,tt,ord,nb200k)@1.learned(s76,ef183148)@1.opener(rand,4)@1	ab(d6,tt,ord,nb200k)@1.classic(t1,c4,w0,l0)@2.opener(rand,4)@1	B	65	7	8	511.356	316.731	453.125	312.500	33	32	1634506	883700	160.00	159.00	29	28	3476688323	12
2026-07-26T21:47:51Z	20260726T214659Z	boards/board1.txt	ab(d6,tt,ord,qs,nb200k)@1.learned(s98,5801570e)@1.opener(rand,4)@1	ab(d6,tt,ord,nb200k)@1.classic(t1,c4,w0,l0)@2.opener(rand,4)@1	B	48	11	12	573.677	320.129	531.250	328.125	24	24	1810185	833902	105.56	106.00	20	20	4227044540	12
2026-07-26T21:47:55Z	20260726T214659Z	boards/board1.txt	ab(d8,tt,ord,nb2m)@1.classic(t1,c4,w0,l0)@2.opener(rand,4)@1	ab(d6,tt,ord,nb200k)@1.classic(t1,c4,w0,l0)@2.opener(rand,4)@1	W	48	12	11	4676.499	81.540	4281.250	78.125	24	24	13611034	232075	144.00	106.00	20	20	1950790328	12
2026-07-26T21:48:07Z	20260726T214659Z	boards/board1.txt	ab(d6,tt,ord,nb200k)@1.learned(s3,68364898)@1.opener(rand,4)@1	ab(d6,tt,ord,nb200k)@1.learned(s111,78ef6974)@1.opener(rand,4)@1	B	67	10	5	731.295	10570.816	625.000	9796.875	34	33	1976374	2096945	166.00	165.00	30	29	3401984184	12
2026-07-26T21:48:22Z	20260726T214659Z	boards/board1.txt	ab(d6,tt,ord,nb200k)@1.learned(s6,eac8ab99)@1.opener(rand,4)@1	ab(d6,tt,ord,nb200k)@1.learned(s111,78ef6974)@1.opener(rand,4)@1	W	62	9	9	812.199	14017.739	765.625	12484.375	31	31	2413214	2750434	153.00	148.00	27	27	3606625747	12
2026-07-26T21:48:37Z	20260726T214659Z	boards/board1.txt	ab(d6,tt,ord,nb200k)@1.learned(s98,5801570e)@1.opener(rand,4)@1	ab(d6,tt,ord,nb200k)@1.learned(s111,78ef6974)@1.opener(rand,4)@1	B	65	11	8	937.819	14627.050	843.750	13093.750	33	32	2668719	2711532	160.00	158.46	29	28	2987152145	12
2026-07-26T21:48:51Z	20260726T214659Z	boards/board1.txt	ab(d6,tt,ord,qs,nb200k)@1.learned(s98,5801570e)@1.opener(rand,4)@1	ab(d6,tt,ord,nb200k)@1.learned(s111,78ef6974)@1.opener(rand,4)@1	W	56	11	9	767.778	13229.369	734.375	12140.625	28	28	2417154	2564040	134.13	129.35	24	24	4043718449	12
2026-07-26T21:48:56Z	20260726T214659Z	boards/board1.txt	rand@1	ab(d6,tt,ord,nb200k)@1.learned(s111,78ef6974)@1.opener(rand,4)@1	B	34	12	15	0.028	4719.673	0.000	4328.125	17	17	0	944616	0.00	68.00	0	13	3184297202	12
2026-07-26T21:48:57Z	20260726T214659Z	boards/board1.txt	ab(d6,tt,ord,nb200k)@1.learned(s6,eac8ab99)@1.opener(rand,4)@1	ab(d6,tt,ord,nb200k)@1.learned(s3,68364898)@1.opener(rand,4)@1	W	70	9	8	725.768	873.945	625.000	750.000	35	35	2069673	2560183	176.74	172.00	31	31	211354563	12
2026-07-26T21:48:59Z	20260726T214659Z	boards/board1.txt	ab(d6,tt,ord,nb200k)@1.learned(s98,5801570e)@1.opener(rand,4)@1	ab(d6,tt,ord,nb200k)@1.learned(s3,68364898)@1.opener(rand,4)@1	W	72	8	6	609.781	650.387	625.000	562.500	36	36	1864343	1978968	183.00	178.00	32	32	1903206017	12
2026-07-26T21:49:00Z	20260726T214659Z	boards/board1.txt	ab(d6,tt,ord,qs,nb200k)@1.learned(s98,5801570e)@1.opener(rand,4)@1	ab(d6,tt,ord,nb200k)@1.learned(s3,68364898)@1.opener(rand,4)@1	W	52	13	11	619.622	656.058	562.500	578.125	26	26	1703295	1915676	123.00	118.00	22	22	193982913	12
2026-07-26T21:49:00Z	20260726T214659Z	boards/board1.txt	rand@1	ab(d6,tt,ord,nb200k)@1.learned(s3,68364898)@1.opener(rand,4)@1	B	32	11	16	0.028	426.025	0.000	390.625	16	16	0	1290583	0.00	66.68	0	12	4028042210	12
2026-07-26T21:49:01Z	20260726T214659Z	boards/board1.txt	ab(d6,tt,ord,nb200k)@1.learned(s76,ef183148)@1.opener(rand,4)@1	ab(d6,tt,ord,nb200k)@1.learned(s6,eac8ab99)@1.opener(rand,4)@1	W	60	9	9	588.656	532.649	593.750	453.125	30	30	1682390	1870973	147.00	142.00	26	26	1761309115	12
2026-07-26T21:49:03Z	20260726T214659Z	boards/board1.txt	ab(d6,tt,ord,qs,nb200k)@1.learned(s98,5801570e)@1.opener(rand,4)@1	ab(d6,tt,ord,nb200k)@1.learned(s6,eac8ab99)@1.opener(rand,4)@1	W	70	10	7	988.516	818.968	828.125	734.375	35	35	2706620	2506042	177.00	172.00	31	31	2523589860	12
2026-07-26T21:49:09Z	20260726T214659Z	boards/board1.txt	ab(d8,tt,ord,nb2m)@1.classic(t1,c4,w0,l0)@2.opener(rand,4)@1	ab(d6,tt,ord,nb200k)@1.learned(s6,eac8ab99)@1.opener(rand,4)@1	W	62	12	11	5365.999	200.978	4875.000	203.125	31	31	15369355	651622	200.00	148.00	27	27	3240468160	12
2026-07-26T21:49:10Z	20260726T214659Z	boards/board1.txt	ab(d6,tt,ord,nb200k)@1.learned(s98,5801570e)@1.opener(rand,4)@1	ab(d6,tt,ord,nb200k)@1.learned(s76,ef183148)@1.opener(rand,4)@1	B	63	10	10	777.940	851.804	718.750	750.000	32	31	2324977	2307407	153.83	153.00	28	27	1597435941	12
2026-07-26T21:49:11Z	20260726T214659Z	boards/board1.txt	ab(d6,tt,ord,qs,nb200k)@1.learned(s98,5801570e)@1.opener(rand,4)@1	ab(d6,tt,ord,nb200k)@1.learned(s76,ef183148)@1.opener(rand,4)@1	B	34	14	14	501.922	484.590	453.125	437.500	17	17	1748299	1469471	62.22	62.70	13	13	1874382645	12
2026-07-26T21:49:12Z	20260726T214659Z	boards/board1.txt	rand@1	ab(d6,tt,ord,nb200k)@1.learned(s76,ef183148)@1.opener(rand,4)@1	B	44	11	15	0.037	736.184	0.000	656.250	22	22	0	2106366	0.00	98.00	0	18	2572262654	12
2026-07-26T21:49:14Z	20260726T214659Z	boards/board1.txt	ab(d6,tt,ord,qs,nb200k)@1.learned(s98,5801570e)@1.opener(rand,4)@1	ab(d6,tt,ord,nb200k)@1.learned(s98,5801570e)@1.opener(rand,4)@1	B	63	8	9	841.374	590.586	718.750	562.500	32	31	2326724	1717546	154.00	153.00	28	27	3697914570	12
2026-07-26T21:49:14Z	20260726T214659Z	boards/board1.txt	rand@1	ab(d6,tt,ord,nb200k)@1.learned(s98,5801570e)@1.opener(rand,4)@1	B	28	15	15	0.019	276.065	0.000	265.625	14	14	0	829633	0.00	47.00	0	10	540957277	12
2026-07-26T21:49:21Z	20260726T214659Z	boards/board1.txt	ab(d8,tt,ord,nb2m)@1.classic(t1,c4,w0,l0)@2.opener(rand,4)@1	ab(d6,tt,ord,qs,nb200k)@1.learned(s98,5801570e)@1.opener(rand,4)@1	W	72	11	6	6500.558	235.853	6062.500	187.500	36	36	17828728	864082	240.00	178.00	32	32	1656292090	12
2026-07-26T21:49:22Z	20260726T214659Z	boards/board1.txt	rand@1	ab(d8,tt,ord,nb2m)@1.classic(t1,c4,w0,l0)@2.opener(rand,4)@1	B	22	13	16	0.016	1301.952	0.000	1234.375	11	11	0	3985996	0.00	49.00	0	7	913121601	12
2026-07-26T21:46:59Z	20260726T214659Z	boards/board1.txt	ab(d2)@1.classic(t1,c4,w0,l0)@2.opener(rand,4)@1	ab(d4)@1.classic(t1,c4,w0,l0)@2.opener(rand,4)@1	B	50	12	12	0.199	11.826	15.625	0.000	25	25	2673	189851	40.00	84.00	21	21	1399072689	12
2026-07-26T21:46:59Z	20260726T214659Z	boards/board1.txt	ab(d2)@1.classic(t1,c4,w0,l0)@2.opener(rand,4)@1	ab(d6,tt,ord,nb200k)@1.classic(t1,c4,w0,l0)@2.dil(r30,d4)@1.opener(rand,4)@1	B	78	9	7	0.399	367.235	0.000	328.125	39	39	5417	946305	68.00	146.00	35	35	817718929	12
2026-07-26T21:46:59Z	20260726T214659Z	boards/board1.txt	ab(d2)@1.classic(t1,c4,w0,l0)@2.opener(rand,4)@1	ab(d6,tt,ord,nb200k)@1.classic(t1,c4,w0,l0)@2.dil(r63)@1.opener(rand,4)@1	W	29	16	12	0.132	120.184	15.625	93.750	15	14	1792	311423	22.00	18.00	11	3	1856167357	12
2026-07-26T21:47:23Z	20260726T214659Z	boards/board1.txt	ab(d2)@1.classic(t1,c4,w0,l0)@2.opener(rand,4)@1	ab(d6,tt,ord,nb200k)@1.learned(s111,78ef6974)@1.opener(rand,4)@1	W	76	9	5	0.423	23742.401	0.000	20687.500	38	38	4613	4205281	68.00	176.14	34	34	3328633018	12
2026-07-26T21:47:24Z	20260726T214659Z	boards/board1.txt	ab(d2)@1.classic(t1,c4,w0,l0)@2.opener(rand,4)@1	ab(d6,tt,ord,nb200k)@1.learned(s3,68364898)@1.opener(rand,4)@1	B	46	13	12	0.252	705.074	0.000	593.750	23	23	2892	2111018	36.00	101.00	19	19	3224815548	12
2026-07-26T21:47:24Z	20260726T214659Z	boards/board1.txt	ab(d2)@1.classic(t1,c4,w0,l0)@2.opener(rand,4)@1	ab(d6,tt,ord,nb200k)@1.learned(s76,ef183148)@1.opener(rand,4)@1	B	54	11	10	0.258	889.793	0.000	734.375	27	27	2857	2535918	44.00	124.00	23	23	2979989984	12
2026-07-26T21:47:25Z	20260726T214659Z	boards/board1.txt	ab(d2)@1.classic(t1,c4,w0,l0)@2.opener(rand,4)@1	ab(d6,tt,ord,nb200k)@1.learned(s98,5801570e)@1.opener(rand,4)@1	B	52	11	9	0.257	732.115	0.000	640.625	26	26	2889	2237787	42.00	119.00	22	22	1797784299	12
2026-07-26T21:47:31Z	20260726T214659Z	boards/board1.txt	ab(d2)@1.classic(t1,c4,w0,l0)@2.opener(rand,4)@1	ab(d8,tt,ord,nb2m)@1.classic(t1,c4,w0,l0)@2.opener(rand,4)@1	B	42	14	13	0.221	5692.376	0.000	4671.875	21	21	2773	13950382	32.00	114.00	17	17	313720775	12
2026-07-26T21:47:31Z	20260726T214659Z	boards/board1.txt	ab(d2)@1.classic(t1,c4,w0,l0)@2.opener(rand,4)@1	rand@1	W	27	16	14	0.085	0.008	0.000	0.000	14	13	1054	0	20.00	0.00	10	0	2421535782	12
2026-07-26T21:47:31Z	20260726T214659Z	boards/board1.txt	ab(d4)@1.classic(t1,c4,w0,l0)@2.opener(rand,4)@1	ab(d6,tt,ord,nb200k)@1.classic(t1,c4,w0,l0)@2.dil(r30,d4)@1.opener(rand,4)@1	B	34	14	13	5.403	157.469	0.000	156.250	17	17	83572	500705	45.00	62.00	13	13	2429228515	12
2026-07-26T21:47:31Z	20260726T214659Z	boards/board1.txt	ab(d4)@1.classic(t1,c4,w0,l0)@2.opener(rand,4)@1	ab(d6,tt,ord,nb200k)@1.classic(t1,c4,w0,l0)@2.dil(r63)@1.opener(rand,4)@1	W	13	16	13	0.399	0.004	0.000	0.000	7	6	6041	0	12.00	0.00	3	0	1505734579	12
2026-07-26T21:47:43Z	20260726T214659Z	boards/board1.txt	ab(d4)@1.classic(t1,c4,w0,l0)@2.opener(rand,4)@1	ab(d6,tt,ord,nb200k)@1.learned(s111,78ef6974)@1.opener(rand,4)@1	B	54	11	10	8.616	11639.091	0.000	10609.375	27	27	107805	2343385	85.00	122.66	23	23	3498061848	12
2026-07-26T21:47:43Z	20260726T214659Z	boards/board1.txt	ab(d4)@1.classic(t1,c4,w0,l0)@2.opener(rand,4)@1	ab(d6,tt,ord,nb200k)@1.learned(s3,68364898)@1.opener(rand,4)@1	B	48	12	11	10.465	652.331	31.250	468.750	24	24	130083	1695565	73.00	106.00	20	20	2747102270	12
2026-07-26T21:47:44Z	20260726T214659Z	boards/board1.txt	ab(d4)@1.classic(t1,c4,w0,l0)@2.opener(rand,4)@1	ab(d6,tt,ord,nb200k)@1.learned(s76,ef183148)@1.opener(rand,4)@1	B	50	11	12	11.242	720.923	0.000	593.750	25	25	166965	2001457	77.00	112.00	21	21	3942958714	12
2026-07-26T21:47:44Z	20260726T214659Z	boards/board1.txt	ab(d4)@1.classic(t1,c4,w0,l0)@2.opener(rand,4)@1	ab(d6,tt,ord,nb200k)@1.learned(s98,5801570e)@1.opener(rand,4)@1	B	40	13	13	3.958	302.766	15.625	250.000	20	20	63084	841233	57.00	82.00	16	16	3855396349	12
2026-07-26T21:47:49Z	20260726T214659Z	boards/board1.txt	ab(d4)@1.classic(t1,c4,w0,l0)@2.opener(rand,4)@1	ab(d8,tt,ord,nb2m)@1.classic(t1,c4,w0,l0)@2.opener(rand,4)@1	B	62	9	11	15.850	4889.282	31.250	4234.375	31	31	199689	14081881	101.00	193.00	27	27	1549064013	12
2026-07-26T21:47:49Z	20260726T214659Z	boards/board1.txt	ab(d4)@1.classic(t1,c4,w0,l0)@2.opener(rand,4)@1	rand@1	W	29	15	15	5.974	0.012	0.000	0.000	15	14	40623	0	44.00	0.00	11	0	3019491976	12
2026-07-26T21:47:50Z	20260726T214659Z	boards/board1.txt	ab(d6,ord,nb200k)@1.adv(t20,c77,w0,l0,f0,d-2,e0,m0,h0,b1,o0,r0,x0,n0,s1,g1)@1.opener(rand,4)@1	ab(d6,tt,ord,nb200k)@1.classic(t1,c4,w0,l0)@2.dil(r63)@1.opener(rand,4)@1	W	28	16	15	688.543	140.733	578.125	125.000	14	14	1695057	406251	53.74	31.00	10	6	271969573	12
2026-07-26T21:47:52Z	20260726T214659Z	boards/board1.txt	ab(d6,ord,nb200k)@1.adv(t20,c77,w0,l0,f0,d-2,e0,m0,h0,b1,o0,r0,x0,n0,s1,g1)@1.opener(rand,4)@1	ab(d6,tt,ord,nb200k)@1.classic(t1,c4,w0,l0)@2.opener(rand,4)@1	W	66	8	7	1071.925	439.637	875.000	375.000	33	33	2760683	1285044	164.86	160.00	29	29	2407328455	12
2026-07-26T21:47:54Z	20260726T214659Z	boards/board1.txt	ab(d6,ord,nb200k)@1.adv(t20,c77,w0,l0,f0,d-2,e0,m0,h0,b1,o0,r0,x0,n0,s1,g1)@1.opener(rand,4)@1	ab(d6,tt,ord,nb200k)@1.learned(s3,68364898)@1.opener(rand,4)@1	W	58	10	8	1255.721	816.088	984.375	734.375	29	29	3192269	2603362	140.43	135.16	25	25	2118936572	12
2026-07-26T21:47:56Z	20260726T214659Z	boards/board1.txt	ab(d6,ord,nb200k)@1.adv(t20,c77,w0,l0,f0,d-2,e0,m0,h0,b1,o0,r0,x0,n0,s1,g1)@1.opener(rand,4)@1	ab(d6,tt,ord,nb200k)@1.learned(s6,eac8ab99)@1.opener(rand,4)@1	B	55	10	12	1252.659	743.416	1093.750	562.500	28	27	3277112	2409880	129.48	128.92	24	23	3619077455	12
2026-07-26T21:47:57Z	20260726T214659Z	boards/board1.txt	ab(d6,ord,nb200k)@1.adv(t20,c77,w0,l0,f0,d-2,e0,m0,h0,b1,o0,r0,x0,n0,s1,g1)@1.opener(rand,4)@1	ab(d6,tt,ord,nb200k)@1.learned(s98,5801570e)@1.opener(rand,4)@1	B	69	7	8	917.845	562.186	843.750	437.500	35	34	2481316	1703033	171.58	171.00	31	30	3979331395	12
2026-07-26T21:48:00Z	20260726T214659Z	boards/board1.txt	ab(d6,ord,nb200k)@1.adv(t20,c77,w0,l0,f0,d-2,e0,m0,h0,b1,o0,r0,x0,n0,s1,g1)@1.opener(rand,4)@1	ab(d6,tt,ord,qs,nb200k)@1.learned(s98,5801570e)@1.opener(rand,4)@1	B	69	9	9	1660.405	1010.232	1453.125	812.500	35	34	4150645	3109086	170.80	168.36	31	30	3512598301	12
2026-07-26T21:48:01Z	20260726T214659Z	boards/board1.txt	ab(d6,ord,nb200k)@1.adv(t20,c77,w0,l0,f0,d-2,e0,m0,h0,b1,o0,r0,x0,n0,s1,g1)@1.opener(rand,4)@1	rand@1	W	41	15	9	1184.614	0.039	968.750	0.000	21	20	2898678	0	94.22	0.00	17	0	3096684362	12
2026-07-26T21:48:01Z	20260726T214659Z	boards/board1.txt	ab(d6,tt,ord,nb200k)@1.classic(t1,c4,w0,l0)@2.dil(r30,d4)@1.opener(rand,4)@1	ab(d6,tt,ord,nb200k)@1.classic(t1,c4,w0,l0)@2.dil(r63)@1.opener(rand,4)@1	W	13	16	13	15.460	0.005	0.000	0.000	7	6	29862	0	11.00	0.00	3	0	439818645	12
2026-07-26T21:48:18Z	20260726T214659Z	boards/board1.txt	ab(d6,tt,ord,nb200k)@1.classic(t1,c4,w0,l0)@2.dil(r30,d4)@1.opener(rand,4)@1	ab(d6,tt,ord,nb200k)@1.learned(s111,78ef6974)@1.opener(rand,4)@1	B	75	8	11	475.660	15989.172	328.125	13562.500	38	37	1151583	3060773	168.00	187.93	34	33	648953954	12
2026-07-26T21:48:18Z	20260726T214659Z	boards/board1.txt	ab(d6,tt,ord,nb200k)@1.classic(t1,c4,w0,l0)@2.dil(r30,d4)@1.opener(rand,4)@1	ab(d6,tt,ord,nb200k)@1.learned(s3,68364898)@1.opener(rand,4)@1	B	59	8	10	238.582	639.449	218.750	437.500	30	29	638296	1313410	127.00	141.00	26	25	813874788	12
2026-07-26T21:48:19Z	20260726T214659Z	boards/board1.txt	ab(d6,tt,ord,nb200k)@1.classic(t1,c4,w0,l0)@2.dil(r30,d4)@1.opener(rand,4)@1	ab(d6,tt,ord,nb200k)@1.learned(s76,ef183148)@1.opener(rand,4)@1	W	40	13	10	255.490	409.876	218.750	359.375	20	20	617470	1187227	85.00	82.00	16	16	3114849752	12
2026-07-26T21:48:19Z	20260726T214659Z	boards/board1.txt	ab(d6,tt,ord,nb200k)@1.classic(t1,c4,w0,l0)@2.dil(r30,d4)@1.opener(rand,4)@1	ab(d6,tt,ord,nb200k)@1.learned(s98,5801570e)@1.opener(rand,4)@1	B	45	11	11	106.007	236.360	46.875	203.125	23	22	287580	605457	83.00	99.00	19	18	2641419891	12
2026-07-26T21:48:23Z	20260726T214659Z	boards/board1.txt	ab(d6,tt,ord,nb200k)@1.classic(t1,c4,w0,l0)@2.dil(r30,d4)@1.opener(rand,4)@1	ab(d8,tt,ord,nb2m)@1.classic(t1,c4,w0,l0)@2.opener(rand,4)@1	B	39	12	12	117.466	3194.744	78.125	2609.375	20	19	261553	7918615	80.00	104.00	16	15	3284292911	12
2026-07-26T21:48:23Z	20260726T214659Z	boards/board1.txt	ab(d6,tt,ord,nb200k)@1.classic(t1,c4,w0,l0)@2.dil(r30,d4)@1.opener(rand,4)@1	rand@1	W	23	16	14	78.338	0.013	62.500	0.000	12	11	250476	0	36.00	0.00	8	0	617929550	12
2026-07-26T21:48:33Z	20260726T214659Z	boards/board1.txt	ab(d6,tt,ord,nb200k)@1.classic(t1,c4,w0,l0)@2.dil(r63)@1.opener(rand,4)@1	ab(d6,tt,ord,nb200k)@1.learned(s111,78ef6974)@1.opener(rand,4)@1	B	40	11	15	89.647	9817.457	78.125	8562.500	20	20	222084	1928816	24.00	90.18	4	16	1680882106	12
2026-07-26T21:48:33Z	20260726T214659Z	boards/board1.txt	ab(d6,tt,ord,nb200k)@1.classic(t1,c4,w0,l0)@2.dil(r63)@1.opener(rand,4)@1	ab(d6,tt,ord,nb200k)@1.learned(s3,68364898)@1.opener(rand,4)@1	B	30	12	16	94.552	322.818	31.250	328.125	15	15	237456	910191	24.00	61.00	4	11	655929532	12
2026-07-26T21:48:34Z	20260726T214659Z	boards/board1.txt	ab(d6,tt,ord,nb200k)@1.classic(t1,c4,w0,l0)@2.dil(r63)@1.opener(rand,4)@1	ab(d6,tt,ord,nb200k)@1.learned(s76,ef183148)@1.opener(rand,4)@1	B	28	14	16	37.350	311.306	46.875	250.000	14	14	112439	830359	12.00	47.00	2	10	2206069984	12
2026-07-26T21:48:34Z	20260726T214659Z	boards/board1.txt	ab(d6,tt,ord,nb200k)@1.classic(t1,c4,w0,l0)@2.dil(r63)@1.opener(rand,4)@1	ab(d6,tt,ord,nb200k)@1.learned(s98,5801570e)@1.opener(rand,4)@1	B	36	13	14	143.528	503.512	109.375	421.875	18	18	388982	1383345	36.00	74.00	6	14	1023864299	12
2026-07-26T21:48:37Z	20260726T214659Z	boards/board1.txt	ab(d6,tt,ord,nb200k)@1.classic(t1,c4,w0,l0)@2.dil(r63)@1.opener(rand,4)@1	ab(d8,tt,ord,nb2m)@1.classic(t1,c4,w0,l0)@2.opener(rand,4)@1	B	28	13	16	33.370	2545.666	31.250	2296.875	14	14	104814	7269310	18.00	73.00	3	10	1397997767	12
2026-07-26T21:48:37Z	20260726T214659Z	boards/board1.txt	ab(d6,tt,ord,nb200k)@1.classic(t1,c4,w0,l0)@2.dil(r63)@1.opener(rand,4)@1	rand@1	W	41	16	13	194.675	0.024	156.250	0.000	21	20	547703	0	43.00	0.00	8	0	1694874918	12
2026-07-26T21:48:38Z	20260726T214659Z	boards/board1.txt	ab(d6,tt,ord,nb200k)@1.classic(t1,c4,w0,l0)@2.opener(rand,4)@1	ab(d6,tt,ord,nb200k)@1.learned(s3,68364898)@1.opener(rand,4)@1	W	62	9	7	435.713	656.838	375.000	593.750	31	31	1044442	1940762	153.00	147.57	27	27	288122692	12
2026-07-26T21:48:39Z	20260726T214659Z	boards/board1.txt	ab(d6,tt,ord,nb200k)@1.classic(t1,c4,w0,l0)@2.opener(rand,4)@1	ab(d6,tt,ord,nb200k)@1.learned(s6,eac8ab99)@1.opener(rand,4)@1	B	69	8	8	421.305	611.467	296.875	640.625	35	34	1048987	1819619	172.00	171.00	31	30	34180487	12
2026-07-26T21:48:40Z	20260726T214659Z	boards/board1.txt	ab(d6,tt,ord,nb200k)@1.classic(t1,c4,w0,l0)@2.opener(rand,4)@1	ab(d6,tt,ord,nb200k)@1.learned(s98,5801570e)@1.opener(rand,4)@1	W	46	11	10	252.441	522.340	203.125	484.375	23	23	697853	1408706	105.00	100.00	19	19	1688210987	12
2026-07-26T21:48:41Z	20260726T214659Z	boards/board1.txt	ab(d6,tt,ord,nb200k)@1.classic(t1,c4,w0,l0)@2.opener(rand,4)@1	ab(d6,tt,ord,qs,nb200k)@1.learned(s98,5801570e)@1.opener(rand,4)@1	B	63	9	8	470.320	692.758	359.375	656.250	32	31	1114653	1891578	154.00	153.00	28	27	43167109	12
2026-07-26T21:48:41Z	20260726T214659Z	boards/board1.txt	ab(d6,tt,ord,nb200k)@1.classic(t1,c4,w0,l0)@2.opener(rand,4)@1	rand@1	W	19	16	15	91.558	0.012	46.875	0.000	10	9	240675	0	26.00	0.00	6	0	493780082	12
2026-07-26T21:48:54Z	20260726T214659Z	boards/board1.txt	ab(d6,tt,ord,nb200k)@1.learned(s111,78ef6974)@1.opener(rand,4)@1	ab(d6,tt,ord,nb200k)@1.learned(s3,68364898)@1.opener(rand,4)@1	W	82	6	7	11992.914	694.562	10312.500	593.750	41	41	2265504	1881735	213.00	208.00	37	37	3464632449	12
2026-07-26T21:49:05Z	20260726T214659Z	boards/board1.txt	ab(d6,tt,ord,nb200k)@1.learned(s111,78ef6974)@1.opener(rand,4)@1	ab(d6,tt,ord,nb200k)@1.learned(s76,ef183148)@1.opener(rand,4)@1	W	52	12	10	10164.185	660.801	8703.125	531.250	26	26	1811083	1834334	123.00	118.00	22	22	2695012815	12
2026-07-26T21:49:15Z	20260726T214659Z	boards/board1.txt	ab(d6,tt,ord,nb200k)@1.learned(s111,78ef6974)@1.opener(rand,4)@1	ab(d6,tt,ord,nb200k)@1.learned(s98,5801570e)@1.opener(rand,4)@1	W	54	11	10	10183.289	629.437	9046.875	515.625	27	27	1984081	1608577	129.00	124.00	23	23	2876062280	12
2026-07-26T21:49:28Z	20260726T214659Z	boards/board1.txt	ab(d6,tt,ord,nb200k)@1.learned(s111,78ef6974)@1.opener(rand,4)@1	ab(d8,tt,ord,nb2m)@1.classic(t1,c4,w0,l0)@2.opener(rand,4)@1	W	72	7	9	5393.677	7576.262	4812.500	6609.375	36	36	1100450	20000807	183.00	233.00	32	32	245379266	12
2026-07-26T21:49:36Z	20260726T214659Z	boards/board1.txt	ab(d6,tt,ord,nb200k)@1.learned(s111,78ef6974)@1.opener(rand,4)@1	rand@1	W	41	16	13	7990.937	0.036	7500.000	0.000	21	20	1744876	0	91.58	0.00	17	0	2946484007	12
2026-07-26T21:49:38Z	20260726T214659Z	boards/board1.txt	ab(d6,tt,ord,nb200k)@1.learned(s3,68364898)@1.opener(rand,4)@1	ab(d6,tt,ord,nb200k)@1.learned(s76,ef183148)@1.opener(rand,4)@1	B	75	6	7	578.320	693.023	531.250	718.750	38	37	2135697	2112954	190.00	189.00	34	33	3705505631	12
2026-07-26T21:49:39Z	20260726T214659Z	boards/board1.txt	ab(d6,tt,ord,nb200k)@1.learned(s3,68364898)@1.opener(rand,4)@1	ab(d6,tt,ord,nb200k)@1.learned(s98,5801570e)@1.opener(rand,4)@1	B	85	5	6	487.404	586.960	437.500	625.000	43	42	1852185	1782064	220.00	219.00	39	38	1840557752	12
2026-07-26T21:49:43Z	20260726T214659Z	boards/board1.txt	ab(d6,tt,ord,nb200k)@1.learned(s3,68364898)@1.opener(rand,4)@1	ab(d8,tt,ord,nb2m)@1.classic(t1,c4,w0,l0)@2.opener(rand,4)@1	W	62	9	8	209.118	3914.574	203.125	3718.750	31	31	763551	14320522	153.00	193.00	27	27	1916554546	12
2026-07-26T21:49:43Z	20260726T214659Z	boards/board1.txt	ab(d6,tt,ord,nb200k)@1.learned(s3,68364898)@1.opener(rand,4)@1	rand@1	W	21	16	14	126.096	0.013	125.000	0.000	11	10	416790	0	32.00	0.00	7	0	3790173335	12
2026-07-26T21:49:44Z	20260726T214659Z	boards/board1.txt	ab(d6,tt,ord,nb200k)@1.learned(s6,eac8ab99)@1.opener(rand,4)@1	ab(d6,tt,ord,nb200k)@1.learned(s98,5801570e)@1.opener(rand,4)@1	W	58	9	8	486.868	460.004	437.500	484.375	29	29	1642210	1661395	141.00	136.00	25	25	3315681203	12
2026-07-26T21:49:45Z	20260726T214659Z	boards/board1.txt	ab(d6,tt,ord,nb200k)@1.learned(s6,eac8ab99)@1.opener(rand,4)@1	ab(d6,tt,ord,qs,nb200k)@1.learned(s98,5801570e)@1.opener(rand,4)@1	W	53	11	9	421.688	375.962	375.000	390.625	27	26	1612624	1322795	128.86	123.00	23	22	2586238125	12
2026-07-26T21:49:45Z	20260726T214659Z	boards/board1.txt	ab(d6,tt,ord,nb200k)@1.learned(s6,eac8ab99)@1.opener(rand,4)@1	rand@1	W	27	16	13	301.505	0.019	281.250	0.000	14	13	1067252	0	50.00	0.00	10	0	579637434	12
2026-07-26T21:49:46Z	20260726T214659Z	boards/board1.txt	ab(d6,tt,ord,nb200k)@1.learned(s76,ef183148)@1.opener(rand,4)@1	ab(d6,tt,ord,nb200k)@1.learned(s98,5801570e)@1.opener(rand,4)@1	W	62	11	9	603.505	568.107	687.500	453.125	31	31	2218962	2076688	153.00	148.00	27	27	1534843356	12
2026-07-26T21:49:50Z	20260726T214659Z	boards/board1.txt	ab(d6,tt,ord,nb200k)@1.learned(s76,ef183148)@1.opener(rand,4)@1	ab(d8,tt,ord,nb2m)@1.classic(t1,c4,w0,l0)@2.opener(rand,4)@1	B	49	9	11	142.833	3246.896	171.875	3031.250	25	24	700520	11870849	112.00	144.00	21	20	1893028558	12
2026-07-26T21:49:50Z	20260726T214659Z	boards/board1.txt	ab(d6,tt,ord,nb200k)@1.learned(s76,ef183148)@1.opener(rand,4)@1	rand@1	W	25	16	12	216.929	0.018	218.750	0.000	13	12	914902	0	49.00	0.00	9	0	2334435539	12
2026-07-26T21:49:53Z	20260726T214659Z	boards/board1.txt	ab(d6,tt,ord,nb200k)@1.learned(s98,5801570e)@1.opener(rand,4)@1	ab(d8,tt,ord,nb2m)@1.classic(t1,c4,w0,l0)@2.opener(rand,4)@1	B	57	9	11	181.650	3417.871	125.000	3421.875	29	28	735141	13136634	136.00	176.00	25	24	1309526825	12
2026-07-26T21:49:54Z	20260726T214659Z	boards/board1.txt	ab(d6,tt,ord,nb200k)@1.learned(s98,5801570e)@1.opener(rand,4)@1	rand@1	W	27	16	14	135.664	0.018	125.000	0.000	14	13	572577	0	50.00	0.00	10	0	429867412	12
2026-07-26T21:49:54Z	20260726T214659Z	boards/board1.txt	ab(d6,tt,ord,qs,nb200k)@1.learned(s98,5801570e)@1.opener(rand,4)@1	rand@1	W	37	16	13	360.667	0.029	359.375	0.000	19	18	1568690	0	80.00	0.00	15	0	3456122920	12
2026-07-26T21:49:56Z	20260726T214659Z	boards/board1.txt	ab(d8,tt,ord,nb2m)@1.classic(t1,c4,w0,l0)@2.opener(rand,4)@1	rand@1	W	29	16	13	2075.501	0.023	1953.125	0.000	15	14	8134478	0	81.00	0.00	11	0	802031736	12
2026-07-26T21:46:59Z	20260726T214659Z	boards/board1.txt	ab(d4)@1.classic(t1,c4,w0,l0)@2.opener(rand,4)@1	ab(d2)@1.classic(t1,c4,w0,l0)@2.opener(rand,4)@1	W	39	14	14	7.662	0.176	15.625	0.000	20	19	119983	2457	64.00	28.00	16	15	1399072689	12
2026-07-26T21:46:59Z	20260726T214659Z	boards/board1.txt	ab(d6,tt,ord,nb200k)@1.classic(t1,c4,w0,l0)@2.dil(r30,d4)@1.opener(rand,4)@1	ab(d2)@1.classic(t1,c4,w0,l0)@2.opener(rand,4)@1	W	49	13	14	371.989	0.311	359.375	0.000	25	24	927684	3949	98.00	38.00	21	20	817718929	12
2026-07-26T21:46:59Z	20260726T214659Z	boards/board1.txt	ab(d6,tt,ord,nb200k)@1.classic(t1,c4,w0,l0)@2.dil(r63)@1.opener(rand,4)@1	ab(d2)@1.classic(t1,c4,w0,l0)@2.opener(rand,4)@1	B	32	13	16	102.687	0.161	93.750	0.000	16	16	324875	1642	24.00	24.00	4	12	1856167357	12
2026-07-26T21:47:13Z	20260726T214659Z	boards/board1.txt	ab(d6,tt,ord,nb200k)@1.learned(s111,78ef6974)@1.opener(rand,4)@1	ab(d2)@1.classic(t1,c4,w0,l0)@2.opener(rand,4)@1	B	59	9	11	13775.016	0.261	12484.375	0.000	30	29	2750607	2700	142.00	50.00	26	25	3328633018	12
2026-07-26T21:47:13Z	20260726T214659Z	boards/board1.txt	ab(d6,tt,ord,nb200k)@1.learned(s3,68364898)@1.opener(rand,4)@1	ab(d2)@1.classic(t1,c4,w0,l0)@2.opener(rand,4)@1	W	51	11	12	554.079	0.236	484.375	0.000	26	25	1862369	2586	118.00	40.00	22	21	3224815548	12
2026-07-26T21:47:14Z	20260726T214659Z	boards/board1.txt	ab(d6,tt,ord,nb200k)@1.learned(s76,ef183148)@1.opener(rand,4)@1	ab(d2)@1.classic(t1,c4,w0,l0)@2.opener(rand,4)@1	W	43	12	12	398.365	0.157	328.125	0.000	22	21	1299593	1615	94.00	32.00	18	17	2979989984	12
2026-07-26T21:47:15Z	20260726T214659Z	boards/board1.txt	ab(d6,tt,ord,nb200k)@1.learned(s98,5801570e)@1.opener(rand,4)@1	ab(d2)@1.classic(t1,c4,w0,l0)@2.opener(rand,4)@1	W	55	10	11	698.724	0.250	640.625	0.000	28	27	2183941	2889	130.57	44.00	24	23	1797784299	12
2026-07-26T21:47:18Z	20260726T214659Z	boards/board1.txt	ab(d8,tt,ord,nb2m)@1.classic(t1,c4,w0,l0)@2.opener(rand,4)@1	ab(d2)@1.classic(t1,c4,w0,l0)@2.opener(rand,4)@1	W	47	12	13	3878.445	0.229	3437.500	0.000	24	23	10946893	2857	141.00	36.00	20	19	313720775	12
2026-07-26T21:47:18Z	20260726T214659Z	boards/board1.txt	rand@1	ab(d2)@1.classic(t1,c4,w0,l0)@2.opener(rand,4)@1	B	18	13	16	0.006	0.036	0.000	0.000	9	9	0	375	0.00	10.00	0	5	2421535782	12
2026-07-26T21:47:19Z	20260726T214659Z	boards/board1.txt	ab(d6,tt,ord,nb200k)@1.classic(t1,c4,w0,l0)@2.dil(r30,d4)@1.opener(rand,4)@1	ab(d4)@1.classic(t1,c4,w0,l0)@2.opener(rand,4)@1	W	45	12	12	296.213	6.146	265.625	31.250	23	22	855828	102412	94.00	65.00	19	18	2429228515	12
2026-07-26T21:47:19Z	20260726T214659Z	boards/board1.txt	ab(d6,tt,ord,nb200k)@1.classic(t1,c4,w0,l0)@2.dil(r63)@1.opener(rand,4)@1	ab(d4)@1.classic(t1,c4,w0,l0)@2.opener(rand,4)@1	B	22	12	16	17.726	1.768	15.625	0.000	11	11	57451	26364	6.00	28.00	1	7	1505734579	12
2026-07-26T21:47:30Z	20260726T214659Z	boards/board1.txt	ab(d6,tt,ord,nb200k)@1.learned(s111,78ef6974)@1.opener(rand,4)@1	ab(d4)@1.classic(t1,c4,w0,l0)@2.opener(rand,4)@1	B	63	6	9	10836.080	7.458	9953.125	15.625	32	31	2205648	114000	148.94	108.00	28	27	3498061848	12
2026-07-26T21:47:30Z	20260726T214659Z	boards/board1.txt	ab(d6,tt,ord,nb200k)@1.learned(s3,68364898)@1.opener(rand,4)@1	ab(d4)@1.classic(t1,c4,w0,l0)@2.opener(rand,4)@1	W	57	10	9	585.700	9.960	500.000	15.625	29	28	1802990	120043	136.00	89.00	25	24	2747102270	12
2026-07-26T21:47:31Z	20260726T214659Z	boards/board1.txt	ab(d6,tt,ord,nb200k)@1.learned(s76,ef183148)@1.opener(rand,4)@1	ab(d4)@1.classic(t1,c4,w0,l0)@2.opener(rand,4)@1	B	53	8	11	639.193	9.227	609.375	15.625	27	26	2032172	103439	124.00	88.00	23	22	3942958714	12
2026-07-26T21:47:31Z	20260726T214659Z	boards/board1.txt	ab(d6,tt,ord,nb200k)@1.learned(s98,5801570e)@1.opener(rand,4)@1	ab(d4)@1.classic(t1,c4,w0,l0)@2.opener(rand,4)@1	W	41	12	12	396.718	5.660	328.125	0.000	21	20	1142833	62608	88.00	57.00	17	16	3855396349	12
2026-07-26T21:47:36Z	20260726T214659Z	boards/board1.txt	ab(d8,tt,ord,nb2m)@1.classic(t1,c4,w0,l0)@2.opener(rand,4)@1	ab(d4)@1.classic(t1,c4,w0,l0)@2.opener(rand,4)@1	W	49	12	11	4429.538	5.656	3953.125	15.625	25	24	11709042	92276	145.00	73.00	21	20	1549064013	12
2026-07-26T21:47:36Z	20260726T214659Z	boards/board1.txt	rand@1	ab(d4)@1.classic(t1,c4,w0,l0)@2.opener(rand,4)@1	B	24	14	16	0.010	2.485	0.000	0.000	12	12	0	28200	0.00	32.00	0	8	3019491976	12
2026-07-26T21:47:37Z	20260726T214659Z	boards/board1.txt	ab(d6,tt,ord,nb200k)@1.classic(t1,c4,w0,l0)@2.dil(r63)@1.opener(rand,4)@1	ab(d6,ord,nb200k)@1.adv(t20,c77,w0,l0,f0,d-2,e0,m0,h0,b1,o0,r0,x0,n0,s1,g1)@1.opener(rand,4)@1	B	53	9	15	208.302	1150.778	203.125	1062.500	27	26	648511	3106442	61.00	125.82	11	22	271969573	12
2026-07-26T21:47:38Z	20260726T214659Z	boards/board1.txt	ab(d6,tt,ord,nb200k)@1.classic(t1,c4,w0,l0)@2.opener(rand,4)@1	ab(d6,ord,nb200k)@1.adv(t20,c77,w0,l0,f0,d-2,e0,m0,h0,b1,o0,r0,x0,n0,s1,g1)@1.opener(rand,4)@1	B	57	10	9	328.965	956.525	359.375	828.125	29	28	1080907	2653715	136.00	134.19	25	24	2407328455	12
2026-07-26T21:47:40Z	20260726T214659Z	boards/board1.txt	ab(d6,tt,ord,nb200k)@1.learned(s3,68364898)@1.opener(rand,4)@1	ab(d6,ord,nb200k)@1.adv(t20,c77,w0,l0,f0,d-2,e0,m0,h0,b1,o0,r0,x0,n0,s1,g1)@1.opener(rand,4)@1	W	64	8	8	702.045	1216.457	640.625	1140.625	32	32	2121393	3322300	159.00	151.32	28	28	2118936572	12
2026-07-26T21:47:42Z	20260726T214659Z	boards/board1.txt	ab(d6,tt,ord,nb200k)@1.learned(s6,eac8ab99)@1.opener(rand,4)@1	ab(d6,ord,nb200k)@1.adv(t20,c77,w0,l0,f0,d-2,e0,m0,h0,b1,o0,r0,x0,n0,s1,g1)@1.opener(rand,4)@1	B	55	10	11	717.260	1308.806	625.000	1109.375	28	27	2549775	3565759	128.88	124.48	24	23	3619077455	12
2026-07-26T21:47:44Z	20260726T214659Z	boards/board1.txt	ab(d6,tt,ord,nb200k)@1.learned(s98,5801570e)@1.opener(rand,4)@1	ab(d6,ord,nb200k)@1.adv(t20,c77,w0,l0,f0,d-2,e0,m0,h0,b1,o0,r0,x0,n0,s1,g1)@1.opener(rand,4)@1	W	64	7	7	864.942	1361.684	687.500	1125.000	32	32	2491843	3424144	158.87	152.81	28	28	3979331395	12
2026-07-26T21:47:46Z	20260726T214659Z	boards/board1.txt	ab(d6,tt,ord,qs,nb200k)@1.learned(s98,5801570e)@1.opener(rand,4)@1	ab(d6,ord,nb200k)@1.adv(t20,c77,w0,l0,f0,d-2,e0,m0,h0,b1,o0,r0,x0,n0,s1,g1)@1.opener(rand,4)@1	W	56	9	10	779.137	1199.694	687.500	1140.625	28	28	2538813	3372999	132.20	129.02	24	24	3512598301	12
2026-07-26T21:47:47Z	20260726T214659Z	boards/board1.txt	rand@1	ab(d6,ord,nb200k)@1.adv(t20,c77,w0,l0,f0,d-2,e0,m0,h0,b1,o0,r0,x0,n0,s1,g1)@1.opener(rand,4)@1	B	26	12	16	0.022	505.070	0.000	437.500	13	13	0	1323516	0.00	48.34	0	9	3096684362	12
2026-07-26T21:47:47Z	20260726T214659Z	boards/board1.txt	ab(d6,tt,ord,nb200k)@1.classic(t1,c4,w0,l0)@2.dil(r63)@1.opener(rand,4)@1	ab(d6,tt,ord,nb200k)@1.classic(t1,c4,w0,l0)@2.dil(r30,d4)@1.opener(rand,4)@1	B	22	12	16	36.645	102.586	15.625	78.125	11	11	96911	263322	12.00	33.00	2	7	439818645	12
2026-07-26T21:47:57Z	20260726T214659Z	boards/board1.txt	ab(d6,tt,ord,nb200k)@1.learned(s111,78ef6974)@1.opener(rand,4)@1	ab(d6,tt,ord,nb200k)@1.classic(t1,c4,w0,l0)@2.dil(r30,d4)@1.opener(rand,4)@1	W	52	11	9	9675.100	185.686	8390.625	140.625	26	26	1894548	586748	123.00	103.00	22	22	648953954	12
2026-07-26T21:47:58Z	20260726T214659Z	boards/board1.txt	ab(d6,tt,ord,nb200k)@1.learned(s3,68364898)@1.opener(rand,4)@1	ab(d6,tt,ord,nb200k)@1.classic(t1,c4,w0,l0)@2.dil(r30,d4)@1.opener(rand,4)@1	W	52	11	10	585.140	216.651	453.125	218.750	26	26	1689671	643203	123.00	107.00	22	22	813874788	12
2026-07-26T21:47:59Z	20260726T214659Z	boards/board1.txt	ab(d6,tt,ord,nb200k)@1.learned(s76,ef183148)@1.opener(rand,4)@1	ab(d6,tt,ord,nb200k)@1.classic(t1,c4,w0,l0)@2.dil(r30,d4)@1.opener(rand,4)@1	W	68	10	8	837.172	412.973	671.875	406.250	34	34	2320871	1094459	171.00	157.00	30	30	3114849752	12
2026-07-26T21:48:00Z	20260726T214659Z	boards/board1.txt	ab(d6,tt,ord,nb200k)@1.learned(s98,5801570e)@1.opener(rand,4)@1	ab(d6,tt,ord,nb200k)@1.classic(t1,c4,w0,l0)@2.dil(r30,d4)@1.opener(rand,4)@1	W	62	9	8	662.273	144.174	593.750	125.000	31	31	2027752	408255	153.00	119.00	27	27	2641419891	12
2026-07-26T21:48:04Z	20260726T214659Z	boards/board1.txt	ab(d8,tt,ord,nb2m)@1.classic(t1,c4,w0,l0)@2.opener(rand,4)@1	ab(d6,tt,ord,nb200k)@1.classic(t1,c4,w0,l0)@2.dil(r30,d4)@1.opener(rand,4)@1	W	44	12	11	3926.567	47.659	3625.000	46.875	22	22	11242103	164981	128.00	92.00	18	18	3284292911	12
2026-07-26T21:48:04Z	20260726T214659Z	boards/board1.txt	rand@1	ab(d6,tt,ord,nb200k)@1.classic(t1,c4,w0,l0)@2.dil(r30,d4)@1.opener(rand,4)@1	B	18	13	16	0.009	49.117	0.000	31.250	9	9	0	125239	0.00	23.00	0	5	617929550	12
2026-07-26T21:48:14Z	20260726T214659Z	boards/board1.txt	ab(d6,tt,ord,nb200k)@1.learned(s111,78ef6974)@1.opener(rand,4)@1	ab(d6,tt,ord,nb200k)@1.classic(t1,c4,w0,l0)@2.dil(r63)@1.opener(rand,4)@1	W	39	14	11	9628.433	72.975	8890.625	62.500	20	19	2002758	208118	81.50	19.00	16	4	1680882106	12
2026-07-26T21:48:14Z	20260726T214659Z	boards/board1.txt	ab(d6,tt,ord,nb200k)@1.learned(s3,68364898)@1.opener(rand,4)@1	ab(d6,tt,ord,nb200k)@1.classic(t1,c4,w0,l0)@2.dil(r63)@1.opener(rand,4)@1	W	35	15	11	425.234	86.799	437.500	62.500	18	17	1294252	279912	79.00	30.00	14	5	655929532	12
2026-07-26T21:48:15Z	20260726T214659Z	boards/board1.txt	ab(d6,tt,ord,nb200k)@1.learned(s76,ef183148)@1.opener(rand,4)@1	ab(d6,tt,ord,nb200k)@1.classic(t1,c4,w0,l0)@2.dil(r63)@1.opener(rand,4)@1	W	41	15	11	457.778	50.277	390.625	46.875	21	20	1264447	155832	92.00	18.00	17	3	2206069984	12
2026-07-26T21:48:15Z	20260726T214659Z	boards/board1.txt	ab(d6,tt,ord,nb200k)@1.learned(s98,5801570e)@1.opener(rand,4)@1	ab(d6,tt,ord,nb200k)@1.classic(t1,c4,w0,l0)@2.dil(r63)@1.opener(rand,4)@1	W	35	16	10	401.821	118.597	328.125	140.625	18	17	1100453	332354	79.00	36.00	14	6	1023864299	12
2026-07-26T21:48:18Z	20260726T214659Z	boards/board1.txt	ab(d8,tt,ord,nb2m)@1.classic(t1,c4,w0,l0)@2.opener(rand,4)@1	ab(d6,tt,ord,nb200k)@1.classic(t1,c4,w0,l0)@2.dil(r63)@1.opener(rand,4)@1	W	35	15	14	3373.523	3.900	2828.125	0.000	18	17	9120930	11743	93.00	18.00	14	3	1397997767	12
2026-07-26T21:48:18Z	20260726T214659Z	boards/board1.txt	rand@1	ab(d6,tt,ord,nb200k)@1.classic(t1,c4,w0,l0)@2.dil(r63)@1.opener(rand,4)@1	B	20	13	16	0.008	17.881	0.000	15.625	10	10	0	34438	0.00	7.00	0	2	1694874918	12
2026-07-26T21:48:19Z	20260726T214659Z	boards/board1.txt	ab(d6,tt,ord,nb200k)@1.learned(s3,68364898)@1.opener(rand,4)@1	ab(d6,tt,ord,nb200k)@1.classic(t1,c4,w0,l0)@2.opener(rand,4)@1	B	53	10	12	529.567	335.975	421.875	312.500	27	26	1385950	902085	124.00	123.00	23	22	288122692	12
2026-07-26T21:48:20Z	20260726T214659Z	boards/board1.txt	ab(d6,tt,ord,nb200k)@1.learned(s6,eac8ab99)@1.opener(rand,4)@1	ab(d6,tt,ord,nb200k)@1.classic(t1,c4,w0,l0)@2.opener(rand,4)@1	B	69	7	9	647.277	427.683	640.625	328.125	35	34	1831868	1202652	172.00	171.00	31	30	34180487	12
2026-07-26T21:48:21Z	20260726T214659Z	boards/board1.txt	ab(d6,tt,ord,nb200k)@1.learned(s98,5801570e)@1.opener(rand,4)@1	ab(d6,tt,ord,nb200k)@1.classic(t1,c4,w0,l0)@2.opener(rand,4)@1	W	58	8	9	667.870	335.661	421.875	328.125	29	29	1703013	875041	141.00	136.00	25	25	1688210987	12
2026-07-26T21:48:22Z	20260726T214659Z	boards/board1.txt	ab(d6,tt,ord,qs,nb200k)@1.learned(s98,5801570e)@1.opener(rand,4)@1	ab(d6,tt,ord,nb200k)@1.classic(t1,c4,w0,l0)@2.opener(rand,4)@1	B	66	9	11	642.168	340.068	609.375	343.750	33	33	1863207	978862	160.00	160.00	29	29	43167109	12
2026-07-26T21:48:23Z	20260726T214659Z	boards/board1.txt	rand@1	ab(d6,tt,ord,nb200k)@1.classic(t1,c4,w0,l0)@2.opener(rand,4)@1	B	24	13	16	0.016	114.392	0.000	109.375	12	12	0	369707	0.00	43.00	0	8	493780082	12
2026-07-26T21:48:34Z	20260726T214659Z	boards/board1.txt	ab(d6,tt,ord,nb200k)@1.learned(s3,68364898)@1.opener(rand,4)@1	ab(d6,tt,ord,nb200k)@1.learned(s111,78ef6974)@1.opener(rand,4)@1	B	55	10	12	718.441	10347.627	656.250	9578.125	28	27	2611606	2193299	127.61	128.42	24	23	3464632449	12
2026-07-26T21:48:46Z	20260726T214659Z	boards/board1.txt	ab(d6,tt,ord,nb200k)@1.learned(s76,ef183148)@1.opener(rand,4)@1	ab(d6,tt,ord,nb200k)@1.learned(s111,78ef6974)@1.opener(rand,4)@1	B	57	12	7	777.601	12106.221	703.125	11062.500	29	28	2134027	2337162	136.00	135.00	25	24	2695012815	12
2026-07-26T21:48:59Z	20260726T214659Z	boards/board1.txt	ab(d6,tt,ord,nb200k)@1.learned(s98,5801570e)@1.opener(rand,4)@1	ab(d6,tt,ord,nb200k)@1.learned(s111,78ef6974)@1.opener(rand,4)@1	W	60	10	8	653.154	11689.882	640.625	10656.250	30	30	2085247	2347028	146.79	142.00	26	26	2876062280	12
2026-07-26T21:49:05Z	20260726T214659Z	boards/board1.txt	ab(d8,tt,ord,nb2m)@1.classic(t1,c4,w0,l0)@2.opener(rand,4)@1	ab(d6,tt,ord,nb200k)@1.learned(s111,78ef6974)@1.opener(rand,4)@1	W	48	12	10	3834.120	2214.016	3578.125	2015.625	24	24	10678200	442323	144.00	106.00	20	20	245379266	12
2026-07-26T21:49:06Z	20260726T214659Z	boards/board1.txt	rand@1	ab(d6,tt,ord,nb200k)@1.learned(s111,78ef6974)@1.opener(rand,4)@1	B	18	12	16	0.014	1569.357	0.000	1421.875	9	9	0	331249	0.00	25.00	0	5	2946484007	12
2026-07-26T21:49:08Z	20260726T214659Z	boards/board1.txt	ab(d6,tt,ord,nb200k)@1.learned(s76,ef183148)@1.opener(rand,4)@1	ab(d6,tt,ord,nb200k)@1.learned(s3,68364898)@1.opener(rand,4)@1	W	76	8	6	1002.861	901.482	906.250	812.500	38	38	2607365	2892150	195.00	189.14	34	34	3705505631	12
2026-07-26T21:49:10Z	20260726T214659Z	boards/board1.txt	ab(d6,tt,ord,nb200k)@1.learned(s98,5801570e)@1.opener(rand,4)@1	ab(d6,tt,ord,nb200k)@1.learned(s3,68364898)@1.opener(rand,4)@1	B	77	8	7	733.668	724.350	640.625	687.500	39	38	1999181	2041779	196.00	195.00	35	34	1840557752	12
2026-07-26T21:49:15Z	20260726T214659Z	boards/board1.txt	ab(d8,tt,ord,nb2m)@1.classic(t1,c4,w0,l0)@2.opener(rand,4)@1	ab(d6,tt,ord,nb200k)@1.learned(s3,68364898)@1.opener(rand,4)@1	W	50	11	12	5141.646	317.370	4640.625	312.500	25	25	15025929	886821	152.00	112.00	21	21	1916554546	12
2026-07-26T21:49:15Z	20260726T214659Z	boards/board1.txt	rand@1	ab(d6,tt,ord,nb200k)@1.learned(s3,68364898)@1.opener(rand,4)@1	B	24	14	16	0.016	142.028	0.000	109.375	12	12	0	425475	0.00	35.00	0	8	3790173335	12
2026-07-26T21:49:17Z	20260726T214659Z	boards/board1.txt	ab(d6,tt,ord,nb200k)@1.learned(s98,5801570e)@1.opener(rand,4)@1	ab(d6,tt,ord,nb200k)@1.learned(s6,eac8ab99)@1.opener(rand,4)@1	B	83	6	9	968.488	969.752	812.500	828.125	42	41	2880645	2757438	214.00	212.88	38	37	3315681203	12
2026-07-26T21:49:19Z	20260726T214659Z	boards/board1.txt	ab(d6,tt,ord,qs,nb200k)@1.learned(s98,5801570e)@1.opener(rand,4)@1	ab(d6,tt,ord,nb200k)@1.learned(s6,eac8ab99)@1.opener(rand,4)@1	W	52	10	11	735.260	788.326	562.500	734.375	26	26	2232120	2402849	122.82	117.93	22	22	2586238125	12
2026-07-26T21:49:19Z	20260726T214659Z	boards/board1.txt	rand@1	ab(d6,tt,ord,nb200k)@1.learned(s6,eac8ab99)@1.opener(rand,4)@1	B	36	14	16	0.029	407.679	0.000	343.750	18	18	0	1343260	0.00	71.00	0	14	579637434	12
2026-07-26T21:49:21Z	20260726T214659Z	boards/board1.txt	ab(d6,tt,ord,nb200k)@1.learned(s98,5801570e)@1.opener(rand,4)@1	ab(d6,tt,ord,nb200k)@1.learned(s76,ef183148)@1.opener(rand,4)@1	B	57	9	11	644.864	774.979	578.125	640.625	29	28	2067078	2069194	136.00	134.71	25	24	1534843356	12
2026-07-26T21:49:24Z	20260726T214659Z	boards/board1.txt	ab(d8,tt,ord,nb2m)@1.classic(t1,c4,w0,l0)@2.opener(rand,4)@1	ab(d6,tt,ord,nb200k)@1.learned(s76,ef183148)@1.opener(rand,4)@1	W	46	12	11	3256.754	204.757	3109.375	187.500	23	23	10155843	661703	136.00	100.00	19	19	1893028558	12
2026-07-26T21:49:24Z	20260726T214659Z	boards/board1.txt	rand@1	ab(d6,tt,ord,nb200k)@1.learned(s76,ef183148)@1.opener(rand,4)@1	B	24	12	16	0.018	187.398	0.000	187.500	12	12	0	603245	0.00	43.00	0	8	2334435539	12
2026-07-26T21:49:31Z	20260726T214659Z	boards/board1.txt	ab(d8,tt,ord,nb2m)@1.classic(t1,c4,w0,l0)@2.opener(rand,4)@1	ab(d6,tt,ord,nb200k)@1.learned(s98,5801570e)@1.opener(rand,4)@1	W	60	12	9	6757.524	295.901	6328.125	281.250	30	30	19384693	1013901	192.00	142.00	26	26	1309526825	12
2026-07-26T21:49:32Z	20260726T214659Z	boards/board1.txt	rand@1	ab(d6,tt,ord,nb200k)@1.learned(s98,5801570e)@1.opener(rand,4)@1	B	26	13	16	0.021	238.942	0.000	203.125	13	13	0	697335	0.00	49.00	0	9	429867412	12
2026-07-26T21:49:32Z	20260726T214659Z	boards/board1.txt	rand@1	ab(d6,tt,ord,qs,nb200k)@1.learned(s98,5801570e)@1.opener(rand,4)@1	B	26	14	16	0.017	213.005	0.000	203.125	13	13	0	672832	0.00	41.00	0	9	3456122920	12
2026-07-26T21:49:35Z	20260726T214659Z	boards/board1.txt	rand@1	ab(d8,tt,ord,nb2m)@1.classic(t1,c4,w0,l0)@2.opener(rand,4)@1	B	32	14	16	0.025	3614.799	0.000	3546.875	16	16	0	10569066	0.00	82.00	0	12	802031736	12
2026-07-26T21:46:59Z	20260726T214659Z	boards/board1.txt	ab(d2)@1.classic(t1,c4,w0,l0)@2.opener(rand,4)@1	ab(d4)@1.classic(t1,c4,w0,l0)@2.opener(rand,4)@1	B	34	14	14	0.120	4.418	0.000	0.000	17	17	1512	71031	24.00	52.00	13	13	1461719214	12
2026-07-26T21:46:59Z	20260726T214659Z	boards/board1.txt	ab(d2)@1.classic(t1,c4,w0,l0)@2.opener(rand,4)@1	ab(d6,tt,ord,nb200k)@1.classic(t1,c4,w0,l0)@2.dil(r30,d4)@1.opener(rand,4)@1	B	38	13	13	0.156	143.541	0.000	156.250	19	19	1923	400257	28.00	67.00	15	15	880365454	12
2026-07-26T21:46:59Z	20260726T214659Z	boards/board1.txt	ab(d2)@1.classic(t1,c4,w0,l0)@2.opener(rand,4)@1	ab(d6,tt,ord,nb200k)@1.classic(t1,c4,w0,l0)@2.dil(r63)@1.opener(rand,4)@1	W	29	15	14	0.095	68.587	0.000	62.500	15	14	1195	229235	22.00	18.00	11	3	1967255482	12
2026-07-26T21:47:14Z	20260726T214659Z	boards/board1.txt	ab(d2)@1.classic(t1,c4,w0,l0)@2.opener(rand,4)@1	ab(d6,tt,ord,nb200k)@1.learned(s111,78ef6974)@1.opener(rand,4)@1	W	66	12	6	0.388	15482.336	0.000	13750.000	33	33	3514	2913737	58.00	158.86	29	29	3217544893	12
2026-07-26T21:47:15Z	20260726T214659Z	boards/board1.txt	ab(d2)@1.classic(t1,c4,w0,l0)@2.opener(rand,4)@1	ab(d6,tt,ord,nb200k)@1.learned(s3,68364898)@1.opener(rand,4)@1	B	40	13	13	0.178	514.036	0.000	421.875	20	20	2021	1396285	30.00	83.00	16	16	3160683063	12
2026-07-26T21:47:16Z	20260726T214659Z	boards/board1.txt	ab(d2)@1.classic(t1,c4,w0,l0)@2.opener(rand,4)@1	ab(d6,tt,ord,nb200k)@1.learned(s76,ef183148)@1.opener(rand,4)@1	B	48	12	12	0.207	678.359	0.000	609.375	24	24	2359	1875973	38.00	106.00	20	20	2915857499	12
2026-07-26T21:47:16Z	20260726T214659Z	boards/board1.txt	ab(d2)@1.classic(t1,c4,w0,l0)@2.opener(rand,4)@1	ab(d6,tt,ord,nb200k)@1.learned(s98,5801570e)@1.opener(rand,4)@1	B	42	13	12	0.208	498.556	0.000	406.250	21	21	2397	1468866	32.00	88.00	17	17	1861916784	12
2026-07-26T21:47:22Z	20260726T214659Z	boards/board1.txt	ab(d2)@1.classic(t1,c4,w0,l0)@2.opener(rand,4)@1	ab(d8,tt,ord,nb2m)@1.classic(t1,c4,w0,l0)@2.opener(rand,4)@1	B	56	13	10	0.254	5969.501	0.000	5406.250	28	28	2883	18172517	46.00	165.00	24	24	426294860	12
2026-07-26T21:47:22Z	20260726T214659Z	boards/board1.txt	ab(d2)@1.classic(t1,c4,w0,l0)@2.opener(rand,4)@1	rand@1	W	19	16	13	0.046	0.005	0.000	0.000	10	9	575	0	12.00	0.00	6	0	2358944937	12
2026-07-26T21:47:22Z	20260726T214659Z	boards/board1.txt	ab(d4)@1.classic(t1,c4,w0,l0)@2.opener(rand,4)@1	ab(d6,tt,ord,nb200k)@1.classic(t1,c4,w0,l0)@2.dil(r30,d4)@1.opener(rand,4)@1	W	40	13	12	8.428	107.485	15.625	46.875	20	20	105524	316953	64.00	69.00	16	16	2493374920	12
2026-07-26T21:47:22Z	20260726T214659Z	boards/board1.txt	ab(d4)@1.classic(t1,c4,w0,l0)@2.opener(rand,4)@1	ab(d6,tt,ord,nb200k)@1.classic(t1,c4,w0,l0)@2.dil(r63)@1.opener(rand,4)@1	W	33	14	12	3.390	57.561	15.625	46.875	17	16	52204	185558	52.00	24.00	13	4	1618322584	12
2026-07-26T21:47:33Z	20260726T214659Z	boards/board1.txt	ab(d4)@1.classic(t1,c4,w0,l0)@2.opener(rand,4)@1	ab(d6,tt,ord,nb200k)@1.learned(s111,78ef6974)@1.opener(rand,4)@1	W	66	11	9	11.974	10401.448	15.625	9437.500	33	33	136270	2076710	116.00	160.00	29	29	3385473843	12
2026-07-26T21:47:33Z	20260726T214659Z	boards/board1.txt	ab(d4)@1.classic(t1,c4,w0,l0)@2.opener(rand,4)@1	ab(d6,tt,ord,nb200k)@1.learned(s3,68364898)@1.opener(rand,4)@1	B	62	9	9	10.023	757.279	15.625	625.000	31	31	132482	2044383	101.00	148.00	27	27	2684511425	12
2026-07-26T21:47:34Z	20260726T214659Z	boards/board1.txt	ab(d4)@1.classic(t1,c4,w0,l0)@2.opener(rand,4)@1	ab(d6,tt,ord,nb200k)@1.learned(s76,ef183148)@1.opener(rand,4)@1	B	56	11	10	9.555	893.272	0.000	750.000	28	28	130328	2365185	89.00	129.78	24	24	3880312189	12
2026-07-26T21:47:35Z	20260726T214659Z	boards/board1.txt	ab(d4)@1.classic(t1,c4,w0,l0)@2.opener(rand,4)@1	ab(d6,tt,ord,nb200k)@1.learned(s98,5801570e)@1.opener(rand,4)@1	W	58	9	7	7.359	720.365	0.000	656.250	29	29	109833	1956381	100.00	136.00	25	25	3918042874	12
2026-07-26T21:47:37Z	20260726T214659Z	boards/board1.txt	ab(d4)@1.classic(t1,c4,w0,l0)@2.opener(rand,4)@1	ab(d8,tt,ord,nb2m)@1.classic(t1,c4,w0,l0)@2.opener(rand,4)@1	B	38	12	13	3.526	2385.387	0.000	2015.625	19	19	59336	6169704	53.00	97.00	15	15	1611654858	12
2026-07-26T21:47:37Z	20260726T214659Z	boards/board1.txt	ab(d4)@1.classic(t1,c4,w0,l0)@2.opener(rand,4)@1	rand@1	W	31	15	12	4.832	0.011	0.000	0.000	16	15	55764	0	48.00	0.00	12	0	2906903971	12
2026-07-26T21:47:39Z	20260726T214659Z	boards/board1.txt	ab(d6,ord,nb200k)@1.adv(t20,c77,w0,l0,f0,d-2,e0,m0,h0,b1,o0,r0,x0,n0,s1,g1)@1.opener(rand,4)@1	ab(d6,tt,ord,nb200k)@1.classic(t1,c4,w0,l0)@2.dil(r63)@1.opener(rand,4)@1	W	43	13	10	1259.767	158.579	1015.625	187.500	22	21	2839701	474715	100.07	42.00	18	7	383057698	12
2026-07-26T21:47:40Z	20260726T214659Z	boards/board1.txt	ab(d6,ord,nb200k)@1.adv(t20,c77,w0,l0,f0,d-2,e0,m0,h0,b1,o0,r0,x0,n0,s1,g1)@1.opener(rand,4)@1	ab(d6,tt,ord,nb200k)@1.classic(t1,c4,w0,l0)@2.opener(rand,4)@1	W	42	11	10	733.466	240.833	671.875	218.750	21	21	1877131	783183	92.00	88.00	17	17	2519902540	12
2026-07-26T21:47:42Z	20260726T214659Z	boards/board1.txt	ab(d6,ord,nb200k)@1.adv(t20,c77,w0,l0,f0,d-2,e0,m0,h0,b1,o0,r0,x0,n0,s1,g1)@1.opener(rand,4)@1	ab(d6,tt,ord,nb200k)@1.learned(s3,68364898)@1.opener(rand,4)@1	B	59	9	9	1391.442	718.498	1078.125	703.125	30	29	3408950	2451883	140.85	140.06	26	25	2054804087	12
2026-07-26T21:47:44Z	20260726T214659Z	boards/board1.txt	ab(d6,ord,nb200k)@1.adv(t20,c77,w0,l0,f0,d-2,e0,m0,h0,b1,o0,r0,x0,n0,s1,g1)@1.opener(rand,4)@1	ab(d6,tt,ord,nb200k)@1.learned(s6,eac8ab99)@1.opener(rand,4)@1	W	72	9	5	1113.267	610.899	953.125	500.000	36	36	2917091	1925343	182.76	178.00	32	32	3731665460	12
2026-07-26T21:47:46Z	20260726T214659Z	boards/board1.txt	ab(d6,ord,nb200k)@1.adv(t20,c77,w0,l0,f0,d-2,e0,m0,h0,b1,o0,r0,x0,n0,s1,g1)@1.opener(rand,4)@1	ab(d6,tt,ord,nb200k)@1.learned(s98,5801570e)@1.opener(rand,4)@1	W	54	11	10	1215.309	822.638	1093.750	687.500	27	27	3081946	2773792	126.14	120.11	23	23	4091919400	12
2026-07-26T21:47:47Z	20260726T214659Z	boards/board1.txt	ab(d6,ord,nb200k)@1.adv(t20,c77,w0,l0,f0,d-2,e0,m0,h0,b1,o0,r0,x0,n0,s1,g1)@1.opener(rand,4)@1	ab(d6,tt,ord,qs,nb200k)@1.learned(s98,5801570e)@1.opener(rand,4)@1	B	59	8	9	1160.647	617.020	937.500	546.875	30	29	2850034	2080609	140.85	139.58	26	25	3623686426	12
2026-07-26T21:47:48Z	20260726T214659Z	boards/board1.txt	ab(d6,ord,nb200k)@1.adv(t20,c77,w0,l0,f0,d-2,e0,m0,h0,b1,o0,r0,x0,n0,s1,g1)@1.opener(rand,4)@1	rand@1	W	31	16	14	760.732	0.029	703.125	0.000	16	15	1911329	0	59.61	0.00	12	0	3034093517	12
2026-07-26T21:47:48Z	20260726T214659Z	boards/board1.txt	ab(d6,tt,ord,nb200k)@1.classic(t1,c4,w0,l0)@2.dil(r30,d4)@1.opener(rand,4)@1	ab(d6,tt,ord,nb200k)@1.classic(t1,c4,w0,l0)@2.dil(r63)@1.opener(rand,4)@1	W	23	16	12	110.363	54.931	93.750	31.250	12	11	278269	134844	39.00	12.00	8	2	502465170	12
2026-07-26T21:47:58Z	20260726T214659Z	boards/board1.txt	ab(d6,tt,ord,nb200k)@1.classic(t1,c4,w0,l0)@2.dil(r30,d4)@1.opener(rand,4)@1	ab(d6,tt,ord,nb200k)@1.learned(s111,78ef6974)@1.opener(rand,4)@1	W	54	10	10	286.957	9724.312	265.625	8187.500	27	27	665709	1784737	118.00	124.00	23	23	586307429	12
2026-07-26T21:48:00Z	20260726T214659Z	boards/board1.txt	ab(d6,tt,ord,nb200k)@1.classic(t1,c4,w0,l0)@2.dil(r30,d4)@1.opener(rand,4)@1	ab(d6,tt,ord,nb200k)@1.learned(s3,68364898)@1.opener(rand,4)@1	W	78	6	6	468.054	729.204	359.375	671.875	39	39	1137326	1933556	193.00	196.00	35	35	749728383	12
2026-07-26T21:48:01Z	20260726T214659Z	boards/board1.txt	ab(d6,tt,ord,nb200k)@1.classic(t1,c4,w0,l0)@2.dil(r30,d4)@1.opener(rand,4)@1	ab(d6,tt,ord,nb200k)@1.learned(s76,ef183148)@1.opener(rand,4)@1	B	59	8	11	235.706	893.100	125.000	796.875	30	29	750921	2160545	122.00	141.00	26	25	3050703347	12
2026-07-26T21:48:01Z	20260726T214659Z	boards/board1.txt	ab(d6,tt,ord,nb200k)@1.classic(t1,c4,w0,l0)@2.dil(r30,d4)@1.opener(rand,4)@1	ab(d6,tt,ord,nb200k)@1.learned(s98,5801570e)@1.opener(rand,4)@1	B	43	11	12	175.559	352.674	156.250	281.250	22	21	430672	913326	83.00	93.00	18	17	2705566296	12
2026-07-26T21:48:07Z	20260726T214659Z	boards/board1.txt	ab(d6,tt,ord,nb200k)@1.classic(t1,c4,w0,l0)@2.dil(r30,d4)@1.opener(rand,4)@1	ab(d8,tt,ord,nb2m)@1.classic(t1,c4,w0,l0)@2.opener(rand,4)@1	W	60	10	9	76.923	5291.915	62.500	4437.500	30	30	206611	14308246	125.00	185.00	26	26	3348439316	12
2026-07-26T21:48:07Z	20260726T214659Z	boards/board1.txt	ab(d6,tt,ord,nb200k)@1.classic(t1,c4,w0,l0)@2.dil(r30,d4)@1.opener(rand,4)@1	rand@1	W	19	16	13	85.970	0.012	93.750	0.000	10	9	236659	0	29.00	0.00	6	0	555283025	12
2026-07-26T21:48:20Z	20260726T214659Z	boards/board1.txt	ab(d6,tt,ord,nb200k)@1.classic(t1,c4,w0,l0)@2.dil(r63)@1.opener(rand,4)@1	ab(d6,tt,ord,nb200k)@1.learned(s111,78ef6974)@1.opener(rand,4)@1	B	44	13	13	90.739	12886.921	46.875	11000.000	22	22	279157	2392880	24.00	95.41	4	18	1569793981	12
2026-07-26T21:48:20Z	20260726T214659Z	boards/board1.txt	ab(d6,tt,ord,nb200k)@1.classic(t1,c4,w0,l0)@2.dil(r63)@1.opener(rand,4)@1	ab(d6,tt,ord,nb200k)@1.learned(s3,68364898)@1.opener(rand,4)@1	B	52	9	12	119.419	488.728	125.000	406.250	26	26	290827	1377748	48.00	119.00	8	22	591797047	12
2026-07-26T21:48:20Z	20260726T214659Z	boards/board1.txt	ab(d6,tt,ord,nb200k)@1.classic(t1,c4,w0,l0)@2.dil(r63)@1.opener(rand,4)@1	ab(d6,tt,ord,nb200k)@1.learned(s76,ef183148)@1.opener(rand,4)@1	B	26	13	16	46.510	148.521	31.250	125.000	13	13	106913	461019	15.00	45.00	3	9	2141937499	12
2026-07-26T21:48:21Z	20260726T214659Z	boards/board1.txt	ab(d6,tt,ord,nb200k)@1.classic(t1,c4,w0,l0)@2.dil(r63)@1.opener(rand,4)@1	ab(d6,tt,ord,nb200k)@1.learned(s98,5801570e)@1.opener(rand,4)@1	B	28	12	16	26.082	310.709	15.625	265.625	14	14	59743	884780	6.00	54.70	1	10	1087996784	12
2026-07-26T21:48:25Z	20260726T214659Z	boards/board1.txt	ab(d6,tt,ord,nb200k)@1.classic(t1,c4,w0,l0)@2.dil(r63)@1.opener(rand,4)@1	ab(d8,tt,ord,nb2m)@1.classic(t1,c4,w0,l0)@2.opener(rand,4)@1	B	43	12	14	25.527	4286.965	15.625	3593.750	22	21	75632	10115230	49.00	129.00	9	17	1510571852	12
2026-07-26T21:48:25Z	20260726T214659Z	boards/board1.txt	ab(d6,tt,ord,nb200k)@1.classic(t1,c4,w0,l0)@2.dil(r63)@1.opener(rand,4)@1	rand@1	W	53	14	13	78.008	0.020	62.500	0.000	27	26	215033	0	28.00	0.00	7	0	1632284073	12
2026-07-26T21:48:26Z	20260726T214659Z	boards/board1.txt	ab(d6,tt,ord,nb200k)@1.classic(t1,c4,w0,l0)@2.opener(rand,4)@1	ab(d6,tt,ord,nb200k)@1.learned(s3,68364898)@1.opener(rand,4)@1	B	53	10	9	298.824	339.685	187.500	328.125	27	26	750597	960044	124.00	123.00	23	22	175534687	12
2026-07-26T21:48:27Z	20260726T214659Z	boards/board1.txt	ab(d6,tt,ord,nb200k)@1.classic(t1,c4,w0,l0)@2.opener(rand,4)@1	ab(d6,tt,ord,nb200k)@1.learned(s6,eac8ab99)@1.opener(rand,4)@1	B	67	7	8	536.696	744.074	468.750	703.125	34	33	1219109	1900305	166.00	165.00	30	29	98312972	12
2026-07-26T21:48:28Z	20260726T214659Z	boards/board1.txt	ab(d6,tt,ord,nb200k)@1.classic(t1,c4,w0,l0)@2.opener(rand,4)@1	ab(d6,tt,ord,nb200k)@1.learned(s98,5801570e)@1.opener(rand,4)@1	B	67	8	8	475.035	672.547	359.375	593.750	34	33	1137343	1766915	166.00	165.00	30	29	1800785072	12
2026-07-26T21:48:30Z	20260726T214659Z	boards/board1.txt	ab(d6,tt,ord,nb200k)@1.classic(t1,c4,w0,l0)@2.opener(rand,4)@1	ab(d6,tt,ord,qs,nb200k)@1.learned(s98,5801570e)@1.opener(rand,4)@1	B	81	7	6	540.834	846.754	500.000	640.625	41	40	1195000	2308908	208.00	207.00	37	36	105813634	12
2026-07-26T21:48:30Z	20260726T214659Z	boards/board1.txt	ab(d6,tt,ord,nb200k)@1.classic(t1,c4,w0,l0)@2.opener(rand,4)@1	rand@1	W	29	16	14	251.769	0.026	218.750	0.000	15	14	661988	0	61.00	0.00	11	0	431189237	12
2026-07-26T21:48:42Z	20260726T214659Z	boards/board1.txt	ab(d6,tt,ord,nb200k)@1.learned(s111,78ef6974)@1.opener(rand,4)@1	ab(d6,tt,ord,nb200k)@1.learned(s3,68364898)@1.opener(rand,4)@1	W	70	10	6	11569.809	724.463	10250.000	656.250	35	35	2177620	1997472	177.00	172.00	31	31	3575664894	12
2026-07-26T21:48:59Z	20260726T214659Z	boards/board1.txt	ab(d6,tt,ord,nb200k)@1.learned(s111,78ef6974)@1.opener(rand,4)@1	ab(d6,tt,ord,nb200k)@1.learned(s76,ef183148)@1.opener(rand,4)@1	B	79	5	8	15765.032	1181.030	13515.625	1000.000	40	39	3019177	2944823	201.38	201.00	36	35	2807600820	12
2026-07-26T21:49:14Z	20260726T214659Z	boards/board1.txt	ab(d6,tt,ord,nb200k)@1.learned(s111,78ef6974)@1.opener(rand,4)@1	ab(d6,tt,ord,nb200k)@1.learned(s98,5801570e)@1.opener(rand,4)@1	W	66	10	6	14399.546	877.140	12468.750	734.375	33	33	2825162	2689543	165.00	160.00	29	29	2811915875	12
2026-07-26T21:49:26Z	20260726T214659Z	boards/board1.txt	ab(d6,tt,ord,nb200k)@1.learned(s111,78ef6974)@1.opener(rand,4)@1	ab(d8,tt,ord,nb2m)@1.classic(t1,c4,w0,l0)@2.opener(rand,4)@1	B	55	9	13	4697.107	6480.639	4000.000	5578.125	28	27	934890	16736263	129.35	168.00	24	23	134291141	12
2026-07-26T21:49:27Z	20260726T214659Z	boards/board1.txt	ab(d6,tt,ord,nb200k)@1.learned(s111,78ef6974)@1.opener(rand,4)@1	rand@1	W	21	16	14	1567.838	0.013	1468.750	0.000	11	10	360254	0	32.00	0.00	7	0	3010616492	12
2026-07-26T21:49:28Z	20260726T214659Z	boards/board1.txt	ab(d6,tt,ord,nb200k)@1.learned(s3,68364898)@1.opener(rand,4)@1	ab(d6,tt,ord,nb200k)@1.learned(s76,ef183148)@1.opener(rand,4)@1	W	80	8	6	579.578	691.858	562.500	625.000	40	40	1844679	1884983	207.00	202.00	36	36	3818093636	12
2026-07-26T21:49:30Z	20260726T214659Z	boards/board1.txt	ab(d6,tt,ord,nb200k)@1.learned(s3,68364898)@1.opener(rand,4)@1	ab(d6,tt,ord,nb200k)@1.learned(s98,5801570e)@1.opener(rand,4)@1	W	78	9	6	593.817	572.530	515.625	531.250	39	39	1778787	1577434	201.00	196.00	35	35	1776411347	12
2026-07-26T21:49:38Z	20260726T214659Z	boards/board1.txt	ab(d6,tt,ord,nb200k)@1.learned(s3,68364898)@1.opener(rand,4)@1	ab(d8,tt,ord,nb2m)@1.classic(t1,c4,w0,l0)@2.opener(rand,4)@1	B	91	5	8	447.300	8212.016	375.000	7828.125	46	45	1402109	25575023	238.00	312.00	42	41	1805522101	12
2026-07-26T21:49:39Z	20260726T214659Z	boards/board1.txt	ab(d6,tt,ord,nb200k)@1.learned(s3,68364898)@1.opener(rand,4)@1	rand@1	W	27	16	12	313.951	0.021	281.250	0.000	14	13	1118263	0	54.51	0.00	10	0	3854361500	12
2026-07-26T21:49:40Z	20260726T214659Z	boards/board1.txt	ab(d6,tt,ord,nb200k)@1.learned(s6,eac8ab99)@1.opener(rand,4)@1	ab(d6,tt,ord,nb200k)@1.learned(s98,5801570e)@1.opener(rand,4)@1	W	64	8	8	551.832	415.667	500.000	421.875	32	32	1705092	1592536	159.00	153.93	28	28	3428269208	12
2026-07-26T21:49:41Z	20260726T214659Z	boards/board1.txt	ab(d6,tt,ord,nb200k)@1.learned(s6,eac8ab99)@1.opener(rand,4)@1	ab(d6,tt,ord,qs,nb200k)@1.learned(s98,5801570e)@1.opener(rand,4)@1	B	53	11	10	505.513	517.869	484.375	515.625	27	26	1944502	1734128	123.77	122.00	23	22	2697326250	12
2026-07-26T21:49:41Z	20260726T214659Z	boards/board1.txt	ab(d6,tt,ord,nb200k)@1.learned(s6,eac8ab99)@1.opener(rand,4)@1	rand@1	W	29	15	14	261.279	0.022	250.000	0.000	15	14	1033511	0	56.00	0.00	11	0	468549309	12
2026-07-26T21:49:42Z	20260726T214659Z	boards/board1.txt	ab(d6,tt,ord,nb200k)@1.learned(s76,ef183148)@1.opener(rand,4)@1	ab(d6,tt,ord,nb200k)@1.learned(s98,5801570e)@1.opener(rand,4)@1	W	76	8	4	686.947	584.818	656.250	578.125	38	38	2288899	2587457	195.00	189.26	34	34	1422213591	12
2026-07-26T21:49:48Z	20260726T214659Z	boards/board1.txt	ab(d6,tt,ord,nb200k)@1.learned(s76,ef183148)@1.opener(rand,4)@1	ab(d8,tt,ord,nb2m)@1.classic(t1,c4,w0,l0)@2.opener(rand,4)@1	W	66	7	10	224.044	5743.261	187.500	5562.500	33	33	1033593	19558921	165.00	209.00	29	29	1830382033	12
2026-07-26T21:49:48Z	20260726T214659Z	boards/board1.txt	ab(d6,tt,ord,nb200k)@1.learned(s76,ef183148)@1.opener(rand,4)@1	rand@1	W	33	16	12	231.529	0.024	234.375	0.000	17	16	1030111	0	64.00	0.00	13	0	2398581944	12
2026-07-26T21:49:54Z	20260726T214659Z	boards/board1.txt	ab(d6,tt,ord,nb200k)@1.learned(s98,5801570e)@1.opener(rand,4)@1	ab(d8,tt,ord,nb2m)@1.classic(t1,c4,w0,l0)@2.opener(rand,4)@1	W	54	12	13	216.422	5776.986	203.125	5546.875	27	27	994968	21082684	129.00	161.00	23	23	1372117670	12
2026-07-26T21:49:55Z	20260726T214659Z	boards/board1.txt	ab(d6,tt,ord,nb200k)@1.learned(s98,5801570e)@1.opener(rand,4)@1	rand@1	W	33	15	12	390.987	0.025	359.375	0.000	17	16	1582538	0	72.51	0.00	13	0	365721007	12
2026-07-26T21:49:55Z	20260726T214659Z	boards/board1.txt	ab(d6,tt,ord,qs,nb200k)@1.learned(s98,5801570e)@1.opener(rand,4)@1	rand@1	W	29	16	14	235.011	0.019	234.375	0.000	15	14	860420	0	56.00	0.00	11	0	3343534915	12
2026-07-26T21:49:55Z	20260726T214659Z	boards/board1.txt	ab(d8,tt,ord,nb2m)@1.classic(t1,c4,w0,l0)@2.opener(rand,4)@1	rand@1	W	17	16	12	488.401	0.010	484.375	0.000	9	8	1924508	0	33.00	0.00	5	0	737885331	12
2026-07-26T21:46:59Z	20260726T214659Z	boards/board1.txt	ab(d4)@1.classic(t1,c4,w0,l0)@2.opener(rand,4)@1	ab(d2)@1.classic(t1,c4,w0,l0)@2.opener(rand,4)@1	W	37	13	13	5.555	0.095	0.000	0.000	19	18	91658	1439	60.00	26.00	15	14	1461719214	12
2026-07-26T21:46:59Z	20260726T214659Z	boards/board1.txt	ab(d6,tt,ord,nb200k)@1.classic(t1,c4,w0,l0)@2.dil(r30,d4)@1.opener(rand,4)@1	ab(d2)@1.classic(t1,c4,w0,l0)@2.opener(rand,4)@1	W	55	12	13	190.879	0.227	171.875	0.000	28	27	544096	2942	97.00	44.00	24	23	880365454	12
2026-07-26T21:46:59Z	20260726T214659Z	boards/board1.txt	ab(d6,tt,ord,nb200k)@1.classic(t1,c4,w0,l0)@2.dil(r63)@1.opener(rand,4)@1	ab(d2)@1.classic(t1,c4,w0,l0)@2.opener(rand,4)@1	B	28	13	16	81.005	0.091	62.500	0.000	14	14	252759	1135	18.00	20.00	3	10	1967255482	12
2026-07-26T21:47:10Z	20260726T214659Z	boards/board1.txt	ab(d6,tt,ord,nb200k)@1.learned(s111,78ef6974)@1.opener(rand,4)@1	ab(d2)@1.classic(t1,c4,w0,l0)@2.opener(rand,4)@1	W	53	10	11	10664.789	0.218	9703.125	0.000	27	26	2111730	2340	123.84	42.00	23	22	3217544893	12
2026-07-26T21:47:10Z	20260726T214659Z	boards/board1.txt	ab(d6,tt,ord,nb200k)@1.learned(s3,68364898)@1.opener(rand,4)@1	ab(d2)@1.classic(t1,c4,w0,l0)@2.opener(rand,4)@1	W	47	11	13	512.357	0.228	453.125	0.000	24	23	1801280	2551	107.00	36.00	20	19	3160683063	12
2026-07-26T21:47:10Z	20260726T214659Z	boards/board1.txt	ab(d6,tt,ord,nb200k)@1.learned(s76,ef183148)@1.opener(rand,4)@1	ab(d2)@1.classic(t1,c4,w0,l0)@2.opener(rand,4)@1	W	45	12	12	372.377	0.224	343.750	0.000	23	22	1175359	2029	100.00	34.00	19	18	2915857499	12
2026-07-26T21:47:11Z	20260726T214659Z	boards/board1.txt	ab(d6,tt,ord,nb200k)@1.learned(s98,5801570e)@1.opener(rand,4)@1	ab(d2)@1.classic(t1,c4,w0,l0)@2.opener(rand,4)@1	W	49	11	13	724.582	0.233	656.250	0.000	25	24	2189719	2594	113.00	38.00	21	20	1861916784	12
2026-07-26T21:47:15Z	20260726T214659Z	boards/board1.txt	ab(d8,tt,ord,nb2m)@1.classic(t1,c4,w0,l0)@2.opener(rand,4)@1	ab(d2)@1.classic(t1,c4,w0,l0)@2.opener(rand,4)@1	W	39	13	13	3502.345	0.156	3187.500	0.000	20	19	10086351	1844	108.00	28.00	16	15	426294860	12
2026-07-26T21:47:15Z	20260726T214659Z	boards/board1.txt	rand@1	ab(d2)@1.classic(t1,c4,w0,l0)@2.opener(rand,4)@1	B	28	12	16	0.008	0.088	0.000	0.000	14	14	0	1163	0.00	20.00	0	10	2358944937	12
2026-07-26T21:47:15Z	20260726T214659Z	boards/board1.txt	ab(d6,tt,ord,nb200k)@1.classic(t1,c4,w0,l0)@2.dil(r30,d4)@1.opener(rand,4)@1	ab(d4)@1.classic(t1,c4,w0,l0)@2.opener(rand,4)@1	W	41	13	12	120.948	5.489	93.750	15.625	21	20	350544	93338	74.00	57.00	17	16	2493374920	12
2026-07-26T21:47:15Z	20260726T214659Z	boards/board1.txt	ab(d6,tt,ord,nb200k)@1.classic(t1,c4,w0,l0)@2.dil(r63)@1.opener(rand,4)@1	ab(d4)@1.classic(t1,c4,w0,l0)@2.opener(rand,4)@1	B	23	12	15	26.694	1.309	31.250	0.000	12	11	83961	19193	13.00	28.00	3	7	1618322584	12
2026-07-26T21:47:25Z	20260726T214659Z	boards/board1.txt	ab(d6,tt,ord,nb200k)@1.learned(s111,78ef6974)@1.opener(rand,4)@1	ab(d4)@1.classic(t1,c4,w0,l0)@2.opener(rand,4)@1	W	57	8	9	9743.093	6.102	8968.750	0.000	29	28	1944577	88040	136.00	89.00	25	24	3385473843	12
2026-07-26T21:47:25Z	20260726T214659Z	boards/board1.txt	ab(d6,tt,ord,nb200k)@1.learned(s3,68364898)@1.opener(rand,4)@1	ab(d4)@1.classic(t1,c4,w0,l0)@2.opener(rand,4)@1	B	57	8	11	601.126	7.710	578.125	0.000	29	28	2058209	119658	136.00	96.00	25	24	2684511425	12
2026-07-26T21:47:26Z	20260726T214659Z	boards/board1.txt	ab(d6,tt,ord,nb200k)@1.learned(s76,ef183148)@1.opener(rand,4)@1	ab(d4)@1.classic(t1,c4,w0,l0)@2.opener(rand,4)@1	W	49	10	11	470.724	4.861	390.625	0.000	25	24	1562086	72617	112.00	73.00	21	20	3880312189	12
2026-07-26T21:47:26Z	20260726T214659Z	boards/board1.txt	ab(d6,tt,ord,nb200k)@1.learned(s98,5801570e)@1.opener(rand,4)@1	ab(d4)@1.classic(t1,c4,w0,l0)@2.opener(rand,4)@1	W	47	11	12	552.326	6.396	484.375	0.000	24	23	1698051	87370	106.00	69.00	20	19	3918042874	12
2026-07-26T21:47:29Z	20260726T214659Z	boards/board1.txt	ab(d8,tt,ord,nb2m)@1.classic(t1,c4,w0,l0)@2.opener(rand,4)@1	ab(d4)@1.classic(t1,c4,w0,l0)@2.opener(rand,4)@1	W	43	12	11	2739.643	4.950	2593.750	0.000	22	21	8222577	86430	119.00	61.00	18	17	1611654858	12
2026-07-26T21:47:29Z	20260726T214659Z	boards/board1.txt	rand@1	ab(d4)@1.classic(t1,c4,w0,l0)@2.opener(rand,4)@1	B	20	13	16	0.007	1.455	0.000	0.000	10	10	0	21084	0.00	24.00	0	6	2906903971	12
2026-07-26T21:47:30Z	20260726T214659Z	boards/board1.txt	ab(d6,tt,ord,nb200k)@1.classic(t1,c4,w0,l0)@2.dil(r63)@1.opener(rand,4)@1	ab(d6,ord,nb200k)@1.adv(t20,c77,w0,l0,f0,d-2,e0,m0,h0,b1,o0,r0,x0,n0,s1,g1)@1.opener(rand,4)@1	B	38	10	15	168.958	838.207	140.625	828.125	19	19	590005	2181117	42.00	84.33	7	15	383057698	12
2026-07-26T21:47:32Z	20260726T214659Z	boards/board1.txt	ab(d6,tt,ord,nb200k)@1.classic(t1,c4,w0,l0)@2.opener(rand,4)@1	ab(d6,ord,nb200k)@1.adv(t20,c77,w0,l0,f0,d-2,e0,m0,h0,b1,o0,r0,x0,n0,s1,g1)@1.opener(rand,4)@1	W	66	10	7	431.774	1315.766	343.750	1093.750	33	33	1249535	3168868	165.00	159.56	29	29	2519902540	12
2026-07-26T21:47:34Z	20260726T214659Z	boards/board1.txt	ab(d6,tt,ord,nb200k)@1.learned(s3,68364898)@1.opener(rand,4)@1	ab(d6,ord,nb200k)@1.adv(t20,c77,w0,l0,f0,d-2,e0,m0,h0,b1,o0,r0,x0,n0,s1,g1)@1.opener(rand,4)@1	B	57	9	12	648.722	1135.425	500.000	1078.125	29	28	1977675	2994807	136.00	133.57	25	24	2054804087	12
2026-07-26T21:47:35Z	20260726T214659Z	boards/board1.txt	ab(d6,tt,ord,nb200k)@1.learned(s6,eac8ab99)@1.opener(rand,4)@1	ab(d6,ord,nb200k)@1.adv(t20,c77,w0,l0,f0,d-2,e0,m0,h0,b1,o0,r0,x0,n0,s1,g1)@1.opener(rand,4)@1	B	69	6	9	659.641	1251.759	687.500	1031.250	35	34	2259575	3303457	172.00	171.00	31	30	3731665460	12
2026-07-26T21:47:37Z	20260726T214659Z	boards/board1.txt	ab(d6,tt,ord,nb200k)@1.learned(s98,5801570e)@1.opener(rand,4)@1	ab(d6,ord,nb200k)@1.adv(t20,c77,w0,l0,f0,d-2,e0,m0,h0,b1,o0,r0,x0,n0,s1,g1)@1.opener(rand,4)@1	W	82	6	5	823.037	1218.321	859.375	1109.375	41	41	2819026	3448278	211.71	206.97	37	37	4091919400	12
2026-07-26T21:47:39Z	20260726T214659Z	boards/board1.txt	ab(d6,tt,ord,qs,nb200k)@1.learned(s98,5801570e)@1.opener(rand,4)@1	ab(d6,ord,nb200k)@1.adv(t20,c77,w0,l0,f0,d-2,e0,m0,h0,b1,o0,r0,x0,n0,s1,g1)@1.opener(rand,4)@1	B	52	10	11	835.225	1099.249	734.375	1000.000	26	26	2506383	2908006	117.82	116.16	22	22	3623686426	12
2026-07-26T21:47:40Z	20260726T214659Z	boards/board1.txt	rand@1	ab(d6,ord,nb200k)@1.adv(t20,c77,w0,l0,f0,d-2,e0,m0,h0,b1,o0,r0,x0,n0,s1,g1)@1.opener(rand,4)@1	B	40	9	16	0.037	818.257	0.000	765.625	20	20	0	2258335	0.00	85.73	0	16	3034093517	12
2026-07-26T21:47:40Z	20260726T214659Z	boards/board1.txt	ab(d6,tt,ord,nb200k)@1.classic(t1,c4,w0,l0)@2.dil(r63)@1.opener(rand,4)@1	ab(d6,tt,ord,nb200k)@1.classic(t1,c4,w0,l0)@2.dil(r30,d4)@1.opener(rand,4)@1	B	22	15	16	13.091	71.659	15.625	62.500	11	11	49966	212406	6.00	29.00	1	7	502465170	12
2026-07-26T21:47:51Z	20260726T214659Z	boards/board1.txt	ab(d6,tt,ord,nb200k)@1.learned(s111,78ef6974)@1.opener(rand,4)@1	ab(d6,tt,ord,nb200k)@1.classic(t1,c4,w0,l0)@2.dil(r30,d4)@1.opener(rand,4)@1	W	58	11	8	10542.229	293.652	9718.750	218.750	29	29	2123459	794857	139.75	123.00	25	25	586307429	12
2026-07-26T21:47:52Z	20260726T214659Z	boards/board1.txt	ab(d6,tt,ord,nb200k)@1.learned(s3,68364898)@1.opener(rand,4)@1	ab(d6,tt,ord,nb200k)@1.classic(t1,c4,w0,l0)@2.dil(r30,d4)@1.opener(rand,4)@1	B	59	9	11	788.672	383.980	812.500	328.125	30	29	2431020	1025444	141.71	136.00	26	25	749728383	12
2026-07-26T21:47:53Z	20260726T214659Z	boards/board1.txt	ab(d6,tt,ord,nb200k)@1.learned(s76,ef183148)@1.opener(rand,4)@1	ab(d6,tt,ord,nb200k)@1.classic(t1,c4,w0,l0)@2.dil(r30,d4)@1.opener(rand,4)@1	W	62	9	9	748.760	193.883	703.125	156.250	31	31	2033581	641589	153.00	128.00	27	27	3050703347	12
2026-07-26T21:47:54Z	20260726T214659Z	boards/board1.txt	ab(d6,tt,ord,nb200k)@1.learned(s98,5801570e)@1.opener(rand,4)@1	ab(d6,tt,ord,nb200k)@1.classic(t1,c4,w0,l0)@2.dil(r30,d4)@1.opener(rand,4)@1	W	48	13	9	609.774	259.173	468.750	265.625	24	24	1825426	708862	110.96	94.00	20	20	2705566296	12
2026-07-26T21:47:59Z	20260726T214659Z	boards/board1.txt	ab(d8,tt,ord,nb2m)@1.classic(t1,c4,w0,l0)@2.opener(rand,4)@1	ab(d6,tt,ord,nb200k)@1.classic(t1,c4,w0,l0)@2.dil(r30,d4)@1.opener(rand,4)@1	W	48	11	12	4647.777	63.422	4234.375	46.875	24	24	12535737	244326	144.00	93.00	20	20	3348439316	12
2026-07-26T21:47:59Z	20260726T214659Z	boards/board1.txt	rand@1	ab(d6,tt,ord,nb200k)@1.classic(t1,c4,w0,l0)@2.dil(r30,d4)@1.opener(rand,4)@1	B	20	12	16	0.011	59.629	0.000	46.875	10	10	0	171708	0.00	27.00	0	6	555283025	12
2026-07-26T21:48:07Z	20260726T214659Z	boards/board1.txt	ab(d6,tt,ord,nb200k)@1.learned(s111,78ef6974)@1.opener(rand,4)@1	ab(d6,tt,ord,nb200k)@1.classic(t1,c4,w0,l0)@2.dil(r63)@1.opener(rand,4)@1	W	43	14	13	8314.000	55.859	7656.250	31.250	22	21	1740481	169763	95.00	24.00	18	4	1569793981	12
2026-07-26T21:48:08Z	20260726T214659Z	boards/board1.txt	ab(d6,tt,ord,nb200k)@1.learned(s3,68364898)@1.opener(rand,4)@1	ab(d6,tt,ord,nb200k)@1.classic(t1,c4,w0,l0)@2.dil(r63)@1.opener(rand,4)@1	W	34	15	13	427.982	64.389	406.250	62.500	17	17	1267553	192685	73.00	19.00	13	4	591797047	12
2026-07-26T21:48:08Z	20260726T214659Z	boards/board1.txt	ab(d6,tt,ord,nb200k)@1.learned(s76,ef183148)@1.opener(rand,4)@1	ab(d6,tt,ord,nb200k)@1.classic(t1,c4,w0,l0)@2.dil(r63)@1.opener(rand,4)@1	W	45	12	9	479.810	99.309	484.375	93.750	23	22	1367453	306651	100.00	45.00	19	8	2141937499	12
2026-07-26T21:48:09Z	20260726T214659Z	boards/board1.txt	ab(d6,tt,ord,nb200k)@1.learned(s98,5801570e)@1.opener(rand,4)@1	ab(d6,tt,ord,nb200k)@1.classic(t1,c4,w0,l0)@2.dil(r63)@1.opener(rand,4)@1	W	40	14	12	492.849	64.567	437.500	46.875	20	20	1404370	198952	90.00	24.00	16	5	1087996784	12
2026-07-26T21:48:11Z	20260726T214659Z	boards/board1.txt	ab(d8,tt,ord,nb2m)@1.classic(t1,c4,w0,l0)@2.opener(rand,4)@1	ab(d6,tt,ord,nb200k)@1.classic(t1,c4,w0,l0)@2.dil(r63)@1.opener(rand,4)@1	W	24	15	15	2198.930	15.732	1953.125	31.250	12	12	6271083	57609	57.00	19.00	8	4	1510571852	12
2026-07-26T21:48:11Z	20260726T214659Z	boards/board1.txt	rand@1	ab(d6,tt,ord,nb200k)@1.classic(t1,c4,w0,l0)@2.dil(r63)@1.opener(rand,4)@1	B	32	13	16	0.011	23.370	0.000	31.250	16	16	0	74105	0.00	13.00	0	3	1632284073	12
2026-07-26T21:48:12Z	20260726T214659Z	boards/board1.txt	ab(d6,tt,ord,nb200k)@1.learned(s3,68364898)@1.opener(rand,4)@1	ab(d6,tt,ord,nb200k)@1.classic(t1,c4,w0,l0)@2.opener(rand,4)@1	B	61	7	10	555.817	328.169	531.250	328.125	31	30	1857737	924677	148.00	147.00	27	26	175534687	12
2026-07-26T21:48:13Z	20260726T214659Z	boards/board1.txt	ab(d6,tt,ord,nb200k)@1.learned(s6,eac8ab99)@1.opener(rand,4)@1	ab(d6,tt,ord,nb200k)@1.classic(t1,c4,w0,l0)@2.opener(rand,4)@1	B	71	6	9	887.954	442.417	718.750	484.375	36	35	2489688	1152112	177.91	177.00	32	31	98312972	12
2026-07-26T21:48:15Z	20260726T214659Z	boards/board1.txt	ab(d6,tt,ord,nb200k)@1.learned(s98,5801570e)@1.opener(rand,4)@1	ab(d6,tt,ord,nb200k)@1.classic(t1,c4,w0,l0)@2.opener(rand,4)@1	B	53	11	13	774.837	424.638	640.625	406.250	27	26	2248447	1080185	124.00	123.00	23	22	1800785072	12
2026-07-26T21:48:16Z	20260726T214659Z	boards/board1.txt	ab(d6,tt,ord,qs,nb200k)@1.learned(s98,5801570e)@1.opener(rand,4)@1	ab(d6,tt,ord,nb200k)@1.classic(t1,c4,w0,l0)@2.opener(rand,4)@1	B	63	5	10	735.757	357.197	687.500	359.375	32	31	2273578	1040228	154.00	153.00	28	27	105813634	12
2026-07-26T21:48:16Z	20260726T214659Z	boards/board1.txt	rand@1	ab(d6,tt,ord,nb200k)@1.classic(t1,c4,w0,l0)@2.opener(rand,4)@1	B	20	14	16	0.011	68.724	0.000	78.125	10	10	0	227112	0.00	26.00	0	6	431189237	12
2026-07-26T21:48:31Z	20260726T214659Z	boards/board1.txt	ab(d6,tt,ord,nb200k)@1.learned(s3,68364898)@1.opener(rand,4)@1	ab(d6,tt,ord,nb200k)@1.learned(s111,78ef6974)@1.opener(rand,4)@1	B	65	8	9	993.669	13891.926	890.625	12953.125	33	32	2891734	2793897	158.44	157.79	29	28	3575664894	12
2026-07-26T21:48:48Z	20260726T214659Z	boards/board1.txt	ab(d6,tt,ord,nb200k)@1.learned(s76,ef183148)@1.opener(rand,4)@1	ab(d6,tt,ord,nb200k)@1.learned(s111,78ef6974)@1.opener(rand,4)@1	B	61	10	12	1042.959	15851.018	859.375	14515.625	31	30	2756306	3075971	147.80	145.45	27	26	2807600820	12
2026-07-26T21:49:01Z	20260726T214659Z	boards/board1.txt	ab(d6,tt,ord,nb200k)@1.learned(s98,5801570e)@1.opener(rand,4)@1	ab(d6,tt,ord,nb200k)@1.learned(s111,78ef6974)@1.opener(rand,4)@1	W	56	10	10	818.682	12903.575	750.000	11828.125	28	28	2604529	2547873	133.92	128.81	24	24	2811915875	12
2026-07-26T21:49:10Z	20260726T214659Z	boards/board1.txt	ab(d8,tt,ord,nb2m)@1.classic(t1,c4,w0,l0)@2.opener(rand,4)@1	ab(d6,tt,ord,nb200k)@1.learned(s111,78ef6974)@1.opener(rand,4)@1	W	42	13	13	4492.101	4566.676	4296.875	4281.250	21	21	13293437	1025903	120.00	88.00	17	17	134291141	12
2026-07-26T21:49:17Z	20260726T214659Z	boards/board1.txt	rand@1	ab(d6,tt,ord,nb200k)@1.learned(s111,78ef6974)@1.opener(rand,4)@1	B	32	14	15	0.022	7045.138	0.000	6265.625	16	16	0	1456543	0.00	57.59	0	12	3010616492	12
2026-07-26T21:49:19Z	20260726T214659Z	boards/board1.txt	ab(d6,tt,ord,nb200k)@1.learned(s76,ef183148)@1.opener(rand,4)@1	ab(d6,tt,ord,nb200k)@1.learned(s3,68364898)@1.opener(rand,4)@1	B	75	8	7	929.756	858.256	890.625	781.250	38	37	2729839	2801398	190.00	188.23	34	33	3818093636	12
2026-07-26T21:49:20Z	20260726T214659Z	boards/board1.txt	ab(d6,tt,ord,nb200k)@1.learned(s98,5801570e)@1.opener(rand,4)@1	ab(d6,tt,ord,nb200k)@1.learned(s3,68364898)@1.opener(rand,4)@1	B	53	13	13	670.155	676.937	625.000	625.000	27	26	2155055	1814383	123.88	123.00	23	22	1776411347	12
2026-07-26T21:49:25Z	20260726T214659Z	boards/board1.txt	ab(d8,tt,ord,nb2m)@1.classic(t1,c4,w0,l0)@2.opener(rand,4)@1	ab(d6,tt,ord,nb200k)@1.learned(s3,68364898)@1.opener(rand,4)@1	W	54	11	10	4676.049	234.886	4109.375	250.000	27	27	13706167	711562	168.00	124.00	23	23	1805522101	12
2026-07-26T21:49:26Z	20260726T214659Z	boards/board1.txt	rand@1	ab(d6,tt,ord,nb200k)@1.learned(s3,68364898)@1.opener(rand,4)@1	B	28	12	16	0.018	254.106	0.000	250.000	14	14	0	888561	0.00	50.00	0	10	3854361500	12
2026-07-26T21:49:27Z	20260726T214659Z	boards/board1.txt	ab(d6,tt,ord,nb200k)@1.learned(s98,5801570e)@1.opener(rand,4)@1	ab(d6,tt,ord,nb200k)@1.learned(s6,eac8ab99)@1.opener(rand,4)@1	B	85	4	6	794.748	844.541	781.250	718.750	43	42	2380719	2451269	220.00	219.00	39	38	3428269208	12
2026-07-26T21:49:28Z	20260726T214659Z	boards/board1.txt	ab(d6,tt,ord,qs,nb200k)@1.learned(s98,5801570e)@1.opener(rand,4)@1	ab(d6,tt,ord,nb200k)@1.learned(s6,eac8ab99)@1.opener(rand,4)@1	B	63	9	9	658.211	542.179	625.000	484.375	32	31	2015487	1558236	154.00	153.00	28	27	2697326250	12
2026-07-26T21:49:29Z	20260726T214659Z	boards/board1.txt	rand@1	ab(d6,tt,ord,nb200k)@1.learned(s6,eac8ab99)@1.opener(rand,4)@1	B	26	12	16	0.020	273.514	0.000	265.625	13	13	0	798275	0.00	49.00	0	9	468549309	12
2026-07-26T21:49:30Z	20260726T214659Z	boards/board1.txt	ab(d6,tt,ord,nb200k)@1.learned(s98,5801570e)@1.opener(rand,4)@1	ab(d6,tt,ord,nb200k)@1.learned(s76,ef183148)@1.opener(rand,4)@1	B	71	8	8	617.207	699.346	562.500	671.875	36	35	1956091	2214276	178.00	177.00	32	31	1422213591	12
2026-07-26T21:49:35Z	20260726T214659Z	boards/board1.txt	ab(d8,tt,ord,nb2m)@1.classic(t1,c4,w0,l0)@2.opener(rand,4)@1	ab(d6,tt,ord,nb200k)@1.learned(s76,ef183148)@1.opener(rand,4)@1	W	42	13	14	4808.686	256.965	4625.000	234.375	21	21	14295820	830047	120.00	88.00	17	17	1830382033	12
2026-07-26T21:49:35Z	20260726T214659Z	boards/board1.txt	rand@1	ab(d6,tt,ord,nb200k)@1.learned(s76,ef183148)@1.opener(rand,4)@1	B	22	12	16	0.016	179.627	0.000	171.875	11	11	0	568259	0.00	37.00	0	7	2398581944	12
2026-07-26T21:49:39Z	20260726T214659Z	boards/board1.txt	ab(d8,tt,ord,nb2m)@1.classic(t1,c4,w0,l0)@2.opener(rand,4)@1	ab(d6,tt,ord,nb200k)@1.learned(s98,5801570e)@1.opener(rand,4)@1	B	59	10	7	3968.026	191.070	3781.250	203.125	30	29	13604912	709585	185.00	141.00	26	25	1372117670	12
2026-07-26T21:49:40Z	20260726T214659Z	boards/board1.txt	rand@1	ab(d6,tt,ord,nb200k)@1.learned(s98,5801570e)@1.opener(rand,4)@1	B	20	14	16	0.012	85.368	0.000	93.750	10	10	0	307591	0.00	31.00	0	6	365721007	12
2026-07-26T21:49:40Z	20260726T214659Z	boards/board1.txt	rand@1	ab(d6,tt,ord,qs,nb200k)@1.learned(s98,5801570e)@1.opener(rand,4)@1	B	22	14	16	0.017	173.413	0.000	156.250	11	11	0	581017	0.00	37.00	0	7	3343534915	12
2026-07-26T21:49:40Z	20260726T214659Z	boards/board1.txt	rand@1	ab(d8,tt,ord,nb2m)@1.classic(t1,c4,w0,l0)@2.opener(rand,4)@1	B	18	13	16	0.013	605.801	0.000	578.125	9	9	0	2139970	0.00	33.00	0	5	737885331	12
2026-07-26T21:46:59Z	20260726T214659Z	boards/board1.txt	ab(d2)@1.classic(t1,c4,w0,l0)@2.opener(rand,4)@1	ab(d6,ord,nb200k)@1.adv(t20,c77,w0,l0,f0,d-2,e0,m0,h0,b1,o0,r0,x0,n0,s1,g1)@1.opener(rand,4)@1	B	40	11	11	0.154	746.334	0.000	656.250	20	20	1696	1972865	30.00	80.15	16	16	3768285267	12
2026-07-26T21:47:00Z	20260726T214659Z	boards/board1.txt	ab(d2)@1.classic(t1,c4,w0,l0)@2.opener(rand,4)@1	ab(d6,tt,ord,nb200k)@1.classic(t1,c4,w0,l0)@2.dil(r30,d4)@1.opener(rand,4)@1	W	76	11	7	0.394	329.322	0.000	296.875	38	38	5539	866720	68.00	144.00	34	34	642482659	12
2026-07-26T21:47:00Z	20260726T214659Z	boards/board1.txt	ab(d2)@1.classic(t1,c4,w0,l0)@2.opener(rand,4)@1	ab(d6,tt,ord,nb200k)@1.classic(t1,c4,w0,l0)@2.opener(rand,4)@1	B	26	13	14	0.072	141.371	0.000	109.375	13	13	816	325924	16.00	40.00	9	9	6061875	12
2026-07-26T21:47:15Z	20260726T214659Z	boards/board1.txt	ab(d2)@1.classic(t1,c4,w0,l0)@2.opener(rand,4)@1	ab(d6,tt,ord,nb200k)@1.learned(s111,78ef6974)@1.opener(rand,4)@1	W	64	11	9	0.296	15246.759	0.000	13421.875	32	32	3137	2820623	56.00	153.29	28	28	3154952308	12
2026-07-26T21:47:16Z	20260726T214659Z	boards/board1.txt	ab(d2)@1.classic(t1,c4,w0,l0)@2.opener(rand,4)@1	ab(d6,tt,ord,nb200k)@1.learned(s6,eac8ab99)@1.opener(rand,4)@1	B	52	11	11	0.210	570.377	0.000	515.625	26	26	2223	1625998	42.00	119.00	22	22	2969011799	12
2026-07-26T21:47:16Z	20260726T214659Z	boards/board1.txt	ab(d2)@1.classic(t1,c4,w0,l0)@2.opener(rand,4)@1	ab(d6,tt,ord,nb200k)@1.learned(s76,ef183148)@1.opener(rand,4)@1	W	60	9	7	0.257	625.516	0.000	453.125	30	30	2729	1983151	52.00	142.00	26	26	3153670694	12
2026-07-26T21:47:17Z	20260726T214659Z	boards/board1.txt	ab(d2)@1.classic(t1,c4,w0,l0)@2.opener(rand,4)@1	ab(d6,tt,ord,qs,nb200k)@1.learned(s98,5801570e)@1.opener(rand,4)@1	B	42	14	13	0.209	589.020	0.000	546.875	21	21	2339	1651056	32.00	85.97	17	17	2310964357	12
2026-07-26T21:47:20Z	20260726T214659Z	boards/board1.txt	ab(d2)@1.classic(t1,c4,w0,l0)@2.opener(rand,4)@1	ab(d8,tt,ord,nb2m)@1.classic(t1,c4,w0,l0)@2.opener(rand,4)@1	B	34	14	14	0.162	3095.959	0.000	2609.375	17	17	1852	8392912	24.00	82.00	13	13	488943125	12
2026-07-26T21:47:21Z	20260726T214659Z	boards/board1.txt	ab(d4)@1.classic(t1,c4,w0,l0)@2.opener(rand,4)@1	ab(d6,ord,nb200k)@1.adv(t20,c77,w0,l0,f0,d-2,e0,m0,h0,b1,o0,r0,x0,n0,s1,g1)@1.opener(rand,4)@1	B	40	13	13	7.076	803.111	0.000	593.750	20	20	101864	1987562	57.00	80.52	16	16	3435043277	12
2026-07-26T21:47:21Z	20260726T214659Z	boards/board1.txt	ab(d4)@1.classic(t1,c4,w0,l0)@2.opener(rand,4)@1	ab(d6,tt,ord,nb200k)@1.classic(t1,c4,w0,l0)@2.dil(r30,d4)@1.opener(rand,4)@1	B	46	11	13	7.771	215.267	0.000	218.750	23	23	110695	622078	69.00	96.00	19	19	2604464785	12
2026-07-26T21:47:21Z	20260726T214659Z	boards/board1.txt	ab(d4)@1.classic(t1,c4,w0,l0)@2.opener(rand,4)@1	ab(d6,tt,ord,nb200k)@1.classic(t1,c4,w0,l0)@2.opener(rand,4)@1	B	42	12	13	7.576	286.169	31.250	218.750	21	21	105914	806062	61.00	88.00	17	17	4134545625	12
2026-07-26T21:47:29Z	20260726T214659Z	boards/board1.txt	ab(d4)@1.classic(t1,c4,w0,l0)@2.opener(rand,4)@1	ab(d6,tt,ord,nb200k)@1.learned(s111,78ef6974)@1.opener(rand,4)@1	B	52	10	9	8.998	8055.666	0.000	6750.000	26	26	96203	1568052	81.00	118.00	22	22	3671798238	12
2026-07-26T21:47:30Z	20260726T214659Z	boards/board1.txt	ab(d4)@1.classic(t1,c4,w0,l0)@2.opener(rand,4)@1	ab(d6,tt,ord,nb200k)@1.learned(s6,eac8ab99)@1.opener(rand,4)@1	B	48	11	12	8.424	534.512	15.625	375.000	24	24	97663	1455205	73.00	106.00	20	20	1158672433	12
2026-07-26T21:47:31Z	20260726T214659Z	boards/board1.txt	ab(d4)@1.classic(t1,c4,w0,l0)@2.opener(rand,4)@1	ab(d6,tt,ord,nb200k)@1.learned(s76,ef183148)@1.opener(rand,4)@1	B	56	10	10	6.661	672.969	0.000	531.250	28	28	96895	1972270	89.00	130.00	24	24	3817719604	12
2026-07-26T21:47:31Z	20260726T214659Z	boards/board1.txt	ab(d4)@1.classic(t1,c4,w0,l0)@2.opener(rand,4)@1	ab(d6,tt,ord,qs,nb200k)@1.learned(s98,5801570e)@1.opener(rand,4)@1	B	54	11	11	8.285	675.608	0.000	500.000	27	27	101033	1612238	85.00	122.00	23	23	3378738107	12
2026-07-26T21:47:36Z	20260726T214659Z	boards/board1.txt	ab(d4)@1.classic(t1,c4,w0,l0)@2.opener(rand,4)@1	ab(d8,tt,ord,nb2m)@1.classic(t1,c4,w0,l0)@2.opener(rand,4)@1	B	42	12	13	7.414	4339.325	0.000	3750.000	21	21	120239	11098141	61.00	113.00	17	17	1373827743	12
2026-07-26T21:47:37Z	20260726T214659Z	boards/board1.txt	ab(d6,ord,nb200k)@1.adv(t20,c77,w0,l0,f0,d-2,e0,m0,h0,b1,o0,r0,x0,n0,s1,g1)@1.opener(rand,4)@1	ab(d6,tt,ord,nb200k)@1.classic(t1,c4,w0,l0)@2.dil(r30,d4)@1.opener(rand,4)@1	W	46	10	10	988.470	238.843	828.125	234.375	23	23	2587047	769870	102.12	91.00	19	19	2656398399	12
2026-07-26T21:47:39Z	20260726T214659Z	boards/board1.txt	ab(d6,ord,nb200k)@1.adv(t20,c77,w0,l0,f0,d-2,e0,m0,h0,b1,o0,r0,x0,n0,s1,g1)@1.opener(rand,4)@1	ab(d6,tt,ord,nb200k)@1.classic(t1,c4,w0,l0)@2.dil(r63)@1.opener(rand,4)@1	W	44	13	11	1378.144	278.294	984.375	203.125	22	22	3043784	743318	99.28	55.00	18	10	96747223	12
2026-07-26T21:47:57Z	20260726T214659Z	boards/board1.txt	ab(d6,ord,nb200k)@1.adv(t20,c77,w0,l0,f0,d-2,e0,m0,h0,b1,o0,r0,x0,n0,s1,g1)@1.opener(rand,4)@1	ab(d6,tt,ord,nb200k)@1.learned(s111,78ef6974)@1.opener(rand,4)@1	W	78	10	7	1367.149	17557.040	1203.125	14796.875	39	39	3585945	3204514	201.00	195.45	35	35	279784308	12
2026-07-26T21:48:00Z	20260726T214659Z	boards/board1.txt	ab(d6,ord,nb200k)@1.adv(t20,c77,w0,l0,f0,d-2,e0,m0,h0,b1,o0,r0,x0,n0,s1,g1)@1.opener(rand,4)@1	ab(d6,tt,ord,nb200k)@1.learned(s3,68364898)@1.opener(rand,4)@1	B	75	8	6	1420.080	858.042	1296.875	734.375	38	37	3809271	2738874	189.72	189.00	34	33	2292672962	12
2026-07-26T21:48:02Z	20260726T214659Z	boards/board1.txt	ab(d6,ord,nb200k)@1.adv(t20,c77,w0,l0,f0,d-2,e0,m0,h0,b1,o0,r0,x0,n0,s1,g1)@1.opener(rand,4)@1	ab(d6,tt,ord,nb200k)@1.learned(s76,ef183148)@1.opener(rand,4)@1	W	64	9	7	1223.533	865.211	1062.500	734.375	32	32	3280080	2623095	155.14	152.93	28	28	3132018294	12
2026-07-26T21:48:04Z	20260726T214659Z	boards/board1.txt	ab(d6,ord,nb200k)@1.adv(t20,c77,w0,l0,f0,d-2,e0,m0,h0,b1,o0,r0,x0,n0,s1,g1)@1.opener(rand,4)@1	ab(d6,tt,ord,nb200k)@1.learned(s98,5801570e)@1.opener(rand,4)@1	B	55	12	9	1186.981	590.086	1000.000	515.625	28	27	2955834	1860280	129.08	128.67	24	23	4154511985	12
2026-07-26T21:48:10Z	20260726T214659Z	boards/board1.txt	ab(d6,ord,nb200k)@1.adv(t20,c77,w0,l0,f0,d-2,e0,m0,h0,b1,o0,r0,x0,n0,s1,g1)@1.opener(rand,4)@1	ab(d8,tt,ord,nb2m)@1.classic(t1,c4,w0,l0)@2.opener(rand,4)@1	W	62	10	9	1237.561	5289.226	968.750	4765.625	31	31	3195458	15603063	152.59	193.00	27	27	3242385945	12
2026-07-26T21:48:11Z	20260726T214659Z	boards/board1.txt	ab(d6,ord,nb200k)@1.adv(t20,c77,w0,l0,f0,d-2,e0,m0,h0,b1,o0,r0,x0,n0,s1,g1)@1.opener(rand,4)@1	rand@1	W	27	16	13	557.928	0.024	468.750	0.000	14	13	1454106	0	54.72	0.00	10	0	2923003652	12
2026-07-26T21:48:11Z	20260726T214659Z	boards/board1.txt	ab(d6,tt,ord,nb200k)@1.classic(t1,c4,w0,l0)@2.dil(r30,d4)@1.opener(rand,4)@1	ab(d6,tt,ord,nb200k)@1.classic(t1,c4,w0,l0)@2.opener(rand,4)@1	B	39	13	14	169.335	264.100	171.875	156.250	20	19	418937	661469	74.00	81.00	16	15	2525016107	12
2026-07-26T21:48:24Z	20260726T214659Z	boards/board1.txt	ab(d6,tt,ord,nb200k)@1.classic(t1,c4,w0,l0)@2.dil(r30,d4)@1.opener(rand,4)@1	ab(d6,tt,ord,nb200k)@1.learned(s111,78ef6974)@1.opener(rand,4)@1	W	68	9	9	311.452	12062.187	296.875	9953.125	34	34	689191	2173170	155.00	166.00	30	30	475273244	12
2026-07-26T21:48:24Z	20260726T214659Z	boards/board1.txt	ab(d6,tt,ord,nb200k)@1.classic(t1,c4,w0,l0)@2.dil(r30,d4)@1.opener(rand,4)@1	ab(d6,tt,ord,nb200k)@1.learned(s6,eac8ab99)@1.opener(rand,4)@1	B	55	9	10	252.684	487.474	250.000	359.375	28	27	589460	1495954	118.00	129.00	24	23	3550495855	12
2026-07-26T21:48:25Z	20260726T214659Z	boards/board1.txt	ab(d6,tt,ord,nb200k)@1.classic(t1,c4,w0,l0)@2.dil(r30,d4)@1.opener(rand,4)@1	ab(d6,tt,ord,nb200k)@1.learned(s76,ef183148)@1.opener(rand,4)@1	B	51	9	10	180.157	480.975	171.875	390.625	26	25	495676	1461271	105.00	117.00	22	21	3288586142	12
2026-07-26T21:48:26Z	20260726T214659Z	boards/board1.txt	ab(d6,tt,ord,nb200k)@1.classic(t1,c4,w0,l0)@2.dil(r30,d4)@1.opener(rand,4)@1	ab(d6,tt,ord,qs,nb200k)@1.learned(s98,5801570e)@1.opener(rand,4)@1	B	51	10	12	188.039	430.956	187.500	359.375	26	25	442575	1115879	101.00	116.00	22	21	1344473165	12
2026-07-26T21:48:31Z	20260726T214659Z	boards/board1.txt	ab(d6,tt,ord,nb200k)@1.classic(t1,c4,w0,l0)@2.dil(r30,d4)@1.opener(rand,4)@1	ab(d8,tt,ord,nb2m)@1.classic(t1,c4,w0,l0)@2.opener(rand,4)@1	W	62	10	7	107.918	5460.447	62.500	4890.625	31	31	303781	14713687	138.00	193.00	27	27	3459529181	12
2026-07-26T21:48:32Z	20260726T214659Z	boards/board1.txt	ab(d6,tt,ord,nb200k)@1.classic(t1,c4,w0,l0)@2.dil(r63)@1.opener(rand,4)@1	ab(d6,tt,ord,nb200k)@1.classic(t1,c4,w0,l0)@2.opener(rand,4)@1	B	38	13	16	106.631	300.228	93.750	281.250	19	19	233183	792078	30.00	82.00	5	15	1732143155	12
2026-07-26T21:48:38Z	20260726T214659Z	boards/board1.txt	ab(d6,tt,ord,nb200k)@1.classic(t1,c4,w0,l0)@2.dil(r63)@1.opener(rand,4)@1	ab(d6,tt,ord,nb200k)@1.learned(s111,78ef6974)@1.opener(rand,4)@1	B	36	9	14	159.923	6779.996	156.250	5656.250	18	18	381405	1338671	42.00	79.00	7	14	1507201396	12
2026-07-26T21:48:39Z	20260726T214659Z	boards/board1.txt	ab(d6,tt,ord,nb200k)@1.classic(t1,c4,w0,l0)@2.dil(r63)@1.opener(rand,4)@1	ab(d6,tt,ord,nb200k)@1.learned(s6,eac8ab99)@1.opener(rand,4)@1	B	34	13	15	62.857	398.301	46.875	343.750	17	17	148270	1150692	13.00	65.00	3	13	400125783	12
2026-07-26T21:48:39Z	20260726T214659Z	boards/board1.txt	ab(d6,tt,ord,nb200k)@1.classic(t1,c4,w0,l0)@2.dil(r63)@1.opener(rand,4)@1	ab(d6,tt,ord,nb200k)@1.learned(s76,ef183148)@1.opener(rand,4)@1	B	29	13	15	0.052	383.689	0.000	328.125	15	14	126	1055038	1.00	55.00	1	10	2379750694	12
2026-07-26T21:48:40Z	20260726T214659Z	boards/board1.txt	ab(d6,tt,ord,nb200k)@1.classic(t1,c4,w0,l0)@2.dil(r63)@1.opener(rand,4)@1	ab(d6,tt,ord,qs,nb200k)@1.learned(s98,5801570e)@1.opener(rand,4)@1	B	32	10	15	33.874	344.159	15.625	296.875	16	16	94373	906040	12.00	67.00	2	12	4090461573	12
2026-07-26T21:48:42Z	20260726T214659Z	boards/board1.txt	ab(d6,tt,ord,nb200k)@1.classic(t1,c4,w0,l0)@2.dil(r63)@1.opener(rand,4)@1	ab(d8,tt,ord,nb2m)@1.classic(t1,c4,w0,l0)@2.opener(rand,4)@1	B	24	12	16	12.971	2037.342	15.625	1718.750	12	12	49264	5432458	12.00	57.00	2	8	1573220117	12
2026-07-26T21:48:53Z	20260726T214659Z	boards/board1.txt	ab(d6,tt,ord,nb200k)@1.classic(t1,c4,w0,l0)@2.opener(rand,4)@1	ab(d6,tt,ord,nb200k)@1.learned(s111,78ef6974)@1.opener(rand,4)@1	W	62	9	6	350.713	10577.212	281.250	9421.875	31	31	922762	2019286	153.00	148.00	27	27	95138300	12
2026-07-26T21:48:54Z	20260726T214659Z	boards/board1.txt	ab(d6,tt,ord,nb200k)@1.classic(t1,c4,w0,l0)@2.opener(rand,4)@1	ab(d6,tt,ord,nb200k)@1.learned(s3,68364898)@1.opener(rand,4)@1	W	68	9	7	458.927	666.739	390.625	593.750	34	34	1037930	1954370	171.00	166.00	30	30	413361802	12
2026-07-26T21:48:55Z	20260726T214659Z	boards/board1.txt	ab(d6,tt,ord,nb200k)@1.classic(t1,c4,w0,l0)@2.opener(rand,4)@1	ab(d6,tt,ord,nb200k)@1.learned(s76,ef183148)@1.opener(rand,4)@1	W	52	12	10	373.042	554.346	359.375	437.500	26	26	804531	1683382	123.00	117.96	22	22	3762957038	12
2026-07-26T21:48:55Z	20260726T214659Z	boards/board1.txt	ab(d6,tt,ord,nb200k)@1.classic(t1,c4,w0,l0)@2.opener(rand,4)@1	ab(d6,tt,ord,nb200k)@1.learned(s98,5801570e)@1.opener(rand,4)@1	B	49	10	9	345.750	429.283	312.500	343.750	25	24	908506	1087905	112.00	111.00	21	20	1863433337	12
2026-07-26T21:48:59Z	20260726T214659Z	boards/board1.txt	ab(d6,tt,ord,nb200k)@1.classic(t1,c4,w0,l0)@2.opener(rand,4)@1	ab(d8,tt,ord,nb2m)@1.classic(t1,c4,w0,l0)@2.opener(rand,4)@1	B	45	11	11	68.447	3840.823	78.125	3390.625	23	22	224068	10819455	100.00	128.00	19	18	2013438593	12
2026-07-26T21:49:00Z	20260726T214659Z	boards/board1.txt	ab(d6,tt,ord,nb200k)@1.classic(t1,c4,w0,l0)@2.opener(rand,4)@1	rand@1	W	25	16	13	143.854	0.019	156.250	0.000	13	12	416011	0	46.00	0.00	9	0	320099372	12
2026-07-26T21:49:16Z	20260726T214659Z	boards/board1.txt	ab(d6,tt,ord,nb200k)@1.learned(s111,78ef6974)@1.opener(rand,4)@1	ab(d6,tt,ord,nb200k)@1.learned(s6,eac8ab99)@1.opener(rand,4)@1	W	74	6	7	15228.553	951.770	13296.875	796.875	37	37	3002217	3032435	189.00	183.08	33	33	3844452862	12
2026-07-26T21:49:37Z	20260726T214659Z	boards/board1.txt	ab(d6,tt,ord,nb200k)@1.learned(s111,78ef6974)@1.opener(rand,4)@1	ab(d6,tt,ord,nb200k)@1.learned(s76,ef183148)@1.opener(rand,4)@1	B	75	8	11	19652.986	1135.009	17843.750	1062.500	38	37	3914760	2732868	187.52	189.00	34	33	2870193405	12
2026-07-26T21:49:44Z	20260726T214659Z	boards/board1.txt	ab(d6,tt,ord,nb200k)@1.learned(s111,78ef6974)@1.opener(rand,4)@1	ab(d6,tt,ord,qs,nb200k)@1.learned(s98,5801570e)@1.opener(rand,4)@1	B	57	8	10	7135.490	380.240	6828.125	390.625	29	28	1893388	1220424	135.89	135.00	25	24	3932684264	12
2026-07-26T21:49:50Z	20260726T214659Z	boards/board1.txt	ab(d6,tt,ord,nb200k)@1.learned(s111,78ef6974)@1.opener(rand,4)@1	ab(d8,tt,ord,nb2m)@1.classic(t1,c4,w0,l0)@2.opener(rand,4)@1	B	53	9	12	2525.599	3663.584	2484.375	3453.125	27	26	759104	13687722	124.00	160.00	23	22	71642876	12
2026-07-26T21:49:51Z	20260726T214659Z	boards/board1.txt	ab(d6,tt,ord,nb200k)@1.learned(s3,68364898)@1.opener(rand,4)@1	ab(d6,tt,ord,nb200k)@1.learned(s6,eac8ab99)@1.opener(rand,4)@1	B	77	8	7	619.933	605.131	546.875	625.000	39	38	2518583	2349853	196.00	195.00	35	34	497623278	12
2026-07-26T21:49:53Z	20260726T214659Z	boards/board1.txt	ab(d6,tt,ord,nb200k)@1.learned(s3,68364898)@1.opener(rand,4)@1	ab(d6,tt,ord,nb200k)@1.learned(s76,ef183148)@1.opener(rand,4)@1	B	65	10	11	566.007	749.785	593.750	671.875	33	32	2534040	2903305	159.68	159.00	29	28	3880741901	12
2026-07-26T21:49:53Z	20260726T214659Z	boards/board1.txt	ab(d6,tt,ord,nb200k)@1.learned(s3,68364898)@1.opener(rand,4)@1	ab(d6,tt,ord,qs,nb200k)@1.learned(s98,5801570e)@1.opener(rand,4)@1	B	49	11	10	320.949	378.392	343.750	343.750	25	24	1335111	1458798	112.00	111.00	21	20	82893048	12
2026-07-26T21:49:58Z	20260726T214659Z	boards/board1.txt	ab(d6,tt,ord,nb200k)@1.learned(s3,68364898)@1.opener(rand,4)@1	ab(d8,tt,ord,nb2m)@1.classic(t1,c4,w0,l0)@2.opener(rand,4)@1	B	51	13	13	265.330	4022.950	281.250	3890.625	26	25	1097502	15649554	118.00	152.00	22	21	1742873836	12
2026-07-26T21:49:59Z	20260726T214659Z	boards/board1.txt	ab(d6,tt,ord,nb200k)@1.learned(s6,eac8ab99)@1.opener(rand,4)@1	ab(d6,tt,ord,nb200k)@1.learned(s76,ef183148)@1.opener(rand,4)@1	B	73	7	8	539.257	701.453	531.250	671.875	37	36	2576991	3107880	184.00	183.00	33	32	1999177990	12
2026-07-26T21:50:00Z	20260726T214659Z	boards/board1.txt	ab(d6,tt,ord,nb200k)@1.learned(s6,eac8ab99)@1.opener(rand,4)@1	ab(d6,tt,ord,nb200k)@1.learned(s98,5801570e)@1.opener(rand,4)@1	W	62	10	7	536.149	505.409	531.250	468.750	31	31	2477264	1856704	153.00	148.00	27	27	3490917473	12
2026-07-26T21:50:05Z	20260726T214659Z	boards/board1.txt	ab(d6,tt,ord,nb200k)@1.learned(s6,eac8ab99)@1.opener(rand,4)@1	ab(d8,tt,ord,nb2m)@1.classic(t1,c4,w0,l0)@2.opener(rand,4)@1	B	73	8	11	160.130	4797.743	187.500	4671.875	37	36	836608	19155716	184.00	240.00	33	32	3303116425	12
2026-07-26T21:50:05Z	20260726T214659Z	boards/board1.txt	ab(d6,tt,ord,nb200k)@1.learned(s6,eac8ab99)@1.opener(rand,4)@1	rand@1	W	39	15	12	285.339	0.029	281.250	0.000	20	19	1193166	0	86.00	0.00	16	0	405956724	12
2026-07-26T21:50:06Z	20260726T214659Z	boards/board1.txt	ab(d6,tt,ord,nb200k)@1.learned(s76,ef183148)@1.opener(rand,4)@1	ab(d6,tt,ord,qs,nb200k)@1.learned(s98,5801570e)@1.opener(rand,4)@1	B	49	10	10	416.224	356.646	468.750	281.250	25	24	1643882	1535258	112.00	110.80	21	20	1811734380	12
2026-07-26T21:50:10Z	20260726T214659Z	boards/board1.txt	ab(d6,tt,ord,nb200k)@1.learned(s76,ef183148)@1.opener(rand,4)@1	ab(d8,tt,ord,nb2m)@1.classic(t1,c4,w0,l0)@2.opener(rand,4)@1	B	53	11	10	162.096	4057.646	234.375	3937.500	27	26	803124	16166913	124.00	160.00	23	22	1767733768	12
2026-07-26T21:50:11Z	20260726T214659Z	boards/board1.txt	ab(d6,tt,ord,nb200k)@1.learned(s98,5801570e)@1.opener(rand,4)@1	ab(d6,tt,ord,qs,nb200k)@1.learned(s98,5801570e)@1.opener(rand,4)@1	W	81	6	6	401.357	524.251	437.500	468.750	41	40	1836698	2388427	208.00	201.42	37	36	3460087455	12
2026-07-26T21:50:15Z	20260726T214659Z	boards/board1.txt	ab(d6,tt,ord,nb200k)@1.learned(s98,5801570e)@1.opener(rand,4)@1	ab(d8,tt,ord,nb2m)@1.classic(t1,c4,w0,l0)@2.opener(rand,4)@1	B	77	7	9	177.164	3679.811	156.250	3625.000	39	38	869598	16157678	196.00	256.00	35	34	1134304475	12
2026-07-26T21:50:19Z	20260726T214659Z	boards/board1.txt	ab(d6,tt,ord,qs,nb200k)@1.learned(s98,5801570e)@1.opener(rand,4)@1	ab(d8,tt,ord,nb2m)@1.classic(t1,c4,w0,l0)@2.opener(rand,4)@1	B	60	9	10	182.124	3832.013	109.375	3843.750	30	30	828145	16420397	146.00	192.00	26	26	1418464975	12
2026-07-26T21:50:19Z	20260726T214659Z	boards/board1.txt	ab(d6,tt,ord,qs,nb200k)@1.learned(s98,5801570e)@1.opener(rand,4)@1	rand@1	W	29	16	11	261.296	0.023	250.000	0.000	15	14	1211918	0	60.86	0.00	11	0	3629803630	12
2026-07-26T21:47:00Z	20260726T214659Z	boards/board1.txt	ab(d6,ord,nb200k)@1.adv(t20,c77,w0,l0,f0,d-2,e0,m0,h0,b1,o0,r0,x0,n0,s1,g1)@1.opener(rand,4)@1	ab(d2)@1.classic(t1,c4,w0,l0)@2.opener(rand,4)@1	W	51	11	11	905.253	0.187	765.625	0.000	26	25	2466396	2087	117.20	40.00	22	21	3768285267	12
2026-07-26T21:47:00Z	20260726T214659Z	boards/board1.txt	ab(d6,tt,ord,nb200k)@1.classic(t1,c4,w0,l0)@2.dil(r30,d4)@1.opener(rand,4)@1	ab(d2)@1.classic(t1,c4,w0,l0)@2.opener(rand,4)@1	B	63	7	12	207.721	0.278	187.500	0.000	32	31	625967	3546	114.00	54.00	28	27	642482659	12
2026-07-26T21:47:00Z	20260726T214659Z	boards/board1.txt	ab(d6,tt,ord,nb200k)@1.classic(t1,c4,w0,l0)@2.opener(rand,4)@1	ab(d2)@1.classic(t1,c4,w0,l0)@2.opener(rand,4)@1	W	47	12	12	345.211	0.203	312.500	0.000	24	23	1045753	2423	107.00	36.00	20	19	6061875	12
2026-07-26T21:47:10Z	20260726T214659Z	boards/board1.txt	ab(d6,tt,ord,nb200k)@1.learned(s111,78ef6974)@1.opener(rand,4)@1	ab(d2)@1.classic(t1,c4,w0,l0)@2.opener(rand,4)@1	W	45	13	12	9953.731	0.191	9125.000	0.000	23	22	2060628	2163	100.95	34.00	19	18	3154952308	12
2026-07-26T21:47:10Z	20260726T214659Z	boards/board1.txt	ab(d6,tt,ord,nb200k)@1.learned(s6,eac8ab99)@1.opener(rand,4)@1	ab(d2)@1.classic(t1,c4,w0,l0)@2.opener(rand,4)@1	W	43	12	12	358.251	0.156	328.125	0.000	22	21	1097912	1625	94.00	32.00	18	17	2969011799	12
2026-07-26T21:47:11Z	20260726T214659Z	boards/board1.txt	ab(d6,tt,ord,nb200k)@1.learned(s76,ef183148)@1.opener(rand,4)@1	ab(d2)@1.classic(t1,c4,w0,l0)@2.opener(rand,4)@1	W	57	11	11	892.205	0.297	859.375	0.000	29	28	2997453	3514	136.00	46.00	25	24	3153670694	12
2026-07-26T21:47:12Z	20260726T214659Z	boards/board1.txt	ab(d6,tt,ord,qs,nb200k)@1.learned(s98,5801570e)@1.opener(rand,4)@1	ab(d2)@1.classic(t1,c4,w0,l0)@2.opener(rand,4)@1	W	43	13	13	712.792	0.214	687.500	0.000	22	21	2151507	2467	93.00	32.00	18	17	2310964357	12
2026-07-26T21:47:15Z	20260726T214659Z	boards/board1.txt	ab(d8,tt,ord,nb2m)@1.classic(t1,c4,w0,l0)@2.opener(rand,4)@1	ab(d2)@1.classic(t1,c4,w0,l0)@2.opener(rand,4)@1	W	35	13	13	2731.549	0.132	2484.375	0.000	18	17	8077125	1456	92.00	24.00	14	13	488943125	12
2026-07-26T21:47:16Z	20260726T214659Z	boards/board1.txt	ab(d6,ord,nb200k)@1.adv(t20,c77,w0,l0,f0,d-2,e0,m0,h0,b1,o0,r0,x0,n0,s1,g1)@1.opener(rand,4)@1	ab(d4)@1.classic(t1,c4,w0,l0)@2.opener(rand,4)@1	W	49	11	10	933.974	7.370	828.125	0.000	25	24	2572714	111181	109.24	73.00	21	20	3435043277	12
2026-07-26T21:47:16Z	20260726T214659Z	boards/board1.txt	ab(d6,tt,ord,nb200k)@1.classic(t1,c4,w0,l0)@2.dil(r30,d4)@1.opener(rand,4)@1	ab(d4)@1.classic(t1,c4,w0,l0)@2.opener(rand,4)@1	W	53	12	11	238.958	7.534	218.750	15.625	27	26	757955	119886	116.00	81.00	23	22	2604464785	12
2026-07-26T21:47:16Z	20260726T214659Z	boards/board1.txt	ab(d6,tt,ord,nb200k)@1.classic(t1,c4,w0,l0)@2.opener(rand,4)@1	ab(d4)@1.classic(t1,c4,w0,l0)@2.opener(rand,4)@1	B	55	8	9	374.671	8.079	343.750	0.000	28	27	1115327	125462	130.00	92.00	24	23	4134545625	12
2026-07-26T21:47:29Z	20260726T214659Z	boards/board1.txt	ab(d6,tt,ord,nb200k)@1.learned(s111,78ef6974)@1.opener(rand,4)@1	ab(d4)@1.classic(t1,c4,w0,l0)@2.opener(rand,4)@1	W	57	11	11	12525.703	10.748	11500.000	15.625	29	28	2591874	147691	135.46	89.00	25	24	3671798238	12
2026-07-26T21:47:29Z	20260726T214659Z	boards/board1.txt	ab(d6,tt,ord,nb200k)@1.learned(s6,eac8ab99)@1.opener(rand,4)@1	ab(d4)@1.classic(t1,c4,w0,l0)@2.opener(rand,4)@1	W	41	13	13	443.804	5.263	406.250	15.625	21	20	1374974	79998	88.00	57.00	17	16	1158672433	12
2026-07-26T21:47:30Z	20260726T214659Z	boards/board1.txt	ab(d6,tt,ord,nb200k)@1.learned(s76,ef183148)@1.opener(rand,4)@1	ab(d4)@1.classic(t1,c4,w0,l0)@2.opener(rand,4)@1	W	53	11	11	685.668	6.183	531.250	0.000	27	26	1886063	92014	124.00	81.00	23	22	3817719604	12
2026-07-26T21:47:30Z	20260726T214659Z	boards/board1.txt	ab(d6,tt,ord,qs,nb200k)@1.learned(s98,5801570e)@1.opener(rand,4)@1	ab(d4)@1.classic(t1,c4,w0,l0)@2.opener(rand,4)@1	W	43	11	11	322.478	3.803	312.500	15.625	22	21	952457	60018	92.00	61.00	18	17	3378738107	12
2026-07-26T21:47:36Z	20260726T214659Z	boards/board1.txt	ab(d8,tt,ord,nb2m)@1.classic(t1,c4,w0,l0)@2.opener(rand,4)@1	ab(d4)@1.classic(t1,c4,w0,l0)@2.opener(rand,4)@1	W	53	13	10	5338.722	9.761	4859.375	0.000	27	26	14460964	163681	161.00	81.00	23	22	1373827743	12
2026-07-26T21:47:37Z	20260726T214659Z	boards/board1.txt	ab(d6,tt,ord,nb200k)@1.classic(t1,c4,w0,l0)@2.dil(r30,d4)@1.opener(rand,4)@1	ab(d6,ord,nb200k)@1.adv(t20,c77,w0,l0,f0,d-2,e0,m0,h0,b1,o0,r0,x0,n0,s1,g1)@1.opener(rand,4)@1	B	63	9	9	256.248	1043.878	218.750	953.125	32	31	792682	2721407	137.00	152.90	28	27	2656398399	12
2026-07-26T21:47:38Z	20260726T214659Z	boards/board1.txt	ab(d6,tt,ord,nb200k)@1.classic(t1,c4,w0,l0)@2.dil(r63)@1.opener(rand,4)@1	ab(d6,ord,nb200k)@1.adv(t20,c77,w0,l0,f0,d-2,e0,m0,h0,b1,o0,r0,x0,n0,s1,g1)@1.opener(rand,4)@1	B	42	11	12	192.371	789.058	140.625	750.000	21	21	584825	2070851	54.00	90.14	9	17	96747223	12
2026-07-26T21:47:48Z	20260726T214659Z	boards/board1.txt	ab(d6,tt,ord,nb200k)@1.learned(s111,78ef6974)@1.opener(rand,4)@1	ab(d6,ord,nb200k)@1.adv(t20,c77,w0,l0,f0,d-2,e0,m0,h0,b1,o0,r0,x0,n0,s1,g1)@1.opener(rand,4)@1	W	40	14	14	8999.661	741.270	8250.000	640.625	20	20	1725471	2035709	86.78	82.04	16	16	279784308	12
2026-07-26T21:47:49Z	20260726T214659Z	boards/board1.txt	ab(d6,tt,ord,nb200k)@1.learned(s3,68364898)@1.opener(rand,4)@1	ab(d6,ord,nb200k)@1.adv(t20,c77,w0,l0,f0,d-2,e0,m0,h0,b1,o0,r0,x0,n0,s1,g1)@1.opener(rand,4)@1	W	42	13	13	492.290	701.172	453.125	687.500	21	21	1628161	2011263	92.83	87.71	17	17	2292672962	12
2026-07-26T21:47:51Z	20260726T214659Z	boards/board1.txt	ab(d6,tt,ord,nb200k)@1.learned(s76,ef183148)@1.opener(rand,4)@1	ab(d6,ord,nb200k)@1.adv(t20,c77,w0,l0,f0,d-2,e0,m0,h0,b1,o0,r0,x0,n0,s1,g1)@1.opener(rand,4)@1	B	55	10	11	721.106	1041.969	687.500	1015.625	28	27	2585803	2974509	129.54	127.93	24	23	3132018294	12
2026-07-26T21:47:52Z	20260726T214659Z	boards/board1.txt	ab(d6,tt,ord,nb200k)@1.learned(s98,5801570e)@1.opener(rand,4)@1	ab(d6,ord,nb200k)@1.adv(t20,c77,w0,l0,f0,d-2,e0,m0,h0,b1,o0,r0,x0,n0,s1,g1)@1.opener(rand,4)@1	B	49	9	13	510.427	822.983	484.375	796.875	25	24	1846896	2399973	112.00	110.40	21	20	4154511985	12
2026-07-26T21:47:57Z	20260726T214659Z	boards/board1.txt	ab(d8,tt,ord,nb2m)@1.classic(t1,c4,w0,l0)@2.opener(rand,4)@1	ab(d6,ord,nb200k)@1.adv(t20,c77,w0,l0,f0,d-2,e0,m0,h0,b1,o0,r0,x0,n0,s1,g1)@1.opener(rand,4)@1	W	52	10	10	4480.372	846.913	4093.750	750.000	26	26	13803813	2439365	160.00	117.42	22	22	3242385945	12
2026-07-26T21:47:58Z	20260726T214659Z	boards/board1.txt	rand@1	ab(d6,ord,nb200k)@1.adv(t20,c77,w0,l0,f0,d-2,e0,m0,h0,b1,o0,r0,x0,n0,s1,g1)@1.opener(rand,4)@1	B	38	11	16	0.035	691.536	0.000	578.125	19	19	0	1741443	0.00	75.53	0	15	2923003652	12
2026-07-26T21:47:58Z	20260726T214659Z	boards/board1.txt	ab(d6,tt,ord,nb200k)@1.classic(t1,c4,w0,l0)@2.opener(rand,4)@1	ab(d6,tt,ord,nb200k)@1.classic(t1,c4,w0,l0)@2.dil(r30,d4)@1.opener(rand,4)@1	W	30	15	14	164.814	114.701	156.250	93.750	15	15	426981	255030	57.00	48.00	11	11	2525016107	12
2026-07-26T21:48:06Z	20260726T214659Z	boards/board1.txt	ab(d6,tt,ord,nb200k)@1.learned(s111,78ef6974)@1.opener(rand,4)@1	ab(d6,tt,ord,nb200k)@1.classic(t1,c4,w0,l0)@2.dil(r30,d4)@1.opener(rand,4)@1	W	54	9	8	7589.620	192.056	6750.000	187.500	27	27	1504630	482060	129.00	115.00	23	23	475273244	12
2026-07-26T21:48:07Z	20260726T214659Z	boards/board1.txt	ab(d6,tt,ord,nb200k)@1.learned(s6,eac8ab99)@1.opener(rand,4)@1	ab(d6,tt,ord,nb200k)@1.classic(t1,c4,w0,l0)@2.dil(r30,d4)@1.opener(rand,4)@1	W	56	11	10	642.802	251.888	531.250	218.750	28	28	1641654	713932	135.00	118.00	24	24	3550495855	12
2026-07-26T21:48:08Z	20260726T214659Z	boards/board1.txt	ab(d6,tt,ord,nb200k)@1.learned(s76,ef183148)@1.opener(rand,4)@1	ab(d6,tt,ord,nb200k)@1.classic(t1,c4,w0,l0)@2.dil(r30,d4)@1.opener(rand,4)@1	W	46	12	11	487.053	196.994	421.875	203.125	23	23	1367962	647926	105.00	91.00	19	19	3288586142	12
2026-07-26T21:48:08Z	20260726T214659Z	boards/board1.txt	ab(d6,tt,ord,qs,nb200k)@1.learned(s98,5801570e)@1.opener(rand,4)@1	ab(d6,tt,ord,nb200k)@1.classic(t1,c4,w0,l0)@2.dil(r30,d4)@1.opener(rand,4)@1	W	50	12	9	581.123	194.198	531.250	171.875	25	25	1770535	597029	117.00	96.00	21	21	1344473165	12
2026-07-26T21:48:12Z	20260726T214659Z	boards/board1.txt	ab(d8,tt,ord,nb2m)@1.classic(t1,c4,w0,l0)@2.opener(rand,4)@1	ab(d6,tt,ord,nb200k)@1.classic(t1,c4,w0,l0)@2.dil(r30,d4)@1.opener(rand,4)@1	W	50	12	10	3944.050	47.388	3703.125	62.500	25	25	11482548	162353	152.00	104.00	21	21	3459529181	12
2026-07-26T21:48:12Z	20260726T214659Z	boards/board1.txt	ab(d6,tt,ord,nb200k)@1.classic(t1,c4,w0,l0)@2.opener(rand,4)@1	ab(d6,tt,ord,nb200k)@1.classic(t1,c4,w0,l0)@2.dil(r63)@1.opener(rand,4)@1	W	17	16	13	64.205	0.008	62.500	0.000	9	8	203087	0	25.00	0.00	5	0	1732143155	12
2026-07-26T21:48:24Z	20260726T214659Z	boards/board1.txt	ab(d6,tt,ord,nb200k)@1.learned(s111,78ef6974)@1.opener(rand,4)@1	ab(d6,tt,ord,nb200k)@1.classic(t1,c4,w0,l0)@2.dil(r63)@1.opener(rand,4)@1	W	46	13	12	11072.797	150.231	10125.000	140.625	23	23	2243396	448652	105.68	43.00	19	8	1507201396	12
2026-07-26T21:48:24Z	20260726T214659Z	boards/board1.txt	ab(d6,tt,ord,nb200k)@1.learned(s6,eac8ab99)@1.opener(rand,4)@1	ab(d6,tt,ord,nb200k)@1.classic(t1,c4,w0,l0)@2.dil(r63)@1.opener(rand,4)@1	W	43	13	10	466.159	86.590	406.250	62.500	22	21	1274969	237785	103.00	36.00	18	6	400125783	12
2026-07-26T21:48:25Z	20260726T214659Z	boards/board1.txt	ab(d6,tt,ord,nb200k)@1.learned(s76,ef183148)@1.opener(rand,4)@1	ab(d6,tt,ord,nb200k)@1.classic(t1,c4,w0,l0)@2.dil(r63)@1.opener(rand,4)@1	W	30	16	11	286.076	0.056	250.000	0.000	15	15	874743	132	60.00	1.00	11	1	2379750694	12
2026-07-26T21:48:25Z	20260726T214659Z	boards/board1.txt	ab(d6,tt,ord,qs,nb200k)@1.learned(s98,5801570e)@1.opener(rand,4)@1	ab(d6,tt,ord,nb200k)@1.classic(t1,c4,w0,l0)@2.dil(r63)@1.opener(rand,4)@1	W	35	16	12	361.736	36.646	328.125	15.625	18	17	996178	81921	74.00	12.00	14	2	4090461573	12
2026-07-26T21:48:28Z	20260726T214659Z	boards/board1.txt	ab(d8,tt,ord,nb2m)@1.classic(t1,c4,w0,l0)@2.opener(rand,4)@1	ab(d6,tt,ord,nb200k)@1.classic(t1,c4,w0,l0)@2.dil(r63)@1.opener(rand,4)@1	W	21	16	14	2760.346	14.085	2500.000	15.625	11	10	7294931	48834	49.00	12.00	7	2	1573220117	12
2026-07-26T21:48:40Z	20260726T214659Z	boards/board1.txt	ab(d6,tt,ord,nb200k)@1.learned(s111,78ef6974)@1.opener(rand,4)@1	ab(d6,tt,ord,nb200k)@1.classic(t1,c4,w0,l0)@2.opener(rand,4)@1	B	63	9	11	12077.091	486.648	10718.750	390.625	32	31	2414984	1206933	154.00	153.00	28	27	95138300	12
2026-07-26T21:48:41Z	20260726T214659Z	boards/board1.txt	ab(d6,tt,ord,nb200k)@1.learned(s3,68364898)@1.opener(rand,4)@1	ab(d6,tt,ord,nb200k)@1.classic(t1,c4,w0,l0)@2.opener(rand,4)@1	W	64	7	8	512.018	348.729	500.000	281.250	32	32	1461544	909446	159.00	154.00	28	28	413361802	12
2026-07-26T21:48:42Z	20260726T214659Z	boards/board1.txt	ab(d6,tt,ord,nb200k)@1.learned(s76,ef183148)@1.opener(rand,4)@1	ab(d6,tt,ord,nb200k)@1.classic(t1,c4,w0,l0)@2.opener(rand,4)@1	W	68	6	9	586.127	367.832	500.000	390.625	34	34	1907875	997968	171.00	166.00	30	30	3762957038	12
2026-07-26T21:48:43Z	20260726T214659Z	boards/board1.txt	ab(d6,tt,ord,nb200k)@1.learned(s98,5801570e)@1.opener(rand,4)@1	ab(d6,tt,ord,nb200k)@1.classic(t1,c4,w0,l0)@2.opener(rand,4)@1	W	64	8	9	594.426	350.973	593.750	312.500	32	32	1760731	964875	159.00	154.00	28	28	1863433337	12
2026-07-26T21:48:48Z	20260726T214659Z	boards/board1.txt	ab(d8,tt,ord,nb2m)@1.classic(t1,c4,w0,l0)@2.opener(rand,4)@1	ab(d6,tt,ord,nb200k)@1.classic(t1,c4,w0,l0)@2.opener(rand,4)@1	W	56	11	8	5171.310	148.576	4406.250	171.875	28	28	13933950	398096	176.00	130.00	24	24	2013438593	12
2026-07-26T21:48:48Z	20260726T214659Z	boards/board1.txt	rand@1	ab(d6,tt,ord,nb200k)@1.classic(t1,c4,w0,l0)@2.opener(rand,4)@1	B	22	12	16	0.015	122.031	0.000	125.000	11	11	0	315900	0.00	37.00	0	7	320099372	12
2026-07-26T21:49:08Z	20260726T214659Z	boards/board1.txt	ab(d6,tt,ord,nb200k)@1.learned(s6,eac8ab99)@1.opener(rand,4)@1	ab(d6,tt,ord,nb200k)@1.learned(s111,78ef6974)@1.opener(rand,4)@1	B	91	5	6	1001.153	18339.835	859.375	16531.250	46	45	2842055	3440146	238.00	235.44	42	41	3844452862	12
2026-07-26T21:49:23Z	20260726T214659Z	boards/board1.txt	ab(d6,tt,ord,nb200k)@1.learned(s76,ef183148)@1.opener(rand,4)@1	ab(d6,tt,ord,nb200k)@1.learned(s111,78ef6974)@1.opener(rand,4)@1	W	50	12	11	829.359	14282.393	781.250	13000.000	25	25	2591283	2904672	116.50	111.68	21	21	2870193405	12
2026-07-26T21:49:35Z	20260726T214659Z	boards/board1.txt	ab(d6,tt,ord,qs,nb200k)@1.learned(s98,5801570e)@1.opener(rand,4)@1	ab(d6,tt,ord,nb200k)@1.learned(s111,78ef6974)@1.opener(rand,4)@1	W	48	11	11	803.477	10780.403	718.750	10156.250	24	24	2269416	2263290	110.85	105.78	20	20	3932684264	12
2026-07-26T21:49:43Z	20260726T214659Z	boards/board1.txt	ab(d8,tt,ord,nb2m)@1.classic(t1,c4,w0,l0)@2.opener(rand,4)@1	ab(d6,tt,ord,nb200k)@1.learned(s111,78ef6974)@1.opener(rand,4)@1	B	51	11	10	5255.771	2768.022	5031.250	2687.500	26	25	17090587	756749	153.00	117.00	22	21	71642876	12
2026-07-26T21:49:43Z	20260726T214659Z	boards/board1.txt	ab(d6,tt,ord,nb200k)@1.learned(s6,eac8ab99)@1.opener(rand,4)@1	ab(d6,tt,ord,nb200k)@1.learned(s3,68364898)@1.opener(rand,4)@1	W	48	10	11	335.216	377.693	343.750	359.375	24	24	1346190	1329233	111.00	106.00	20	20	497623278	12
2026-07-26T21:49:44Z	20260726T214659Z	boards/board1.txt	ab(d6,tt,ord,nb200k)@1.learned(s76,ef183148)@1.opener(rand,4)@1	ab(d6,tt,ord,nb200k)@1.learned(s3,68364898)@1.opener(rand,4)@1	W	80	7	4	482.196	559.238	500.000	500.000	40	40	1768955	2070441	207.00	202.00	36	36	3880741901	12
2026-07-26T21:49:46Z	20260726T214659Z	boards/board1.txt	ab(d6,tt,ord,qs,nb200k)@1.learned(s98,5801570e)@1.opener(rand,4)@1	ab(d6,tt,ord,nb200k)@1.learned(s3,68364898)@1.opener(rand,4)@1	B	82	8	9	778.428	686.304	765.625	640.625	41	41	3101196	2690691	208.00	206.30	37	37	82893048	12
2026-07-26T21:49:50Z	20260726T214659Z	boards/board1.txt	ab(d8,tt,ord,nb2m)@1.classic(t1,c4,w0,l0)@2.opener(rand,4)@1	ab(d6,tt,ord,nb200k)@1.learned(s3,68364898)@1.opener(rand,4)@1	W	52	11	10	3728.685	197.486	3531.250	203.125	26	26	13766496	816424	160.00	118.00	22	22	1742873836	12
2026-07-26T21:49:51Z	20260726T214659Z	boards/board1.txt	ab(d6,tt,ord,nb200k)@1.learned(s76,ef183148)@1.opener(rand,4)@1	ab(d6,tt,ord,nb200k)@1.learned(s6,eac8ab99)@1.opener(rand,4)@1	B	63	9	10	525.387	463.295	531.250	453.125	32	31	2216809	1956859	154.00	153.00	28	27	1999177990	12
2026-07-26T21:49:52Z	20260726T214659Z	boards/board1.txt	ab(d6,tt,ord,nb200k)@1.learned(s98,5801570e)@1.opener(rand,4)@1	ab(d6,tt,ord,nb200k)@1.learned(s6,eac8ab99)@1.opener(rand,4)@1	B	61	8	10	436.438	486.980	421.875	500.000	31	30	2056966	1821388	148.00	147.00	27	26	3490917473	12
2026-07-26T21:49:55Z	20260726T214659Z	boards/board1.txt	ab(d8,tt,ord,nb2m)@1.classic(t1,c4,w0,l0)@2.opener(rand,4)@1	ab(d6,tt,ord,nb200k)@1.learned(s6,eac8ab99)@1.opener(rand,4)@1	W	50	11	10	3424.615	189.073	3281.250	218.750	25	25	13332434	784047	152.00	112.00	21	21	3303116425	12
2026-07-26T21:49:55Z	20260726T214659Z	boards/board1.txt	rand@1	ab(d6,tt,ord,nb200k)@1.learned(s6,eac8ab99)@1.opener(rand,4)@1	B	38	12	15	0.027	253.621	0.000	250.000	19	19	0	1059449	0.00	80.00	0	15	405956724	12
2026-07-26T21:49:57Z	20260726T214659Z	boards/board1.txt	ab(d6,tt,ord,qs,nb200k)@1.learned(s98,5801570e)@1.opener(rand,4)@1	ab(d6,tt,ord,nb200k)@1.learned(s76,ef183148)@1.opener(rand,4)@1	B	80	7	8	692.170	706.812	656.250	671.875	40	40	3168739	2868611	201.03	201.58	36	36	1811734380	12
2026-07-26T21:50:00Z	20260726T214659Z	boards/board1.txt	ab(d8,tt,ord,nb2m)@1.classic(t1,c4,w0,l0)@2.opener(rand,4)@1	ab(d6,tt,ord,nb200k)@1.learned(s76,ef183148)@1.opener(rand,4)@1	W	60	11	8	3244.305	125.059	3203.125	125.000	30	30	14254958	606190	192.00	142.00	26	26	1767733768	12
2026-07-26T21:50:01Z	20260726T214659Z	boards/board1.txt	ab(d6,tt,ord,qs,nb200k)@1.learned(s98,5801570e)@1.opener(rand,4)@1	ab(d6,tt,ord,nb200k)@1.learned(s98,5801570e)@1.opener(rand,4)@1	W	88	4	6	562.885	453.726	515.625	453.125	44	44	2464800	1672343	231.00	226.00	40	40	3460087455	12
2026-07-26T21:50:03Z	20260726T214659Z	boards/board1.txt	ab(d8,tt,ord,nb2m)@1.classic(t1,c4,w0,l0)@2.opener(rand,4)@1	ab(d6,tt,ord,nb200k)@1.learned(s98,5801570e)@1.opener(rand,4)@1	W	40	13	11	1597.322	67.528	1546.875	62.500	20	20	6769793	326359	112.00	82.00	16	16	1134304475	12
2026-07-26T21:50:07Z	20260726T214659Z	boards/board1.txt	ab(d8,tt,ord,nb2m)@1.classic(t1,c4,w0,l0)@2.opener(rand,4)@1	ab(d6,tt,ord,qs,nb200k)@1.learned(s98,5801570e)@1.opener(rand,4)@1	W	53	12	11	3727.469	177.675	3640.625	171.875	27	26	15322251	909616	161.00	118.00	23	22	1418464975	12
2026-07-26T21:50:07Z	20260726T214659Z	boards/board1.txt	rand@1	ab(d6,tt,ord,qs,nb200k)@1.learned(s98,5801570e)@1.opener(rand,4)@1	B	22	14	16	0.015	125.764	0.000	125.000	11	11	0	566066	0.00	37.00	0	7	3629803630	12
2026-07-26T21:46:59Z	20260726T214659Z	boards/board1.txt	ab(d2)@1.classic(t1,c4,w0,l0)@2.opener(rand,4)@1	ab(d6,ord,nb200k)@1.adv(t20,c77,w0,l0,f0,d-2,e0,m0,h0,b1,o0,r0,x0,n0,s1,g1)@1.opener(rand,4)@1	B	42	13	13	0.182	689.812	0.000	609.375	21	21	2112	1787977	32.00	89.00	17	17	3832431672	12
2026-07-26T21:47:00Z	20260726T214659Z	boards/board1.txt	ab(d2)@1.classic(t1,c4,w0,l0)@2.opener(rand,4)@1	ab(d6,tt,ord,nb200k)@1.classic(t1,c4,w0,l0)@2.dil(r30,d4)@1.opener(rand,4)@1	W	58	12	10	0.282	351.760	0.000	328.125	29	29	3620	979256	50.00	121.00	25	25	706629064	12
2026-07-26T21:47:00Z	20260726T214659Z	boards/board1.txt	ab(d2)@1.classic(t1,c4,w0,l0)@2.opener(rand,4)@1	ab(d6,tt,ord,nb200k)@1.classic(t1,c4,w0,l0)@2.opener(rand,4)@1	B	62	9	10	0.315	429.216	0.000	375.000	31	31	3839	1166663	52.00	141.00	27	27	118649880	12
2026-07-26T21:47:11Z	20260726T214659Z	boards/board1.txt	ab(d2)@1.classic(t1,c4,w0,l0)@2.opener(rand,4)@1	ab(d6,tt,ord,nb200k)@1.learned(s111,78ef6974)@1.opener(rand,4)@1	W	76	12	2	0.422	11341.736	0.000	10203.125	38	38	5031	2164585	68.00	155.58	34	34	3090805903	12
2026-07-26T21:47:12Z	20260726T214659Z	boards/board1.txt	ab(d2)@1.classic(t1,c4,w0,l0)@2.opener(rand,4)@1	ab(d6,tt,ord,nb200k)@1.learned(s6,eac8ab99)@1.opener(rand,4)@1	B	52	11	11	0.214	637.514	0.000	468.750	26	26	2263	1909994	42.00	119.00	22	22	3081641564	12
2026-07-26T21:47:13Z	20260726T214659Z	boards/board1.txt	ab(d2)@1.classic(t1,c4,w0,l0)@2.opener(rand,4)@1	ab(d6,tt,ord,nb200k)@1.learned(s76,ef183148)@1.opener(rand,4)@1	B	38	14	13	0.192	445.692	0.000	390.625	19	19	2214	1352513	28.00	77.00	15	15	3091079849	12
2026-07-26T21:47:13Z	20260726T214659Z	boards/board1.txt	ab(d2)@1.classic(t1,c4,w0,l0)@2.opener(rand,4)@1	ab(d6,tt,ord,qs,nb200k)@1.learned(s98,5801570e)@1.opener(rand,4)@1	B	32	13	13	1.353	277.198	0.000	234.375	16	16	1269	780311	22.00	58.00	12	12	2373610882	12
2026-07-26T21:47:18Z	20260726T214659Z	boards/board1.txt	ab(d2)@1.classic(t1,c4,w0,l0)@2.opener(rand,4)@1	ab(d8,tt,ord,nb2m)@1.classic(t1,c4,w0,l0)@2.opener(rand,4)@1	B	42	13	13	0.211	4804.745	0.000	3968.750	21	21	2522	12271842	32.00	117.00	17	17	551589650	12
2026-07-26T21:47:19Z	20260726T214659Z	boards/board1.txt	ab(d4)@1.classic(t1,c4,w0,l0)@2.opener(rand,4)@1	ab(d6,ord,nb200k)@1.adv(t20,c77,w0,l0,f0,d-2,e0,m0,h0,b1,o0,r0,x0,n0,s1,g1)@1.opener(rand,4)@1	W	60	9	7	10.000	1099.973	15.625	1000.000	30	30	124190	3140324	104.00	138.86	26	26	3497634122	12
2026-07-26T21:47:19Z	20260726T214659Z	boards/board1.txt	ab(d4)@1.classic(t1,c4,w0,l0)@2.opener(rand,4)@1	ab(d6,tt,ord,nb200k)@1.classic(t1,c4,w0,l0)@2.dil(r30,d4)@1.opener(rand,4)@1	B	36	12	13	4.302	150.861	0.000	140.625	18	18	72553	457415	49.00	67.00	14	14	2667111310	12
2026-07-26T21:47:19Z	20260726T214659Z	boards/board1.txt	ab(d4)@1.classic(t1,c4,w0,l0)@2.opener(rand,4)@1	ab(d6,tt,ord,nb200k)@1.classic(t1,c4,w0,l0)@2.opener(rand,4)@1	W	50	11	10	10.383	342.609	31.250	312.500	25	25	140550	1023343	84.00	111.00	21	21	4197192150	12
2026-07-26T21:47:31Z	20260726T214659Z	boards/board1.txt	ab(d4)@1.classic(t1,c4,w0,l0)@2.opener(rand,4)@1	ab(d6,tt,ord,nb200k)@1.learned(s111,78ef6974)@1.opener(rand,4)@1	B	58	10	8	7.252	12127.535	0.000	10453.125	29	29	113526	2312649	93.00	135.15	25	25	3560710113	12
2026-07-26T21:47:32Z	20260726T214659Z	boards/board1.txt	ab(d4)@1.classic(t1,c4,w0,l0)@2.opener(rand,4)@1	ab(d6,tt,ord,nb200k)@1.learned(s6,eac8ab99)@1.opener(rand,4)@1	B	68	8	6	9.397	766.057	0.000	625.000	34	34	134557	2179517	113.00	166.00	30	30	1221318958	12
2026-07-26T21:47:33Z	20260726T214659Z	boards/board1.txt	ab(d4)@1.classic(t1,c4,w0,l0)@2.opener(rand,4)@1	ab(d6,tt,ord,nb200k)@1.learned(s76,ef183148)@1.opener(rand,4)@1	B	42	11	11	4.681	401.678	15.625	359.375	21	21	65582	1198200	61.00	88.00	17	17	3705131599	12
2026-07-26T21:47:33Z	20260726T214659Z	boards/board1.txt	ab(d4)@1.classic(t1,c4,w0,l0)@2.opener(rand,4)@1	ab(d6,tt,ord,qs,nb200k)@1.learned(s98,5801570e)@1.opener(rand,4)@1	B	44	13	14	9.258	530.336	0.000	515.625	22	22	114326	1507491	65.00	92.00	18	18	3442870592	12
2026-07-26T21:47:41Z	20260726T214659Z	boards/board1.txt	ab(d4)@1.classic(t1,c4,w0,l0)@2.opener(rand,4)@1	ab(d8,tt,ord,nb2m)@1.classic(t1,c4,w0,l0)@2.opener(rand,4)@1	B	66	9	9	12.291	7500.629	0.000	6281.250	33	33	189132	19017871	109.00	210.00	29	29	1437974148	12
2026-07-26T21:47:42Z	20260726T214659Z	boards/board1.txt	ab(d6,ord,nb200k)@1.adv(t20,c77,w0,l0,f0,d-2,e0,m0,h0,b1,o0,r0,x0,n0,s1,g1)@1.opener(rand,4)@1	ab(d6,tt,ord,nb200k)@1.classic(t1,c4,w0,l0)@2.dil(r30,d4)@1.opener(rand,4)@1	W	56	10	12	1036.219	274.929	875.000	250.000	28	28	2684534	812608	135.00	117.00	24	24	2720544804	12
2026-07-26T21:47:43Z	20260726T214659Z	boards/board1.txt	ab(d6,ord,nb200k)@1.adv(t20,c77,w0,l0,f0,d-2,e0,m0,h0,b1,o0,r0,x0,n0,s1,g1)@1.opener(rand,4)@1	ab(d6,tt,ord,nb200k)@1.classic(t1,c4,w0,l0)@2.dil(r63)@1.opener(rand,4)@1	W	31	14	13	506.237	35.552	468.750	31.250	16	15	1326845	118408	58.97	12.00	12	2	209376988	12
2026-07-26T21:47:57Z	20260726T214659Z	boards/board1.txt	ab(d6,ord,nb200k)@1.adv(t20,c77,w0,l0,f0,d-2,e0,m0,h0,b1,o0,r0,x0,n0,s1,g1)@1.opener(rand,4)@1	ab(d6,tt,ord,nb200k)@1.learned(s111,78ef6974)@1.opener(rand,4)@1	W	44	13	12	1033.822	13483.467	812.500	11984.375	22	22	2766471	2511827	96.78	92.23	18	18	215637903	12
2026-07-26T21:47:59Z	20260726T214659Z	boards/board1.txt	ab(d6,ord,nb200k)@1.adv(t20,c77,w0,l0,f0,d-2,e0,m0,h0,b1,o0,r0,x0,n0,s1,g1)@1.opener(rand,4)@1	ab(d6,tt,ord,nb200k)@1.learned(s3,68364898)@1.opener(rand,4)@1	B	75	6	6	1151.659	543.300	1093.750	515.625	38	37	3295707	1898892	189.94	189.00	34	33	2181584837	12
2026-07-26T21:47:59Z	20260726T214659Z	boards/board1.txt	ab(d6,ord,nb200k)@1.adv(t20,c77,w0,l0,f0,d-2,e0,m0,h0,b1,o0,r0,x0,n0,s1,g1)@1.opener(rand,4)@1	ab(d6,tt,ord,nb200k)@1.learned(s76,ef183148)@1.opener(rand,4)@1	B	27	15	15	491.935	245.218	437.500	171.875	14	13	1336153	733526	44.48	45.00	10	9	3020930169	12
2026-07-26T21:48:01Z	20260726T214659Z	boards/board1.txt	ab(d6,ord,nb200k)@1.adv(t20,c77,w0,l0,f0,d-2,e0,m0,h0,b1,o0,r0,x0,n0,s1,g1)@1.opener(rand,4)@1	ab(d6,tt,ord,nb200k)@1.learned(s98,5801570e)@1.opener(rand,4)@1	B	65	8	10	1164.222	712.913	937.500	562.500	33	32	2866890	2090139	159.94	157.96	29	28	4265600110	12
2026-07-26T21:48:09Z	20260726T214659Z	boards/board1.txt	ab(d6,ord,nb200k)@1.adv(t20,c77,w0,l0,f0,d-2,e0,m0,h0,b1,o0,r0,x0,n0,s1,g1)@1.opener(rand,4)@1	ab(d8,tt,ord,nb2m)@1.classic(t1,c4,w0,l0)@2.opener(rand,4)@1	W	64	9	8	1263.814	6699.981	1046.875	5484.375	32	32	3215584	19764243	158.60	201.00	28	28	3353474070	12
2026-07-26T21:48:10Z	20260726T214659Z	boards/board1.txt	ab(d6,ord,nb200k)@1.adv(t20,c77,w0,l0,f0,d-2,e0,m0,h0,b1,o0,r0,x0,n0,s1,g1)@1.opener(rand,4)@1	rand@1	W	25	16	15	428.782	0.020	359.375	0.000	13	12	1123068	0	39.70	0.00	9	0	2858857247	12
2026-07-26T21:48:10Z	20260726T214659Z	boards/board1.txt	ab(d6,tt,ord,nb200k)@1.classic(t1,c4,w0,l0)@2.dil(r30,d4)@1.opener(rand,4)@1	ab(d6,tt,ord,nb200k)@1.classic(t1,c4,w0,l0)@2.opener(rand,4)@1	W	44	13	11	155.870	321.175	93.750	328.125	22	22	362908	891585	86.00	94.00	18	18	2637590192	12
2026-07-26T21:48:25Z	20260726T214659Z	boards/board1.txt	ab(d6,tt,ord,nb200k)@1.classic(t1,c4,w0,l0)@2.dil(r30,d4)@1.opener(rand,4)@1	ab(d6,tt,ord,nb200k)@1.learned(s111,78ef6974)@1.opener(rand,4)@1	B	63	7	11	357.185	14534.475	281.250	12656.250	32	31	868219	2842338	137.00	152.82	28	27	411085079	12
2026-07-26T21:48:26Z	20260726T214659Z	boards/board1.txt	ab(d6,tt,ord,nb200k)@1.classic(t1,c4,w0,l0)@2.dil(r30,d4)@1.opener(rand,4)@1	ab(d6,tt,ord,nb200k)@1.learned(s6,eac8ab99)@1.opener(rand,4)@1	B	53	8	9	184.915	421.594	140.625	421.875	27	26	473601	1156339	113.00	123.00	23	22	3663083860	12
2026-07-26T21:48:27Z	20260726T214659Z	boards/board1.txt	ab(d6,tt,ord,nb200k)@1.classic(t1,c4,w0,l0)@2.dil(r30,d4)@1.opener(rand,4)@1	ab(d6,tt,ord,nb200k)@1.learned(s76,ef183148)@1.opener(rand,4)@1	B	73	8	7	300.866	871.392	250.000	671.875	37	36	690051	2310614	159.00	182.60	33	32	3225939617	12
2026-07-26T21:48:28Z	20260726T214659Z	boards/board1.txt	ab(d6,tt,ord,nb200k)@1.classic(t1,c4,w0,l0)@2.dil(r30,d4)@1.opener(rand,4)@1	ab(d6,tt,ord,qs,nb200k)@1.learned(s98,5801570e)@1.opener(rand,4)@1	B	69	6	8	312.175	575.033	218.750	562.500	35	34	742091	1688085	162.00	170.00	31	30	1407064010	12
2026-07-26T21:48:34Z	20260726T214659Z	boards/board1.txt	ab(d6,tt,ord,nb200k)@1.classic(t1,c4,w0,l0)@2.dil(r30,d4)@1.opener(rand,4)@1	ab(d8,tt,ord,nb2m)@1.classic(t1,c4,w0,l0)@2.opener(rand,4)@1	W	62	10	8	85.142	6227.645	78.125	5328.125	31	31	323693	16950100	136.00	193.00	27	27	3522175706	12
2026-07-26T21:48:34Z	20260726T214659Z	boards/board1.txt	ab(d6,tt,ord,nb200k)@1.classic(t1,c4,w0,l0)@2.dil(r63)@1.opener(rand,4)@1	ab(d6,tt,ord,nb200k)@1.classic(t1,c4,w0,l0)@2.opener(rand,4)@1	B	34	12	15	54.235	272.976	46.875	234.375	17	17	151436	690833	18.00	68.00	3	13	1844731160	12
2026-07-26T21:48:44Z	20260726T214659Z	boards/board1.txt	ab(d6,tt,ord,nb200k)@1.classic(t1,c4,w0,l0)@2.dil(r63)@1.opener(rand,4)@1	ab(d6,tt,ord,nb200k)@1.learned(s111,78ef6974)@1.opener(rand,4)@1	B	41	13	13	143.483	9943.521	140.625	8656.250	21	20	397319	1911842	43.00	91.00	8	16	1443054991	12
2026-07-26T21:48:45Z	20260726T214659Z	boards/board1.txt	ab(d6,tt,ord,nb200k)@1.classic(t1,c4,w0,l0)@2.dil(r63)@1.opener(rand,4)@1	ab(d6,tt,ord,nb200k)@1.learned(s6,eac8ab99)@1.opener(rand,4)@1	B	20	16	16	20.658	100.095	31.250	62.500	10	10	53012	297043	7.00	23.00	2	6	512755548	12
2026-07-26T21:48:45Z	20260726T214659Z	boards/board1.txt	ab(d6,tt,ord,nb200k)@1.classic(t1,c4,w0,l0)@2.dil(r63)@1.opener(rand,4)@1	ab(d6,tt,ord,nb200k)@1.learned(s76,ef183148)@1.opener(rand,4)@1	B	27	15	16	36.780	411.368	31.250	343.750	14	13	131887	1065782	13.00	45.68	3	9	2317159849	12
2026-07-26T21:48:45Z	20260726T214659Z	boards/board1.txt	ab(d6,tt,ord,nb200k)@1.classic(t1,c4,w0,l0)@2.dil(r63)@1.opener(rand,4)@1	ab(d6,tt,ord,qs,nb200k)@1.learned(s98,5801570e)@1.opener(rand,4)@1	B	28	15	15	39.059	233.377	31.250	187.500	14	14	116845	636124	12.00	50.00	2	10	4153108098	12
2026-07-26T21:48:47Z	20260726T214659Z	boards/board1.txt	ab(d6,tt,ord,nb200k)@1.classic(t1,c4,w0,l0)@2.dil(r63)@1.opener(rand,4)@1	ab(d8,tt,ord,nb2m)@1.classic(t1,c4,w0,l0)@2.opener(rand,4)@1	B	35	13	14	14.751	2090.624	15.625	1812.500	18	17	52599	5788730	31.00	88.00	7	13	1635866642	12
2026-07-26T21:49:03Z	20260726T214659Z	boards/board1.txt	ab(d6,tt,ord,nb200k)@1.classic(t1,c4,w0,l0)@2.opener(rand,4)@1	ab(d6,tt,ord,nb200k)@1.learned(s111,78ef6974)@1.opener(rand,4)@1	W	58	13	9	592.794	14592.672	546.875	12718.750	29	29	1383800	2887183	141.00	134.28	25	25	31005815	12
2026-07-26T21:49:04Z	20260726T214659Z	boards/board1.txt	ab(d6,tt,ord,nb200k)@1.classic(t1,c4,w0,l0)@2.opener(rand,4)@1	ab(d6,tt,ord,nb200k)@1.learned(s3,68364898)@1.opener(rand,4)@1	W	82	7	5	474.959	693.928	500.000	625.000	41	41	1314125	2280615	213.00	208.00	37	37	350770957	12
2026-07-26T21:49:05Z	20260726T214659Z	boards/board1.txt	ab(d6,tt,ord,nb200k)@1.classic(t1,c4,w0,l0)@2.opener(rand,4)@1	ab(d6,tt,ord,nb200k)@1.learned(s76,ef183148)@1.opener(rand,4)@1	W	62	10	9	365.780	622.139	375.000	500.000	31	31	924659	1606605	153.00	148.00	27	27	3651868913	12
2026-07-26T21:49:06Z	20260726T214659Z	boards/board1.txt	ab(d6,tt,ord,nb200k)@1.classic(t1,c4,w0,l0)@2.opener(rand,4)@1	ab(d6,tt,ord,nb200k)@1.learned(s98,5801570e)@1.opener(rand,4)@1	W	74	8	6	369.536	552.944	265.625	500.000	37	37	900394	1572466	189.00	184.00	33	33	1974521462	12
2026-07-26T21:49:12Z	20260726T214659Z	boards/board1.txt	ab(d6,tt,ord,nb200k)@1.classic(t1,c4,w0,l0)@2.opener(rand,4)@1	ab(d8,tt,ord,nb2m)@1.classic(t1,c4,w0,l0)@2.opener(rand,4)@1	B	51	11	11	102.183	5905.892	109.375	5046.875	26	25	328551	15493504	118.00	152.00	22	21	2124471038	12
2026-07-26T21:49:12Z	20260726T214659Z	boards/board1.txt	ab(d6,tt,ord,nb200k)@1.classic(t1,c4,w0,l0)@2.opener(rand,4)@1	rand@1	W	21	16	13	123.366	0.015	93.750	0.000	11	10	295084	0	37.00	0.00	7	0	255966887	12
2026-07-26T21:49:29Z	20260726T214659Z	boards/board1.txt	ab(d6,tt,ord,nb200k)@1.learned(s111,78ef6974)@1.opener(rand,4)@1	ab(d6,tt,ord,nb200k)@1.learned(s6,eac8ab99)@1.opener(rand,4)@1	B	81	6	7	15836.507	870.609	13796.875	781.250	41	40	3072673	2636733	207.52	206.46	37	36	3733420417	12
2026-07-26T21:49:44Z	20260726T214659Z	boards/board1.txt	ab(d6,tt,ord,nb200k)@1.learned(s111,78ef6974)@1.opener(rand,4)@1	ab(d6,tt,ord,nb200k)@1.learned(s76,ef183148)@1.opener(rand,4)@1	B	69	9	10	14525.538	822.270	13859.375	796.875	35	34	3253518	2494127	171.21	170.74	31	30	2932839930	12
2026-07-26T21:49:52Z	20260726T214659Z	boards/board1.txt	ab(d6,tt,ord,nb200k)@1.learned(s111,78ef6974)@1.opener(rand,4)@1	ab(d6,tt,ord,qs,nb200k)@1.learned(s98,5801570e)@1.opener(rand,4)@1	B	59	8	10	7903.510	460.042	7640.625	421.875	30	29	2351168	1604387	141.55	141.00	26	25	3868537859	12
2026-07-26T21:49:59Z	20260726T214659Z	boards/board1.txt	ab(d6,tt,ord,nb200k)@1.learned(s111,78ef6974)@1.opener(rand,4)@1	ab(d8,tt,ord,nb2m)@1.classic(t1,c4,w0,l0)@2.opener(rand,4)@1	B	45	11	12	3520.422	3492.596	3343.750	3390.625	23	22	1115938	14218418	100.00	128.00	19	18	7510391	12
2026-07-26T21:50:01Z	20260726T214659Z	boards/board1.txt	ab(d6,tt,ord,nb200k)@1.learned(s3,68364898)@1.opener(rand,4)@1	ab(d6,tt,ord,nb200k)@1.learned(s6,eac8ab99)@1.opener(rand,4)@1	W	78	7	9	624.001	624.281	609.375	609.375	39	39	2956317	2558730	200.44	196.00	35	35	386535153	12
2026-07-26T21:50:02Z	20260726T214659Z	boards/board1.txt	ab(d6,tt,ord,nb200k)@1.learned(s3,68364898)@1.opener(rand,4)@1	ab(d6,tt,ord,nb200k)@1.learned(s76,ef183148)@1.opener(rand,4)@1	B	81	5	8	675.304	670.391	671.875	656.250	41	40	3038200	2935658	206.88	206.73	37	36	3943332746	12
2026-07-26T21:50:03Z	20260726T214659Z	boards/board1.txt	ab(d6,tt,ord,nb200k)@1.learned(s3,68364898)@1.opener(rand,4)@1	ab(d6,tt,ord,qs,nb200k)@1.learned(s98,5801570e)@1.opener(rand,4)@1	W	74	8	7	445.460	574.575	406.250	562.500	37	37	1956539	2381041	189.00	183.97	33	33	18746643	12
2026-07-26T21:50:06Z	20260726T214659Z	boards/board1.txt	ab(d6,tt,ord,nb200k)@1.learned(s3,68364898)@1.opener(rand,4)@1	ab(d8,tt,ord,nb2m)@1.classic(t1,c4,w0,l0)@2.opener(rand,4)@1	B	47	13	11	173.295	2810.624	171.875	2734.375	24	23	815955	11851402	106.00	136.00	20	19	1630299751	12
2026-07-26T21:50:07Z	20260726T214659Z	boards/board1.txt	ab(d6,tt,ord,nb200k)@1.learned(s6,eac8ab99)@1.opener(rand,4)@1	ab(d6,tt,ord,nb200k)@1.learned(s76,ef183148)@1.opener(rand,4)@1	W	72	8	7	502.572	668.307	531.250	625.000	36	36	2330186	2770651	181.97	177.62	32	32	1888089865	12
2026-07-26T21:50:08Z	20260726T214659Z	boards/board1.txt	ab(d6,tt,ord,nb200k)@1.learned(s6,eac8ab99)@1.opener(rand,4)@1	ab(d6,tt,ord,nb200k)@1.learned(s98,5801570e)@1.opener(rand,4)@1	W	80	8	5	556.985	492.500	546.875	484.375	40	40	2594556	2122999	207.00	202.00	36	36	3602005598	12
2026-07-26T21:50:10Z	20260726T214659Z	boards/board1.txt	ab(d6,tt,ord,nb200k)@1.learned(s6,eac8ab99)@1.opener(rand,4)@1	ab(d8,tt,ord,nb2m)@1.classic(t1,c4,w0,l0)@2.opener(rand,4)@1	W	52	10	10	119.107	1864.868	140.625	1781.250	26	26	620856	8745235	123.00	153.00	22	22	3414204550	12
2026-07-26T21:50:10Z	20260726T214659Z	boards/board1.txt	ab(d6,tt,ord,nb200k)@1.learned(s6,eac8ab99)@1.opener(rand,4)@1	rand@1	W	27	16	13	176.373	0.019	187.500	0.000	14	13	768127	0	55.00	0.00	10	0	341810319	12
2026-07-26T21:50:11Z	20260726T214659Z	boards/board1.txt	ab(d6,tt,ord,nb200k)@1.learned(s76,ef183148)@1.opener(rand,4)@1	ab(d6,tt,ord,qs,nb200k)@1.learned(s98,5801570e)@1.opener(rand,4)@1	W	68	10	5	572.311	534.675	531.250	562.500	34	34	2241245	2816371	171.00	165.21	30	30	1699160295	12
2026-07-26T21:50:17Z	20260726T214659Z	boards/board1.txt	ab(d6,tt,ord,nb200k)@1.learned(s76,ef183148)@1.opener(rand,4)@1	ab(d8,tt,ord,nb2m)@1.classic(t1,c4,w0,l0)@2.opener(rand,4)@1	B	69	7	10	163.495	5419.470	125.000	5406.250	35	34	834897	22628303	172.00	224.00	31	30	1655145763	12
2026-07-26T21:50:18Z	20260726T214659Z	boards/board1.txt	ab(d6,tt,ord,nb200k)@1.learned(s98,5801570e)@1.opener(rand,4)@1	ab(d6,tt,ord,qs,nb200k)@1.learned(s98,5801570e)@1.opener(rand,4)@1	B	57	11	10	474.732	435.494	468.750	406.250	29	28	2184041	1905440	135.75	135.00	25	24	3524233860	12
2026-07-26T21:50:22Z	20260726T214659Z	boards/board1.txt	ab(d6,tt,ord,nb200k)@1.learned(s98,5801570e)@1.opener(rand,4)@1	ab(d8,tt,ord,nb2m)@1.classic(t1,c4,w0,l0)@2.opener(rand,4)@1	B	65	9	10	253.124	4261.551	281.250	4156.250	33	32	1182606	18507500	160.00	208.00	29	28	1198436960	12
2026-07-26T21:50:26Z	20260726T214659Z	boards/board1.txt	ab(d6,tt,ord,qs,nb200k)@1.learned(s98,5801570e)@1.opener(rand,4)@1	ab(d8,tt,ord,nb2m)@1.classic(t1,c4,w0,l0)@2.opener(rand,4)@1	W	48	11	11	209.576	3178.828	203.125	3109.375	24	24	1110841	12883974	109.74	137.00	20	20	1531052980	12
2026-07-26T21:50:26Z	20260726T214659Z	boards/board1.txt	ab(d6,tt,ord,qs,nb200k)@1.learned(s98,5801570e)@1.opener(rand,4)@1	rand@1	W	33	16	11	259.201	0.025	265.625	0.000	17	16	1172562	0	73.00	0.00	13	0	3518715505	12
2026-07-26T21:47:00Z	20260726T214659Z	boards/board1.txt	ab(d6,ord,nb200k)@1.adv(t20,c77,w0,l0,f0,d-2,e0,m0,h0,b1,o0,r0,x0,n0,s1,g1)@1.opener(rand,4)@1	ab(d2)@1.classic(t1,c4,w0,l0)@2.opener(rand,4)@1	W	51	10	12	975.615	0.236	937.500	0.000	26	25	2653446	2891	113.41	40.00	22	21	3832431672	12
2026-07-26T21:47:00Z	20260726T214659Z	boards/board1.txt	ab(d6,tt,ord,nb200k)@1.classic(t1,c4,w0,l0)@2.dil(r30,d4)@1.opener(rand,4)@1	ab(d2)@1.classic(t1,c4,w0,l0)@2.opener(rand,4)@1	W	39	14	14	227.929	0.168	218.750	0.000	20	19	594677	2130	77.00	28.00	16	15	706629064	12
2026-07-26T21:47:00Z	20260726T214659Z	boards/board1.txt	ab(d6,tt,ord,nb200k)@1.classic(t1,c4,w0,l0)@2.opener(rand,4)@1	ab(d2)@1.classic(t1,c4,w0,l0)@2.opener(rand,4)@1	W	43	14	14	384.168	0.226	359.375	0.000	22	21	1070177	2747	95.00	32.00	18	17	118649880	12
2026-07-26T21:47:14Z	20260726T214659Z	boards/board1.txt	ab(d6,tt,ord,nb200k)@1.learned(s111,78ef6974)@1.opener(rand,4)@1	ab(d2)@1.classic(t1,c4,w0,l0)@2.opener(rand,4)@1	B	63	8	14	13792.381	0.347	12593.750	0.000	32	31	2728784	3833	154.00	54.00	28	27	3090805903	12
2026-07-26T21:47:15Z	20260726T214659Z	boards/board1.txt	ab(d6,tt,ord,nb200k)@1.learned(s6,eac8ab99)@1.opener(rand,4)@1	ab(d2)@1.classic(t1,c4,w0,l0)@2.opener(rand,4)@1	B	53	10	11	588.450	0.234	562.500	0.000	27	26	1832800	2430	124.00	44.00	23	22	3081641564	12
2026-07-26T21:47:15Z	20260726T214659Z	boards/board1.txt	ab(d6,tt,ord,nb200k)@1.learned(s76,ef183148)@1.opener(rand,4)@1	ab(d2)@1.classic(t1,c4,w0,l0)@2.opener(rand,4)@1	W	45	11	12	440.301	0.257	390.625	0.000	23	22	1404775	1912	100.00	34.00	19	18	3091079849	12
2026-07-26T21:47:16Z	20260726T214659Z	boards/board1.txt	ab(d6,tt,ord,qs,nb200k)@1.learned(s98,5801570e)@1.opener(rand,4)@1	ab(d2)@1.classic(t1,c4,w0,l0)@2.opener(rand,4)@1	W	47	11	11	590.637	0.173	562.500	0.000	24	23	1714959	1918	106.00	36.00	20	19	2373610882	12
2026-07-26T21:47:19Z	20260726T214659Z	boards/board1.txt	ab(d8,tt,ord,nb2m)@1.classic(t1,c4,w0,l0)@2.opener(rand,4)@1	ab(d2)@1.classic(t1,c4,w0,l0)@2.opener(rand,4)@1	W	37	14	15	2841.843	0.160	2625.000	0.000	19	18	8405372	1852	101.00	26.00	15	14	551589650	12
2026-07-26T21:47:20Z	20260726T214659Z	boards/board1.txt	ab(d6,ord,nb200k)@1.adv(t20,c77,w0,l0,f0,d-2,e0,m0,h0,b1,o0,r0,x0,n0,s1,g1)@1.opener(rand,4)@1	ab(d4)@1.classic(t1,c4,w0,l0)@2.opener(rand,4)@1	W	57	10	10	1202.928	9.469	1109.375	15.625	29	28	3378720	136217	133.44	89.00	25	24	3497634122	12
2026-07-26T21:47:20Z	20260726T214659Z	boards/board1.txt	ab(d6,tt,ord,nb200k)@1.classic(t1,c4,w0,l0)@2.dil(r30,d4)@1.opener(rand,4)@1	ab(d4)@1.classic(t1,c4,w0,l0)@2.opener(rand,4)@1	W	41	11	11	195.056	4.276	187.500	0.000	21	20	592912	72189	84.00	57.00	17	16	2667111310	12
2026-07-26T21:47:20Z	20260726T214659Z	boards/board1.txt	ab(d6,tt,ord,nb200k)@1.classic(t1,c4,w0,l0)@2.opener(rand,4)@1	ab(d4)@1.classic(t1,c4,w0,l0)@2.opener(rand,4)@1	W	39	13	12	271.789	7.422	234.375	15.625	20	19	792378	108141	82.00	53.00	16	15	4197192150	12
2026-07-26T21:47:31Z	20260726T214659Z	boards/board1.txt	ab(d6,tt,ord,nb200k)@1.learned(s111,78ef6974)@1.opener(rand,4)@1	ab(d4)@1.classic(t1,c4,w0,l0)@2.opener(rand,4)@1	B	67	8	9	10959.859	11.504	10031.250	15.625	34	33	2341166	143883	161.00	116.00	30	29	3560710113	12
2026-07-26T21:47:32Z	20260726T214659Z	boards/board1.txt	ab(d6,tt,ord,nb200k)@1.learned(s6,eac8ab99)@1.opener(rand,4)@1	ab(d4)@1.classic(t1,c4,w0,l0)@2.opener(rand,4)@1	W	53	9	11	575.431	6.459	484.375	0.000	27	26	1716195	102262	124.00	81.00	23	22	1221318958	12
2026-07-26T21:47:32Z	20260726T214659Z	boards/board1.txt	ab(d6,tt,ord,nb200k)@1.learned(s76,ef183148)@1.opener(rand,4)@1	ab(d4)@1.classic(t1,c4,w0,l0)@2.opener(rand,4)@1	W	49	11	11	526.420	5.495	500.000	0.000	25	24	1537903	82072	112.00	73.00	21	20	3705131599	12
2026-07-26T21:47:33Z	20260726T214659Z	boards/board1.txt	ab(d6,tt,ord,qs,nb200k)@1.learned(s98,5801570e)@1.opener(rand,4)@1	ab(d4)@1.classic(t1,c4,w0,l0)@2.opener(rand,4)@1	W	55	10	11	744.446	9.456	671.875	0.000	28	27	2141193	144539	128.00	85.00	24	23	3442870592	12
2026-07-26T21:47:36Z	20260726T214659Z	boards/board1.txt	ab(d8,tt,ord,nb2m)@1.classic(t1,c4,w0,l0)@2.opener(rand,4)@1	ab(d4)@1.classic(t1,c4,w0,l0)@2.opener(rand,4)@1	W	41	12	12	3136.131	6.400	2859.375	0.000	21	20	8662139	102708	113.00	57.00	17	16	1437974148	12
2026-07-26T21:47:37Z	20260726T214659Z	boards/board1.txt	ab(d6,tt,ord,nb200k)@1.classic(t1,c4,w0,l0)@2.dil(r30,d4)@1.opener(rand,4)@1	ab(d6,ord,nb200k)@1.adv(t20,c77,w0,l0,f0,d-2,e0,m0,h0,b1,o0,r0,x0,n0,s1,g1)@1.opener(rand,4)@1	B	49	10	11	184.576	793.436	187.500	750.000	25	24	617370	2159180	102.00	111.00	21	20	2720544804	12
2026-07-26T21:47:38Z	20260726T214659Z	boards/board1.txt	ab(d6,tt,ord,nb200k)@1.classic(t1,c4,w0,l0)@2.dil(r63)@1.opener(rand,4)@1	ab(d6,ord,nb200k)@1.adv(t20,c77,w0,l0,f0,d-2,e0,m0,h0,b1,o0,r0,x0,n0,s1,g1)@1.opener(rand,4)@1	B	42	11	14	55.996	855.954	31.250	781.250	21	21	205022	2255804	19.00	88.82	4	17	209376988	12
2026-07-26T21:47:53Z	20260726T214659Z	boards/board1.txt	ab(d6,tt,ord,nb200k)@1.learned(s111,78ef6974)@1.opener(rand,4)@1	ab(d6,ord,nb200k)@1.adv(t20,c77,w0,l0,f0,d-2,e0,m0,h0,b1,o0,r0,x0,n0,s1,g1)@1.opener(rand,4)@1	B	65	7	9	13942.822	1187.140	12328.125	1046.875	33	32	2766984	3253699	158.07	157.68	29	28	215637903	12
2026-07-26T21:47:55Z	20260726T214659Z	boards/board1.txt	ab(d6,tt,ord,nb200k)@1.learned(s3,68364898)@1.opener(rand,4)@1	ab(d6,ord,nb200k)@1.adv(t20,c77,w0,l0,f0,d-2,e0,m0,h0,b1,o0,r0,x0,n0,s1,g1)@1.opener(rand,4)@1	W	62	11	9	779.917	1100.728	656.250	1015.625	31	31	2431707	3054340	152.45	147.00	27	27	2181584837	12
2026-07-26T21:47:57Z	20260726T214659Z	boards/board1.txt	ab(d6,tt,ord,nb200k)@1.learned(s76,ef183148)@1.opener(rand,4)@1	ab(d6,ord,nb200k)@1.adv(t20,c77,w0,l0,f0,d-2,e0,m0,h0,b1,o0,r0,x0,n0,s1,g1)@1.opener(rand,4)@1	W	62	7	9	904.223	1250.244	734.375	1078.125	31	31	2820222	3296955	151.87	145.84	27	27	3020930169	12
2026-07-26T21:47:59Z	20260726T214659Z	boards/board1.txt	ab(d6,tt,ord,nb200k)@1.learned(s98,5801570e)@1.opener(rand,4)@1	ab(d6,ord,nb200k)@1.adv(t20,c77,w0,l0,f0,d-2,e0,m0,h0,b1,o0,r0,x0,n0,s1,g1)@1.opener(rand,4)@1	B	51	8	11	621.324	1053.039	562.500	843.750	26	25	2090492	2755070	117.50	115.88	22	21	4265600110	12
2026-07-26T21:48:02Z	20260726T214659Z	boards/board1.txt	ab(d8,tt,ord,nb2m)@1.classic(t1,c4,w0,l0)@2.opener(rand,4)@1	ab(d6,ord,nb200k)@1.adv(t20,c77,w0,l0,f0,d-2,e0,m0,h0,b1,o0,r0,x0,n0,s1,g1)@1.opener(rand,4)@1	W	34	13	13	2285.183	507.339	1968.750	468.750	17	17	6755644	1443124	89.00	64.59	13	13	3353474070	12
2026-07-26T21:48:03Z	20260726T214659Z	boards/board1.txt	rand@1	ab(d6,ord,nb200k)@1.adv(t20,c77,w0,l0,f0,d-2,e0,m0,h0,b1,o0,r0,x0,n0,s1,g1)@1.opener(rand,4)@1	B	36	12	15	0.033	830.854	0.000	734.375	18	18	0	2057352	0.00	73.42	0	14	2858857247	12
2026-07-26T21:48:03Z	20260726T214659Z	boards/board1.txt	ab(d6,tt,ord,nb200k)@1.classic(t1,c4,w0,l0)@2.opener(rand,4)@1	ab(d6,tt,ord,nb200k)@1.classic(t1,c4,w0,l0)@2.dil(r30,d4)@1.opener(rand,4)@1	W	52	11	10	274.131	160.638	265.625	125.000	26	26	742037	449713	123.00	101.00	22	22	2637590192	12
2026-07-26T21:48:13Z	20260726T214659Z	boards/board1.txt	ab(d6,tt,ord,nb200k)@1.learned(s111,78ef6974)@1.opener(rand,4)@1	ab(d6,tt,ord,nb200k)@1.classic(t1,c4,w0,l0)@2.dil(r30,d4)@1.opener(rand,4)@1	W	54	12	9	10141.664	292.968	8984.375	250.000	27	27	2139804	877611	129.00	113.00	23	23	411085079	12
2026-07-26T21:48:14Z	20260726T214659Z	boards/board1.txt	ab(d6,tt,ord,nb200k)@1.learned(s6,eac8ab99)@1.opener(rand,4)@1	ab(d6,tt,ord,nb200k)@1.classic(t1,c4,w0,l0)@2.dil(r30,d4)@1.opener(rand,4)@1	W	50	12	10	393.606	188.153	406.250	156.250	25	25	1155417	587163	117.00	105.00	21	21	3663083860	12
2026-07-26T21:48:15Z	20260726T214659Z	boards/board1.txt	ab(d6,tt,ord,nb200k)@1.learned(s76,ef183148)@1.opener(rand,4)@1	ab(d6,tt,ord,nb200k)@1.classic(t1,c4,w0,l0)@2.dil(r30,d4)@1.opener(rand,4)@1	W	56	10	7	413.142	122.356	406.250	109.375	28	28	1177467	384820	135.00	109.00	24	24	3225939617	12
2026-07-26T21:48:15Z	20260726T214659Z	boards/board1.txt	ab(d6,tt,ord,qs,nb200k)@1.learned(s98,5801570e)@1.opener(rand,4)@1	ab(d6,tt,ord,nb200k)@1.classic(t1,c4,w0,l0)@2.dil(r30,d4)@1.opener(rand,4)@1	W	48	11	9	555.266	211.757	453.125	218.750	24	24	1450763	648874	111.00	100.00	20	20	1407064010	12
2026-07-26T21:48:20Z	20260726T214659Z	boards/board1.txt	ab(d8,tt,ord,nb2m)@1.classic(t1,c4,w0,l0)@2.opener(rand,4)@1	ab(d6,tt,ord,nb200k)@1.classic(t1,c4,w0,l0)@2.dil(r30,d4)@1.opener(rand,4)@1	W	40	13	12	4351.834	37.567	3984.375	15.625	20	20	12382968	135809	112.00	72.00	16	16	3522175706	12
2026-07-26T21:48:20Z	20260726T214659Z	boards/board1.txt	ab(d6,tt,ord,nb200k)@1.classic(t1,c4,w0,l0)@2.opener(rand,4)@1	ab(d6,tt,ord,nb200k)@1.classic(t1,c4,w0,l0)@2.dil(r63)@1.opener(rand,4)@1	W	21	16	15	87.797	37.846	78.125	15.625	11	10	264959	88482	32.00	12.00	7	2	1844731160	12
2026-07-26T21:48:30Z	20260726T214659Z	boards/board1.txt	ab(d6,tt,ord,nb200k)@1.learned(s111,78ef6974)@1.opener(rand,4)@1	ab(d6,tt,ord,nb200k)@1.classic(t1,c4,w0,l0)@2.dil(r63)@1.opener(rand,4)@1	W	52	12	8	9538.345	164.344	8796.875	140.625	26	26	1929925	452018	127.00	61.00	22	11	1443054991	12
2026-07-26T21:48:30Z	20260726T214659Z	boards/board1.txt	ab(d6,tt,ord,nb200k)@1.learned(s6,eac8ab99)@1.opener(rand,4)@1	ab(d6,tt,ord,nb200k)@1.classic(t1,c4,w0,l0)@2.dil(r63)@1.opener(rand,4)@1	W	43	13	11	443.238	73.694	406.250	78.125	22	21	1373738	204048	94.00	27.00	18	5	512755548	12
2026-07-26T21:48:31Z	20260726T214659Z	boards/board1.txt	ab(d6,tt,ord,nb200k)@1.learned(s76,ef183148)@1.opener(rand,4)@1	ab(d6,tt,ord,nb200k)@1.classic(t1,c4,w0,l0)@2.dil(r63)@1.opener(rand,4)@1	W	49	13	9	693.669	158.042	671.875	156.250	25	24	2265073	443592	119.73	36.00	21	6	2317159849	12
2026-07-26T21:48:31Z	20260726T214659Z	boards/board1.txt	ab(d6,tt,ord,qs,nb200k)@1.learned(s98,5801570e)@1.opener(rand,4)@1	ab(d6,tt,ord,nb200k)@1.classic(t1,c4,w0,l0)@2.dil(r63)@1.opener(rand,4)@1	W	29	15	13	352.661	35.034	296.875	31.250	15	14	978720	108397	55.82	12.00	11	2	4153108098	12
2026-07-26T21:48:35Z	20260726T214659Z	boards/board1.txt	ab(d8,tt,ord,nb2m)@1.classic(t1,c4,w0,l0)@2.opener(rand,4)@1	ab(d6,tt,ord,nb200k)@1.classic(t1,c4,w0,l0)@2.dil(r63)@1.opener(rand,4)@1	W	36	14	14	3760.480	34.313	3484.375	15.625	18	18	10699168	129475	99.00	32.00	14	7	1635866642	12
2026-07-26T21:48:46Z	20260726T214659Z	boards/board1.txt	ab(d6,tt,ord,nb200k)@1.learned(s111,78ef6974)@1.opener(rand,4)@1	ab(d6,tt,ord,nb200k)@1.classic(t1,c4,w0,l0)@2.opener(rand,4)@1	W	70	7	9	10850.631	354.780	10062.500	281.250	35	35	2113582	904936	177.00	172.00	31	31	31005815	12
2026-07-26T21:48:47Z	20260726T214659Z	boards/board1.txt	ab(d6,tt,ord,nb200k)@1.learned(s3,68364898)@1.opener(rand,4)@1	ab(d6,tt,ord,nb200k)@1.classic(t1,c4,w0,l0)@2.opener(rand,4)@1	W	56	8	10	560.854	367.836	453.125	343.750	28	28	1571694	972725	135.00	130.00	24	24	350770957	12
2026-07-26T21:48:48Z	20260726T214659Z	boards/board1.txt	ab(d6,tt,ord,nb200k)@1.learned(s76,ef183148)@1.opener(rand,4)@1	ab(d6,tt,ord,nb200k)@1.classic(t1,c4,w0,l0)@2.opener(rand,4)@1	W	66	9	8	641.703	366.180	609.375	390.625	33	33	1992380	1065670	165.00	160.00	29	29	3651868913	12
2026-07-26T21:48:49Z	20260726T214659Z	boards/board1.txt	ab(d6,tt,ord,nb200k)@1.learned(s98,5801570e)@1.opener(rand,4)@1	ab(d6,tt,ord,nb200k)@1.classic(t1,c4,w0,l0)@2.opener(rand,4)@1	W	76	8	7	753.472	391.027	656.250	437.500	38	38	2346055	1174457	195.00	190.00	34	34	1974521462	12
2026-07-26T21:48:55Z	20260726T214659Z	boards/board1.txt	ab(d8,tt,ord,nb2m)@1.classic(t1,c4,w0,l0)@2.opener(rand,4)@1	ab(d6,tt,ord,nb200k)@1.classic(t1,c4,w0,l0)@2.opener(rand,4)@1	W	50	12	11	5091.209	114.576	4781.250	140.625	25	25	15072280	384922	152.00	112.00	21	21	2124471038	12
2026-07-26T21:48:55Z	20260726T214659Z	boards/board1.txt	rand@1	ab(d6,tt,ord,nb200k)@1.classic(t1,c4,w0,l0)@2.opener(rand,4)@1	B	20	12	16	0.013	81.075	0.000	78.125	10	10	0	267201	0.00	31.00	0	6	255966887	12
2026-07-26T21:49:11Z	20260726T214659Z	boards/board1.txt	ab(d6,tt,ord,nb200k)@1.learned(s6,eac8ab99)@1.opener(rand,4)@1	ab(d6,tt,ord,nb200k)@1.learned(s111,78ef6974)@1.opener(rand,4)@1	W	88	7	3	986.677	15628.538	875.000	14296.875	44	44	3066114	3179802	230.26	226.00	40	40	3733420417	12
2026-07-26T21:49:21Z	20260726T214659Z	boards/board1.txt	ab(d6,tt,ord,nb200k)@1.learned(s76,ef183148)@1.opener(rand,4)@1	ab(d6,tt,ord,nb200k)@1.learned(s111,78ef6974)@1.opener(rand,4)@1	W	60	10	8	817.094	9386.853	750.000	8718.750	30	30	2789311	1971134	146.23	142.00	26	26	2932839930	12
2026-07-26T21:49:36Z	20260726T214659Z	boards/board1.txt	ab(d6,tt,ord,qs,nb200k)@1.learned(s98,5801570e)@1.opener(rand,4)@1	ab(d6,tt,ord,nb200k)@1.learned(s111,78ef6974)@1.opener(rand,4)@1	W	72	10	6	966.067	13968.206	859.375	13031.250	36	36	3060032	2857315	180.80	176.11	32	32	3868537859	12
2026-07-26T21:49:44Z	20260726T214659Z	boards/board1.txt	ab(d8,tt,ord,nb2m)@1.classic(t1,c4,w0,l0)@2.opener(rand,4)@1	ab(d6,tt,ord,nb200k)@1.learned(s111,78ef6974)@1.opener(rand,4)@1	W	60	11	10	4985.385	2355.384	4765.625	2296.875	30	30	16376737	670870	192.00	142.00	26	26	7510391	12
2026-07-26T21:49:45Z	20260726T214659Z	boards/board1.txt	ab(d6,tt,ord,nb200k)@1.learned(s6,eac8ab99)@1.opener(rand,4)@1	ab(d6,tt,ord,nb200k)@1.learned(s3,68364898)@1.opener(rand,4)@1	B	83	7	6	558.064	516.559	546.875	468.750	42	41	2051975	1834295	214.00	213.00	38	37	386535153	12
2026-07-26T21:49:46Z	20260726T214659Z	boards/board1.txt	ab(d6,tt,ord,nb200k)@1.learned(s76,ef183148)@1.opener(rand,4)@1	ab(d6,tt,ord,nb200k)@1.learned(s3,68364898)@1.opener(rand,4)@1	W	78	8	5	572.837	539.964	546.875	515.625	39	39	2023870	2272187	200.41	195.92	35	35	3943332746	12
2026-07-26T21:49:46Z	20260726T214659Z	boards/board1.txt	ab(d6,tt,ord,qs,nb200k)@1.learned(s98,5801570e)@1.opener(rand,4)@1	ab(d6,tt,ord,nb200k)@1.learned(s3,68364898)@1.opener(rand,4)@1	W	40	12	11	258.055	240.617	250.000	218.750	20	20	995285	877348	87.00	82.00	16	16	18746643	12
2026-07-26T21:49:50Z	20260726T214659Z	boards/board1.txt	ab(d8,tt,ord,nb2m)@1.classic(t1,c4,w0,l0)@2.opener(rand,4)@1	ab(d6,tt,ord,nb200k)@1.learned(s3,68364898)@1.opener(rand,4)@1	W	64	9	8	3076.104	147.557	2937.500	140.625	32	32	12435016	634581	208.00	154.00	28	28	1630299751	12
2026-07-26T21:49:51Z	20260726T214659Z	boards/board1.txt	ab(d6,tt,ord,nb200k)@1.learned(s76,ef183148)@1.opener(rand,4)@1	ab(d6,tt,ord,nb200k)@1.learned(s6,eac8ab99)@1.opener(rand,4)@1	W	74	8	8	759.639	578.505	796.875	500.000	37	37	2792621	2575653	189.00	183.96	33	33	1888089865	12
2026-07-26T21:49:52Z	20260726T214659Z	boards/board1.txt	ab(d6,tt,ord,nb200k)@1.learned(s98,5801570e)@1.opener(rand,4)@1	ab(d6,tt,ord,nb200k)@1.learned(s6,eac8ab99)@1.opener(rand,4)@1	B	59	9	11	520.075	518.530	515.625	453.125	30	29	2263274	2198822	141.85	141.00	26	25	3602005598	12
2026-07-26T21:49:55Z	20260726T214659Z	boards/board1.txt	ab(d8,tt,ord,nb2m)@1.classic(t1,c4,w0,l0)@2.opener(rand,4)@1	ab(d6,tt,ord,nb200k)@1.learned(s6,eac8ab99)@1.opener(rand,4)@1	W	48	11	11	2484.474	96.916	2375.000	93.750	24	24	10156563	471188	144.00	106.00	20	20	3414204550	12
2026-07-26T21:49:55Z	20260726T214659Z	boards/board1.txt	rand@1	ab(d6,tt,ord,nb200k)@1.learned(s6,eac8ab99)@1.opener(rand,4)@1	B	32	12	16	0.027	216.484	0.000	187.500	16	16	0	895238	0.00	67.00	0	12	341810319	12
2026-07-26T21:49:56Z	20260726T214659Z	boards/board1.txt	ab(d6,tt,ord,qs,nb200k)@1.learned(s98,5801570e)@1.opener(rand,4)@1	ab(d6,tt,ord,nb200k)@1.learned(s76,ef183148)@1.opener(rand,4)@1	W	54	9	11	583.149	470.758	625.000	421.875	27	27	2249189	2181635	128.97	123.43	23	23	1699160295	12
2026-07-26T21:49:59Z	20260726T214659Z	boards/board1.txt	ab(d8,tt,ord,nb2m)@1.classic(t1,c4,w0,l0)@2.opener(rand,4)@1	ab(d6,tt,ord,nb200k)@1.learned(s76,ef183148)@1.opener(rand,4)@1	W	40	13	13	2931.279	180.971	2812.500	203.125	20	20	12170951	802515	112.00	82.00	16	16	1655145763	12
2026-07-26T21:50:00Z	20260726T214659Z	boards/board1.txt	ab(d6,tt,ord,qs,nb200k)@1.learned(s98,5801570e)@1.opener(rand,4)@1	ab(d6,tt,ord,nb200k)@1.learned(s98,5801570e)@1.opener(rand,4)@1	W	74	8	8	462.621	435.698	453.125	437.500	37	37	1975536	1800593	189.00	184.00	33	33	3524233860	12
2026-07-26T21:50:03Z	20260726T214659Z	boards/board1.txt	ab(d8,tt,ord,nb2m)@1.classic(t1,c4,w0,l0)@2.opener(rand,4)@1	ab(d6,tt,ord,nb200k)@1.learned(s98,5801570e)@1.opener(rand,4)@1	W	50	11	10	2962.503	72.599	2921.875	46.875	25	25	12143040	356525	152.00	112.00	21	21	1198436960	12
2026-07-26T21:50:06Z	20260726T214659Z	boards/board1.txt	ab(d8,tt,ord,nb2m)@1.classic(t1,c4,w0,l0)@2.opener(rand,4)@1	ab(d6,tt,ord,qs,nb200k)@1.learned(s98,5801570e)@1.opener(rand,4)@1	W	61	10	8	2901.213	101.118	2843.750	125.000	31	30	12420867	490438	193.00	142.00	27	26	1531052980	12
2026-07-26T21:50:06Z	20260726T214659Z	boards/board1.txt	rand@1	ab(d6,tt,ord,qs,nb200k)@1.learned(s98,5801570e)@1.opener(rand,4)@1	B	26	11	16	0.020	197.507	0.000	203.125	13	13	0	852549	0.00	49.00	0	9	3518715505	12
2026-07-26T21:50:27Z	20260726T215027Z	boards/board1.txt	ab(d2)@1.classic(t1,c4,w0,l0)@2.opener(rand,4)@1	ab(d4)@1.classic(t1,c4,w0,l0)@2.opener(rand,4)@1	B	56	11	10	0.200	6.321	0.000	0.000	28	28	3202	127690	46.00	94.00	24	24	1572809079	12
2026-07-26T21:50:27Z	20260726T215027Z	boards/board1.txt	ab(d2)@1.classic(t1,c4,w0,l0)@2.opener(rand,4)@1	ab(d4)@1.classic(t1,c4,w0,l0)@2.opener(rand,4)@1	B	34	14	14	0.105	4.675	0.000	15.625	17	17	1463	80275	24.00	52.00	13	13	2757575662	12
2026-07-26T21:50:28Z	20260726T215027Z	boards/board1.txt	ab(d2)@1.classic(t1,c4,w0,l0)@2.opener(rand,4)@1	ab(d6,ord,nb200k)@1.adv(t20,c77,w0,l0,f0,d-2,e0,m0,h0,b1,o0,r0,x0,n0,s1,g1)@1.opener(rand,4)@1	B	52	12	12	0.231	927.718	0.000	765.625	26	26	2453	2384748	42.00	117.94	22	22	3293241892	12
2026-07-26T21:50:28Z	20260726T215027Z	boards/board1.txt	ab(d2)@1.classic(t1,c4,w0,l0)@2.opener(rand,4)@1	ab(d6,tt,ord,nb200k)@1.classic(t1,c4,w0,l0)@2.dil(r30,d4)@1.opener(rand,4)@1	B	40	14	14	0.186	222.524	0.000	234.375	20	20	2320	651954	30.00	75.00	16	16	541474940	12
2026-07-26T21:50:28Z	20260726T215027Z	boards/board1.txt	ab(d2)@1.classic(t1,c4,w0,l0)@2.opener(rand,4)@1	ab(d6,tt,ord,nb200k)@1.classic(t1,c4,w0,l0)@2.dil(r63)@1.opener(rand,4)@1	W	23	15	12	0.060	15.694	0.000	15.625	12	11	780	53887	16.00	6.00	8	1	2679323947	12
2026-07-26T21:50:28Z	20260726T215027Z	boards/board1.txt	ab(d2)@1.classic(t1,c4,w0,l0)@2.opener(rand,4)@1	ab(d6,tt,ord,nb200k)@1.classic(t1,c4,w0,l0)@2.dil(r63)@1.opener(rand,4)@1	W	31	16	14	0.138	93.256	0.000	93.750	16	15	1780	300779	24.00	24.00	12	4	3952819810	12
2026-07-26T21:50:28Z	20260726T215027Z	boards/board1.txt	ab(d2)@1.classic(t1,c4,w0,l0)@2.opener(rand,4)@1	ab(d6,tt,ord,nb200k)@1.classic(t1,c4,w0,l0)@2.opener(rand,4)@1	B	40	15	13	0.219	290.032	0.000	281.250	20	20	2764	909844	30.00	82.00	16	16	2730114308	12
2026-07-26T21:50:32Z	20260726T215027Z	boards/board1.txt	ab(d2)@1.classic(t1,c4,w0,l0)@2.opener(rand,4)@1	ab(d6,tt,ord,nb200k)@1.learned(s111,78ef6974)@1.opener(rand,4)@1	B	30	14	13	0.100	3446.833	0.000	3125.000	15	15	917	714426	20.00	53.00	11	11	931735933	12
2026-07-26T21:50:33Z	20260726T215027Z	boards/board1.txt	ab(d2)@1.classic(t1,c4,w0,l0)@2.opener(rand,4)@1	ab(d6,tt,ord,nb200k)@1.learned(s3,68364898)@1.opener(rand,4)@1	W	68	12	6	0.327	773.809	0.000	671.875	34	34	3462	2357996	60.00	159.00	30	30	3098034798	12
2026-07-26T21:50:33Z	20260726T215027Z	boards/board1.txt	ab(d2)@1.classic(t1,c4,w0,l0)@2.opener(rand,4)@1	ab(d6,tt,ord,nb200k)@1.learned(s3,68364898)@1.opener(rand,4)@1	B	62	11	9	0.414	627.964	0.000	625.000	31	31	3181	2042917	52.00	149.00	27	27	2932535721	12
2026-07-26T21:50:34Z	20260726T215027Z	boards/board1.txt	ab(d2)@1.classic(t1,c4,w0,l0)@2.opener(rand,4)@1	ab(d6,tt,ord,nb200k)@1.learned(s6,eac8ab99)@1.opener(rand,4)@1	B	44	13	13	0.499	543.059	0.000	515.625	22	22	2953	1697054	34.00	94.57	18	18	2801008232	12
2026-07-26T21:50:35Z	20260726T215027Z	boards/board1.txt	ab(d2)@1.classic(t1,c4,w0,l0)@2.opener(rand,4)@1	ab(d6,tt,ord,nb200k)@1.learned(s76,ef183148)@1.opener(rand,4)@1	B	54	11	10	0.245	788.722	0.000	656.250	27	27	2556	2269353	44.00	123.58	23	23	1216901799	12
2026-07-26T21:50:35Z	20260726T215027Z	boards/board1.txt	ab(d2)@1.classic(t1,c4,w0,l0)@2.opener(rand,4)@1	ab(d6,tt,ord,nb200k)@1.learned(s98,5801570e)@1.opener(rand,4)@1	B	50	14	13	0.305	751.880	0.000	718.750	25	25	3843	2381065	40.00	112.34	21	21	974627709	12
2026-07-26T21:50:36Z	20260726T215027Z	boards/board1.txt	ab(d2)@1.classic(t1,c4,w0,l0)@2.opener(rand,4)@1	ab(d6,tt,ord,nb200k)@1.learned(s98,5801570e)@1.opener(rand,4)@1	W	50	11	10	0.234	443.018	0.000	437.500	25	25	2528	1604054	42.00	112.00	21	21	1555470216	12
2026-07-26T21:50:36Z	20260726T215027Z	boards/board1.txt	ab(d2)@1.classic(t1,c4,w0,l0)@2.opener(rand,4)@1	ab(d6,tt,ord,qs,nb200k)@1.learned(s98,5801570e)@1.opener(rand,4)@1	B	58	11	8	0.300	683.348	0.000	625.000	29	29	3453	2247532	48.00	134.00	25	25	3366903446	12
2026-07-26T21:50:39Z	20260726T215027Z	boards/board1.txt	ab(d2)@1.classic(t1,c4,w0,l0)@2.opener(rand,4)@1	ab(d8,tt,ord,nb2m)@1.classic(t1,c4,w0,l0)@2.opener(rand,4)@1	B	36	14	14	0.155	2939.491	0.000	2890.625	18	18	1792	8837815	26.00	92.00	14	14	3293530846	12
2026-07-26T21:50:39Z	20260726T215027Z	boards/board1.txt	ab(d2)@1.classic(t1,c4,w0,l0)@2.opener(rand,4)@1	rand@1	W	25	15	14	0.067	0.010	0.000	0.000	13	12	819	0	18.00	0.00	9	0	1249476132	12
2026-07-26T21:50:39Z	20260726T215027Z	boards/board1.txt	ab(d2)@1.classic(t1,c4,w0,l0)@2.opener(rand,4)@1	rand@1	W	21	16	13	0.051	0.005	0.000	0.000	11	10	631	0	14.00	0.00	7	0	914698043	12
2026-07-26T21:50:41Z	20260726T215027Z	boards/board1.txt	ab(d4)@1.classic(t1,c4,w0,l0)@2.opener(rand,4)@1	ab(d6,ord,nb200k)@1.adv(t20,c77,w0,l0,f0,d-2,e0,m0,h0,b1,o0,r0,x0,n0,s1,g1)@1.opener(rand,4)@1	B	70	9	9	16.629	1362.756	0.000	1171.875	35	35	199604	3771883	117.00	169.56	31	31	1364680142	12
2026-07-26T21:50:41Z	20260726T215027Z	boards/board1.txt	ab(d4)@1.classic(t1,c4,w0,l0)@2.opener(rand,4)@1	ab(d6,tt,ord,nb200k)@1.classic(t1,c4,w0,l0)@2.dil(r30,d4)@1.opener(rand,4)@1	W	44	13	12	8.216	238.175	0.000	156.250	22	22	119190	600458	72.00	83.00	18	18	2768196410	12
2026-07-26T21:50:41Z	20260726T215027Z	boards/board1.txt	ab(d4)@1.classic(t1,c4,w0,l0)@2.opener(rand,4)@1	ab(d6,tt,ord,nb200k)@1.classic(t1,c4,w0,l0)@2.dil(r63)@1.opener(rand,4)@1	W	34	14	14	6.473	62.170	0.000	31.250	17	17	101361	182550	52.00	14.00	13	4	2029929589	12
2026-07-26T21:50:41Z	20260726T215027Z	boards/board1.txt	ab(d4)@1.classic(t1,c4,w0,l0)@2.opener(rand,4)@1	ab(d6,tt,ord,nb200k)@1.classic(t1,c4,w0,l0)@2.dil(r63)@1.opener(rand,4)@1	W	22	16	14	2.325	39.879	15.625	31.250	11	11	34900	127411	28.00	13.00	7	3	393996320	12
2026-07-26T21:50:41Z	20260726T215027Z	boards/board1.txt	ab(d4)@1.classic(t1,c4,w0,l0)@2.opener(rand,4)@1	ab(d6,tt,ord,nb200k)@1.classic(t1,c4,w0,l0)@2.opener(rand,4)@1	B	42	12	13	4.596	210.021	0.000	203.125	21	21	76170	673607	61.00	88.00	17	17	1051892442	12
2026-07-26T21:50:53Z	20260726T215027Z	boards/board1.txt	ab(d4)@1.classic(t1,c4,w0,l0)@2.opener(rand,4)@1	ab(d6,tt,ord,nb200k)@1.learned(s111,78ef6974)@1.opener(rand,4)@1	W	62	10	9	8.608	11887.519	0.000	10812.500	31	31	130421	2419491	108.00	143.00	27	27	4286821295	12
2026-07-26T21:50:54Z	20260726T215027Z	boards/board1.txt	ab(d4)@1.classic(t1,c4,w0,l0)@2.opener(rand,4)@1	ab(d6,tt,ord,nb200k)@1.learned(s3,68364898)@1.opener(rand,4)@1	W	56	10	8	8.331	719.818	15.625	656.250	28	28	123860	2239443	96.00	128.33	24	24	2922324620	12
2026-07-26T21:50:55Z	20260726T215027Z	boards/board1.txt	ab(d4)@1.classic(t1,c4,w0,l0)@2.opener(rand,4)@1	ab(d6,tt,ord,nb200k)@1.learned(s3,68364898)@1.opener(rand,4)@1	B	50	11	12	8.362	611.094	0.000	531.250	25	25	103883	1628184	77.00	112.00	21	21	1398003363	12
2026-07-26T21:50:55Z	20260726T215027Z	boards/board1.txt	ab(d4)@1.classic(t1,c4,w0,l0)@2.opener(rand,4)@1	ab(d6,tt,ord,nb200k)@1.learned(s6,eac8ab99)@1.opener(rand,4)@1	B	64	9	9	8.636	744.884	15.625	609.375	32	32	107859	2096330	105.00	154.00	28	28	652215778	12
2026-07-26T21:50:56Z	20260726T215027Z	boards/board1.txt	ab(d4)@1.classic(t1,c4,w0,l0)@2.opener(rand,4)@1	ab(d6,tt,ord,nb200k)@1.learned(s76,ef183148)@1.opener(rand,4)@1	B	54	10	8	6.847	483.942	15.625	390.625	27	27	85481	1391949	85.00	124.00	23	23	3797333949	12
2026-07-26T21:50:57Z	20260726T215027Z	boards/board1.txt	ab(d4)@1.classic(t1,c4,w0,l0)@2.opener(rand,4)@1	ab(d6,tt,ord,nb200k)@1.learned(s98,5801570e)@1.opener(rand,4)@1	W	50	12	11	9.657	701.032	15.625	640.625	25	25	148829	2219819	84.00	105.17	21	21	383585643	12
2026-07-26T21:50:57Z	20260726T215027Z	boards/board1.txt	ab(d4)@1.classic(t1,c4,w0,l0)@2.opener(rand,4)@1	ab(d6,tt,ord,nb200k)@1.learned(s98,5801570e)@1.opener(rand,4)@1	W	52	12	9	9.130	655.784	31.250	546.875	26	26	120232	1851221	88.00	118.00	22	22	4112144930	12
2026-07-26T21:50:58Z	20260726T215027Z	boards/board1.txt	ab(d4)@1.classic(t1,c4,w0,l0)@2.opener(rand,4)@1	ab(d6,tt,ord,qs,nb200k)@1.learned(s98,5801570e)@1.opener(rand,4)@1	B	54	11	11	13.895	757.009	0.000	593.750	27	27	178514	2104866	85.00	121.86	23	23	2688220156	12
2026-07-26T21:51:02Z	20260726T215027Z	boards/board1.txt	ab(d4)@1.classic(t1,c4,w0,l0)@2.opener(rand,4)@1	ab(d8,tt,ord,nb2m)@1.classic(t1,c4,w0,l0)@2.opener(rand,4)@1	B	40	14	13	7.225	4105.428	15.625	3484.375	20	20	110970	11014565	57.00	106.00	16	16	1177159048	12
2026-07-26T21:51:02Z	20260726T215027Z	boards/board1.txt	ab(d4)@1.classic(t1,c4,w0,l0)@2.opener(rand,4)@1	rand@1	W	19	16	12	2.924	0.007	0.000	0.000	10	9	27710	0	24.00	0.00	6	0	3493689826	12
2026-07-26T21:51:02Z	20260726T215027Z	boards/board1.txt	ab(d4)@1.classic(t1,c4,w0,l0)@2.opener(rand,4)@1	rand@1	W	21	16	14	2.867	0.008	0.000	0.000	11	10	26125	0	28.00	0.00	7	0	3856259693	12
2026-07-26T21:51:03Z	20260726T215027Z	boards/board1.txt	ab(d6,ord,nb200k)@1.adv(t20,c77,w0,l0,f0,d-2,e0,m0,h0,b1,o0,r0,x0,n0,s1,g1)@1.opener(rand,4)@1	ab(d6,tt,ord,nb200k)@1.classic(t1,c4,w0,l0)@2.dil(r30,d4)@1.opener(rand,4)@1	W	52	10	11	859.423	245.705	796.875	234.375	26	26	2341181	781610	122.68	110.00	22	22	3657314976	12
2026-07-26T21:51:04Z	20260726T215027Z	boards/board1.txt	ab(d6,ord,nb200k)@1.adv(t20,c77,w0,l0,f0,d-2,e0,m0,h0,b1,o0,r0,x0,n0,s1,g1)@1.opener(rand,4)@1	ab(d6,tt,ord,nb200k)@1.classic(t1,c4,w0,l0)@2.dil(r63)@1.opener(rand,4)@1	W	39	14	12	866.422	179.110	812.500	156.250	20	19	2446648	653052	81.84	48.00	16	8	2939840240	12
2026-07-26T21:51:06Z	20260726T215027Z	boards/board1.txt	ab(d6,ord,nb200k)@1.adv(t20,c77,w0,l0,f0,d-2,e0,m0,h0,b1,o0,r0,x0,n0,s1,g1)@1.opener(rand,4)@1	ab(d6,tt,ord,nb200k)@1.classic(t1,c4,w0,l0)@2.opener(rand,4)@1	W	64	10	9	1220.710	461.367	1093.750	453.125	32	32	3287676	1475794	158.29	154.00	28	28	2233647745	12
2026-07-26T21:51:07Z	20260726T215027Z	boards/board1.txt	ab(d6,ord,nb200k)@1.adv(t20,c77,w0,l0,f0,d-2,e0,m0,h0,b1,o0,r0,x0,n0,s1,g1)@1.opener(rand,4)@1	ab(d6,tt,ord,nb200k)@1.classic(t1,c4,w0,l0)@2.opener(rand,4)@1	W	54	8	10	971.166	366.074	906.250	390.625	27	27	2782628	1241797	127.92	124.00	23	23	749491468	12
2026-07-26T21:51:21Z	20260726T215027Z	boards/board1.txt	ab(d6,ord,nb200k)@1.adv(t20,c77,w0,l0,f0,d-2,e0,m0,h0,b1,o0,r0,x0,n0,s1,g1)@1.opener(rand,4)@1	ab(d6,tt,ord,nb200k)@1.learned(s111,78ef6974)@1.opener(rand,4)@1	B	47	12	12	1098.421	12707.371	1015.625	11421.875	24	23	2929083	2462020	101.23	101.39	20	19	3277297417	12
2026-07-26T21:51:23Z	20260726T215027Z	boards/board1.txt	ab(d6,ord,nb200k)@1.adv(t20,c77,w0,l0,f0,d-2,e0,m0,h0,b1,o0,r0,x0,n0,s1,g1)@1.opener(rand,4)@1	ab(d6,tt,ord,nb200k)@1.learned(s3,68364898)@1.opener(rand,4)@1	B	61	9	8	1325.133	663.418	1265.625	625.000	31	30	3686365	2258634	145.88	147.00	27	26	2973566131	12
2026-07-26T21:51:25Z	20260726T215027Z	boards/board1.txt	ab(d6,ord,nb200k)@1.adv(t20,c77,w0,l0,f0,d-2,e0,m0,h0,b1,o0,r0,x0,n0,s1,g1)@1.opener(rand,4)@1	ab(d6,tt,ord,nb200k)@1.learned(s6,eac8ab99)@1.opener(rand,4)@1	W	76	7	5	1170.749	618.995	1031.250	562.500	38	38	3258383	2135150	194.44	190.00	34	34	497669689	12
2026-07-26T21:51:27Z	20260726T215027Z	boards/board1.txt	ab(d6,ord,nb200k)@1.adv(t20,c77,w0,l0,f0,d-2,e0,m0,h0,b1,o0,r0,x0,n0,s1,g1)@1.opener(rand,4)@1	ab(d6,tt,ord,nb200k)@1.learned(s6,eac8ab99)@1.opener(rand,4)@1	B	61	8	10	1146.360	533.360	1046.875	546.875	31	30	3222943	1851052	147.50	147.00	27	26	2554262756	12
2026-07-26T21:51:29Z	20260726T215027Z	boards/board1.txt	ab(d6,ord,nb200k)@1.adv(t20,c77,w0,l0,f0,d-2,e0,m0,h0,b1,o0,r0,x0,n0,s1,g1)@1.opener(rand,4)@1	ab(d6,tt,ord,nb200k)@1.learned(s76,ef183148)@1.opener(rand,4)@1	W	56	12	9	1190.166	900.154	1125.000	875.000	28	28	3389685	3023332	132.88	128.59	24	24	2102197931	12
2026-07-26T21:51:30Z	20260726T215027Z	boards/board1.txt	ab(d6,ord,nb200k)@1.adv(t20,c77,w0,l0,f0,d-2,e0,m0,h0,b1,o0,r0,x0,n0,s1,g1)@1.opener(rand,4)@1	ab(d6,tt,ord,nb200k)@1.learned(s98,5801570e)@1.opener(rand,4)@1	W	46	13	11	831.121	474.684	828.125	390.625	23	23	2344492	1557658	104.78	100.00	19	19	404257690	12
2026-07-26T21:51:31Z	20260726T215027Z	boards/board1.txt	ab(d6,ord,nb200k)@1.adv(t20,c77,w0,l0,f0,d-2,e0,m0,h0,b1,o0,r0,x0,n0,s1,g1)@1.opener(rand,4)@1	ab(d6,tt,ord,qs,nb200k)@1.learned(s98,5801570e)@1.opener(rand,4)@1	B	45	12	10	838.736	472.170	796.875	437.500	23	22	2365531	1603208	99.75	97.00	19	18	40731915	12
2026-07-26T21:51:33Z	20260726T215027Z	boards/board1.txt	ab(d6,ord,nb200k)@1.adv(t20,c77,w0,l0,f0,d-2,e0,m0,h0,b1,o0,r0,x0,n0,s1,g1)@1.opener(rand,4)@1	ab(d6,tt,ord,qs,nb200k)@1.learned(s98,5801570e)@1.opener(rand,4)@1	W	47	14	10	916.166	490.705	921.875	390.625	24	23	2619803	1653264	108.58	102.76	20	19	999689154	12
2026-07-26T21:51:40Z	20260726T215027Z	boards/board1.txt	ab(d6,ord,nb200k)@1.adv(t20,c77,w0,l0,f0,d-2,e0,m0,h0,b1,o0,r0,x0,n0,s1,g1)@1.opener(rand,4)@1	ab(d8,tt,ord,nb2m)@1.classic(t1,c4,w0,l0)@2.opener(rand,4)@1	W	82	6	6	1216.758	6559.618	1156.250	6000.000	41	41	3351429	20788059	212.58	273.00	37	37	1479822490	12
2026-07-26T21:51:41Z	20260726T215027Z	boards/board1.txt	ab(d6,ord,nb200k)@1.adv(t20,c77,w0,l0,f0,d-2,e0,m0,h0,b1,o0,r0,x0,n0,s1,g1)@1.opener(rand,4)@1	rand@1	W	35	16	12	807.050	0.030	765.625	0.000	18	17	2260783	0	71.16	0.00	14	0	3137548237	12
2026-07-26T21:51:42Z	20260726T215027Z	boards/board1.txt	ab(d6,tt,ord,nb200k)@1.classic(t1,c4,w0,l0)@2.dil(r30,d4)@1.opener(rand,4)@1	ab(d6,tt,ord,nb200k)@1.classic(t1,c4,w0,l0)@2.dil(r63)@1.opener(rand,4)@1	W	35	13	13	226.076	60.814	187.500	62.500	18	17	572738	142933	70.00	29.00	14	5	4259088211	12
2026-07-26T21:51:42Z	20260726T215027Z	boards/board1.txt	ab(d6,tt,ord,nb200k)@1.classic(t1,c4,w0,l0)@2.dil(r30,d4)@1.opener(rand,4)@1	ab(d6,tt,ord,nb200k)@1.classic(t1,c4,w0,l0)@2.dil(r63)@1.opener(rand,4)@1	W	43	14	11	184.967	133.257	187.500	109.375	22	21	471749	377191	86.00	48.00	18	8	3050259786	12
2026-07-26T21:51:43Z	20260726T215027Z	boards/board1.txt	ab(d6,tt,ord,nb200k)@1.classic(t1,c4,w0,l0)@2.dil(r30,d4)@1.opener(rand,4)@1	ab(d6,tt,ord,nb200k)@1.classic(t1,c4,w0,l0)@2.opener(rand,4)@1	B	73	7	7	296.715	409.367	328.125	328.125	37	36	800337	1120603	162.00	183.00	33	32	259390252	12
2026-07-26T21:51:50Z	20260726T215027Z	boards/board1.txt	ab(d6,tt,ord,nb200k)@1.classic(t1,c4,w0,l0)@2.dil(r30,d4)@1.opener(rand,4)@1	ab(d6,tt,ord,nb200k)@1.learned(s111,78ef6974)@1.opener(rand,4)@1	B	49	9	12	171.356	7089.443	125.000	6531.250	25	24	474711	1473919	96.00	110.57	21	20	533610869	12
2026-07-26T21:51:51Z	20260726T215027Z	boards/board1.txt	ab(d6,tt,ord,nb200k)@1.classic(t1,c4,w0,l0)@2.dil(r30,d4)@1.opener(rand,4)@1	ab(d6,tt,ord,nb200k)@1.learned(s3,68364898)@1.opener(rand,4)@1	B	53	9	11	305.690	616.693	359.375	500.000	27	26	740017	1872049	115.00	122.65	23	22	1937492838	12
2026-07-26T21:51:52Z	20260726T215027Z	boards/board1.txt	ab(d6,tt,ord,nb200k)@1.classic(t1,c4,w0,l0)@2.dil(r30,d4)@1.opener(rand,4)@1	ab(d6,tt,ord,nb200k)@1.learned(s3,68364898)@1.opener(rand,4)@1	B	55	9	10	256.107	661.797	203.125	609.375	28	27	735151	1748648	119.00	129.00	24	23	3168090433	12
2026-07-26T21:51:52Z	20260726T215027Z	boards/board1.txt	ab(d6,tt,ord,nb200k)@1.classic(t1,c4,w0,l0)@2.dil(r30,d4)@1.opener(rand,4)@1	ab(d6,tt,ord,nb200k)@1.learned(s6,eac8ab99)@1.opener(rand,4)@1	W	36	12	13	205.208	427.001	218.750	328.125	18	18	515444	1329145	71.00	70.93	14	14	3693811728	12
2026-07-26T21:51:53Z	20260726T215027Z	boards/board1.txt	ab(d6,tt,ord,nb200k)@1.classic(t1,c4,w0,l0)@2.dil(r30,d4)@1.opener(rand,4)@1	ab(d6,tt,ord,nb200k)@1.learned(s76,ef183148)@1.opener(rand,4)@1	B	61	6	10	185.966	582.042	171.875	546.875	31	30	597880	1631387	132.00	147.00	27	26	2720209391	12
2026-07-26T21:51:54Z	20260726T215027Z	boards/board1.txt	ab(d6,tt,ord,nb200k)@1.classic(t1,c4,w0,l0)@2.dil(r30,d4)@1.opener(rand,4)@1	ab(d6,tt,ord,nb200k)@1.learned(s98,5801570e)@1.opener(rand,4)@1	B	49	10	10	148.382	349.371	125.000	375.000	25	24	459492	1003640	100.00	111.00	21	20	3117173301	12
2026-07-26T21:51:54Z	20260726T215027Z	boards/board1.txt	ab(d6,tt,ord,nb200k)@1.classic(t1,c4,w0,l0)@2.dil(r30,d4)@1.opener(rand,4)@1	ab(d6,tt,ord,nb200k)@1.learned(s98,5801570e)@1.opener(rand,4)@1	B	77	5	7	215.538	511.604	250.000	437.500	39	38	646121	1546651	175.00	195.00	35	34	2820501088	12
2026-07-26T21:51:55Z	20260726T215027Z	boards/board1.txt	ab(d6,tt,ord,nb200k)@1.classic(t1,c4,w0,l0)@2.dil(r30,d4)@1.opener(rand,4)@1	ab(d6,tt,ord,qs,nb200k)@1.learned(s98,5801570e)@1.opener(rand,4)@1	B	55	10	10	191.615	524.777	125.000	515.625	28	27	609346	1358421	114.00	129.00	24	23	2499748174	12
2026-07-26T21:51:59Z	20260726T215027Z	boards/board1.txt	ab(d6,tt,ord,nb200k)@1.classic(t1,c4,w0,l0)@2.dil(r30,d4)@1.opener(rand,4)@1	ab(d8,tt,ord,nb2m)@1.classic(t1,c4,w0,l0)@2.opener(rand,4)@1	B	41	12	11	68.682	3484.958	31.250	3093.750	21	20	224946	10064754	78.00	112.00	17	16	2062994582	12
2026-07-26T21:51:59Z	20260726T215027Z	boards/board1.txt	ab(d6,tt,ord,nb200k)@1.classic(t1,c4,w0,l0)@2.dil(r30,d4)@1.opener(rand,4)@1	rand@1	W	33	15	14	88.800	0.017	62.500	0.000	17	16	263905	0	54.00	0.00	13	0	793151900	12
2026-07-26T21:51:59Z	20260726T215027Z	boards/board1.txt	ab(d6,tt,ord,nb200k)@1.classic(t1,c4,w0,l0)@2.dil(r30,d4)@1.opener(rand,4)@1	rand@1	W	21	16	14	113.356	0.013	109.375	0.000	11	10	313600	0	35.00	0.00	7	0	2920792179	12
2026-07-26T21:51:59Z	20260726T215027Z	boards/board1.txt	ab(d6,tt,ord,nb200k)@1.classic(t1,c4,w0,l0)@2.dil(r63)@1.opener(rand,4)@1	ab(d6,tt,ord,nb200k)@1.classic(t1,c4,w0,l0)@2.opener(rand,4)@1	B	26	13	16	20.673	175.934	0.000	187.500	13	13	42352	504791	6.00	49.00	1	9	1956194308	12
2026-07-26T21:52:12Z	20260726T215027Z	boards/board1.txt	ab(d6,tt,ord,nb200k)@1.classic(t1,c4,w0,l0)@2.dil(r63)@1.opener(rand,4)@1	ab(d6,tt,ord,nb200k)@1.learned(s111,78ef6974)@1.opener(rand,4)@1	B	52	10	15	130.249	12922.147	125.000	11968.750	26	26	344484	2557264	36.00	121.13	6	22	1419627645	12
2026-07-26T21:52:12Z	20260726T215027Z	boards/board1.txt	ab(d6,tt,ord,nb200k)@1.classic(t1,c4,w0,l0)@2.dil(r63)@1.opener(rand,4)@1	ab(d6,tt,ord,nb200k)@1.learned(s3,68364898)@1.opener(rand,4)@1	B	29	11	15	5.401	216.779	0.000	203.125	15	14	22552	598648	7.00	55.00	2	10	529148782	12
2026-07-26T21:52:13Z	20260726T215027Z	boards/board1.txt	ab(d6,tt,ord,nb200k)@1.classic(t1,c4,w0,l0)@2.dil(r63)@1.opener(rand,4)@1	ab(d6,tt,ord,nb200k)@1.learned(s3,68364898)@1.opener(rand,4)@1	B	56	9	11	103.777	448.240	93.750	453.125	28	28	270844	1334299	55.00	131.00	10	24	2158615721	12
2026-07-26T21:52:13Z	20260726T215027Z	boards/board1.txt	ab(d6,tt,ord,nb200k)@1.classic(t1,c4,w0,l0)@2.dil(r63)@1.opener(rand,4)@1	ab(d6,tt,ord,nb200k)@1.learned(s6,eac8ab99)@1.opener(rand,4)@1	B	41	13	14	143.720	528.103	125.000	531.250	21	20	416931	1580475	43.00	91.00	8	16	2027088232	12
2026-07-26T21:52:14Z	20260726T215027Z	boards/board1.txt	ab(d6,tt,ord,nb200k)@1.classic(t1,c4,w0,l0)@2.dil(r63)@1.opener(rand,4)@1	ab(d6,tt,ord,nb200k)@1.learned(s76,ef183148)@1.opener(rand,4)@1	B	44	11	13	123.136	521.532	109.375	484.375	22	22	288854	1526721	42.00	98.00	7	18	3864118183	12
2026-07-26T21:52:14Z	20260726T215027Z	boards/board1.txt	ab(d6,tt,ord,nb200k)@1.classic(t1,c4,w0,l0)@2.dil(r63)@1.opener(rand,4)@1	ab(d6,tt,ord,nb200k)@1.learned(s98,5801570e)@1.opener(rand,4)@1	B	19	14	16	18.358	67.654	15.625	78.125	10	9	58785	193103	7.00	22.00	2	5	200707709	12
2026-07-26T21:52:15Z	20260726T215027Z	boards/board1.txt	ab(d6,tt,ord,nb200k)@1.classic(t1,c4,w0,l0)@2.dil(r63)@1.opener(rand,4)@1	ab(d6,tt,ord,nb200k)@1.learned(s98,5801570e)@1.opener(rand,4)@1	B	53	10	11	129.321	534.356	125.000	453.125	27	26	394289	1378756	56.00	124.00	11	22	4202686600	12
2026-07-26T21:52:15Z	20260726T215027Z	boards/board1.txt	ab(d6,tt,ord,nb200k)@1.classic(t1,c4,w0,l0)@2.dil(r63)@1.opener(rand,4)@1	ab(d6,tt,ord,qs,nb200k)@1.learned(s98,5801570e)@1.opener(rand,4)@1	B	30	13	16	119.224	345.133	93.750	328.125	15	15	341547	900423	42.00	61.00	7	11	59111830	12
2026-07-26T21:52:19Z	20260726T215027Z	boards/board1.txt	ab(d6,tt,ord,nb200k)@1.classic(t1,c4,w0,l0)@2.dil(r63)@1.opener(rand,4)@1	ab(d8,tt,ord,nb2m)@1.classic(t1,c4,w0,l0)@2.opener(rand,4)@1	B	48	10	12	28.092	3377.163	15.625	3187.500	24	24	103681	9686294	54.00	146.00	9	20	2507619806	12
2026-07-26T21:52:19Z	20260726T215027Z	boards/board1.txt	ab(d6,tt,ord,nb200k)@1.classic(t1,c4,w0,l0)@2.dil(r63)@1.opener(rand,4)@1	rand@1	W	23	16	13	25.416	0.010	15.625	0.000	12	11	63779	0	13.00	0.00	3	0	522815268	12
2026-07-26T21:52:19Z	20260726T215027Z	boards/board1.txt	ab(d6,tt,ord,nb200k)@1.classic(t1,c4,w0,l0)@2.dil(r63)@1.opener(rand,4)@1	rand@1	B	49	14	10	83.637	0.020	62.500	0.000	25	24	267006	0	31.00	0.00	6	0	2644802107	12
2026-07-26T21:52:32Z	20260726T215027Z	boards/board1.txt	ab(d6,tt,ord,nb200k)@1.classic(t1,c4,w0,l0)@2.opener(rand,4)@1	ab(d6,tt,ord,nb200k)@1.learned(s111,78ef6974)@1.opener(rand,4)@1	B	77	8	8	585.399	12978.662	578.125	11859.375	39	38	1459189	2700635	196.00	194.76	35	34	3264849761	12
2026-07-26T21:52:33Z	20260726T215027Z	boards/board1.txt	ab(d6,tt,ord,nb200k)@1.classic(t1,c4,w0,l0)@2.opener(rand,4)@1	ab(d6,tt,ord,nb200k)@1.learned(s3,68364898)@1.opener(rand,4)@1	W	58	10	7	320.321	408.476	312.500	390.625	29	29	867452	1379529	141.00	136.00	25	25	536619083	12
2026-07-26T21:52:34Z	20260726T215027Z	boards/board1.txt	ab(d6,tt,ord,nb200k)@1.classic(t1,c4,w0,l0)@2.opener(rand,4)@1	ab(d6,tt,ord,nb200k)@1.learned(s6,eac8ab99)@1.opener(rand,4)@1	B	59	9	8	417.404	558.262	359.375	546.875	30	29	1076768	1603775	142.00	141.00	26	25	4155467073	12
2026-07-26T21:52:35Z	20260726T215027Z	boards/board1.txt	ab(d6,tt,ord,nb200k)@1.classic(t1,c4,w0,l0)@2.opener(rand,4)@1	ab(d6,tt,ord,nb200k)@1.learned(s6,eac8ab99)@1.opener(rand,4)@1	B	73	7	7	347.485	615.067	296.875	562.500	37	36	882449	1868783	184.00	182.92	33	32	1595351116	12
2026-07-26T21:52:36Z	20260726T215027Z	boards/board1.txt	ab(d6,tt,ord,nb200k)@1.classic(t1,c4,w0,l0)@2.opener(rand,4)@1	ab(d6,tt,ord,nb200k)@1.learned(s76,ef183148)@1.opener(rand,4)@1	W	70	10	7	377.288	720.499	453.125	609.375	35	35	1040284	2330075	177.00	172.00	31	31	404969587	12
2026-07-26T21:52:37Z	20260726T215027Z	boards/board1.txt	ab(d6,tt,ord,nb200k)@1.classic(t1,c4,w0,l0)@2.opener(rand,4)@1	ab(d6,tt,ord,nb200k)@1.learned(s98,5801570e)@1.opener(rand,4)@1	B	57	11	10	272.082	453.646	187.500	468.750	29	28	769217	1261659	136.00	135.00	25	24	1495063922	12
2026-07-26T21:52:38Z	20260726T215027Z	boards/board1.txt	ab(d6,tt,ord,nb200k)@1.classic(t1,c4,w0,l0)@2.opener(rand,4)@1	ab(d6,tt,ord,qs,nb200k)@1.learned(s98,5801570e)@1.opener(rand,4)@1	W	62	10	7	403.984	629.241	406.250	593.750	31	31	990440	1965982	153.00	148.00	27	27	3813995075	12
2026-07-26T21:52:39Z	20260726T215027Z	boards/board1.txt	ab(d6,tt,ord,nb200k)@1.classic(t1,c4,w0,l0)@2.opener(rand,4)@1	ab(d6,tt,ord,qs,nb200k)@1.learned(s98,5801570e)@1.opener(rand,4)@1	B	49	10	11	317.839	539.716	296.875	453.125	25	24	844807	1452525	112.00	111.00	21	20	2281326586	12
2026-07-26T21:52:43Z	20260726T215027Z	boards/board1.txt	ab(d6,tt,ord,nb200k)@1.classic(t1,c4,w0,l0)@2.opener(rand,4)@1	ab(d8,tt,ord,nb2m)@1.classic(t1,c4,w0,l0)@2.opener(rand,4)@1	B	45	10	12	73.216	4200.765	62.500	3953.125	23	22	245901	12949578	100.00	128.00	19	18	735219314	12
2026-07-26T21:52:43Z	20260726T215027Z	boards/board1.txt	ab(d6,tt,ord,nb200k)@1.classic(t1,c4,w0,l0)@2.opener(rand,4)@1	rand@1	W	21	16	15	87.618	0.013	93.750	0.000	11	10	261928	0	32.00	0.00	7	0	1728218565	12
2026-07-26T21:52:57Z	20260726T215027Z	boards/board1.txt	ab(d6,tt,ord,nb200k)@1.learned(s111,78ef6974)@1.opener(rand,4)@1	ab(d6,tt,ord,nb200k)@1.learned(s3,68364898)@1.opener(rand,4)@1	W	68	10	7	13488.811	824.661	12328.125	828.125	34	34	2810955	2868478	170.74	165.24	30	30	3638313159	12
2026-07-26T21:53:14Z	20260726T215027Z	boards/board1.txt	ab(d6,tt,ord,nb200k)@1.learned(s111,78ef6974)@1.opener(rand,4)@1	ab(d6,tt,ord,nb200k)@1.learned(s3,68364898)@1.opener(rand,4)@1	B	81	6	7	15186.695	912.624	13437.500	859.375	41	40	3057701	2883539	206.53	205.49	37	36	1254817790	12
2026-07-26T21:53:23Z	20260726T215027Z	boards/board1.txt	ab(d6,tt,ord,nb200k)@1.learned(s111,78ef6974)@1.opener(rand,4)@1	ab(d6,tt,ord,nb200k)@1.learned(s6,eac8ab99)@1.opener(rand,4)@1	W	52	10	9	8912.003	580.215	7906.250	531.250	26	26	1878012	1687116	122.55	118.00	22	22	1471735619	12
2026-07-26T21:53:36Z	20260726T215027Z	boards/board1.txt	ab(d6,tt,ord,nb200k)@1.learned(s111,78ef6974)@1.opener(rand,4)@1	ab(d6,tt,ord,nb200k)@1.learned(s76,ef183148)@1.opener(rand,4)@1	B	59	6	13	12593.034	726.557	11328.125	625.000	30	29	2418157	1832999	141.52	141.00	26	25	1051143734	12
2026-07-26T21:53:54Z	20260726T215027Z	boards/board1.txt	ab(d6,tt,ord,nb200k)@1.learned(s111,78ef6974)@1.opener(rand,4)@1	ab(d6,tt,ord,nb200k)@1.learned(s98,5801570e)@1.opener(rand,4)@1	W	76	7	6	16344.564	790.799	14718.750	718.750	38	38	3194540	2125441	194.71	190.00	34	34	3398701730	12
2026-07-26T21:54:03Z	20260726T215027Z	boards/board1.txt	ab(d6,tt,ord,nb200k)@1.learned(s111,78ef6974)@1.opener(rand,4)@1	ab(d6,tt,ord,nb200k)@1.learned(s98,5801570e)@1.opener(rand,4)@1	W	64	7	7	8708.161	435.647	8234.375	375.000	32	32	1798778	1251502	159.00	154.00	28	28	3515776685	12
2026-07-26T21:54:18Z	20260726T215027Z	boards/board1.txt	ab(d6,tt,ord,nb200k)@1.learned(s111,78ef6974)@1.opener(rand,4)@1	ab(d6,tt,ord,qs,nb200k)@1.learned(s98,5801570e)@1.opener(rand,4)@1	W	79	7	8	14486.965	864.053	13515.625	781.250	40	39	2975260	2189468	200.40	196.00	36	35	2171158893	12
2026-07-26T21:54:28Z	20260726T215027Z	boards/board1.txt	ab(d6,tt,ord,nb200k)@1.learned(s111,78ef6974)@1.opener(rand,4)@1	ab(d8,tt,ord,nb2m)@1.classic(t1,c4,w0,l0)@2.opener(rand,4)@1	B	47	12	13	2965.596	6572.793	2671.875	5812.500	24	23	608395	17883175	106.00	135.87	20	19	3372665173	12
2026-07-26T21:54:33Z	20260726T215027Z	boards/board1.txt	ab(d6,tt,ord,nb200k)@1.learned(s111,78ef6974)@1.opener(rand,4)@1	rand@1	W	31	15	13	4978.124	0.024	4531.250	0.000	16	15	1019688	0	58.00	0.00	12	0	2772747617	12
2026-07-26T21:54:39Z	20260726T215027Z	boards/board1.txt	ab(d6,tt,ord,nb200k)@1.learned(s111,78ef6974)@1.opener(rand,4)@1	rand@1	W	29	16	11	6199.469	0.025	5828.125	0.000	15	14	1244949	0	60.70	0.00	11	0	3353950444	12
2026-07-26T21:54:40Z	20260726T215027Z	boards/board1.txt	ab(d6,tt,ord,nb200k)@1.learned(s3,68364898)@1.opener(rand,4)@1	ab(d6,tt,ord,nb200k)@1.learned(s6,eac8ab99)@1.opener(rand,4)@1	W	72	7	7	830.858	665.082	750.000	625.000	36	36	2493020	2232266	183.00	178.00	32	32	1618958963	12
2026-07-26T21:54:42Z	20260726T215027Z	boards/board1.txt	ab(d6,tt,ord,nb200k)@1.learned(s3,68364898)@1.opener(rand,4)@1	ab(d6,tt,ord,nb200k)@1.learned(s76,ef183148)@1.opener(rand,4)@1	W	86	6	5	753.422	904.684	625.000	750.000	43	43	2053162	2380338	225.00	220.00	39	39	2553061382	12
2026-07-26T21:54:43Z	20260726T215027Z	boards/board1.txt	ab(d6,tt,ord,nb200k)@1.learned(s3,68364898)@1.opener(rand,4)@1	ab(d6,tt,ord,nb200k)@1.learned(s98,5801570e)@1.opener(rand,4)@1	W	68	8	6	386.859	322.464	250.000	390.625	34	34	1096838	1064008	171.00	166.00	30	30	2314755602	12
2026-07-26T21:54:44Z	20260726T215027Z	boards/board1.txt	ab(d6,tt,ord,nb200k)@1.learned(s3,68364898)@1.opener(rand,4)@1	ab(d6,tt,ord,nb200k)@1.learned(s98,5801570e)@1.opener(rand,4)@1	B	77	7	8	678.835	645.030	687.500	609.375	39	38	1993727	2293239	196.00	194.12	35	34	4067107805	12
2026-07-26T21:54:45Z	20260726T215027Z	boards/board1.txt	ab(d6,tt,ord,nb200k)@1.learned(s3,68364898)@1.opener(rand,4)@1	ab(d6,tt,ord,qs,nb200k)@1.learned(s98,5801570e)@1.opener(rand,4)@1	W	50	10	10	637.280	682.554	578.125	656.250	25	25	1937501	2071663	117.00	111.58	21	21	176136765	12
2026-07-26T21:54:51Z	20260726T215027Z	boards/board1.txt	ab(d6,tt,ord,nb200k)@1.learned(s3,68364898)@1.opener(rand,4)@1	ab(d8,tt,ord,nb2m)@1.classic(t1,c4,w0,l0)@2.opener(rand,4)@1	B	51	11	10	301.939	5798.755	296.875	5343.750	26	25	905389	15714485	118.00	152.00	22	21	237927173	12
2026-07-26T21:54:52Z	20260726T215027Z	boards/board1.txt	ab(d6,tt,ord,nb200k)@1.learned(s3,68364898)@1.opener(rand,4)@1	rand@1	W	39	16	15	489.302	0.031	468.750	0.000	20	19	1388718	0	87.00	0.00	16	0	3616492625	12
2026-07-26T21:54:52Z	20260726T215027Z	boards/board1.txt	ab(d6,tt,ord,nb200k)@1.learned(s3,68364898)@1.opener(rand,4)@1	rand@1	W	29	16	11	374.040	0.023	359.375	0.000	15	14	1145882	0	61.00	0.00	11	0	991634588	12
2026-07-26T21:54:53Z	20260726T215027Z	boards/board1.txt	ab(d6,tt,ord,nb200k)@1.learned(s6,eac8ab99)@1.opener(rand,4)@1	ab(d6,tt,ord,nb200k)@1.learned(s76,ef183148)@1.opener(rand,4)@1	W	66	10	9	573.286	695.620	531.250	687.500	33	33	1783331	2164669	165.00	160.00	29	29	3262111611	12
2026-07-26T21:54:55Z	20260726T215027Z	boards/board1.txt	ab(d6,tt,ord,nb200k)@1.learned(s6,eac8ab99)@1.opener(rand,4)@1	ab(d6,tt,ord,nb200k)@1.learned(s98,5801570e)@1.opener(rand,4)@1	B	65	8	8	581.051	609.976	453.125	515.625	33	32	1630454	1718009	160.00	159.00	29	28	3774158538	12
2026-07-26T21:54:56Z	20260726T215027Z	boards/board1.txt	ab(d6,tt,ord,nb200k)@1.learned(s6,eac8ab99)@1.opener(rand,4)@1	ab(d6,tt,ord,qs,nb200k)@1.learned(s98,5801570e)@1.opener(rand,4)@1	W	47	13	11	553.061	464.323	531.250	437.500	24	23	1608245	1395443	106.00	100.00	20	19	3409394715	12
2026-07-26T21:54:57Z	20260726T215027Z	boards/board1.txt	ab(d6,tt,ord,nb200k)@1.learned(s6,eac8ab99)@1.opener(rand,4)@1	ab(d6,tt,ord,qs,nb200k)@1.learned(s98,5801570e)@1.opener(rand,4)@1	B	67	7	9	632.598	690.545	578.125	671.875	34	33	2101974	1987407	165.69	165.00	30	29	1735703698	12
2026-07-26T21:55:04Z	20260726T215027Z	boards/board1.txt	ab(d6,tt,ord,nb200k)@1.learned(s6,eac8ab99)@1.opener(rand,4)@1	ab(d8,tt,ord,nb2m)@1.classic(t1,c4,w0,l0)@2.opener(rand,4)@1	B	71	7	9	188.600	6390.079	171.875	6031.250	36	35	660606	18342037	178.00	230.82	32	31	2103514954	12
2026-07-26T21:55:04Z	20260726T215027Z	boards/board1.txt	ab(d6,tt,ord,nb200k)@1.learned(s6,eac8ab99)@1.opener(rand,4)@1	rand@1	W	19	16	13	148.935	0.012	156.250	0.000	10	9	442268	0	31.00	0.00	6	0	3414532477	12
2026-07-26T21:55:05Z	20260726T215027Z	boards/board1.txt	ab(d6,tt,ord,nb200k)@1.learned(s76,ef183148)@1.opener(rand,4)@1	ab(d6,tt,ord,nb200k)@1.learned(s98,5801570e)@1.opener(rand,4)@1	W	66	11	7	656.423	560.837	578.125	546.875	33	33	1712734	2129039	165.00	159.49	29	29	1359621006	12
2026-07-26T21:55:06Z	20260726T215027Z	boards/board1.txt	ab(d6,tt,ord,nb200k)@1.learned(s76,ef183148)@1.opener(rand,4)@1	ab(d6,tt,ord,nb200k)@1.learned(s98,5801570e)@1.opener(rand,4)@1	W	68	11	8	820.639	693.950	687.500	703.125	34	34	2208730	2279674	169.94	166.00	30	30	263677769	12
2026-07-26T21:55:08Z	20260726T215027Z	boards/board1.txt	ab(d6,tt,ord,nb200k)@1.learned(s76,ef183148)@1.opener(rand,4)@1	ab(d6,tt,ord,qs,nb200k)@1.learned(s98,5801570e)@1.opener(rand,4)@1	W	73	9	7	795.435	815.504	718.750	765.625	37	36	2375436	2325354	184.00	177.64	33	32	2684069777	12
2026-07-26T21:55:13Z	20260726T215027Z	boards/board1.txt	ab(d6,tt,ord,nb200k)@1.learned(s76,ef183148)@1.opener(rand,4)@1	ab(d8,tt,ord,nb2m)@1.classic(t1,c4,w0,l0)@2.opener(rand,4)@1	W	60	9	9	192.271	4963.866	218.750	4546.875	30	30	710533	15221895	147.00	184.00	26	26	807835649	12
2026-07-26T21:55:14Z	20260726T215027Z	boards/board1.txt	ab(d6,tt,ord,nb200k)@1.learned(s76,ef183148)@1.opener(rand,4)@1	rand@1	W	35	16	14	433.989	0.028	406.250	0.000	18	17	1422151	0	73.82	0.00	14	0	2810133269	12
2026-07-26T21:55:14Z	20260726T215027Z	boards/board1.txt	ab(d6,tt,ord,nb200k)@1.learned(s76,ef183148)@1.opener(rand,4)@1	rand@1	W	27	16	13	219.160	0.018	218.750	0.000	14	13	616824	0	47.00	0.00	10	0	2426266304	12
2026-07-26T21:55:15Z	20260726T215027Z	boards/board1.txt	ab(d6,tt,ord,nb200k)@1.learned(s98,5801570e)@1.opener(rand,4)@1	ab(d6,tt,ord,qs,nb200k)@1.learned(s98,5801570e)@1.opener(rand,4)@1	B	75	6	9	706.546	817.930	671.875	750.000	38	37	2341606	2321990	190.00	189.00	34	33	1026266624	12
2026-07-26T21:55:24Z	20260726T215027Z	boards/board1.txt	ab(d6,tt,ord,nb200k)@1.learned(s98,5801570e)@1.opener(rand,4)@1	ab(d8,tt,ord,nb2m)@1.classic(t1,c4,w0,l0)@2.opener(rand,4)@1	B	59	10	12	319.445	8485.733	250.000	7828.125	30	29	952068	23255994	142.00	184.00	26	25	2680243876	12
2026-07-26T21:55:25Z	20260726T215027Z	boards/board1.txt	ab(d6,tt,ord,nb200k)@1.learned(s98,5801570e)@1.opener(rand,4)@1	rand@1	W	29	16	14	308.506	0.022	265.625	0.000	15	14	940718	0	53.00	0.00	11	0	1601927062	12
2026-07-26T21:55:25Z	20260726T215027Z	boards/board1.txt	ab(d6,tt,ord,nb200k)@1.learned(s98,5801570e)@1.opener(rand,4)@1	rand@1	W	25	16	15	261.053	0.017	218.750	0.000	13	12	827344	0	41.00	0.00	9	0	1279710769	12
2026-07-26T21:55:30Z	20260726T215027Z	boards/board1.txt	ab(d6,tt,ord,qs,nb200k)@1.learned(s98,5801570e)@1.opener(rand,4)@1	ab(d8,tt,ord,nb2m)@1.classic(t1,c4,w0,l0)@2.opener(rand,4)@1	B	42	12	13	411.337	4558.274	359.375	4328.125	21	21	1253142	12967872	93.00	120.00	17	17	3924845424	12
2026-07-26T21:55:30Z	20260726T215027Z	boards/board1.txt	ab(d6,tt,ord,qs,nb200k)@1.learned(s98,5801570e)@1.opener(rand,4)@1	rand@1	W	33	16	14	418.374	0.028	375.000	0.000	17	16	1214265	0	67.00	0.00	13	0	3223242879	12
2026-07-26T21:55:32Z	20260726T215027Z	boards/board1.txt	ab(d8,tt,ord,nb2m)@1.classic(t1,c4,w0,l0)@2.opener(rand,4)@1	rand@1	W	23	16	14	1488.890	0.018	1343.750	0.000	12	11	4475045	0	57.00	0.00	8	0	1324671186	12
2026-07-26T21:55:33Z	20260726T215027Z	boards/board1.txt	ab(d8,tt,ord,nb2m)@1.classic(t1,c4,w0,l0)@2.opener(rand,4)@1	rand@1	W	23	16	13	879.831	0.016	781.250	0.000	12	11	2770888	0	47.00	0.00	8	0	906782237	12
2026-07-26T21:50:27Z	20260726T215027Z	boards/board1.txt	ab(d4)@1.classic(t1,c4,w0,l0)@2.opener(rand,4)@1	ab(d2)@1.classic(t1,c4,w0,l0)@2.opener(rand,4)@1	W	43	14	14	5.919	0.166	0.000	0.000	22	21	100530	2538	72.00	32.00	18	17	1572809079	12
2026-07-26T21:50:27Z	20260726T215027Z	boards/board1.txt	ab(d4)@1.classic(t1,c4,w0,l0)@2.opener(rand,4)@1	ab(d2)@1.classic(t1,c4,w0,l0)@2.opener(rand,4)@1	B	56	9	11	6.997	0.191	0.000	0.000	28	28	122516	2807	84.00	48.00	24	24	2757575662	12
2026-07-26T21:50:28Z	20260726T215027Z	boards/board1.txt	ab(d6,ord,nb200k)@1.adv(t20,c77,w0,l0,f0,d-2,e0,m0,h0,b1,o0,r0,x0,n0,s1,g1)@1.opener(rand,4)@1	ab(d2)@1.classic(t1,c4,w0,l0)@2.opener(rand,4)@1	W	37	12	12	815.840	0.143	687.500	0.000	19	18	1954579	1514	75.32	26.00	15	14	3293241892	12
2026-07-26T21:50:28Z	20260726T215027Z	boards/board1.txt	ab(d6,tt,ord,nb200k)@1.classic(t1,c4,w0,l0)@2.dil(r30,d4)@1.opener(rand,4)@1	ab(d2)@1.classic(t1,c4,w0,l0)@2.opener(rand,4)@1	W	69	10	12	431.270	0.411	359.375	0.000	35	34	1082693	5474	155.00	58.00	31	30	541474940	12
2026-07-26T21:50:28Z	20260726T215027Z	boards/board1.txt	ab(d6,tt,ord,nb200k)@1.classic(t1,c4,w0,l0)@2.dil(r63)@1.opener(rand,4)@1	ab(d2)@1.classic(t1,c4,w0,l0)@2.opener(rand,4)@1	B	46	9	15	104.681	0.183	78.125	0.000	23	23	271204	2310	42.00	38.00	7	19	2679323947	12
2026-07-26T21:50:28Z	20260726T215027Z	boards/board1.txt	ab(d6,tt,ord,nb200k)@1.classic(t1,c4,w0,l0)@2.dil(r63)@1.opener(rand,4)@1	ab(d2)@1.classic(t1,c4,w0,l0)@2.opener(rand,4)@1	B	36	12	16	103.571	0.128	109.375	0.000	18	18	290037	1949	24.00	28.00	4	14	3952819810	12
2026-07-26T21:50:29Z	20260726T215027Z	boards/board1.txt	ab(d6,tt,ord,nb200k)@1.classic(t1,c4,w0,l0)@2.opener(rand,4)@1	ab(d2)@1.classic(t1,c4,w0,l0)@2.opener(rand,4)@1	W	45	13	12	445.850	0.203	375.000	0.000	23	22	1101209	2531	101.00	34.00	19	18	2730114308	12
2026-07-26T21:50:42Z	20260726T215027Z	boards/board1.txt	ab(d6,tt,ord,nb200k)@1.learned(s111,78ef6974)@1.opener(rand,4)@1	ab(d2)@1.classic(t1,c4,w0,l0)@2.opener(rand,4)@1	B	61	7	11	13101.726	0.300	11265.625	0.000	31	30	2608278	3138	147.39	52.00	27	26	931735933	12
2026-07-26T21:50:43Z	20260726T215027Z	boards/board1.txt	ab(d6,tt,ord,nb200k)@1.learned(s3,68364898)@1.opener(rand,4)@1	ab(d2)@1.classic(t1,c4,w0,l0)@2.opener(rand,4)@1	W	63	9	11	1105.739	0.373	1015.625	0.000	32	31	3559370	4258	153.17	52.00	28	27	3098034798	12
2026-07-26T21:50:44Z	20260726T215027Z	boards/board1.txt	ab(d6,tt,ord,nb200k)@1.learned(s3,68364898)@1.opener(rand,4)@1	ab(d2)@1.classic(t1,c4,w0,l0)@2.opener(rand,4)@1	W	51	12	12	592.216	0.250	546.875	0.000	26	25	1811411	2840	118.00	40.00	22	21	2932535721	12
2026-07-26T21:50:44Z	20260726T215027Z	boards/board1.txt	ab(d6,tt,ord,nb200k)@1.learned(s6,eac8ab99)@1.opener(rand,4)@1	ab(d2)@1.classic(t1,c4,w0,l0)@2.opener(rand,4)@1	W	55	10	12	645.346	0.265	625.000	0.000	28	27	2262287	3049	129.59	44.00	24	23	2801008232	12
2026-07-26T21:50:45Z	20260726T215027Z	boards/board1.txt	ab(d6,tt,ord,nb200k)@1.learned(s76,ef183148)@1.opener(rand,4)@1	ab(d2)@1.classic(t1,c4,w0,l0)@2.opener(rand,4)@1	W	53	10	11	848.984	0.239	750.000	0.000	27	26	2647996	2789	124.76	42.00	23	22	1216901799	12
2026-07-26T21:50:46Z	20260726T215027Z	boards/board1.txt	ab(d6,tt,ord,nb200k)@1.learned(s98,5801570e)@1.opener(rand,4)@1	ab(d2)@1.classic(t1,c4,w0,l0)@2.opener(rand,4)@1	W	55	12	13	900.258	0.298	734.375	0.000	28	27	2435300	3575	130.00	44.00	24	23	974627709	12
2026-07-26T21:50:46Z	20260726T215027Z	boards/board1.txt	ab(d6,tt,ord,nb200k)@1.learned(s98,5801570e)@1.opener(rand,4)@1	ab(d2)@1.classic(t1,c4,w0,l0)@2.opener(rand,4)@1	W	45	12	12	524.381	0.162	453.125	0.000	23	22	1450106	1725	101.00	34.00	19	18	1555470216	12
2026-07-26T21:50:47Z	20260726T215027Z	boards/board1.txt	ab(d6,tt,ord,qs,nb200k)@1.learned(s98,5801570e)@1.opener(rand,4)@1	ab(d2)@1.classic(t1,c4,w0,l0)@2.opener(rand,4)@1	W	47	12	13	694.004	0.236	531.250	0.000	24	23	1954647	2246	103.39	36.00	20	19	3366903446	12
2026-07-26T21:50:50Z	20260726T215027Z	boards/board1.txt	ab(d8,tt,ord,nb2m)@1.classic(t1,c4,w0,l0)@2.opener(rand,4)@1	ab(d2)@1.classic(t1,c4,w0,l0)@2.opener(rand,4)@1	W	37	13	13	2997.089	0.725	2515.625	0.000	19	18	7625548	1804	101.00	26.00	15	14	3293530846	12
2026-07-26T21:50:50Z	20260726T215027Z	boards/board1.txt	rand@1	ab(d2)@1.classic(t1,c4,w0,l0)@2.opener(rand,4)@1	B	26	12	16	0.008	0.072	0.000	0.000	13	13	0	858	0.00	18.00	0	9	1249476132	12
2026-07-26T21:50:50Z	20260726T215027Z	boards/board1.txt	rand@1	ab(d2)@1.classic(t1,c4,w0,l0)@2.opener(rand,4)@1	B	44	9	16	0.011	0.189	0.000	0.000	22	22	0	2479	0.00	36.00	0	18	914698043	12
2026-07-26T21:50:52Z	20260726T215027Z	boards/board1.txt	ab(d6,ord,nb200k)@1.adv(t20,c77,w0,l0,f0,d-2,e0,m0,h0,b1,o0,r0,x0,n0,s1,g1)@1.opener(rand,4)@1	ab(d4)@1.classic(t1,c4,w0,l0)@2.opener(rand,4)@1	B	65	8	12	1493.734	15.249	1218.750	0.000	33	32	3632902	164233	157.31	112.00	29	28	1364680142	12
2026-07-26T21:50:52Z	20260726T215027Z	boards/board1.txt	ab(d6,tt,ord,nb200k)@1.classic(t1,c4,w0,l0)@2.dil(r30,d4)@1.opener(rand,4)@1	ab(d4)@1.classic(t1,c4,w0,l0)@2.opener(rand,4)@1	W	37	13	13	121.226	4.903	109.375	0.000	19	18	384237	80186	68.00	49.00	15	14	2768196410	12
2026-07-26T21:50:52Z	20260726T215027Z	boards/board1.txt	ab(d6,tt,ord,nb200k)@1.classic(t1,c4,w0,l0)@2.dil(r63)@1.opener(rand,4)@1	ab(d4)@1.classic(t1,c4,w0,l0)@2.opener(rand,4)@1	B	24	12	15	8.553	2.069	0.000	0.000	12	12	33691	30386	6.00	32.00	1	8	2029929589	12
2026-07-26T21:50:52Z	20260726T215027Z	boards/board1.txt	ab(d6,tt,ord,nb200k)@1.classic(t1,c4,w0,l0)@2.dil(r63)@1.opener(rand,4)@1	ab(d4)@1.classic(t1,c4,w0,l0)@2.opener(rand,4)@1	B	46	9	13	131.903	8.587	125.000	0.000	23	23	399560	108276	48.00	76.00	8	19	393996320	12
2026-07-26T21:50:52Z	20260726T215027Z	boards/board1.txt	ab(d6,tt,ord,nb200k)@1.classic(t1,c4,w0,l0)@2.opener(rand,4)@1	ab(d4)@1.classic(t1,c4,w0,l0)@2.opener(rand,4)@1	B	47	10	12	369.975	6.381	265.625	0.000	24	23	1019273	104446	106.00	76.00	20	19	1051892442	12
2026-07-26T21:51:00Z	20260726T215027Z	boards/board1.txt	ab(d6,tt,ord,nb200k)@1.learned(s111,78ef6974)@1.opener(rand,4)@1	ab(d4)@1.classic(t1,c4,w0,l0)@2.opener(rand,4)@1	W	49	10	11	7205.521	5.569	6312.500	0.000	25	24	1462382	91805	112.00	73.00	21	20	4286821295	12
2026-07-26T21:51:00Z	20260726T215027Z	boards/board1.txt	ab(d6,tt,ord,nb200k)@1.learned(s3,68364898)@1.opener(rand,4)@1	ab(d4)@1.classic(t1,c4,w0,l0)@2.opener(rand,4)@1	B	47	11	12	669.484	9.222	609.375	0.000	24	23	2135813	88087	105.35	76.00	20	19	2922324620	12
2026-07-26T21:51:01Z	20260726T215027Z	boards/board1.txt	ab(d6,tt,ord,nb200k)@1.learned(s3,68364898)@1.opener(rand,4)@1	ab(d4)@1.classic(t1,c4,w0,l0)@2.opener(rand,4)@1	B	59	8	10	669.145	9.169	671.875	0.000	30	29	1970764	118289	142.00	100.00	26	25	1398003363	12
2026-07-26T21:51:02Z	20260726T215027Z	boards/board1.txt	ab(d6,tt,ord,nb200k)@1.learned(s6,eac8ab99)@1.opener(rand,4)@1	ab(d4)@1.classic(t1,c4,w0,l0)@2.opener(rand,4)@1	W	55	10	11	748.276	7.944	687.500	15.625	28	27	2104465	124835	129.94	85.00	24	23	652215778	12
2026-07-26T21:51:02Z	20260726T215027Z	boards/board1.txt	ab(d6,tt,ord,nb200k)@1.learned(s76,ef183148)@1.opener(rand,4)@1	ab(d4)@1.classic(t1,c4,w0,l0)@2.opener(rand,4)@1	W	47	11	11	447.894	4.839	359.375	0.000	24	23	1276889	77720	106.00	69.00	20	19	3797333949	12
2026-07-26T21:51:03Z	20260726T215027Z	boards/board1.txt	ab(d6,tt,ord,nb200k)@1.learned(s98,5801570e)@1.opener(rand,4)@1	ab(d4)@1.classic(t1,c4,w0,l0)@2.opener(rand,4)@1	W	53	10	12	855.739	10.540	718.750	15.625	27	26	2441878	121702	123.72	81.00	23	22	383585643	12
2026-07-26T21:51:04Z	20260726T215027Z	boards/board1.txt	ab(d6,tt,ord,nb200k)@1.learned(s98,5801570e)@1.opener(rand,4)@1	ab(d4)@1.classic(t1,c4,w0,l0)@2.opener(rand,4)@1	B	57	8	9	738.484	11.052	593.750	15.625	29	28	2011271	119547	135.76	96.00	25	24	4112144930	12
2026-07-26T21:51:05Z	20260726T215027Z	boards/board1.txt	ab(d6,tt,ord,qs,nb200k)@1.learned(s98,5801570e)@1.opener(rand,4)@1	ab(d4)@1.classic(t1,c4,w0,l0)@2.opener(rand,4)@1	W	55	9	10	813.609	8.427	687.500	15.625	28	27	2124873	118475	128.00	85.00	24	23	2688220156	12
2026-07-26T21:51:10Z	20260726T215027Z	boards/board1.txt	ab(d8,tt,ord,nb2m)@1.classic(t1,c4,w0,l0)@2.opener(rand,4)@1	ab(d4)@1.classic(t1,c4,w0,l0)@2.opener(rand,4)@1	B	41	13	13	5020.330	14.953	4359.375	15.625	21	20	12807034	142116	113.59	64.00	17	16	1177159048	12
2026-07-26T21:51:10Z	20260726T215027Z	boards/board1.txt	rand@1	ab(d4)@1.classic(t1,c4,w0,l0)@2.opener(rand,4)@1	B	24	12	16	0.009	4.505	0.000	0.000	12	12	0	36683	0.00	32.00	0	8	3493689826	12
2026-07-26T21:51:10Z	20260726T215027Z	boards/board1.txt	rand@1	ab(d4)@1.classic(t1,c4,w0,l0)@2.opener(rand,4)@1	B	34	11	16	0.014	12.401	0.000	0.000	17	17	0	76132	0.00	52.00	0	13	3856259693	12
2026-07-26T21:51:11Z	20260726T215027Z	boards/board1.txt	ab(d6,tt,ord,nb200k)@1.classic(t1,c4,w0,l0)@2.dil(r30,d4)@1.opener(rand,4)@1	ab(d6,ord,nb200k)@1.adv(t20,c77,w0,l0,f0,d-2,e0,m0,h0,b1,o0,r0,x0,n0,s1,g1)@1.opener(rand,4)@1	B	43	11	11	208.453	748.797	140.625	687.500	22	21	623132	2060389	87.00	91.48	18	17	3657314976	12
2026-07-26T21:51:11Z	20260726T215027Z	boards/board1.txt	ab(d6,tt,ord,nb200k)@1.classic(t1,c4,w0,l0)@2.dil(r63)@1.opener(rand,4)@1	ab(d6,ord,nb200k)@1.adv(t20,c77,w0,l0,f0,d-2,e0,m0,h0,b1,o0,r0,x0,n0,s1,g1)@1.opener(rand,4)@1	B	38	13	13	169.984	752.706	125.000	718.750	19	19	543091	2018171	48.00	79.89	8	15	2939840240	12
2026-07-26T21:51:13Z	20260726T215027Z	boards/board1.txt	ab(d6,tt,ord,nb200k)@1.classic(t1,c4,w0,l0)@2.opener(rand,4)@1	ab(d6,ord,nb200k)@1.adv(t20,c77,w0,l0,f0,d-2,e0,m0,h0,b1,o0,r0,x0,n0,s1,g1)@1.opener(rand,4)@1	B	55	10	9	359.152	860.107	343.750	750.000	28	27	1100828	2359702	130.00	128.79	24	23	2233647745	12
2026-07-26T21:51:13Z	20260726T215027Z	boards/board1.txt	ab(d6,tt,ord,nb200k)@1.classic(t1,c4,w0,l0)@2.opener(rand,4)@1	ab(d6,ord,nb200k)@1.adv(t20,c77,w0,l0,f0,d-2,e0,m0,h0,b1,o0,r0,x0,n0,s1,g1)@1.opener(rand,4)@1	W	34	13	12	198.549	512.089	203.125	500.000	17	17	607856	1450430	69.00	63.21	13	13	749491468	12
2026-07-26T21:51:31Z	20260726T215027Z	boards/board1.txt	ab(d6,tt,ord,nb200k)@1.learned(s111,78ef6974)@1.opener(rand,4)@1	ab(d6,ord,nb200k)@1.adv(t20,c77,w0,l0,f0,d-2,e0,m0,h0,b1,o0,r0,x0,n0,s1,g1)@1.opener(rand,4)@1	B	67	6	9	16342.338	1375.006	13968.750	1234.375	34	33	3058064	3632847	164.59	161.39	30	29	3277297417	12
2026-07-26T21:51:33Z	20260726T215027Z	boards/board1.txt	ab(d6,tt,ord,nb200k)@1.learned(s3,68364898)@1.opener(rand,4)@1	ab(d6,ord,nb200k)@1.adv(t20,c77,w0,l0,f0,d-2,e0,m0,h0,b1,o0,r0,x0,n0,s1,g1)@1.opener(rand,4)@1	B	65	7	8	877.966	1314.895	765.625	1031.250	33	32	2393360	3276022	159.61	157.81	29	28	2973566131	12
2026-07-26T21:51:35Z	20260726T215027Z	boards/board1.txt	ab(d6,tt,ord,nb200k)@1.learned(s6,eac8ab99)@1.opener(rand,4)@1	ab(d6,ord,nb200k)@1.adv(t20,c77,w0,l0,f0,d-2,e0,m0,h0,b1,o0,r0,x0,n0,s1,g1)@1.opener(rand,4)@1	B	79	6	8	806.721	1276.167	625.000	1093.750	40	39	2439228	3372619	201.37	200.66	36	35	497669689	12
2026-07-26T21:51:37Z	20260726T215027Z	boards/board1.txt	ab(d6,tt,ord,nb200k)@1.learned(s6,eac8ab99)@1.opener(rand,4)@1	ab(d6,ord,nb200k)@1.adv(t20,c77,w0,l0,f0,d-2,e0,m0,h0,b1,o0,r0,x0,n0,s1,g1)@1.opener(rand,4)@1	B	45	11	12	572.301	955.581	421.875	843.750	23	22	1863722	2494677	99.55	96.74	19	18	2554262756	12
2026-07-26T21:51:40Z	20260726T215027Z	boards/board1.txt	ab(d6,tt,ord,nb200k)@1.learned(s76,ef183148)@1.opener(rand,4)@1	ab(d6,ord,nb200k)@1.adv(t20,c77,w0,l0,f0,d-2,e0,m0,h0,b1,o0,r0,x0,n0,s1,g1)@1.opener(rand,4)@1	W	66	11	11	1004.438	1585.534	781.250	1312.500	33	33	3245857	3984205	164.31	158.15	29	29	2102197931	12
2026-07-26T21:51:42Z	20260726T215027Z	boards/board1.txt	ab(d6,tt,ord,nb200k)@1.learned(s98,5801570e)@1.opener(rand,4)@1	ab(d6,ord,nb200k)@1.adv(t20,c77,w0,l0,f0,d-2,e0,m0,h0,b1,o0,r0,x0,n0,s1,g1)@1.opener(rand,4)@1	B	63	7	11	837.651	1285.128	796.875	1000.000	32	31	2537695	3435585	153.70	148.35	28	27	404257690	12
2026-07-26T21:51:44Z	20260726T215027Z	boards/board1.txt	ab(d6,tt,ord,qs,nb200k)@1.learned(s98,5801570e)@1.opener(rand,4)@1	ab(d6,ord,nb200k)@1.adv(t20,c77,w0,l0,f0,d-2,e0,m0,h0,b1,o0,r0,x0,n0,s1,g1)@1.opener(rand,4)@1	B	59	9	10	830.609	1023.905	703.125	890.625	30	29	2486917	2716850	140.60	138.60	26	25	40731915	12
2026-07-26T21:51:45Z	20260726T215027Z	boards/board1.txt	ab(d6,tt,ord,qs,nb200k)@1.learned(s98,5801570e)@1.opener(rand,4)@1	ab(d6,ord,nb200k)@1.adv(t20,c77,w0,l0,f0,d-2,e0,m0,h0,b1,o0,r0,x0,n0,s1,g1)@1.opener(rand,4)@1	B	39	14	14	539.760	763.450	406.250	671.875	20	19	1489066	1999249	82.85	80.46	16	15	999689154	12
2026-07-26T21:51:52Z	20260726T215027Z	boards/board1.txt	ab(d8,tt,ord,nb2m)@1.classic(t1,c4,w0,l0)@2.opener(rand,4)@1	ab(d6,ord,nb200k)@1.adv(t20,c77,w0,l0,f0,d-2,e0,m0,h0,b1,o0,r0,x0,n0,s1,g1)@1.opener(rand,4)@1	B	59	9	7	5744.520	982.031	4843.750	906.250	30	29	16344330	2633441	185.00	141.00	26	25	1479822490	12
2026-07-26T21:51:52Z	20260726T215027Z	boards/board1.txt	rand@1	ab(d6,ord,nb200k)@1.adv(t20,c77,w0,l0,f0,d-2,e0,m0,h0,b1,o0,r0,x0,n0,s1,g1)@1.opener(rand,4)@1	B	28	12	16	0.025	637.682	0.000	562.500	14	14	0	1686073	0.00	53.08	0	10	3137548237	12
2026-07-26T21:51:52Z	20260726T215027Z	boards/board1.txt	ab(d6,tt,ord,nb200k)@1.classic(t1,c4,w0,l0)@2.dil(r63)@1.opener(rand,4)@1	ab(d6,tt,ord,nb200k)@1.classic(t1,c4,w0,l0)@2.dil(r30,d4)@1.opener(rand,4)@1	B	34	12	15	78.312	134.958	78.125	93.750	17	17	205577	367303	38.00	67.00	7	13	4259088211	12
2026-07-26T21:51:53Z	20260726T215027Z	boards/board1.txt	ab(d6,tt,ord,nb200k)@1.classic(t1,c4,w0,l0)@2.dil(r63)@1.opener(rand,4)@1	ab(d6,tt,ord,nb200k)@1.classic(t1,c4,w0,l0)@2.dil(r30,d4)@1.opener(rand,4)@1	B	24	15	16	70.193	99.728	78.125	78.125	12	12	196670	261505	18.00	36.00	3	8	3050259786	12
2026-07-26T21:51:53Z	20260726T215027Z	boards/board1.txt	ab(d6,tt,ord,nb200k)@1.classic(t1,c4,w0,l0)@2.opener(rand,4)@1	ab(d6,tt,ord,nb200k)@1.classic(t1,c4,w0,l0)@2.dil(r30,d4)@1.opener(rand,4)@1	B	75	6	7	467.727	271.489	421.875	265.625	38	37	1284922	712635	190.00	166.00	34	33	259390252	12
2026-07-26T21:52:07Z	20260726T215027Z	boards/board1.txt	ab(d6,tt,ord,nb200k)@1.learned(s111,78ef6974)@1.opener(rand,4)@1	ab(d6,tt,ord,nb200k)@1.classic(t1,c4,w0,l0)@2.dil(r30,d4)@1.opener(rand,4)@1	W	64	9	7	13274.140	263.269	11375.000	234.375	32	32	2542745	671314	158.22	131.00	28	28	533610869	12
2026-07-26T21:52:08Z	20260726T215027Z	boards/board1.txt	ab(d6,tt,ord,nb200k)@1.learned(s3,68364898)@1.opener(rand,4)@1	ab(d6,tt,ord,nb200k)@1.classic(t1,c4,w0,l0)@2.dil(r30,d4)@1.opener(rand,4)@1	W	54	11	8	531.075	276.247	484.375	218.750	27	27	1437167	764457	129.00	115.00	23	23	1937492838	12
2026-07-26T21:52:09Z	20260726T215027Z	boards/board1.txt	ab(d6,tt,ord,nb200k)@1.learned(s3,68364898)@1.opener(rand,4)@1	ab(d6,tt,ord,nb200k)@1.classic(t1,c4,w0,l0)@2.dil(r30,d4)@1.opener(rand,4)@1	W	56	10	9	712.206	332.227	656.250	265.625	28	28	1881660	877569	135.00	119.00	24	24	3168090433	12
2026-07-26T21:52:10Z	20260726T215027Z	boards/board1.txt	ab(d6,tt,ord,nb200k)@1.learned(s6,eac8ab99)@1.opener(rand,4)@1	ab(d6,tt,ord,nb200k)@1.classic(t1,c4,w0,l0)@2.dil(r30,d4)@1.opener(rand,4)@1	W	72	9	7	820.690	422.322	671.875	375.000	36	36	1967029	1149480	183.00	170.00	32	32	3693811728	12
2026-07-26T21:52:11Z	20260726T215027Z	boards/board1.txt	ab(d6,tt,ord,nb200k)@1.learned(s76,ef183148)@1.opener(rand,4)@1	ab(d6,tt,ord,nb200k)@1.classic(t1,c4,w0,l0)@2.dil(r30,d4)@1.opener(rand,4)@1	W	56	11	8	434.887	193.514	375.000	109.375	28	28	1171841	477150	135.00	115.00	24	24	2720209391	12
2026-07-26T21:52:12Z	20260726T215027Z	boards/board1.txt	ab(d6,tt,ord,nb200k)@1.learned(s98,5801570e)@1.opener(rand,4)@1	ab(d6,tt,ord,nb200k)@1.classic(t1,c4,w0,l0)@2.dil(r30,d4)@1.opener(rand,4)@1	W	58	10	8	725.525	285.172	609.375	265.625	29	29	1838680	811959	141.00	123.00	25	25	3117173301	12
2026-07-26T21:52:13Z	20260726T215027Z	boards/board1.txt	ab(d6,tt,ord,nb200k)@1.learned(s98,5801570e)@1.opener(rand,4)@1	ab(d6,tt,ord,nb200k)@1.classic(t1,c4,w0,l0)@2.dil(r30,d4)@1.opener(rand,4)@1	W	60	9	9	752.383	234.269	609.375	203.125	30	30	1952968	643128	146.66	127.00	26	26	2820501088	12
2026-07-26T21:52:14Z	20260726T215027Z	boards/board1.txt	ab(d6,tt,ord,qs,nb200k)@1.learned(s98,5801570e)@1.opener(rand,4)@1	ab(d6,tt,ord,nb200k)@1.classic(t1,c4,w0,l0)@2.dil(r30,d4)@1.opener(rand,4)@1	W	56	9	10	746.314	284.957	656.250	250.000	28	28	2047104	654883	134.00	114.00	24	24	2499748174	12
2026-07-26T21:52:16Z	20260726T215027Z	boards/board1.txt	ab(d8,tt,ord,nb2m)@1.classic(t1,c4,w0,l0)@2.opener(rand,4)@1	ab(d6,tt,ord,nb200k)@1.classic(t1,c4,w0,l0)@2.dil(r30,d4)@1.opener(rand,4)@1	W	32	13	13	2477.632	67.878	2109.375	62.500	16	16	6587188	152914	80.00	52.00	12	12	2062994582	12
2026-07-26T21:52:16Z	20260726T215027Z	boards/board1.txt	rand@1	ab(d6,tt,ord,nb200k)@1.classic(t1,c4,w0,l0)@2.dil(r30,d4)@1.opener(rand,4)@1	B	24	15	16	0.013	108.213	0.000	78.125	12	12	0	272145	0.00	34.00	0	8	793151900	12
2026-07-26T21:52:16Z	20260726T215027Z	boards/board1.txt	rand@1	ab(d6,tt,ord,nb200k)@1.classic(t1,c4,w0,l0)@2.dil(r30,d4)@1.opener(rand,4)@1	B	18	13	16	0.008	52.433	0.000	31.250	9	9	0	151381	0.00	21.00	0	5	2920792179	12
2026-07-26T21:52:16Z	20260726T215027Z	boards/board1.txt	ab(d6,tt,ord,nb200k)@1.classic(t1,c4,w0,l0)@2.opener(rand,4)@1	ab(d6,tt,ord,nb200k)@1.classic(t1,c4,w0,l0)@2.dil(r63)@1.opener(rand,4)@1	W	19	16	14	103.886	23.502	109.375	15.625	10	9	273371	48209	31.00	6.00	6	1	1956194308	12
2026-07-26T21:52:29Z	20260726T215027Z	boards/board1.txt	ab(d6,tt,ord,nb200k)@1.learned(s111,78ef6974)@1.opener(rand,4)@1	ab(d6,tt,ord,nb200k)@1.classic(t1,c4,w0,l0)@2.dil(r63)@1.opener(rand,4)@1	W	49	13	10	12360.366	138.144	10578.125	125.000	25	24	2379682	326582	114.11	36.00	21	6	1419627645	12
2026-07-26T21:52:29Z	20260726T215027Z	boards/board1.txt	ab(d6,tt,ord,nb200k)@1.learned(s3,68364898)@1.opener(rand,4)@1	ab(d6,tt,ord,nb200k)@1.classic(t1,c4,w0,l0)@2.dil(r63)@1.opener(rand,4)@1	W	29	15	14	237.176	32.452	203.125	31.250	15	14	688893	48216	53.00	6.00	11	1	529148782	12
2026-07-26T21:52:30Z	20260726T215027Z	boards/board1.txt	ab(d6,tt,ord,nb200k)@1.learned(s3,68364898)@1.opener(rand,4)@1	ab(d6,tt,ord,nb200k)@1.classic(t1,c4,w0,l0)@2.dil(r63)@1.opener(rand,4)@1	W	41	13	13	446.817	125.937	421.875	78.125	21	20	1131369	326539	89.00	37.00	17	7	2158615721	12
2026-07-26T21:52:30Z	20260726T215027Z	boards/board1.txt	ab(d6,tt,ord,nb200k)@1.learned(s6,eac8ab99)@1.opener(rand,4)@1	ab(d6,tt,ord,nb200k)@1.classic(t1,c4,w0,l0)@2.dil(r63)@1.opener(rand,4)@1	W	30	15	13	441.093	89.415	328.125	31.250	15	15	1095671	177751	61.00	19.00	11	4	2027088232	12
2026-07-26T21:52:31Z	20260726T215027Z	boards/board1.txt	ab(d6,tt,ord,nb200k)@1.learned(s76,ef183148)@1.opener(rand,4)@1	ab(d6,tt,ord,nb200k)@1.classic(t1,c4,w0,l0)@2.dil(r63)@1.opener(rand,4)@1	W	41	15	10	604.262	162.199	500.000	109.375	21	20	1593984	414969	92.00	42.00	17	7	3864118183	12
2026-07-26T21:52:32Z	20260726T215027Z	boards/board1.txt	ab(d6,tt,ord,nb200k)@1.learned(s98,5801570e)@1.opener(rand,4)@1	ab(d6,tt,ord,nb200k)@1.classic(t1,c4,w0,l0)@2.dil(r63)@1.opener(rand,4)@1	W	49	15	12	811.504	151.734	656.250	125.000	25	24	2164891	382793	116.47	30.00	21	5	200707709	12
2026-07-26T21:52:33Z	20260726T215027Z	boards/board1.txt	ab(d6,tt,ord,nb200k)@1.learned(s98,5801570e)@1.opener(rand,4)@1	ab(d6,tt,ord,nb200k)@1.classic(t1,c4,w0,l0)@2.dil(r63)@1.opener(rand,4)@1	W	45	13	10	418.984	133.645	390.625	93.750	23	22	1146193	385125	109.00	54.00	19	9	4202686600	12
2026-07-26T21:52:33Z	20260726T215027Z	boards/board1.txt	ab(d6,tt,ord,qs,nb200k)@1.learned(s98,5801570e)@1.opener(rand,4)@1	ab(d6,tt,ord,nb200k)@1.classic(t1,c4,w0,l0)@2.dil(r63)@1.opener(rand,4)@1	W	39	15	13	498.898	148.313	437.500	125.000	20	19	1382272	412845	85.00	42.00	16	7	59111830	12
2026-07-26T21:52:37Z	20260726T215027Z	boards/board1.txt	ab(d8,tt,ord,nb2m)@1.classic(t1,c4,w0,l0)@2.opener(rand,4)@1	ab(d6,tt,ord,nb200k)@1.classic(t1,c4,w0,l0)@2.dil(r63)@1.opener(rand,4)@1	W	47	11	9	3225.158	26.458	2671.875	15.625	24	23	8597820	52444	137.00	45.00	20	9	2507619806	12
2026-07-26T21:52:37Z	20260726T215027Z	boards/board1.txt	rand@1	ab(d6,tt,ord,nb200k)@1.classic(t1,c4,w0,l0)@2.dil(r63)@1.opener(rand,4)@1	B	24	14	16	0.012	87.341	0.000	78.125	12	12	0	188090	0.00	19.00	0	4	522815268	12
2026-07-26T21:52:37Z	20260726T215027Z	boards/board1.txt	rand@1	ab(d6,tt,ord,nb200k)@1.classic(t1,c4,w0,l0)@2.dil(r63)@1.opener(rand,4)@1	B	50	12	15	0.019	78.386	0.000	62.500	25	25	0	224023	0.00	20.00	0	5	2644802107	12
2026-07-26T21:52:46Z	20260726T215027Z	boards/board1.txt	ab(d6,tt,ord,nb200k)@1.learned(s111,78ef6974)@1.opener(rand,4)@1	ab(d6,tt,ord,nb200k)@1.classic(t1,c4,w0,l0)@2.opener(rand,4)@1	B	73	4	8	8843.594	339.622	7593.750	281.250	37	36	1665408	776956	184.00	183.00	33	32	3264849761	12
2026-07-26T21:52:47Z	20260726T215027Z	boards/board1.txt	ab(d6,tt,ord,nb200k)@1.learned(s3,68364898)@1.opener(rand,4)@1	ab(d6,tt,ord,nb200k)@1.classic(t1,c4,w0,l0)@2.opener(rand,4)@1	W	56	8	10	511.989	310.559	453.125	296.875	28	28	1290132	820258	135.00	130.00	24	24	536619083	12
2026-07-26T21:52:48Z	20260726T215027Z	boards/board1.txt	ab(d6,tt,ord,nb200k)@1.learned(s6,eac8ab99)@1.opener(rand,4)@1	ab(d6,tt,ord,nb200k)@1.classic(t1,c4,w0,l0)@2.opener(rand,4)@1	W	60	10	10	735.397	430.702	609.375	359.375	30	30	1849352	1010596	147.00	142.00	26	26	4155467073	12
2026-07-26T21:52:49Z	20260726T215027Z	boards/board1.txt	ab(d6,tt,ord,nb200k)@1.learned(s6,eac8ab99)@1.opener(rand,4)@1	ab(d6,tt,ord,nb200k)@1.classic(t1,c4,w0,l0)@2.opener(rand,4)@1	W	52	7	10	508.647	395.210	484.375	312.500	26	26	1506022	890485	123.00	118.00	22	22	1595351116	12
2026-07-26T21:52:50Z	20260726T215027Z	boards/board1.txt	ab(d6,tt,ord,nb200k)@1.learned(s76,ef183148)@1.opener(rand,4)@1	ab(d6,tt,ord,nb200k)@1.classic(t1,c4,w0,l0)@2.opener(rand,4)@1	B	63	9	9	885.309	650.182	812.500	406.250	32	31	2432582	1212899	154.00	153.00	28	27	404969587	12
2026-07-26T21:52:52Z	20260726T215027Z	boards/board1.txt	ab(d6,tt,ord,nb200k)@1.learned(s98,5801570e)@1.opener(rand,4)@1	ab(d6,tt,ord,nb200k)@1.classic(t1,c4,w0,l0)@2.opener(rand,4)@1	W	66	7	9	737.406	532.041	593.750	500.000	33	33	2026258	1294409	165.00	160.00	29	29	1495063922	12
2026-07-26T21:52:53Z	20260726T215027Z	boards/board1.txt	ab(d6,tt,ord,qs,nb200k)@1.learned(s98,5801570e)@1.opener(rand,4)@1	ab(d6,tt,ord,nb200k)@1.classic(t1,c4,w0,l0)@2.opener(rand,4)@1	W	58	9	10	1000.780	499.100	796.875	453.125	29	29	2713165	1173061	140.00	136.00	25	25	3813995075	12
2026-07-26T21:52:54Z	20260726T215027Z	boards/board1.txt	ab(d6,tt,ord,qs,nb200k)@1.learned(s98,5801570e)@1.opener(rand,4)@1	ab(d6,tt,ord,nb200k)@1.classic(t1,c4,w0,l0)@2.opener(rand,4)@1	W	52	11	12	776.302	410.244	703.125	328.125	26	26	2024428	992024	122.79	118.00	22	22	2281326586	12
2026-07-26T21:53:00Z	20260726T215027Z	boards/board1.txt	ab(d8,tt,ord,nb2m)@1.classic(t1,c4,w0,l0)@2.opener(rand,4)@1	ab(d6,tt,ord,nb200k)@1.classic(t1,c4,w0,l0)@2.opener(rand,4)@1	W	56	10	12	6053.350	161.596	5359.375	140.625	28	28	15764451	480371	176.00	130.00	24	24	735219314	12
2026-07-26T21:53:01Z	20260726T215027Z	boards/board1.txt	rand@1	ab(d6,tt,ord,nb200k)@1.classic(t1,c4,w0,l0)@2.opener(rand,4)@1	B	26	14	16	0.018	130.112	0.000	109.375	13	13	0	368891	0.00	44.00	0	9	1728218565	12
2026-07-26T21:53:13Z	20260726T215027Z	boards/board1.txt	ab(d6,tt,ord,nb200k)@1.learned(s3,68364898)@1.opener(rand,4)@1	ab(d6,tt,ord,nb200k)@1.learned(s111,78ef6974)@1.opener(rand,4)@1	W	64	11	7	778.239	11491.909	703.125	9671.875	32	32	2046643	2121766	158.69	153.95	28	28	3638313159	12
2026-07-26T21:53:32Z	20260726T215027Z	boards/board1.txt	ab(d6,tt,ord,nb200k)@1.learned(s3,68364898)@1.opener(rand,4)@1	ab(d6,tt,ord,nb200k)@1.learned(s111,78ef6974)@1.opener(rand,4)@1	B	85	7	6	1005.522	17918.270	921.875	15437.500	43	42	2294298	3266460	220.00	217.44	39	38	1254817790	12
2026-07-26T21:53:48Z	20260726T215027Z	boards/board1.txt	ab(d6,tt,ord,nb200k)@1.learned(s6,eac8ab99)@1.opener(rand,4)@1	ab(d6,tt,ord,nb200k)@1.learned(s111,78ef6974)@1.opener(rand,4)@1	W	78	8	6	915.576	14823.089	625.000	12328.125	39	39	2209367	2666815	201.00	194.86	35	35	1471735619	12
2026-07-26T21:54:06Z	20260726T215027Z	boards/board1.txt	ab(d6,tt,ord,nb200k)@1.learned(s76,ef183148)@1.opener(rand,4)@1	ab(d6,tt,ord,nb200k)@1.learned(s111,78ef6974)@1.opener(rand,4)@1	W	64	11	8	1148.168	17144.517	984.375	15046.875	32	32	3068488	3012461	157.18	151.86	28	28	1051143734	12
2026-07-26T21:54:21Z	20260726T215027Z	boards/board1.txt	ab(d6,tt,ord,nb200k)@1.learned(s98,5801570e)@1.opener(rand,4)@1	ab(d6,tt,ord,nb200k)@1.learned(s111,78ef6974)@1.opener(rand,4)@1	W	60	11	7	848.311	14156.230	671.875	11984.375	30	30	2063515	2519838	147.00	140.71	26	26	3398701730	12
2026-07-26T21:54:38Z	20260726T215027Z	boards/board1.txt	ab(d6,tt,ord,nb200k)@1.learned(s98,5801570e)@1.opener(rand,4)@1	ab(d6,tt,ord,nb200k)@1.learned(s111,78ef6974)@1.opener(rand,4)@1	B	71	6	9	1006.686	16583.767	875.000	13968.750	36	35	2849793	2953414	177.45	176.82	32	31	3515776685	12
2026-07-26T21:54:57Z	20260726T215027Z	boards/board1.txt	ab(d6,tt,ord,qs,nb200k)@1.learned(s98,5801570e)@1.opener(rand,4)@1	ab(d6,tt,ord,nb200k)@1.learned(s111,78ef6974)@1.opener(rand,4)@1	W	70	9	9	1178.382	17794.354	984.375	15500.000	35	35	3188990	3231701	176.91	170.82	31	31	2171158893	12
2026-07-26T21:55:03Z	20260726T215027Z	boards/board1.txt	ab(d8,tt,ord,nb2m)@1.classic(t1,c4,w0,l0)@2.opener(rand,4)@1	ab(d6,tt,ord,nb200k)@1.learned(s111,78ef6974)@1.opener(rand,4)@1	W	34	14	12	3290.535	2499.496	2828.125	2078.125	17	17	8635734	476657	88.00	64.00	13	13	3372665173	12
2026-07-26T21:55:16Z	20260726T215027Z	boards/board1.txt	rand@1	ab(d6,tt,ord,nb200k)@1.learned(s111,78ef6974)@1.opener(rand,4)@1	B	44	9	16	0.038	13065.102	0.000	11500.000	22	22	0	2394621	0.00	97.92	0	18	2772747617	12
2026-07-26T21:55:24Z	20260726T215027Z	boards/board1.txt	rand@1	ab(d6,tt,ord,nb200k)@1.learned(s111,78ef6974)@1.opener(rand,4)@1	B	36	11	16	0.030	7481.515	0.000	6875.000	18	18	0	1516997	0.00	74.00	0	14	3353950444	12
2026-07-26T21:55:25Z	20260726T215027Z	boards/board1.txt	ab(d6,tt,ord,nb200k)@1.learned(s6,eac8ab99)@1.opener(rand,4)@1	ab(d6,tt,ord,nb200k)@1.learned(s3,68364898)@1.opener(rand,4)@1	W	56	9	7	588.445	421.077	468.750	453.125	28	28	1515574	1193390	135.00	130.00	24	24	1618958963	12
2026-07-26T21:55:26Z	20260726T215027Z	boards/board1.txt	ab(d6,tt,ord,nb200k)@1.learned(s76,ef183148)@1.opener(rand,4)@1	ab(d6,tt,ord,nb200k)@1.learned(s3,68364898)@1.opener(rand,4)@1	W	70	9	4	781.869	823.102	671.875	703.125	35	35	2006106	2458449	177.00	170.77	31	31	2553061382	12
2026-07-26T21:55:28Z	20260726T215027Z	boards/board1.txt	ab(d6,tt,ord,nb200k)@1.learned(s98,5801570e)@1.opener(rand,4)@1	ab(d6,tt,ord,nb200k)@1.learned(s3,68364898)@1.opener(rand,4)@1	W	68	6	7	629.410	564.694	484.375	500.000	34	34	1739397	1481662	171.00	166.00	30	30	2314755602	12
2026-07-26T21:55:29Z	20260726T215027Z	boards/board1.txt	ab(d6,tt,ord,nb200k)@1.learned(s98,5801570e)@1.opener(rand,4)@1	ab(d6,tt,ord,nb200k)@1.learned(s3,68364898)@1.opener(rand,4)@1	W	66	10	8	981.307	765.103	843.750	750.000	33	33	2507469	2418554	164.32	158.96	29	29	4067107805	12
2026-07-26T21:55:31Z	20260726T215027Z	boards/board1.txt	ab(d6,tt,ord,qs,nb200k)@1.learned(s98,5801570e)@1.opener(rand,4)@1	ab(d6,tt,ord,nb200k)@1.learned(s3,68364898)@1.opener(rand,4)@1	B	76	7	7	930.707	758.170	718.750	546.875	38	38	2112344	2052638	190.00	190.00	34	34	176136765	12
2026-07-26T21:55:36Z	20260726T215027Z	boards/board1.txt	ab(d8,tt,ord,nb2m)@1.classic(t1,c4,w0,l0)@2.opener(rand,4)@1	ab(d6,tt,ord,nb200k)@1.learned(s3,68364898)@1.opener(rand,4)@1	B	63	10	8	4668.143	211.060	4203.125	156.250	32	31	13618288	595435	201.00	153.00	28	27	237927173	12
2026-07-26T21:55:36Z	20260726T215027Z	boards/board1.txt	rand@1	ab(d6,tt,ord,nb200k)@1.learned(s3,68364898)@1.opener(rand,4)@1	B	22	12	16	0.016	138.817	0.000	109.375	11	11	0	426898	0.00	37.00	0	7	3616492625	12
2026-07-26T21:55:36Z	20260726T215027Z	boards/board1.txt	rand@1	ab(d6,tt,ord,nb200k)@1.learned(s3,68364898)@1.opener(rand,4)@1	B	38	12	15	0.030	465.377	0.000	453.125	19	19	0	1454054	0.00	79.07	0	15	991634588	12
2026-07-26T21:55:38Z	20260726T215027Z	boards/board1.txt	ab(d6,tt,ord,nb200k)@1.learned(s76,ef183148)@1.opener(rand,4)@1	ab(d6,tt,ord,nb200k)@1.learned(s6,eac8ab99)@1.opener(rand,4)@1	B	61	10	10	603.926	597.947	562.500	593.750	31	30	1870409	1839020	148.00	147.00	27	26	3262111611	12
2026-07-26T21:55:39Z	20260726T215027Z	boards/board1.txt	ab(d6,tt,ord,nb200k)@1.learned(s98,5801570e)@1.opener(rand,4)@1	ab(d6,tt,ord,nb200k)@1.learned(s6,eac8ab99)@1.opener(rand,4)@1	W	68	8	10	591.847	614.310	562.500	625.000	34	34	1905655	1802889	171.00	166.00	30	30	3774158538	12
2026-07-26T21:55:40Z	20260726T215027Z	boards/board1.txt	ab(d6,tt,ord,qs,nb200k)@1.learned(s98,5801570e)@1.opener(rand,4)@1	ab(d6,tt,ord,nb200k)@1.learned(s6,eac8ab99)@1.opener(rand,4)@1	W	50	12	11	685.599	578.497	625.000	531.250	25	25	1926574	1926014	116.56	112.00	21	21	3409394715	12
2026-07-26T21:55:42Z	20260726T215027Z	boards/board1.txt	ab(d6,tt,ord,qs,nb200k)@1.learned(s98,5801570e)@1.opener(rand,4)@1	ab(d6,tt,ord,nb200k)@1.learned(s6,eac8ab99)@1.opener(rand,4)@1	B	72	8	7	969.125	801.112	890.625	687.500	36	36	3023035	2437269	176.63	178.00	32	32	1735703698	12
2026-07-26T21:55:45Z	20260726T215027Z	boards/board1.txt	ab(d8,tt,ord,nb2m)@1.classic(t1,c4,w0,l0)@2.opener(rand,4)@1	ab(d6,tt,ord,nb200k)@1.learned(s6,eac8ab99)@1.opener(rand,4)@1	W	40	13	13	3055.502	206.008	2859.375	187.500	20	20	8721728	615577	112.00	82.00	16	16	2103514954	12
2026-07-26T21:55:45Z	20260726T215027Z	boards/board1.txt	rand@1	ab(d6,tt,ord,nb200k)@1.learned(s6,eac8ab99)@1.opener(rand,4)@1	B	22	12	16	0.012	75.527	0.000	78.125	11	11	0	231418	0.00	37.00	0	7	3414532477	12
2026-07-26T21:55:46Z	20260726T215027Z	boards/board1.txt	ab(d6,tt,ord,nb200k)@1.learned(s98,5801570e)@1.opener(rand,4)@1	ab(d6,tt,ord,nb200k)@1.learned(s76,ef183148)@1.opener(rand,4)@1	W	48	13	10	442.822	448.010	390.625	453.125	24	24	1246422	1397076	111.00	106.00	20	20	1359621006	12
2026-07-26T21:55:47Z	20260726T215027Z	boards/board1.txt	ab(d6,tt,ord,nb200k)@1.learned(s98,5801570e)@1.opener(rand,4)@1	ab(d6,tt,ord,nb200k)@1.learned(s76,ef183148)@1.opener(rand,4)@1	W	68	9	7	690.488	649.408	687.500	546.875	34	34	1920505	1971764	171.00	166.00	30	30	263677769	12
2026-07-26T21:55:49Z	20260726T215027Z	boards/board1.txt	ab(d6,tt,ord,qs,nb200k)@1.learned(s98,5801570e)@1.opener(rand,4)@1	ab(d6,tt,ord,nb200k)@1.learned(s76,ef183148)@1.opener(rand,4)@1	W	58	10	9	679.077	799.664	640.625	750.000	29	29	2102937	2325953	139.85	135.90	25	25	2684069777	12
2026-07-26T21:55:55Z	20260726T215027Z	boards/board1.txt	ab(d8,tt,ord,nb2m)@1.classic(t1,c4,w0,l0)@2.opener(rand,4)@1	ab(d6,tt,ord,nb200k)@1.learned(s76,ef183148)@1.opener(rand,4)@1	W	58	10	9	5803.504	308.043	5375.000	281.250	29	29	16486833	977140	183.00	135.53	25	25	807835649	12
2026-07-26T21:55:55Z	20260726T215027Z	boards/board1.txt	rand@1	ab(d6,tt,ord,nb200k)@1.learned(s76,ef183148)@1.opener(rand,4)@1	B	34	11	16	0.029	379.376	0.000	328.125	17	17	0	1206128	0.00	73.00	0	13	2810133269	12
2026-07-26T21:55:56Z	20260726T215027Z	boards/board1.txt	rand@1	ab(d6,tt,ord,nb200k)@1.learned(s76,ef183148)@1.opener(rand,4)@1	B	44	10	15	0.035	599.825	0.000	515.625	22	22	0	1719781	0.00	95.00	0	18	2426266304	12
2026-07-26T21:55:58Z	20260726T215027Z	boards/board1.txt	ab(d6,tt,ord,qs,nb200k)@1.learned(s98,5801570e)@1.opener(rand,4)@1	ab(d6,tt,ord,nb200k)@1.learned(s98,5801570e)@1.opener(rand,4)@1	B	80	8	8	994.452	772.006	1031.250	625.000	40	40	2952840	2314164	207.00	207.00	36	36	1026266624	12
2026-07-26T21:56:03Z	20260726T215027Z	boards/board1.txt	ab(d8,tt,ord,nb2m)@1.classic(t1,c4,w0,l0)@2.opener(rand,4)@1	ab(d6,tt,ord,nb200k)@1.learned(s98,5801570e)@1.opener(rand,4)@1	B	55	11	10	4502.703	189.238	4156.250	140.625	28	27	13121645	550547	169.00	129.00	24	23	2680243876	12
2026-07-26T21:56:03Z	20260726T215027Z	boards/board1.txt	rand@1	ab(d6,tt,ord,nb200k)@1.learned(s98,5801570e)@1.opener(rand,4)@1	B	20	12	16	0.014	163.943	0.000	140.625	10	10	0	432954	0.00	31.00	0	6	1601927062	12
2026-07-26T21:56:03Z	20260726T215027Z	boards/board1.txt	rand@1	ab(d6,tt,ord,nb200k)@1.learned(s98,5801570e)@1.opener(rand,4)@1	B	24	13	16	0.018	294.557	0.000	125.000	12	12	0	469625	0.00	43.00	0	8	1279710769	12
2026-07-26T21:56:09Z	20260726T215027Z	boards/board1.txt	ab(d8,tt,ord,nb2m)@1.classic(t1,c4,w0,l0)@2.opener(rand,4)@1	ab(d6,tt,ord,qs,nb200k)@1.learned(s98,5801570e)@1.opener(rand,4)@1	W	59	12	9	5944.541	164.441	5562.500	156.250	30	29	17107502	584910	191.87	141.00	26	25	3924845424	12
2026-07-26T21:56:09Z	20260726T215027Z	boards/board1.txt	rand@1	ab(d6,tt,ord,qs,nb200k)@1.learned(s98,5801570e)@1.opener(rand,4)@1	B	18	12	16	0.012	83.917	0.000	93.750	9	9	0	227731	0.00	25.00	0	5	3223242879	12
2026-07-26T21:56:10Z	20260726T215027Z	boards/board1.txt	rand@1	ab(d8,tt,ord,nb2m)@1.classic(t1,c4,w0,l0)@2.opener(rand,4)@1	B	22	15	16	0.015	1126.232	0.000	1046.875	11	11	0	3345985	0.00	42.00	0	7	1324671186	12
2026-07-26T21:56:12Z	20260726T215027Z	boards/board1.txt	rand@1	ab(d8,tt,ord,nb2m)@1.classic(t1,c4,w0,l0)@2.opener(rand,4)@1	B	22	13	15	0.016	1314.005	0.000	1171.875	11	11	0	3616233	0.00	49.00	0	7	906782237	12
2026-07-26T21:50:27Z	20260726T215027Z	boards/board1.txt	ab(d2)@1.classic(t1,c4,w0,l0)@2.opener(rand,4)@1	ab(d4)@1.classic(t1,c4,w0,l0)@2.opener(rand,4)@1	B	44	13	13	0.187	6.906	0.000	0.000	22	22	2342	113409	34.00	72.00	18	18	1636941564	12
2026-07-26T21:50:27Z	20260726T215027Z	boards/board1.txt	ab(d2)@1.classic(t1,c4,w0,l0)@2.opener(rand,4)@1	ab(d4)@1.classic(t1,c4,w0,l0)@2.opener(rand,4)@1	B	52	11	12	0.176	18.345	0.000	15.625	26	26	2739	144029	42.00	84.00	22	22	2646487537	12
2026-07-26T21:50:28Z	20260726T215027Z	boards/board1.txt	ab(d2)@1.classic(t1,c4,w0,l0)@2.opener(rand,4)@1	ab(d6,ord,nb200k)@1.adv(t20,c77,w0,l0,f0,d-2,e0,m0,h0,b1,o0,r0,x0,n0,s1,g1)@1.opener(rand,4)@1	B	44	12	12	0.202	906.547	15.625	812.500	22	22	2429	2453666	34.00	93.48	18	18	3229095487	12
2026-07-26T21:50:28Z	20260726T215027Z	boards/board1.txt	ab(d2)@1.classic(t1,c4,w0,l0)@2.opener(rand,4)@1	ab(d6,tt,ord,nb200k)@1.classic(t1,c4,w0,l0)@2.dil(r30,d4)@1.opener(rand,4)@1	B	40	14	14	0.212	267.609	0.000	250.000	20	20	2635	742120	30.00	77.00	16	16	477342455	12
2026-07-26T21:50:28Z	20260726T215027Z	boards/board1.txt	ab(d2)@1.classic(t1,c4,w0,l0)@2.opener(rand,4)@1	ab(d6,tt,ord,nb200k)@1.classic(t1,c4,w0,l0)@2.dil(r63)@1.opener(rand,4)@1	W	21	16	14	0.055	0.006	0.000	0.000	11	10	664	0	14.00	0.00	7	0	2791898032	12
2026-07-26T21:50:28Z	20260726T215027Z	boards/board1.txt	ab(d2)@1.classic(t1,c4,w0,l0)@2.opener(rand,4)@1	ab(d6,tt,ord,nb200k)@1.classic(t1,c4,w0,l0)@2.dil(r63)@1.opener(rand,4)@1	W	36	16	12	0.156	102.382	0.000	93.750	18	18	2083	304983	28.00	31.00	14	6	3890173285	12
2026-07-26T21:50:29Z	20260726T215027Z	boards/board1.txt	ab(d2)@1.classic(t1,c4,w0,l0)@2.opener(rand,4)@1	ab(d6,tt,ord,nb200k)@1.classic(t1,c4,w0,l0)@2.opener(rand,4)@1	B	46	15	15	0.234	356.554	0.000	281.250	23	23	2960	951201	36.00	101.00	19	19	2665967903	12
2026-07-26T21:50:47Z	20260726T215027Z	boards/board1.txt	ab(d2)@1.classic(t1,c4,w0,l0)@2.opener(rand,4)@1	ab(d6,tt,ord,nb200k)@1.learned(s111,78ef6974)@1.opener(rand,4)@1	B	62	11	10	0.351	18058.667	0.000	16609.375	31	31	3939	3558626	52.00	147.00	27	27	994382458	12
2026-07-26T21:50:47Z	20260726T215027Z	boards/board1.txt	ab(d2)@1.classic(t1,c4,w0,l0)@2.opener(rand,4)@1	ab(d6,tt,ord,nb200k)@1.learned(s3,68364898)@1.opener(rand,4)@1	B	38	12	12	0.150	417.041	0.000	328.125	19	19	1683	1232559	28.00	76.00	15	15	2986946673	12
2026-07-26T21:50:48Z	20260726T215027Z	boards/board1.txt	ab(d2)@1.classic(t1,c4,w0,l0)@2.opener(rand,4)@1	ab(d6,tt,ord,nb200k)@1.learned(s3,68364898)@1.opener(rand,4)@1	B	66	8	8	0.246	865.159	0.000	703.125	33	33	2478	2374730	56.00	160.00	29	29	2995126566	12
2026-07-26T21:50:48Z	20260726T215027Z	boards/board1.txt	ab(d2)@1.classic(t1,c4,w0,l0)@2.opener(rand,4)@1	ab(d6,tt,ord,nb200k)@1.learned(s6,eac8ab99)@1.opener(rand,4)@1	B	52	12	11	0.232	511.141	0.000	484.375	26	26	2573	1574248	42.00	119.00	22	22	2736861827	12
2026-07-26T21:50:49Z	20260726T215027Z	boards/board1.txt	ab(d2)@1.classic(t1,c4,w0,l0)@2.opener(rand,4)@1	ab(d6,tt,ord,nb200k)@1.learned(s76,ef183148)@1.opener(rand,4)@1	B	60	10	8	0.237	572.726	0.000	546.875	30	30	2610	1921750	50.00	142.00	26	26	1281034284	12
2026-07-26T21:50:49Z	20260726T215027Z	boards/board1.txt	ab(d2)@1.classic(t1,c4,w0,l0)@2.opener(rand,4)@1	ab(d6,tt,ord,nb200k)@1.learned(s98,5801570e)@1.opener(rand,4)@1	B	46	13	12	0.218	383.431	0.000	359.375	23	23	2611	1198024	36.00	101.00	19	19	1037274234	12
2026-07-26T21:50:50Z	20260726T215027Z	boards/board1.txt	ab(d2)@1.classic(t1,c4,w0,l0)@2.opener(rand,4)@1	ab(d6,tt,ord,nb200k)@1.learned(s98,5801570e)@1.opener(rand,4)@1	B	52	10	10	0.211	496.784	0.000	484.375	26	26	2419	1516283	42.00	118.00	22	22	1442882211	12
2026-07-26T21:50:50Z	20260726T215027Z	boards/board1.txt	ab(d2)@1.classic(t1,c4,w0,l0)@2.opener(rand,4)@1	ab(d6,tt,ord,qs,nb200k)@1.learned(s98,5801570e)@1.opener(rand,4)@1	B	46	12	12	0.202	638.258	0.000	625.000	23	23	2273	1907696	36.00	98.00	19	19	3255815321	12
2026-07-26T21:50:56Z	20260726T215027Z	boards/board1.txt	ab(d2)@1.classic(t1,c4,w0,l0)@2.opener(rand,4)@1	ab(d8,tt,ord,nb2m)@1.classic(t1,c4,w0,l0)@2.opener(rand,4)@1	B	56	12	11	0.293	5787.275	0.000	5062.500	28	28	3645	15356668	46.00	163.00	24	24	3182442721	12
2026-07-26T21:50:56Z	20260726T215027Z	boards/board1.txt	ab(d2)@1.classic(t1,c4,w0,l0)@2.opener(rand,4)@1	rand@1	W	23	16	12	0.063	0.006	0.000	0.000	12	11	767	0	16.00	0.00	8	0	1185329727	12
2026-07-26T21:50:56Z	20260726T215027Z	boards/board1.txt	ab(d2)@1.classic(t1,c4,w0,l0)@2.opener(rand,4)@1	rand@1	W	13	16	13	0.020	0.003	0.000	0.000	7	6	218	0	6.00	0.00	3	0	978830528	12
2026-07-26T21:50:57Z	20260726T215027Z	boards/board1.txt	ab(d4)@1.classic(t1,c4,w0,l0)@2.opener(rand,4)@1	ab(d6,ord,nb200k)@1.adv(t20,c77,w0,l0,f0,d-2,e0,m0,h0,b1,o0,r0,x0,n0,s1,g1)@1.opener(rand,4)@1	B	52	10	10	7.804	907.931	0.000	812.500	26	26	83803	2511187	81.00	117.88	22	22	1302033617	12
2026-07-26T21:50:57Z	20260726T215027Z	boards/board1.txt	ab(d4)@1.classic(t1,c4,w0,l0)@2.opener(rand,4)@1	ab(d6,tt,ord,nb200k)@1.classic(t1,c4,w0,l0)@2.dil(r30,d4)@1.opener(rand,4)@1	B	44	12	11	8.757	229.077	0.000	203.125	22	22	126404	675659	65.00	86.00	18	18	2657108285	12
2026-07-26T21:50:58Z	20260726T215027Z	boards/board1.txt	ab(d4)@1.classic(t1,c4,w0,l0)@2.opener(rand,4)@1	ab(d6,tt,ord,nb200k)@1.classic(t1,c4,w0,l0)@2.dil(r63)@1.opener(rand,4)@1	W	41	14	13	7.818	175.842	0.000	156.250	21	20	114191	512049	68.00	49.00	17	9	2092520434	12
2026-07-26T21:50:58Z	20260726T215027Z	boards/board1.txt	ab(d4)@1.classic(t1,c4,w0,l0)@2.opener(rand,4)@1	ab(d6,tt,ord,nb200k)@1.classic(t1,c4,w0,l0)@2.dil(r63)@1.opener(rand,4)@1	W	23	15	13	3.369	89.267	0.000	46.875	12	11	40580	270651	32.00	30.00	8	5	281422235	12
2026-07-26T21:50:58Z	20260726T215027Z	boards/board1.txt	ab(d4)@1.classic(t1,c4,w0,l0)@2.opener(rand,4)@1	ab(d6,tt,ord,nb200k)@1.classic(t1,c4,w0,l0)@2.opener(rand,4)@1	B	44	11	12	6.397	259.858	15.625	234.375	22	22	98051	755463	65.00	94.00	18	18	989245917	12
2026-07-26T21:51:12Z	20260726T215027Z	boards/board1.txt	ab(d4)@1.classic(t1,c4,w0,l0)@2.opener(rand,4)@1	ab(d6,tt,ord,nb200k)@1.learned(s111,78ef6974)@1.opener(rand,4)@1	W	56	10	8	7.361	13720.276	0.000	12484.375	28	28	105482	2716836	96.00	129.73	24	24	56000404	12
2026-07-26T21:51:12Z	20260726T215027Z	boards/board1.txt	ab(d4)@1.classic(t1,c4,w0,l0)@2.opener(rand,4)@1	ab(d6,tt,ord,nb200k)@1.learned(s3,68364898)@1.opener(rand,4)@1	B	54	10	8	6.485	442.636	0.000	421.875	27	27	94264	1468567	85.00	124.00	23	23	2858192135	12
2026-07-26T21:51:13Z	20260726T215027Z	boards/board1.txt	ab(d4)@1.classic(t1,c4,w0,l0)@2.opener(rand,4)@1	ab(d6,tt,ord,nb200k)@1.learned(s3,68364898)@1.opener(rand,4)@1	B	50	10	10	5.977	539.908	0.000	500.000	25	25	90430	1625313	77.00	112.00	21	21	1510591368	12
2026-07-26T21:51:13Z	20260726T215027Z	boards/board1.txt	ab(d4)@1.classic(t1,c4,w0,l0)@2.opener(rand,4)@1	ab(d6,tt,ord,nb200k)@1.learned(s6,eac8ab99)@1.opener(rand,4)@1	B	50	10	11	5.922	472.938	31.250	453.125	25	25	87261	1482027	77.00	112.00	21	21	589569253	12
2026-07-26T21:51:14Z	20260726T215027Z	boards/board1.txt	ab(d4)@1.classic(t1,c4,w0,l0)@2.opener(rand,4)@1	ab(d6,tt,ord,nb200k)@1.learned(s76,ef183148)@1.opener(rand,4)@1	B	52	11	10	5.997	595.894	15.625	562.500	26	26	89171	1877918	81.00	118.00	22	22	3908422074	12
2026-07-26T21:51:14Z	20260726T215027Z	boards/board1.txt	ab(d4)@1.classic(t1,c4,w0,l0)@2.opener(rand,4)@1	ab(d6,tt,ord,nb200k)@1.learned(s98,5801570e)@1.opener(rand,4)@1	B	58	9	10	10.177	620.898	31.250	609.375	29	29	163428	1921615	93.00	136.00	25	25	447718128	12
2026-07-26T21:51:15Z	20260726T215027Z	boards/board1.txt	ab(d4)@1.classic(t1,c4,w0,l0)@2.opener(rand,4)@1	ab(d6,tt,ord,nb200k)@1.learned(s98,5801570e)@1.opener(rand,4)@1	B	62	9	9	8.370	472.946	0.000	453.125	31	31	129943	1444454	101.00	148.00	27	27	4001056805	12
2026-07-26T21:51:15Z	20260726T215027Z	boards/board1.txt	ab(d4)@1.classic(t1,c4,w0,l0)@2.opener(rand,4)@1	ab(d6,tt,ord,qs,nb200k)@1.learned(s98,5801570e)@1.opener(rand,4)@1	B	52	10	10	7.408	549.521	15.625	406.250	26	26	100728	1422118	81.00	116.00	22	22	2624087671	12
2026-07-26T21:51:19Z	20260726T215027Z	boards/board1.txt	ab(d4)@1.classic(t1,c4,w0,l0)@2.opener(rand,4)@1	ab(d8,tt,ord,nb2m)@1.classic(t1,c4,w0,l0)@2.opener(rand,4)@1	B	36	13	13	5.510	3312.529	15.625	2968.750	18	18	83226	9227030	49.00	89.00	14	14	1064571043	12
2026-07-26T21:51:19Z	20260726T215027Z	boards/board1.txt	ab(d4)@1.classic(t1,c4,w0,l0)@2.opener(rand,4)@1	rand@1	W	19	16	12	2.343	0.006	0.000	0.000	10	9	17909	0	24.00	0.00	6	0	3431043301	12
2026-07-26T21:51:19Z	20260726T215027Z	boards/board1.txt	ab(d4)@1.classic(t1,c4,w0,l0)@2.opener(rand,4)@1	rand@1	W	19	16	13	2.300	0.005	0.000	0.000	10	9	21595	0	24.00	0.00	6	0	3918906218	12
2026-07-26T21:51:20Z	20260726T215027Z	boards/board1.txt	ab(d6,ord,nb200k)@1.adv(t20,c77,w0,l0,f0,d-2,e0,m0,h0,b1,o0,r0,x0,n0,s1,g1)@1.opener(rand,4)@1	ab(d6,tt,ord,nb200k)@1.classic(t1,c4,w0,l0)@2.dil(r30,d4)@1.opener(rand,4)@1	B	45	10	11	697.541	178.418	734.375	109.375	23	22	2009376	636837	100.00	91.00	19	18	3544740891	12
2026-07-26T21:51:21Z	20260726T215027Z	boards/board1.txt	ab(d6,ord,nb200k)@1.adv(t20,c77,w0,l0,f0,d-2,e0,m0,h0,b1,o0,r0,x0,n0,s1,g1)@1.opener(rand,4)@1	ab(d6,tt,ord,nb200k)@1.classic(t1,c4,w0,l0)@2.dil(r63)@1.opener(rand,4)@1	W	39	15	10	784.588	83.206	750.000	93.750	20	19	2267339	289867	84.34	24.00	16	4	2875707755	12
2026-07-26T21:51:22Z	20260726T215027Z	boards/board1.txt	ab(d6,ord,nb200k)@1.adv(t20,c77,w0,l0,f0,d-2,e0,m0,h0,b1,o0,r0,x0,n0,s1,g1)@1.opener(rand,4)@1	ab(d6,tt,ord,nb200k)@1.classic(t1,c4,w0,l0)@2.opener(rand,4)@1	W	78	9	6	1262.746	458.850	1109.375	406.250	39	39	3447350	1538312	200.90	196.00	35	35	2344680190	12
2026-07-26T21:51:23Z	20260726T215027Z	boards/board1.txt	ab(d6,ord,nb200k)@1.adv(t20,c77,w0,l0,f0,d-2,e0,m0,h0,b1,o0,r0,x0,n0,s1,g1)@1.opener(rand,4)@1	ab(d6,tt,ord,nb200k)@1.classic(t1,c4,w0,l0)@2.opener(rand,4)@1	W	46	11	11	865.065	302.517	859.375	250.000	23	23	2395754	1007998	104.67	100.00	19	19	685358983	12
2026-07-26T21:51:40Z	20260726T215027Z	boards/board1.txt	ab(d6,ord,nb200k)@1.adv(t20,c77,w0,l0,f0,d-2,e0,m0,h0,b1,o0,r0,x0,n0,s1,g1)@1.opener(rand,4)@1	ab(d6,tt,ord,nb200k)@1.learned(s111,78ef6974)@1.opener(rand,4)@1	B	77	9	6	1238.828	15043.193	1093.750	13515.625	39	38	3344463	2836734	195.72	193.91	35	34	3388385542	12
2026-07-26T21:51:41Z	20260726T215027Z	boards/board1.txt	ab(d6,ord,nb200k)@1.adv(t20,c77,w0,l0,f0,d-2,e0,m0,h0,b1,o0,r0,x0,n0,s1,g1)@1.opener(rand,4)@1	ab(d6,tt,ord,nb200k)@1.learned(s3,68364898)@1.opener(rand,4)@1	W	52	11	10	1144.607	555.972	1093.750	515.625	26	26	3079879	1753305	122.43	118.00	22	22	3086154136	12
2026-07-26T21:51:43Z	20260726T215027Z	boards/board1.txt	ab(d6,ord,nb200k)@1.adv(t20,c77,w0,l0,f0,d-2,e0,m0,h0,b1,o0,r0,x0,n0,s1,g1)@1.opener(rand,4)@1	ab(d6,tt,ord,nb200k)@1.learned(s6,eac8ab99)@1.opener(rand,4)@1	W	56	9	9	1038.753	771.844	1000.000	656.250	28	28	2797895	2331758	133.99	129.64	24	24	560316214	12
2026-07-26T21:51:45Z	20260726T215027Z	boards/board1.txt	ab(d6,ord,nb200k)@1.adv(t20,c77,w0,l0,f0,d-2,e0,m0,h0,b1,o0,r0,x0,n0,s1,g1)@1.opener(rand,4)@1	ab(d6,tt,ord,nb200k)@1.learned(s6,eac8ab99)@1.opener(rand,4)@1	B	65	8	8	1001.403	594.279	890.625	468.750	33	32	2658165	1849576	158.53	159.00	29	28	2490116351	12
2026-07-26T21:51:47Z	20260726T215027Z	boards/board1.txt	ab(d6,ord,nb200k)@1.adv(t20,c77,w0,l0,f0,d-2,e0,m0,h0,b1,o0,r0,x0,n0,s1,g1)@1.opener(rand,4)@1	ab(d6,tt,ord,nb200k)@1.learned(s76,ef183148)@1.opener(rand,4)@1	W	62	11	8	1013.614	768.781	1046.875	687.500	31	31	2930745	2491379	152.81	148.00	27	27	2214772016	12
2026-07-26T21:51:48Z	20260726T215027Z	boards/board1.txt	ab(d6,ord,nb200k)@1.adv(t20,c77,w0,l0,f0,d-2,e0,m0,h0,b1,o0,r0,x0,n0,s1,g1)@1.opener(rand,4)@1	ab(d6,tt,ord,nb200k)@1.learned(s98,5801570e)@1.opener(rand,4)@1	B	73	7	6	1072.601	620.338	937.500	515.625	37	36	2960313	1965098	184.00	183.00	33	32	293169565	12
2026-07-26T21:51:50Z	20260726T215027Z	boards/board1.txt	ab(d6,ord,nb200k)@1.adv(t20,c77,w0,l0,f0,d-2,e0,m0,h0,b1,o0,r0,x0,n0,s1,g1)@1.opener(rand,4)@1	ab(d6,tt,ord,qs,nb200k)@1.learned(s98,5801570e)@1.opener(rand,4)@1	B	45	12	11	875.529	430.312	812.500	343.750	23	22	2414073	1509478	99.50	96.30	19	18	153361680	12
2026-07-26T21:51:52Z	20260726T215027Z	boards/board1.txt	ab(d6,ord,nb200k)@1.adv(t20,c77,w0,l0,f0,d-2,e0,m0,h0,b1,o0,r0,x0,n0,s1,g1)@1.opener(rand,4)@1	ab(d6,tt,ord,qs,nb200k)@1.learned(s98,5801570e)@1.opener(rand,4)@1	B	65	8	9	1364.865	678.137	1296.875	625.000	33	32	3798964	2328728	157.98	158.29	29	28	888601029	12
2026-07-26T21:52:00Z	20260726T215027Z	boards/board1.txt	ab(d6,ord,nb200k)@1.adv(t20,c77,w0,l0,f0,d-2,e0,m0,h0,b1,o0,r0,x0,n0,s1,g1)@1.opener(rand,4)@1	ab(d8,tt,ord,nb2m)@1.classic(t1,c4,w0,l0)@2.opener(rand,4)@1	W	80	8	6	1365.055	6847.264	1218.750	6218.750	40	40	3783047	21417217	205.40	264.00	36	36	1368734365	12
2026-07-26T21:52:01Z	20260726T215027Z	boards/board1.txt	ab(d6,ord,nb200k)@1.adv(t20,c77,w0,l0,f0,d-2,e0,m0,h0,b1,o0,r0,x0,n0,s1,g1)@1.opener(rand,4)@1	rand@1	W	33	15	13	720.821	0.031	625.000	0.000	17	16	1896809	0	65.89	0.00	13	0	3200139082	12
2026-07-26T21:52:01Z	20260726T215027Z	boards/board1.txt	ab(d6,tt,ord,nb200k)@1.classic(t1,c4,w0,l0)@2.dil(r30,d4)@1.opener(rand,4)@1	ab(d6,tt,ord,nb200k)@1.classic(t1,c4,w0,l0)@2.dil(r63)@1.opener(rand,4)@1	W	15	16	13	34.946	0.007	15.625	0.000	8	7	69916	0	17.00	0.00	4	0	28267320	12
2026-07-26T21:52:01Z	20260726T215027Z	boards/board1.txt	ab(d6,tt,ord,nb200k)@1.classic(t1,c4,w0,l0)@2.dil(r30,d4)@1.opener(rand,4)@1	ab(d6,tt,ord,nb200k)@1.classic(t1,c4,w0,l0)@2.dil(r63)@1.opener(rand,4)@1	W	33	13	12	153.939	24.189	125.000	31.250	17	16	411382	70200	63.00	13.00	13	3	2987668941	12
2026-07-26T21:52:01Z	20260726T215027Z	boards/board1.txt	ab(d6,tt,ord,nb200k)@1.classic(t1,c4,w0,l0)@2.dil(r30,d4)@1.opener(rand,4)@1	ab(d6,tt,ord,nb200k)@1.classic(t1,c4,w0,l0)@2.opener(rand,4)@1	B	41	12	12	186.078	269.625	203.125	203.125	21	20	491280	723841	79.00	87.00	17	16	195257767	12
2026-07-26T21:52:18Z	20260726T215027Z	boards/board1.txt	ab(d6,tt,ord,nb200k)@1.classic(t1,c4,w0,l0)@2.dil(r30,d4)@1.opener(rand,4)@1	ab(d6,tt,ord,nb200k)@1.learned(s111,78ef6974)@1.opener(rand,4)@1	B	87	5	5	476.839	16239.211	453.125	14484.375	44	43	1161843	3232688	204.00	222.34	40	39	596201714	12
2026-07-26T21:52:19Z	20260726T215027Z	boards/board1.txt	ab(d6,tt,ord,nb200k)@1.classic(t1,c4,w0,l0)@2.dil(r30,d4)@1.opener(rand,4)@1	ab(d6,tt,ord,nb200k)@1.learned(s3,68364898)@1.opener(rand,4)@1	B	55	11	9	308.174	586.793	250.000	546.875	28	27	889341	1431640	122.00	129.00	24	23	1874901993	12
2026-07-26T21:52:19Z	20260726T215027Z	boards/board1.txt	ab(d6,tt,ord,nb200k)@1.classic(t1,c4,w0,l0)@2.dil(r30,d4)@1.opener(rand,4)@1	ab(d6,tt,ord,nb200k)@1.learned(s3,68364898)@1.opener(rand,4)@1	B	49	10	10	162.731	310.219	125.000	296.875	25	24	411546	795502	103.00	111.00	21	20	3230681278	12
2026-07-26T21:52:20Z	20260726T215027Z	boards/board1.txt	ab(d6,tt,ord,nb200k)@1.classic(t1,c4,w0,l0)@2.dil(r30,d4)@1.opener(rand,4)@1	ab(d6,tt,ord,nb200k)@1.learned(s6,eac8ab99)@1.opener(rand,4)@1	B	65	7	9	264.657	497.162	250.000	453.125	33	32	743199	1371724	150.00	159.00	29	28	3581181963	12
2026-07-26T21:52:21Z	20260726T215027Z	boards/board1.txt	ab(d6,tt,ord,nb200k)@1.classic(t1,c4,w0,l0)@2.dil(r30,d4)@1.opener(rand,4)@1	ab(d6,tt,ord,nb200k)@1.learned(s76,ef183148)@1.opener(rand,4)@1	B	57	9	9	198.513	433.302	171.875	421.875	29	28	582019	1450124	122.00	135.00	25	24	2832797396	12
2026-07-26T21:52:21Z	20260726T215027Z	boards/board1.txt	ab(d6,tt,ord,nb200k)@1.classic(t1,c4,w0,l0)@2.dil(r30,d4)@1.opener(rand,4)@1	ab(d6,tt,ord,nb200k)@1.learned(s98,5801570e)@1.opener(rand,4)@1	B	47	9	11	88.951	255.783	78.125	250.000	24	23	275027	764958	87.00	105.00	20	19	3228205746	12
2026-07-26T21:52:22Z	20260726T215027Z	boards/board1.txt	ab(d6,tt,ord,nb200k)@1.classic(t1,c4,w0,l0)@2.dil(r30,d4)@1.opener(rand,4)@1	ab(d6,tt,ord,nb200k)@1.learned(s98,5801570e)@1.opener(rand,4)@1	B	45	11	11	167.941	302.353	187.500	234.375	23	22	480798	893909	88.00	99.00	19	18	2756368603	12
2026-07-26T21:52:22Z	20260726T215027Z	boards/board1.txt	ab(d6,tt,ord,nb200k)@1.classic(t1,c4,w0,l0)@2.dil(r30,d4)@1.opener(rand,4)@1	ab(d6,tt,ord,qs,nb200k)@1.learned(s98,5801570e)@1.opener(rand,4)@1	B	45	11	11	173.261	399.040	140.625	375.000	23	22	535913	1123021	92.00	98.00	19	18	2437101649	12
2026-07-26T21:52:28Z	20260726T215027Z	boards/board1.txt	ab(d6,tt,ord,nb200k)@1.classic(t1,c4,w0,l0)@2.dil(r30,d4)@1.opener(rand,4)@1	ab(d8,tt,ord,nb2m)@1.classic(t1,c4,w0,l0)@2.opener(rand,4)@1	B	49	10	12	91.854	5715.723	109.375	5218.750	25	24	300716	15571213	106.00	144.00	21	20	1951906457	12
2026-07-26T21:52:28Z	20260726T215027Z	boards/board1.txt	ab(d6,tt,ord,nb200k)@1.classic(t1,c4,w0,l0)@2.dil(r30,d4)@1.opener(rand,4)@1	rand@1	W	25	16	12	73.499	0.013	78.125	0.000	13	12	213818	0	41.00	0.00	9	0	728963735	12
2026-07-26T21:52:28Z	20260726T215027Z	boards/board1.txt	ab(d6,tt,ord,nb200k)@1.classic(t1,c4,w0,l0)@2.dil(r30,d4)@1.opener(rand,4)@1	rand@1	W	23	16	14	96.272	0.014	62.500	0.000	12	11	282998	0	36.00	0.00	8	0	2984938584	12
2026-07-26T21:52:28Z	20260726T215027Z	boards/board1.txt	ab(d6,tt,ord,nb200k)@1.classic(t1,c4,w0,l0)@2.dil(r63)@1.opener(rand,4)@1	ab(d6,tt,ord,nb200k)@1.classic(t1,c4,w0,l0)@2.opener(rand,4)@1	B	26	14	16	106.806	197.174	93.750	171.875	13	13	295552	485742	30.00	49.00	5	9	1892047903	12
2026-07-26T21:52:42Z	20260726T215027Z	boards/board1.txt	ab(d6,tt,ord,nb200k)@1.classic(t1,c4,w0,l0)@2.dil(r63)@1.opener(rand,4)@1	ab(d6,tt,ord,nb200k)@1.learned(s111,78ef6974)@1.opener(rand,4)@1	B	52	10	14	138.198	13159.188	156.250	11984.375	26	26	465385	2730746	36.00	120.59	6	22	1482274170	12
2026-07-26T21:52:42Z	20260726T215027Z	boards/board1.txt	ab(d6,tt,ord,nb200k)@1.classic(t1,c4,w0,l0)@2.dil(r63)@1.opener(rand,4)@1	ab(d6,tt,ord,nb200k)@1.learned(s3,68364898)@1.opener(rand,4)@1	B	38	12	14	141.954	345.131	140.625	328.125	19	19	407795	983704	42.00	85.00	7	15	418060657	12
2026-07-26T21:52:43Z	20260726T215027Z	boards/board1.txt	ab(d6,tt,ord,nb200k)@1.classic(t1,c4,w0,l0)@2.dil(r63)@1.opener(rand,4)@1	ab(d6,tt,ord,nb200k)@1.learned(s3,68364898)@1.opener(rand,4)@1	B	42	11	14	151.387	515.701	93.750	437.500	21	21	419543	1501367	42.00	88.57	7	17	2221206566	12
2026-07-26T21:52:43Z	20260726T215027Z	boards/board1.txt	ab(d6,tt,ord,nb200k)@1.classic(t1,c4,w0,l0)@2.dil(r63)@1.opener(rand,4)@1	ab(d6,tt,ord,nb200k)@1.learned(s6,eac8ab99)@1.opener(rand,4)@1	B	24	12	15	79.325	202.711	62.500	171.875	12	12	223829	578108	24.00	43.00	4	8	1962941827	12
2026-07-26T21:52:44Z	20260726T215027Z	boards/board1.txt	ab(d6,tt,ord,nb200k)@1.classic(t1,c4,w0,l0)@2.dil(r63)@1.opener(rand,4)@1	ab(d6,tt,ord,nb200k)@1.learned(s76,ef183148)@1.opener(rand,4)@1	B	41	11	14	102.260	453.239	93.750	375.000	21	20	344312	1191895	37.00	88.00	7	16	3928250668	12
2026-07-26T21:52:44Z	20260726T215027Z	boards/board1.txt	ab(d6,tt,ord,nb200k)@1.classic(t1,c4,w0,l0)@2.dil(r63)@1.opener(rand,4)@1	ab(d6,tt,ord,nb200k)@1.learned(s98,5801570e)@1.opener(rand,4)@1	B	40	10	12	133.686	376.540	140.625	343.750	20	20	416599	1011196	54.00	91.00	9	16	263354234	12
2026-07-26T21:52:45Z	20260726T215027Z	boards/board1.txt	ab(d6,tt,ord,nb200k)@1.classic(t1,c4,w0,l0)@2.dil(r63)@1.opener(rand,4)@1	ab(d6,tt,ord,nb200k)@1.learned(s98,5801570e)@1.opener(rand,4)@1	B	40	11	14	105.131	350.331	109.375	312.500	20	20	341949	1008407	48.00	91.00	8	16	4090098595	12
2026-07-26T21:52:45Z	20260726T215027Z	boards/board1.txt	ab(d6,tt,ord,nb200k)@1.classic(t1,c4,w0,l0)@2.dil(r63)@1.opener(rand,4)@1	ab(d6,tt,ord,qs,nb200k)@1.learned(s98,5801570e)@1.opener(rand,4)@1	B	16	13	16	0.010	76.601	0.000	78.125	8	8	0	192067	0.00	19.00	0	4	4242991001	12
2026-07-26T21:52:49Z	20260726T215027Z	boards/board1.txt	ab(d6,tt,ord,nb200k)@1.classic(t1,c4,w0,l0)@2.dil(r63)@1.opener(rand,4)@1	ab(d8,tt,ord,nb2m)@1.classic(t1,c4,w0,l0)@2.opener(rand,4)@1	B	40	10	13	40.079	4023.707	15.625	3500.000	20	20	124304	10581517	42.00	114.00	7	16	2396531681	12
2026-07-26T21:52:49Z	20260726T215027Z	boards/board1.txt	ab(d6,tt,ord,nb200k)@1.classic(t1,c4,w0,l0)@2.dil(r63)@1.opener(rand,4)@1	rand@1	W	43	14	11	118.557	0.017	93.750	0.000	22	21	258231	0	26.00	0.00	6	0	458668863	12
2026-07-26T21:52:49Z	20260726T215027Z	boards/board1.txt	ab(d6,tt,ord,nb200k)@1.classic(t1,c4,w0,l0)@2.dil(r63)@1.opener(rand,4)@1	rand@1	W	33	16	12	75.176	0.014	62.500	0.000	17	16	221270	0	25.00	0.00	5	0	2708934592	12
2026-07-26T21:53:00Z	20260726T215027Z	boards/board1.txt	ab(d6,tt,ord,nb200k)@1.classic(t1,c4,w0,l0)@2.opener(rand,4)@1	ab(d6,tt,ord,nb200k)@1.learned(s111,78ef6974)@1.opener(rand,4)@1	B	61	9	10	568.598	10367.924	468.750	9468.750	31	30	1536601	2189809	148.00	147.00	27	26	3375937886	12
2026-07-26T21:53:01Z	20260726T215027Z	boards/board1.txt	ab(d6,tt,ord,nb200k)@1.classic(t1,c4,w0,l0)@2.opener(rand,4)@1	ab(d6,tt,ord,nb200k)@1.learned(s3,68364898)@1.opener(rand,4)@1	B	49	10	10	280.370	391.008	187.500	421.875	25	24	732557	1129285	112.00	111.00	21	20	600807248	12
2026-07-26T21:53:02Z	20260726T215027Z	boards/board1.txt	ab(d6,tt,ord,nb200k)@1.classic(t1,c4,w0,l0)@2.opener(rand,4)@1	ab(d6,tt,ord,nb200k)@1.learned(s6,eac8ab99)@1.opener(rand,4)@1	W	68	7	7	380.904	626.521	312.500	562.500	34	34	1050714	1862840	171.00	166.00	30	30	4218057918	12
2026-07-26T21:53:02Z	20260726T215027Z	boards/board1.txt	ab(d6,tt,ord,nb200k)@1.classic(t1,c4,w0,l0)@2.opener(rand,4)@1	ab(d6,tt,ord,nb200k)@1.learned(s6,eac8ab99)@1.opener(rand,4)@1	W	72	8	5	303.380	512.553	312.500	515.625	36	36	782063	1679936	183.00	178.00	32	32	1482777031	12
2026-07-26T21:53:03Z	20260726T215027Z	boards/board1.txt	ab(d6,tt,ord,nb200k)@1.classic(t1,c4,w0,l0)@2.opener(rand,4)@1	ab(d6,tt,ord,nb200k)@1.learned(s76,ef183148)@1.opener(rand,4)@1	B	67	8	8	319.268	526.407	328.125	500.000	34	33	932757	1520968	166.00	165.00	30	29	469115992	12
2026-07-26T21:53:04Z	20260726T215027Z	boards/board1.txt	ab(d6,tt,ord,nb200k)@1.classic(t1,c4,w0,l0)@2.opener(rand,4)@1	ab(d6,tt,ord,nb200k)@1.learned(s98,5801570e)@1.opener(rand,4)@1	B	51	9	10	310.631	508.988	296.875	406.250	26	25	911091	1175067	118.00	117.00	22	21	1432473077	12
2026-07-26T21:53:05Z	20260726T215027Z	boards/board1.txt	ab(d6,tt,ord,nb200k)@1.classic(t1,c4,w0,l0)@2.opener(rand,4)@1	ab(d6,tt,ord,qs,nb200k)@1.learned(s98,5801570e)@1.opener(rand,4)@1	W	79	7	6	431.471	696.260	468.750	531.250	40	39	1210870	1851762	202.00	196.00	36	35	3926583080	12
2026-07-26T21:53:06Z	20260726T215027Z	boards/board1.txt	ab(d6,tt,ord,nb200k)@1.classic(t1,c4,w0,l0)@2.opener(rand,4)@1	ab(d6,tt,ord,qs,nb200k)@1.learned(s98,5801570e)@1.opener(rand,4)@1	B	65	8	9	491.599	782.217	406.250	703.125	33	32	1188791	2221168	160.00	159.00	29	28	2218680061	12
2026-07-26T21:53:12Z	20260726T215027Z	boards/board1.txt	ab(d6,tt,ord,nb200k)@1.classic(t1,c4,w0,l0)@2.opener(rand,4)@1	ab(d8,tt,ord,nb2m)@1.classic(t1,c4,w0,l0)@2.opener(rand,4)@1	W	58	10	9	117.137	5676.602	93.750	5140.625	29	29	377648	15508107	141.00	177.00	25	25	672628469	12
2026-07-26T21:53:12Z	20260726T215027Z	boards/board1.txt	ab(d6,tt,ord,nb200k)@1.classic(t1,c4,w0,l0)@2.opener(rand,4)@1	rand@1	W	25	16	14	145.530	0.019	140.625	0.000	13	12	443497	0	49.00	0.00	9	0	1839306690	12
2026-07-26T21:53:26Z	20260726T215027Z	boards/board1.txt	ab(d6,tt,ord,nb200k)@1.learned(s111,78ef6974)@1.opener(rand,4)@1	ab(d6,tt,ord,nb200k)@1.learned(s3,68364898)@1.opener(rand,4)@1	W	64	9	9	13223.634	623.780	11656.250	609.375	32	32	2576446	1845824	159.00	154.00	28	28	3750887244	12
2026-07-26T21:53:44Z	20260726T215027Z	boards/board1.txt	ab(d6,tt,ord,nb200k)@1.learned(s111,78ef6974)@1.opener(rand,4)@1	ab(d6,tt,ord,nb200k)@1.learned(s3,68364898)@1.opener(rand,4)@1	W	80	9	8	16932.987	965.058	15250.000	953.125	40	40	3229217	2806009	206.96	202.00	36	36	1143785345	12
2026-07-26T21:54:01Z	20260726T215027Z	boards/board1.txt	ab(d6,tt,ord,nb200k)@1.learned(s111,78ef6974)@1.opener(rand,4)@1	ab(d6,tt,ord,nb200k)@1.learned(s6,eac8ab99)@1.opener(rand,4)@1	W	74	6	8	16252.880	746.141	15250.000	687.500	37	37	3238502	2311779	187.97	183.75	33	33	1584323624	12
2026-07-26T21:54:16Z	20260726T215027Z	boards/board1.txt	ab(d6,tt,ord,nb200k)@1.learned(s111,78ef6974)@1.opener(rand,4)@1	ab(d6,tt,ord,nb200k)@1.learned(s76,ef183148)@1.opener(rand,4)@1	B	81	5	7	14167.174	896.037	12828.125	890.625	41	40	2660456	2396534	208.00	207.00	37	36	988497209	12
2026-07-26T21:54:33Z	20260726T215027Z	boards/board1.txt	ab(d6,tt,ord,nb200k)@1.learned(s111,78ef6974)@1.opener(rand,4)@1	ab(d6,tt,ord,nb200k)@1.learned(s98,5801570e)@1.opener(rand,4)@1	B	71	7	9	16399.411	782.737	15187.500	656.250	36	35	3230473	2159232	177.66	177.00	32	31	3287613605	12
2026-07-26T21:54:51Z	20260726T215027Z	boards/board1.txt	ab(d6,tt,ord,nb200k)@1.learned(s111,78ef6974)@1.opener(rand,4)@1	ab(d6,tt,ord,nb200k)@1.learned(s98,5801570e)@1.opener(rand,4)@1	B	69	6	10	16640.997	863.324	15125.000	781.250	35	34	3266706	2345291	171.38	171.00	31	30	3626864810	12
2026-07-26T21:55:05Z	20260726T215027Z	boards/board1.txt	ab(d6,tt,ord,nb200k)@1.learned(s111,78ef6974)@1.opener(rand,4)@1	ab(d6,tt,ord,qs,nb200k)@1.learned(s98,5801570e)@1.opener(rand,4)@1	W	62	11	6	13272.824	956.430	12406.250	921.875	31	31	2716300	2957533	152.84	147.55	27	27	2233805418	12
2026-07-26T21:55:17Z	20260726T215027Z	boards/board1.txt	ab(d6,tt,ord,nb200k)@1.learned(s111,78ef6974)@1.opener(rand,4)@1	ab(d8,tt,ord,nb2m)@1.classic(t1,c4,w0,l0)@2.opener(rand,4)@1	B	57	9	12	5741.862	5908.440	5343.750	5312.500	29	28	1168998	16876789	135.61	176.00	25	24	3483753298	12
2026-07-26T21:55:20Z	20260726T215027Z	boards/board1.txt	ab(d6,tt,ord,nb200k)@1.learned(s111,78ef6974)@1.opener(rand,4)@1	rand@1	W	23	16	13	3070.798	0.016	2843.750	0.000	12	11	612818	0	38.00	0.00	8	0	2883835742	12
2026-07-26T21:55:25Z	20260726T215027Z	boards/board1.txt	ab(d6,tt,ord,nb200k)@1.learned(s111,78ef6974)@1.opener(rand,4)@1	rand@1	W	31	15	13	4971.284	0.024	4625.000	0.000	16	15	1039376	0	59.00	0.00	12	0	3241376359	12
2026-07-26T21:55:26Z	20260726T215027Z	boards/board1.txt	ab(d6,tt,ord,nb200k)@1.learned(s3,68364898)@1.opener(rand,4)@1	ab(d6,tt,ord,nb200k)@1.learned(s6,eac8ab99)@1.opener(rand,4)@1	B	67	8	9	678.311	656.949	609.375	625.000	34	33	2075715	2184159	166.00	164.69	30	29	1683105368	12
2026-07-26T21:55:28Z	20260726T215027Z	boards/board1.txt	ab(d6,tt,ord,nb200k)@1.learned(s3,68364898)@1.opener(rand,4)@1	ab(d6,tt,ord,nb200k)@1.learned(s76,ef183148)@1.opener(rand,4)@1	B	65	8	9	846.461	922.055	828.125	812.500	33	32	2702449	2653375	160.00	159.00	29	28	2441973257	12
2026-07-26T21:55:29Z	20260726T215027Z	boards/board1.txt	ab(d6,tt,ord,nb200k)@1.learned(s3,68364898)@1.opener(rand,4)@1	ab(d6,tt,ord,nb200k)@1.learned(s98,5801570e)@1.opener(rand,4)@1	W	70	10	8	583.924	560.454	562.500	562.500	35	35	1608996	1873388	177.00	172.00	31	31	2252109077	12
2026-07-26T21:55:31Z	20260726T215027Z	boards/board1.txt	ab(d6,tt,ord,nb200k)@1.learned(s3,68364898)@1.opener(rand,4)@1	ab(d6,tt,ord,nb200k)@1.learned(s98,5801570e)@1.opener(rand,4)@1	W	86	6	3	811.880	678.090	625.000	656.250	43	43	2214629	1884148	225.00	220.00	39	39	4129754330	12
2026-07-26T21:55:32Z	20260726T215027Z	boards/board1.txt	ab(d6,tt,ord,nb200k)@1.learned(s3,68364898)@1.opener(rand,4)@1	ab(d6,tt,ord,qs,nb200k)@1.learned(s98,5801570e)@1.opener(rand,4)@1	W	64	9	9	640.798	687.247	578.125	687.500	32	32	2069199	1883548	159.00	154.00	28	28	287224890	12
2026-07-26T21:55:36Z	20260726T215027Z	boards/board1.txt	ab(d6,tt,ord,nb200k)@1.learned(s3,68364898)@1.opener(rand,4)@1	ab(d8,tt,ord,nb2m)@1.classic(t1,c4,w0,l0)@2.opener(rand,4)@1	B	53	9	11	201.514	3490.474	156.250	3296.875	27	26	636349	10462397	124.00	160.00	23	22	300573698	12
2026-07-26T21:55:36Z	20260726T215027Z	boards/board1.txt	ab(d6,tt,ord,nb200k)@1.learned(s3,68364898)@1.opener(rand,4)@1	rand@1	W	25	16	11	264.633	0.018	250.000	0.000	13	12	795137	0	49.00	0.00	9	0	3679139150	12
2026-07-26T21:55:36Z	20260726T215027Z	boards/board1.txt	ab(d6,tt,ord,nb200k)@1.learned(s3,68364898)@1.opener(rand,4)@1	rand@1	W	31	16	12	280.954	0.025	250.000	0.000	16	15	889962	0	62.00	0.00	12	0	927446423	12
2026-07-26T21:55:38Z	20260726T215027Z	boards/board1.txt	ab(d6,tt,ord,nb200k)@1.learned(s6,eac8ab99)@1.opener(rand,4)@1	ab(d6,tt,ord,nb200k)@1.learned(s76,ef183148)@1.opener(rand,4)@1	B	71	8	8	922.887	909.278	812.500	906.250	36	35	2768219	2949063	177.90	175.58	32	31	3326244096	12
2026-07-26T21:55:39Z	20260726T215027Z	boards/board1.txt	ab(d6,tt,ord,nb200k)@1.learned(s6,eac8ab99)@1.opener(rand,4)@1	ab(d6,tt,ord,nb200k)@1.learned(s98,5801570e)@1.opener(rand,4)@1	W	94	6	4	601.296	595.498	593.750	531.250	47	47	1931263	1722472	249.00	244.00	43	43	3711567693	12
2026-07-26T21:55:41Z	20260726T215027Z	boards/board1.txt	ab(d6,tt,ord,nb200k)@1.learned(s6,eac8ab99)@1.opener(rand,4)@1	ab(d6,tt,ord,qs,nb200k)@1.learned(s98,5801570e)@1.opener(rand,4)@1	W	74	8	9	797.877	807.952	765.625	750.000	37	37	2310293	2498966	189.00	184.00	33	33	3521968800	12
2026-07-26T21:55:42Z	20260726T215027Z	boards/board1.txt	ab(d6,tt,ord,nb200k)@1.learned(s6,eac8ab99)@1.opener(rand,4)@1	ab(d6,tt,ord,qs,nb200k)@1.learned(s98,5801570e)@1.opener(rand,4)@1	W	63	10	10	627.197	705.362	593.750	671.875	32	31	1938232	2046972	154.00	147.91	28	27	1673057173	12
2026-07-26T21:55:49Z	20260726T215027Z	boards/board1.txt	ab(d6,tt,ord,nb200k)@1.learned(s6,eac8ab99)@1.opener(rand,4)@1	ab(d8,tt,ord,nb2m)@1.classic(t1,c4,w0,l0)@2.opener(rand,4)@1	B	61	9	11	219.365	6726.588	218.750	6343.750	31	30	732724	19330997	148.00	192.00	27	26	2040924109	12
2026-07-26T21:55:49Z	20260726T215027Z	boards/board1.txt	ab(d6,tt,ord,nb200k)@1.learned(s6,eac8ab99)@1.opener(rand,4)@1	rand@1	W	35	15	14	311.232	0.027	281.250	0.000	18	17	1032033	0	74.00	0.00	14	0	3477179002	12
2026-07-26T21:55:51Z	20260726T215027Z	boards/board1.txt	ab(d6,tt,ord,nb200k)@1.learned(s76,ef183148)@1.opener(rand,4)@1	ab(d6,tt,ord,nb200k)@1.learned(s98,5801570e)@1.opener(rand,4)@1	B	79	5	7	848.867	683.960	750.000	656.250	40	39	2499207	2074267	200.77	200.77	36	35	1296974481	12
2026-07-26T21:55:52Z	20260726T215027Z	boards/board1.txt	ab(d6,tt,ord,nb200k)@1.learned(s76,ef183148)@1.opener(rand,4)@1	ab(d6,tt,ord,nb200k)@1.learned(s98,5801570e)@1.opener(rand,4)@1	W	80	8	6	691.291	633.337	593.750	609.375	40	40	2048336	1897887	207.00	202.00	36	36	326324294	12
2026-07-26T21:55:54Z	20260726T215027Z	boards/board1.txt	ab(d6,tt,ord,nb200k)@1.learned(s76,ef183148)@1.opener(rand,4)@1	ab(d6,tt,ord,qs,nb200k)@1.learned(s98,5801570e)@1.opener(rand,4)@1	W	88	5	4	733.174	899.274	687.500	859.375	44	44	1930539	2888634	231.00	225.75	40	40	2746716302	12
2026-07-26T21:55:58Z	20260726T215027Z	boards/board1.txt	ab(d6,tt,ord,nb200k)@1.learned(s76,ef183148)@1.opener(rand,4)@1	ab(d8,tt,ord,nb2m)@1.classic(t1,c4,w0,l0)@2.opener(rand,4)@1	B	47	10	12	121.838	4389.760	62.500	4046.875	24	23	490043	12314507	106.00	136.00	20	19	918868094	12
2026-07-26T21:55:59Z	20260726T215027Z	boards/board1.txt	ab(d6,tt,ord,nb200k)@1.learned(s76,ef183148)@1.opener(rand,4)@1	rand@1	W	33	16	12	399.445	0.027	375.000	0.000	17	16	1260675	0	67.00	0.00	13	0	2872779794	12
2026-07-26T21:55:59Z	20260726T215027Z	boards/board1.txt	ab(d6,tt,ord,nb200k)@1.learned(s76,ef183148)@1.opener(rand,4)@1	rand@1	W	27	16	13	222.641	0.019	187.500	0.000	14	13	711787	0	49.00	0.00	10	0	2362133819	12
2026-07-26T21:56:00Z	20260726T215027Z	boards/board1.txt	ab(d6,tt,ord,nb200k)@1.learned(s98,5801570e)@1.opener(rand,4)@1	ab(d6,tt,ord,qs,nb200k)@1.learned(s98,5801570e)@1.opener(rand,4)@1	B	37	13	13	367.796	340.877	343.750	312.500	19	18	1049988	1074592	76.00	75.00	15	14	962134139	12
2026-07-26T21:56:06Z	20260726T215027Z	boards/board1.txt	ab(d6,tt,ord,nb200k)@1.learned(s98,5801570e)@1.opener(rand,4)@1	ab(d8,tt,ord,nb2m)@1.classic(t1,c4,w0,l0)@2.opener(rand,4)@1	B	67	10	10	309.729	5638.627	250.000	5187.500	34	33	969806	15578130	166.00	216.00	30	29	2616097471	12
2026-07-26T21:56:06Z	20260726T215027Z	boards/board1.txt	ab(d6,tt,ord,nb200k)@1.learned(s98,5801570e)@1.opener(rand,4)@1	rand@1	W	35	16	14	443.720	0.030	421.875	0.000	18	17	1272077	0	74.00	0.00	14	0	1490838937	12
2026-07-26T21:56:06Z	20260726T215027Z	boards/board1.txt	ab(d6,tt,ord,nb200k)@1.learned(s98,5801570e)@1.opener(rand,4)@1	rand@1	W	35	16	13	332.837	0.026	281.250	0.000	18	17	1013953	0	74.00	0.00	14	0	1342357294	12
2026-07-26T21:56:12Z	20260726T215027Z	boards/board1.txt	ab(d6,tt,ord,qs,nb200k)@1.learned(s98,5801570e)@1.opener(rand,4)@1	ab(d8,tt,ord,nb2m)@1.classic(t1,c4,w0,l0)@2.opener(rand,4)@1	B	66	8	11	304.105	5310.353	250.000	4890.625	33	33	979854	15501869	160.00	209.00	29	29	3860712939	12
2026-07-26T21:56:12Z	20260726T215027Z	boards/board1.txt	ab(d6,tt,ord,qs,nb200k)@1.learned(s98,5801570e)@1.opener(rand,4)@1	rand@1	W	25	16	13	277.771	0.019	250.000	0.000	13	12	856833	0	49.00	0.00	9	0	3287389284	12
2026-07-26T21:56:13Z	20260726T215027Z	boards/board1.txt	ab(d8,tt,ord,nb2m)@1.classic(t1,c4,w0,l0)@2.opener(rand,4)@1	rand@1	W	17	16	13	694.123	0.012	687.500	0.000	9	8	2159015	0	33.00	0.00	5	0	1213583061	12
2026-07-26T21:56:15Z	20260726T215027Z	boards/board1.txt	ab(d8,tt,ord,nb2m)@1.classic(t1,c4,w0,l0)@2.opener(rand,4)@1	rand@1	W	31	16	12	2434.356	0.023	2312.500	0.000	16	15	7565200	0	81.00	0.00	12	0	1017870362	12
2026-07-26T21:50:27Z	20260726T215027Z	boards/board1.txt	ab(d4)@1.classic(t1,c4,w0,l0)@2.opener(rand,4)@1	ab(d2)@1.classic(t1,c4,w0,l0)@2.opener(rand,4)@1	W	61	10	12	10.134	0.260	0.000	0.000	31	30	166855	3800	100.00	50.00	27	26	1636941564	12
2026-07-26T21:50:27Z	20260726T215027Z	boards/board1.txt	ab(d4)@1.classic(t1,c4,w0,l0)@2.opener(rand,4)@1	ab(d2)@1.classic(t1,c4,w0,l0)@2.opener(rand,4)@1	W	35	14	14	14.812	0.665	15.625	0.000	18	17	72921	1726	56.00	24.00	14	13	2646487537	12
2026-07-26T21:50:28Z	20260726T215027Z	boards/board1.txt	ab(d6,ord,nb200k)@1.adv(t20,c77,w0,l0,f0,d-2,e0,m0,h0,b1,o0,r0,x0,n0,s1,g1)@1.opener(rand,4)@1	ab(d2)@1.classic(t1,c4,w0,l0)@2.opener(rand,4)@1	W	61	10	10	1397.001	0.309	1281.250	0.000	31	30	3439241	3432	147.38	50.00	27	26	3229095487	12
2026-07-26T21:50:29Z	20260726T215027Z	boards/board1.txt	ab(d6,tt,ord,nb200k)@1.classic(t1,c4,w0,l0)@2.dil(r30,d4)@1.opener(rand,4)@1	ab(d2)@1.classic(t1,c4,w0,l0)@2.opener(rand,4)@1	W	77	8	8	320.404	0.360	281.250	0.000	39	38	934326	4999	164.00	66.00	35	34	477342455	12
2026-07-26T21:50:29Z	20260726T215027Z	boards/board1.txt	ab(d6,tt,ord,nb200k)@1.classic(t1,c4,w0,l0)@2.dil(r63)@1.opener(rand,4)@1	ab(d2)@1.classic(t1,c4,w0,l0)@2.opener(rand,4)@1	B	32	13	16	70.427	0.125	78.125	0.000	16	16	214515	1602	18.00	24.00	3	12	2791898032	12
2026-07-26T21:50:29Z	20260726T215027Z	boards/board1.txt	ab(d6,tt,ord,nb200k)@1.classic(t1,c4,w0,l0)@2.dil(r63)@1.opener(rand,4)@1	ab(d2)@1.classic(t1,c4,w0,l0)@2.opener(rand,4)@1	B	19	14	16	30.072	0.044	15.625	0.000	10	9	79090	470	7.00	10.00	2	5	3890173285	12
2026-07-26T21:50:29Z	20260726T215027Z	boards/board1.txt	ab(d6,tt,ord,nb200k)@1.classic(t1,c4,w0,l0)@2.opener(rand,4)@1	ab(d2)@1.classic(t1,c4,w0,l0)@2.opener(rand,4)@1	W	49	15	15	382.140	0.263	343.750	0.000	25	24	1124343	3666	113.00	38.00	21	20	2665967903	12
2026-07-26T21:50:45Z	20260726T215027Z	boards/board1.txt	ab(d6,tt,ord,nb200k)@1.learned(s111,78ef6974)@1.opener(rand,4)@1	ab(d2)@1.classic(t1,c4,w0,l0)@2.opener(rand,4)@1	W	65	9	9	15512.514	0.300	13859.375	0.000	33	32	2854126	3127	159.50	54.00	29	28	994382458	12
2026-07-26T21:50:45Z	20260726T215027Z	boards/board1.txt	ab(d6,tt,ord,nb200k)@1.learned(s3,68364898)@1.opener(rand,4)@1	ab(d2)@1.classic(t1,c4,w0,l0)@2.opener(rand,4)@1	W	45	12	12	593.645	0.179	531.250	0.000	23	22	1715735	1848	101.00	34.00	19	18	2986946673	12
2026-07-26T21:50:46Z	20260726T215027Z	boards/board1.txt	ab(d6,tt,ord,nb200k)@1.learned(s3,68364898)@1.opener(rand,4)@1	ab(d2)@1.classic(t1,c4,w0,l0)@2.opener(rand,4)@1	W	43	13	14	637.311	0.222	562.500	0.000	22	21	1937258	2624	95.00	32.00	18	17	2995126566	12
2026-07-26T21:50:47Z	20260726T215027Z	boards/board1.txt	ab(d6,tt,ord,nb200k)@1.learned(s6,eac8ab99)@1.opener(rand,4)@1	ab(d2)@1.classic(t1,c4,w0,l0)@2.opener(rand,4)@1	W	67	9	10	819.210	0.348	718.750	0.000	34	33	2235268	4125	153.00	56.00	30	29	2736861827	12
2026-07-26T21:50:47Z	20260726T215027Z	boards/board1.txt	ab(d6,tt,ord,nb200k)@1.learned(s76,ef183148)@1.opener(rand,4)@1	ab(d2)@1.classic(t1,c4,w0,l0)@2.opener(rand,4)@1	W	49	12	13	708.877	0.258	531.250	0.000	25	24	2128183	3269	95.99	38.00	21	20	1281034284	12
2026-07-26T21:50:48Z	20260726T215027Z	boards/board1.txt	ab(d6,tt,ord,nb200k)@1.learned(s98,5801570e)@1.opener(rand,4)@1	ab(d2)@1.classic(t1,c4,w0,l0)@2.opener(rand,4)@1	W	45	13	13	661.171	0.178	593.750	0.000	23	22	1824651	2091	100.91	34.00	19	18	1037274234	12
2026-07-26T21:50:49Z	20260726T215027Z	boards/board1.txt	ab(d6,tt,ord,nb200k)@1.learned(s98,5801570e)@1.opener(rand,4)@1	ab(d2)@1.classic(t1,c4,w0,l0)@2.opener(rand,4)@1	B	67	9	10	843.149	0.348	828.125	0.000	34	33	2830359	4176	155.32	58.00	30	29	1442882211	12
2026-07-26T21:50:50Z	20260726T215027Z	boards/board1.txt	ab(d6,tt,ord,qs,nb200k)@1.learned(s98,5801570e)@1.opener(rand,4)@1	ab(d2)@1.classic(t1,c4,w0,l0)@2.opener(rand,4)@1	W	55	10	10	726.190	0.241	640.625	0.000	28	27	2037679	2559	128.00	44.00	24	23	3255815321	12
2026-07-26T21:50:53Z	20260726T215027Z	boards/board1.txt	ab(d8,tt,ord,nb2m)@1.classic(t1,c4,w0,l0)@2.opener(rand,4)@1	ab(d2)@1.classic(t1,c4,w0,l0)@2.opener(rand,4)@1	W	45	12	12	3676.674	0.185	2984.375	0.000	23	22	8848624	2191	133.00	34.00	19	18	3182442721	12
2026-07-26T21:50:53Z	20260726T215027Z	boards/board1.txt	rand@1	ab(d2)@1.classic(t1,c4,w0,l0)@2.opener(rand,4)@1	B	24	13	16	0.007	0.066	0.000	0.000	12	12	0	812	0.00	16.00	0	8	1185329727	12
2026-07-26T21:50:53Z	20260726T215027Z	boards/board1.txt	rand@1	ab(d2)@1.classic(t1,c4,w0,l0)@2.opener(rand,4)@1	B	20	15	16	0.005	0.039	0.000	0.000	10	10	0	486	0.00	12.00	0	6	978830528	12
2026-07-26T21:50:54Z	20260726T215027Z	boards/board1.txt	ab(d6,ord,nb200k)@1.adv(t20,c77,w0,l0,f0,d-2,e0,m0,h0,b1,o0,r0,x0,n0,s1,g1)@1.opener(rand,4)@1	ab(d4)@1.classic(t1,c4,w0,l0)@2.opener(rand,4)@1	W	47	11	10	795.828	5.431	703.125	0.000	24	23	2055533	67148	105.97	69.00	20	19	1302033617	12
2026-07-26T21:50:54Z	20260726T215027Z	boards/board1.txt	ab(d6,tt,ord,nb200k)@1.classic(t1,c4,w0,l0)@2.dil(r30,d4)@1.opener(rand,4)@1	ab(d4)@1.classic(t1,c4,w0,l0)@2.opener(rand,4)@1	W	35	14	12	148.829	4.398	140.625	0.000	18	17	432675	72637	66.00	45.00	14	13	2657108285	12
2026-07-26T21:50:55Z	20260726T215027Z	boards/board1.txt	ab(d6,tt,ord,nb200k)@1.classic(t1,c4,w0,l0)@2.dil(r63)@1.opener(rand,4)@1	ab(d4)@1.classic(t1,c4,w0,l0)@2.opener(rand,4)@1	B	34	15	15	228.453	6.878	218.750	0.000	17	17	654420	107557	48.00	52.00	8	13	2092520434	12
2026-07-26T21:50:55Z	20260726T215027Z	boards/board1.txt	ab(d6,tt,ord,nb200k)@1.classic(t1,c4,w0,l0)@2.dil(r63)@1.opener(rand,4)@1	ab(d4)@1.classic(t1,c4,w0,l0)@2.opener(rand,4)@1	B	26	12	15	103.482	5.844	15.625	15.625	13	13	307765	45430	30.00	36.00	5	9	281422235	12
2026-07-26T21:50:55Z	20260726T215027Z	boards/board1.txt	ab(d6,tt,ord,nb200k)@1.classic(t1,c4,w0,l0)@2.opener(rand,4)@1	ab(d4)@1.classic(t1,c4,w0,l0)@2.opener(rand,4)@1	B	47	10	12	397.752	7.056	375.000	0.000	24	23	1068305	109201	106.00	76.00	20	19	989245917	12
2026-07-26T21:51:08Z	20260726T215027Z	boards/board1.txt	ab(d6,tt,ord,nb200k)@1.learned(s111,78ef6974)@1.opener(rand,4)@1	ab(d4)@1.classic(t1,c4,w0,l0)@2.opener(rand,4)@1	B	65	7	9	13294.337	10.433	11625.000	15.625	33	32	2657763	147173	155.00	112.00	29	28	56000404	12
2026-07-26T21:51:09Z	20260726T215027Z	boards/board1.txt	ab(d6,tt,ord,nb200k)@1.learned(s3,68364898)@1.opener(rand,4)@1	ab(d4)@1.classic(t1,c4,w0,l0)@2.opener(rand,4)@1	W	51	12	11	737.867	8.976	609.375	0.000	26	25	2101273	149516	118.00	77.00	22	21	2858192135	12
2026-07-26T21:51:10Z	20260726T215027Z	boards/board1.txt	ab(d6,tt,ord,nb200k)@1.learned(s3,68364898)@1.opener(rand,4)@1	ab(d4)@1.classic(t1,c4,w0,l0)@2.opener(rand,4)@1	W	51	11	10	560.014	5.632	468.750	15.625	26	25	1593881	84374	118.00	77.00	22	21	1510591368	12
2026-07-26T21:51:10Z	20260726T215027Z	boards/board1.txt	ab(d6,tt,ord,nb200k)@1.learned(s6,eac8ab99)@1.opener(rand,4)@1	ab(d4)@1.classic(t1,c4,w0,l0)@2.opener(rand,4)@1	W	39	14	13	493.728	7.249	390.625	0.000	20	19	1457338	91861	82.00	53.00	16	15	589569253	12
2026-07-26T21:51:11Z	20260726T215027Z	boards/board1.txt	ab(d6,tt,ord,nb200k)@1.learned(s76,ef183148)@1.opener(rand,4)@1	ab(d4)@1.classic(t1,c4,w0,l0)@2.opener(rand,4)@1	W	67	8	7	763.233	7.012	625.000	0.000	34	33	2307645	106204	166.00	109.00	30	29	3908422074	12
2026-07-26T21:51:11Z	20260726T215027Z	boards/board1.txt	ab(d6,tt,ord,nb200k)@1.learned(s98,5801570e)@1.opener(rand,4)@1	ab(d4)@1.classic(t1,c4,w0,l0)@2.opener(rand,4)@1	W	45	12	12	470.291	5.407	390.625	15.625	23	22	1403466	86089	100.00	65.00	19	18	447718128	12
2026-07-26T21:51:12Z	20260726T215027Z	boards/board1.txt	ab(d6,tt,ord,nb200k)@1.learned(s98,5801570e)@1.opener(rand,4)@1	ab(d4)@1.classic(t1,c4,w0,l0)@2.opener(rand,4)@1	W	43	10	10	447.460	4.240	375.000	0.000	22	21	1236272	66707	94.00	61.00	18	17	4001056805	12
2026-07-26T21:51:13Z	20260726T215027Z	boards/board1.txt	ab(d6,tt,ord,qs,nb200k)@1.learned(s98,5801570e)@1.opener(rand,4)@1	ab(d4)@1.classic(t1,c4,w0,l0)@2.opener(rand,4)@1	W	53	11	10	837.247	8.415	750.000	0.000	27	26	2353688	128023	121.73	81.00	23	22	2624087671	12
2026-07-26T21:51:18Z	20260726T215027Z	boards/board1.txt	ab(d8,tt,ord,nb2m)@1.classic(t1,c4,w0,l0)@2.opener(rand,4)@1	ab(d4)@1.classic(t1,c4,w0,l0)@2.opener(rand,4)@1	W	49	13	12	4872.078	8.885	4375.000	15.625	25	24	13472716	141211	145.00	73.00	21	20	1064571043	12
2026-07-26T21:51:18Z	20260726T215027Z	boards/board1.txt	rand@1	ab(d4)@1.classic(t1,c4,w0,l0)@2.opener(rand,4)@1	B	20	12	16	0.007	2.780	0.000	0.000	10	10	0	20440	0.00	24.00	0	6	3431043301	12
2026-07-26T21:51:18Z	20260726T215027Z	boards/board1.txt	rand@1	ab(d4)@1.classic(t1,c4,w0,l0)@2.opener(rand,4)@1	B	18	13	16	0.006	1.654	0.000	15.625	9	9	0	16730	0.00	20.00	0	5	3918906218	12
2026-07-26T21:51:19Z	20260726T215027Z	boards/board1.txt	ab(d6,tt,ord,nb200k)@1.classic(t1,c4,w0,l0)@2.dil(r30,d4)@1.opener(rand,4)@1	ab(d6,ord,nb200k)@1.adv(t20,c77,w0,l0,f0,d-2,e0,m0,h0,b1,o0,r0,x0,n0,s1,g1)@1.opener(rand,4)@1	W	54	11	9	194.183	740.792	156.250	656.250	27	27	627286	2127603	117.00	124.00	23	23	3544740891	12
2026-07-26T21:51:20Z	20260726T215027Z	boards/board1.txt	ab(d6,tt,ord,nb200k)@1.classic(t1,c4,w0,l0)@2.dil(r63)@1.opener(rand,4)@1	ab(d6,ord,nb200k)@1.adv(t20,c77,w0,l0,f0,d-2,e0,m0,h0,b1,o0,r0,x0,n0,s1,g1)@1.opener(rand,4)@1	B	36	12	15	147.611	873.465	93.750	765.625	18	18	460920	2211870	24.00	70.53	4	14	2875707755	12
2026-07-26T21:51:21Z	20260726T215027Z	boards/board1.txt	ab(d6,tt,ord,nb200k)@1.classic(t1,c4,w0,l0)@2.opener(rand,4)@1	ab(d6,ord,nb200k)@1.adv(t20,c77,w0,l0,f0,d-2,e0,m0,h0,b1,o0,r0,x0,n0,s1,g1)@1.opener(rand,4)@1	W	50	12	10	343.473	970.307	250.000	843.750	25	25	1008939	2593514	117.00	110.96	21	21	2344680190	12
2026-07-26T21:51:23Z	20260726T215027Z	boards/board1.txt	ab(d6,tt,ord,nb200k)@1.classic(t1,c4,w0,l0)@2.opener(rand,4)@1	ab(d6,ord,nb200k)@1.adv(t20,c77,w0,l0,f0,d-2,e0,m0,h0,b1,o0,r0,x0,n0,s1,g1)@1.opener(rand,4)@1	W	56	10	8	476.428	1226.569	390.625	1062.500	28	28	1468813	3121708	135.00	127.20	24	24	685358983	12
2026-07-26T21:51:38Z	20260726T215027Z	boards/board1.txt	ab(d6,tt,ord,nb200k)@1.learned(s111,78ef6974)@1.opener(rand,4)@1	ab(d6,ord,nb200k)@1.adv(t20,c77,w0,l0,f0,d-2,e0,m0,h0,b1,o0,r0,x0,n0,s1,g1)@1.opener(rand,4)@1	W	50	11	11	14015.783	1005.808	12078.125	937.500	25	25	2696000	2575067	114.54	111.63	21	21	3388385542	12
2026-07-26T21:51:40Z	20260726T215027Z	boards/board1.txt	ab(d6,tt,ord,nb200k)@1.learned(s3,68364898)@1.opener(rand,4)@1	ab(d6,ord,nb200k)@1.adv(t20,c77,w0,l0,f0,d-2,e0,m0,h0,b1,o0,r0,x0,n0,s1,g1)@1.opener(rand,4)@1	B	63	8	11	833.858	1607.348	796.875	1343.750	32	31	2833869	4074292	151.22	148.62	28	27	3086154136	12
2026-07-26T21:51:42Z	20260726T215027Z	boards/board1.txt	ab(d6,tt,ord,nb200k)@1.learned(s6,eac8ab99)@1.opener(rand,4)@1	ab(d6,ord,nb200k)@1.adv(t20,c77,w0,l0,f0,d-2,e0,m0,h0,b1,o0,r0,x0,n0,s1,g1)@1.opener(rand,4)@1	B	69	7	8	620.775	1051.743	578.125	765.625	35	34	1809917	2676421	172.00	170.81	31	30	560316214	12
2026-07-26T21:51:44Z	20260726T215027Z	boards/board1.txt	ab(d6,tt,ord,nb200k)@1.learned(s6,eac8ab99)@1.opener(rand,4)@1	ab(d6,ord,nb200k)@1.adv(t20,c77,w0,l0,f0,d-2,e0,m0,h0,b1,o0,r0,x0,n0,s1,g1)@1.opener(rand,4)@1	B	69	7	10	891.776	1600.790	812.500	1296.875	35	34	2856595	4166033	172.00	167.84	31	30	2490116351	12
2026-07-26T21:51:46Z	20260726T215027Z	boards/board1.txt	ab(d6,tt,ord,nb200k)@1.learned(s76,ef183148)@1.opener(rand,4)@1	ab(d6,ord,nb200k)@1.adv(t20,c77,w0,l0,f0,d-2,e0,m0,h0,b1,o0,r0,x0,n0,s1,g1)@1.opener(rand,4)@1	B	71	7	8	775.068	1333.588	718.750	1234.375	36	35	2672358	3558291	176.87	176.81	32	31	2214772016	12
2026-07-26T21:51:48Z	20260726T215027Z	boards/board1.txt	ab(d6,tt,ord,nb200k)@1.learned(s98,5801570e)@1.opener(rand,4)@1	ab(d6,ord,nb200k)@1.adv(t20,c77,w0,l0,f0,d-2,e0,m0,h0,b1,o0,r0,x0,n0,s1,g1)@1.opener(rand,4)@1	B	45	10	12	572.439	888.123	562.500	750.000	23	22	2020817	2461345	98.30	95.69	19	18	293169565	12
2026-07-26T21:51:50Z	20260726T215027Z	boards/board1.txt	ab(d6,tt,ord,qs,nb200k)@1.learned(s98,5801570e)@1.opener(rand,4)@1	ab(d6,ord,nb200k)@1.adv(t20,c77,w0,l0,f0,d-2,e0,m0,h0,b1,o0,r0,x0,n0,s1,g1)@1.opener(rand,4)@1	B	64	8	10	1019.372	1228.668	828.125	1031.250	32	32	3085877	3296035	152.73	153.19	28	28	153361680	12
2026-07-26T21:51:52Z	20260726T215027Z	boards/board1.txt	ab(d6,tt,ord,qs,nb200k)@1.learned(s98,5801570e)@1.opener(rand,4)@1	ab(d6,ord,nb200k)@1.adv(t20,c77,w0,l0,f0,d-2,e0,m0,h0,b1,o0,r0,x0,n0,s1,g1)@1.opener(rand,4)@1	W	60	10	8	796.952	1210.399	640.625	1062.500	30	30	2209874	3113204	146.27	138.78	26	26	888601029	12
2026-07-26T21:51:57Z	20260726T215027Z	boards/board1.txt	ab(d8,tt,ord,nb2m)@1.classic(t1,c4,w0,l0)@2.opener(rand,4)@1	ab(d6,ord,nb200k)@1.adv(t20,c77,w0,l0,f0,d-2,e0,m0,h0,b1,o0,r0,x0,n0,s1,g1)@1.opener(rand,4)@1	W	48	11	10	4282.659	905.792	3843.750	859.375	24	24	13182427	2402246	144.00	104.79	20	20	1368734365	12
2026-07-26T21:51:58Z	20260726T215027Z	boards/board1.txt	rand@1	ab(d6,ord,nb200k)@1.adv(t20,c77,w0,l0,f0,d-2,e0,m0,h0,b1,o0,r0,x0,n0,s1,g1)@1.opener(rand,4)@1	B	32	11	16	0.027	691.158	0.000	562.500	16	16	0	1747528	0.00	60.70	0	12	3200139082	12
2026-07-26T21:51:58Z	20260726T215027Z	boards/board1.txt	ab(d6,tt,ord,nb200k)@1.classic(t1,c4,w0,l0)@2.dil(r63)@1.opener(rand,4)@1	ab(d6,tt,ord,nb200k)@1.classic(t1,c4,w0,l0)@2.dil(r30,d4)@1.opener(rand,4)@1	B	22	13	15	31.823	62.340	31.250	62.500	11	11	76231	165841	12.00	30.00	2	7	28267320	12
2026-07-26T21:51:58Z	20260726T215027Z	boards/board1.txt	ab(d6,tt,ord,nb200k)@1.classic(t1,c4,w0,l0)@2.dil(r63)@1.opener(rand,4)@1	ab(d6,tt,ord,nb200k)@1.classic(t1,c4,w0,l0)@2.dil(r30,d4)@1.opener(rand,4)@1	B	31	13	16	78.663	138.291	62.500	109.375	16	15	177395	385120	24.00	56.00	5	11	2987668941	12
2026-07-26T21:51:59Z	20260726T215027Z	boards/board1.txt	ab(d6,tt,ord,nb200k)@1.classic(t1,c4,w0,l0)@2.opener(rand,4)@1	ab(d6,tt,ord,nb200k)@1.classic(t1,c4,w0,l0)@2.dil(r30,d4)@1.opener(rand,4)@1	B	43	11	12	373.635	184.004	296.875	171.875	22	21	981833	409353	93.00	83.00	18	17	195257767	12
2026-07-26T21:52:10Z	20260726T215027Z	boards/board1.txt	ab(d6,tt,ord,nb200k)@1.learned(s111,78ef6974)@1.opener(rand,4)@1	ab(d6,tt,ord,nb200k)@1.classic(t1,c4,w0,l0)@2.dil(r30,d4)@1.opener(rand,4)@1	B	61	6	12	11364.333	300.301	9609.375	265.625	31	30	2137906	692473	148.00	135.00	27	26	596201714	12
2026-07-26T21:52:11Z	20260726T215027Z	boards/board1.txt	ab(d6,tt,ord,nb200k)@1.learned(s3,68364898)@1.opener(rand,4)@1	ab(d6,tt,ord,nb200k)@1.classic(t1,c4,w0,l0)@2.dil(r30,d4)@1.opener(rand,4)@1	W	54	8	9	425.065	251.686	343.750	250.000	27	27	1192628	586746	129.00	116.00	23	23	1874901993	12
2026-07-26T21:52:12Z	20260726T215027Z	boards/board1.txt	ab(d6,tt,ord,nb200k)@1.learned(s3,68364898)@1.opener(rand,4)@1	ab(d6,tt,ord,nb200k)@1.classic(t1,c4,w0,l0)@2.dil(r30,d4)@1.opener(rand,4)@1	W	56	9	9	433.761	193.994	359.375	171.875	28	28	1163492	510588	135.00	119.00	24	24	3230681278	12
2026-07-26T21:52:12Z	20260726T215027Z	boards/board1.txt	ab(d6,tt,ord,nb200k)@1.learned(s6,eac8ab99)@1.opener(rand,4)@1	ab(d6,tt,ord,nb200k)@1.classic(t1,c4,w0,l0)@2.dil(r30,d4)@1.opener(rand,4)@1	W	52	11	10	406.545	302.518	328.125	234.375	26	26	1126774	700754	123.00	110.00	22	22	3581181963	12
2026-07-26T21:52:13Z	20260726T215027Z	boards/board1.txt	ab(d6,tt,ord,nb200k)@1.learned(s76,ef183148)@1.opener(rand,4)@1	ab(d6,tt,ord,nb200k)@1.classic(t1,c4,w0,l0)@2.dil(r30,d4)@1.opener(rand,4)@1	W	44	12	10	472.788	188.760	437.500	171.875	22	22	1347005	637848	99.00	84.00	18	18	2832797396	12
2026-07-26T21:52:14Z	20260726T215027Z	boards/board1.txt	ab(d6,tt,ord,nb200k)@1.learned(s98,5801570e)@1.opener(rand,4)@1	ab(d6,tt,ord,nb200k)@1.classic(t1,c4,w0,l0)@2.dil(r30,d4)@1.opener(rand,4)@1	W	46	10	9	435.790	108.246	421.875	93.750	23	23	1398905	286449	105.00	83.00	19	19	3228205746	12
2026-07-26T21:52:15Z	20260726T215027Z	boards/board1.txt	ab(d6,tt,ord,nb200k)@1.learned(s98,5801570e)@1.opener(rand,4)@1	ab(d6,tt,ord,nb200k)@1.classic(t1,c4,w0,l0)@2.dil(r30,d4)@1.opener(rand,4)@1	W	64	10	8	737.230	348.914	671.875	375.000	32	32	2134617	948247	159.00	142.00	28	28	2756368603	12
2026-07-26T21:52:16Z	20260726T215027Z	boards/board1.txt	ab(d6,tt,ord,qs,nb200k)@1.learned(s98,5801570e)@1.opener(rand,4)@1	ab(d6,tt,ord,nb200k)@1.classic(t1,c4,w0,l0)@2.dil(r30,d4)@1.opener(rand,4)@1	W	78	9	5	923.768	325.306	812.500	281.250	39	39	2367917	1035711	201.00	178.00	35	35	2437101649	12
2026-07-26T21:52:24Z	20260726T215027Z	boards/board1.txt	ab(d8,tt,ord,nb2m)@1.classic(t1,c4,w0,l0)@2.opener(rand,4)@1	ab(d6,tt,ord,nb200k)@1.classic(t1,c4,w0,l0)@2.dil(r30,d4)@1.opener(rand,4)@1	W	60	11	9	7448.188	165.276	6500.000	109.375	30	30	19382217	425899	192.00	129.00	26	26	1951906457	12
2026-07-26T21:52:24Z	20260726T215027Z	boards/board1.txt	rand@1	ab(d6,tt,ord,nb200k)@1.classic(t1,c4,w0,l0)@2.dil(r30,d4)@1.opener(rand,4)@1	B	18	14	16	0.010	54.235	0.000	46.875	9	9	0	152627	0.00	20.00	0	5	728963735	12
2026-07-26T21:52:24Z	20260726T215027Z	boards/board1.txt	rand@1	ab(d6,tt,ord,nb200k)@1.classic(t1,c4,w0,l0)@2.dil(r30,d4)@1.opener(rand,4)@1	B	22	13	16	0.012	99.557	0.000	93.750	11	11	0	265264	0.00	35.00	0	7	2984938584	12
2026-07-26T21:52:24Z	20260726T215027Z	boards/board1.txt	ab(d6,tt,ord,nb200k)@1.classic(t1,c4,w0,l0)@2.opener(rand,4)@1	ab(d6,tt,ord,nb200k)@1.classic(t1,c4,w0,l0)@2.dil(r63)@1.opener(rand,4)@1	W	55	13	11	407.642	165.909	328.125	140.625	28	27	999531	429863	133.00	66.00	24	11	1892047903	12
2026-07-26T21:52:38Z	20260726T215027Z	boards/board1.txt	ab(d6,tt,ord,nb200k)@1.learned(s111,78ef6974)@1.opener(rand,4)@1	ab(d6,tt,ord,nb200k)@1.classic(t1,c4,w0,l0)@2.dil(r63)@1.opener(rand,4)@1	W	42	14	10	13808.932	119.868	10562.500	93.750	21	21	2407250	265768	96.23	19.00	17	4	1482274170	12
2026-07-26T21:52:39Z	20260726T215027Z	boards/board1.txt	ab(d6,tt,ord,nb200k)@1.learned(s3,68364898)@1.opener(rand,4)@1	ab(d6,tt,ord,nb200k)@1.classic(t1,c4,w0,l0)@2.dil(r63)@1.opener(rand,4)@1	W	39	14	12	471.756	164.147	437.500	140.625	20	19	1261710	401640	91.00	42.00	16	7	418060657	12
2026-07-26T21:52:40Z	20260726T215027Z	boards/board1.txt	ab(d6,tt,ord,nb200k)@1.learned(s3,68364898)@1.opener(rand,4)@1	ab(d6,tt,ord,nb200k)@1.classic(t1,c4,w0,l0)@2.dil(r63)@1.opener(rand,4)@1	W	41	14	10	464.216	147.477	375.000	140.625	21	20	1218874	411872	92.00	42.00	17	7	2221206566	12
2026-07-26T21:52:40Z	20260726T215027Z	boards/board1.txt	ab(d6,tt,ord,nb200k)@1.learned(s6,eac8ab99)@1.opener(rand,4)@1	ab(d6,tt,ord,nb200k)@1.classic(t1,c4,w0,l0)@2.dil(r63)@1.opener(rand,4)@1	W	45	14	12	451.586	124.079	406.250	62.500	23	22	1243396	303626	100.00	42.00	19	7	1962941827	12
2026-07-26T21:52:40Z	20260726T215027Z	boards/board1.txt	ab(d6,tt,ord,nb200k)@1.learned(s76,ef183148)@1.opener(rand,4)@1	ab(d6,tt,ord,nb200k)@1.classic(t1,c4,w0,l0)@2.dil(r63)@1.opener(rand,4)@1	W	25	15	13	279.057	92.023	218.750	93.750	13	12	690692	188405	49.00	18.00	9	3	3928250668	12
2026-07-26T21:52:41Z	20260726T215027Z	boards/board1.txt	ab(d6,tt,ord,nb200k)@1.learned(s98,5801570e)@1.opener(rand,4)@1	ab(d6,tt,ord,nb200k)@1.classic(t1,c4,w0,l0)@2.dil(r63)@1.opener(rand,4)@1	W	49	14	11	671.860	190.977	546.875	187.500	25	24	1879079	508720	112.72	55.00	21	10	263354234	12
2026-07-26T21:52:42Z	20260726T215027Z	boards/board1.txt	ab(d6,tt,ord,nb200k)@1.learned(s98,5801570e)@1.opener(rand,4)@1	ab(d6,tt,ord,nb200k)@1.classic(t1,c4,w0,l0)@2.dil(r63)@1.opener(rand,4)@1	W	30	15	14	446.447	109.654	359.375	125.000	15	15	1286484	268600	60.36	31.00	11	6	4090098595	12
2026-07-26T21:52:42Z	20260726T215027Z	boards/board1.txt	ab(d6,tt,ord,qs,nb200k)@1.learned(s98,5801570e)@1.opener(rand,4)@1	ab(d6,tt,ord,nb200k)@1.classic(t1,c4,w0,l0)@2.dil(r63)@1.opener(rand,4)@1	W	34	15	13	513.174	46.208	468.750	46.875	17	17	1649577	133406	72.30	13.00	13	3	4242991001	12
2026-07-26T21:52:45Z	20260726T215027Z	boards/board1.txt	ab(d8,tt,ord,nb2m)@1.classic(t1,c4,w0,l0)@2.opener(rand,4)@1	ab(d6,tt,ord,nb200k)@1.classic(t1,c4,w0,l0)@2.dil(r63)@1.opener(rand,4)@1	W	29	15	15	2957.336	6.658	2593.750	0.000	15	14	8060599	24392	69.00	13.00	11	3	2396531681	12
2026-07-26T21:52:45Z	20260726T215027Z	boards/board1.txt	rand@1	ab(d6,tt,ord,nb200k)@1.classic(t1,c4,w0,l0)@2.dil(r63)@1.opener(rand,4)@1	B	40	13	16	0.017	70.038	0.000	78.125	20	20	0	199394	0.00	23.00	0	6	458668863	12
2026-07-26T21:52:46Z	20260726T215027Z	boards/board1.txt	rand@1	ab(d6,tt,ord,nb200k)@1.classic(t1,c4,w0,l0)@2.dil(r63)@1.opener(rand,4)@1	B	38	14	16	0.014	39.228	0.000	31.250	19	19	0	109588	0.00	14.00	0	4	2708934592	12
2026-07-26T21:53:00Z	20260726T215027Z	boards/board1.txt	ab(d6,tt,ord,nb200k)@1.learned(s111,78ef6974)@1.opener(rand,4)@1	ab(d6,tt,ord,nb200k)@1.classic(t1,c4,w0,l0)@2.opener(rand,4)@1	B	71	9	12	14165.230	618.883	12390.625	562.500	36	35	2824058	1430870	178.00	177.00	32	31	3375937886	12
2026-07-26T21:53:01Z	20260726T215027Z	boards/board1.txt	ab(d6,tt,ord,nb200k)@1.learned(s3,68364898)@1.opener(rand,4)@1	ab(d6,tt,ord,nb200k)@1.classic(t1,c4,w0,l0)@2.opener(rand,4)@1	W	48	10	10	461.315	278.014	437.500	281.250	24	24	1345883	702475	111.00	106.00	20	20	600807248	12
2026-07-26T21:53:02Z	20260726T215027Z	boards/board1.txt	ab(d6,tt,ord,nb200k)@1.learned(s6,eac8ab99)@1.opener(rand,4)@1	ab(d6,tt,ord,nb200k)@1.classic(t1,c4,w0,l0)@2.opener(rand,4)@1	W	58	10	11	817.456	454.437	750.000	421.875	29	29	2327452	1167965	140.18	136.00	25	25	4218057918	12
2026-07-26T21:53:03Z	20260726T215027Z	boards/board1.txt	ab(d6,tt,ord,nb200k)@1.learned(s6,eac8ab99)@1.opener(rand,4)@1	ab(d6,tt,ord,nb200k)@1.classic(t1,c4,w0,l0)@2.opener(rand,4)@1	W	56	9	9	591.881	349.656	515.625	343.750	28	28	1547714	939237	135.00	130.00	24	24	1482777031	12
2026-07-26T21:53:05Z	20260726T215027Z	boards/board1.txt	ab(d6,tt,ord,nb200k)@1.learned(s76,ef183148)@1.opener(rand,4)@1	ab(d6,tt,ord,nb200k)@1.classic(t1,c4,w0,l0)@2.opener(rand,4)@1	B	59	9	11	892.073	420.955	671.875	375.000	30	29	2474790	1086467	142.00	141.00	26	25	469115992	12
2026-07-26T21:53:06Z	20260726T215027Z	boards/board1.txt	ab(d6,tt,ord,nb200k)@1.learned(s98,5801570e)@1.opener(rand,4)@1	ab(d6,tt,ord,nb200k)@1.classic(t1,c4,w0,l0)@2.opener(rand,4)@1	B	69	6	8	768.537	415.660	609.375	406.250	35	34	1968831	1094934	171.54	171.00	31	30	1432473077	12
2026-07-26T21:53:07Z	20260726T215027Z	boards/board1.txt	ab(d6,tt,ord,qs,nb200k)@1.learned(s98,5801570e)@1.opener(rand,4)@1	ab(d6,tt,ord,nb200k)@1.classic(t1,c4,w0,l0)@2.opener(rand,4)@1	W	70	8	7	820.584	494.865	562.500	406.250	35	35	2124434	1227182	176.72	172.00	31	31	3926583080	12
2026-07-26T21:53:08Z	20260726T215027Z	boards/board1.txt	ab(d6,tt,ord,qs,nb200k)@1.learned(s98,5801570e)@1.opener(rand,4)@1	ab(d6,tt,ord,nb200k)@1.classic(t1,c4,w0,l0)@2.opener(rand,4)@1	W	54	10	10	776.448	380.591	750.000	296.875	27	27	2083491	960665	128.84	124.00	23	23	2218680061	12
2026-07-26T21:53:13Z	20260726T215027Z	boards/board1.txt	ab(d8,tt,ord,nb2m)@1.classic(t1,c4,w0,l0)@2.opener(rand,4)@1	ab(d6,tt,ord,nb200k)@1.classic(t1,c4,w0,l0)@2.opener(rand,4)@1	W	42	12	12	4319.435	90.900	3656.250	78.125	21	21	11005505	264491	120.00	88.00	17	17	672628469	12
2026-07-26T21:53:13Z	20260726T215027Z	boards/board1.txt	rand@1	ab(d6,tt,ord,nb200k)@1.classic(t1,c4,w0,l0)@2.opener(rand,4)@1	B	20	15	16	0.011	78.315	0.000	78.125	10	10	0	218740	0.00	26.00	0	6	1839306690	12
2026-07-26T21:53:31Z	20260726T215027Z	boards/board1.txt	ab(d6,tt,ord,nb200k)@1.learned(s3,68364898)@1.opener(rand,4)@1	ab(d6,tt,ord,nb200k)@1.learned(s111,78ef6974)@1.opener(rand,4)@1	B	77	8	8	821.935	17410.984	781.250	15328.125	39	38	2117655	3193720	196.00	192.76	35	34	3750887244	12
2026-07-26T21:53:50Z	20260726T215027Z	boards/board1.txt	ab(d6,tt,ord,nb200k)@1.learned(s3,68364898)@1.opener(rand,4)@1	ab(d6,tt,ord,nb200k)@1.learned(s111,78ef6974)@1.opener(rand,4)@1	W	70	10	7	905.201	18087.483	843.750	15453.125	35	35	2404983	3142866	176.65	170.56	31	31	1143785345	12
2026-07-26T21:54:04Z	20260726T215027Z	boards/board1.txt	ab(d6,tt,ord,nb200k)@1.learned(s6,eac8ab99)@1.opener(rand,4)@1	ab(d6,tt,ord,nb200k)@1.learned(s111,78ef6974)@1.opener(rand,4)@1	W	68	7	8	853.684	13467.479	703.125	11718.750	34	34	2613533	2503333	170.70	164.61	30	30	1584323624	12
2026-07-26T21:54:16Z	20260726T215027Z	boards/board1.txt	ab(d6,tt,ord,nb200k)@1.learned(s76,ef183148)@1.opener(rand,4)@1	ab(d6,tt,ord,nb200k)@1.learned(s111,78ef6974)@1.opener(rand,4)@1	B	43	12	11	696.329	10697.528	656.250	9671.875	22	21	1924008	2015960	93.13	91.44	18	17	988497209	12
2026-07-26T21:54:35Z	20260726T215027Z	boards/board1.txt	ab(d6,tt,ord,nb200k)@1.learned(s98,5801570e)@1.opener(rand,4)@1	ab(d6,tt,ord,nb200k)@1.learned(s111,78ef6974)@1.opener(rand,4)@1	W	76	8	7	1257.720	17911.533	1015.625	15093.750	38	38	3082139	3308312	194.53	187.68	34	34	3287613605	12
2026-07-26T21:54:52Z	20260726T215027Z	boards/board1.txt	ab(d6,tt,ord,nb200k)@1.learned(s98,5801570e)@1.opener(rand,4)@1	ab(d6,tt,ord,nb200k)@1.learned(s111,78ef6974)@1.opener(rand,4)@1	W	56	12	7	868.491	16429.114	765.625	14437.500	28	28	2627373	3089990	132.68	128.79	24	24	3626864810	12
2026-07-26T21:55:11Z	20260726T215027Z	boards/board1.txt	ab(d6,tt,ord,qs,nb200k)@1.learned(s98,5801570e)@1.opener(rand,4)@1	ab(d6,tt,ord,nb200k)@1.learned(s111,78ef6974)@1.opener(rand,4)@1	W	76	9	6	1099.183	18138.126	968.750	16203.125	38	38	3104137	3272258	194.78	188.11	34	34	2233805418	12
2026-07-26T21:55:19Z	20260726T215027Z	boards/board1.txt	ab(d8,tt,ord,nb2m)@1.classic(t1,c4,w0,l0)@2.opener(rand,4)@1	ab(d6,tt,ord,nb200k)@1.learned(s111,78ef6974)@1.opener(rand,4)@1	W	54	12	10	5085.907	2841.364	4296.875	2453.125	27	27	13400585	555506	168.00	124.00	23	23	3483753298	12
2026-07-26T21:55:22Z	20260726T215027Z	boards/board1.txt	rand@1	ab(d6,tt,ord,nb200k)@1.learned(s111,78ef6974)@1.opener(rand,4)@1	B	26	14	16	0.020	2962.985	0.000	2671.875	13	13	0	559676	0.00	41.00	0	9	2883835742	12
2026-07-26T21:55:24Z	20260726T215027Z	boards/board1.txt	rand@1	ab(d6,tt,ord,nb200k)@1.learned(s111,78ef6974)@1.opener(rand,4)@1	B	22	13	16	0.015	1993.665	0.000	1703.125	11	11	0	387406	0.00	32.00	0	7	3241376359	12
2026-07-26T21:55:26Z	20260726T215027Z	boards/board1.txt	ab(d6,tt,ord,nb200k)@1.learned(s6,eac8ab99)@1.opener(rand,4)@1	ab(d6,tt,ord,nb200k)@1.learned(s3,68364898)@1.opener(rand,4)@1	W	72	7	7	884.269	759.254	656.250	671.875	36	36	2157782	2205579	183.00	178.00	32	32	1683105368	12
2026-07-26T21:55:28Z	20260726T215027Z	boards/board1.txt	ab(d6,tt,ord,nb200k)@1.learned(s76,ef183148)@1.opener(rand,4)@1	ab(d6,tt,ord,nb200k)@1.learned(s3,68364898)@1.opener(rand,4)@1	W	64	11	6	945.177	810.456	859.375	703.125	32	32	2340278	2665238	159.00	153.85	28	28	2441973257	12
2026-07-26T21:55:29Z	20260726T215027Z	boards/board1.txt	ab(d6,tt,ord,nb200k)@1.learned(s98,5801570e)@1.opener(rand,4)@1	ab(d6,tt,ord,nb200k)@1.learned(s3,68364898)@1.opener(rand,4)@1	B	69	8	6	611.550	480.515	593.750	421.875	35	34	1638922	1535493	172.00	171.00	31	30	2252109077	12
2026-07-26T21:55:30Z	20260726T215027Z	boards/board1.txt	ab(d6,tt,ord,nb200k)@1.learned(s98,5801570e)@1.opener(rand,4)@1	ab(d6,tt,ord,nb200k)@1.learned(s3,68364898)@1.opener(rand,4)@1	W	86	8	5	826.045	823.381	687.500	671.875	43	43	2242431	2233698	225.00	220.00	39	39	4129754330	12
2026-07-26T21:55:33Z	20260726T215027Z	boards/board1.txt	ab(d6,tt,ord,qs,nb200k)@1.learned(s98,5801570e)@1.opener(rand,4)@1	ab(d6,tt,ord,nb200k)@1.learned(s3,68364898)@1.opener(rand,4)@1	B	89	6	6	1259.267	1093.433	1046.875	937.500	45	44	3471703	3026438	231.47	230.22	41	40	287224890	12
2026-07-26T21:55:36Z	20260726T215027Z	boards/board1.txt	ab(d8,tt,ord,nb2m)@1.classic(t1,c4,w0,l0)@2.opener(rand,4)@1	ab(d6,tt,ord,nb200k)@1.learned(s3,68364898)@1.opener(rand,4)@1	B	37	13	12	2955.904	51.480	2625.000	93.750	19	18	8339047	177850	97.00	75.00	15	14	300573698	12
2026-07-26T21:55:36Z	20260726T215027Z	boards/board1.txt	rand@1	ab(d6,tt,ord,nb200k)@1.learned(s3,68364898)@1.opener(rand,4)@1	B	36	12	16	0.029	487.221	0.000	437.500	18	18	0	1543693	0.00	79.00	0	14	3679139150	12
2026-07-26T21:55:36Z	20260726T215027Z	boards/board1.txt	rand@1	ab(d6,tt,ord,nb200k)@1.learned(s3,68364898)@1.opener(rand,4)@1	B	22	13	16	0.014	170.452	0.000	156.250	11	11	0	515813	0.00	32.00	0	7	927446423	12
2026-07-26T21:55:38Z	20260726T215027Z	boards/board1.txt	ab(d6,tt,ord,nb200k)@1.learned(s76,ef183148)@1.opener(rand,4)@1	ab(d6,tt,ord,nb200k)@1.learned(s6,eac8ab99)@1.opener(rand,4)@1	W	68	9	6	827.262	610.489	718.750	578.125	34	34	2343772	1914929	171.00	166.00	30	30	3326244096	12
2026-07-26T21:55:39Z	20260726T215027Z	boards/board1.txt	ab(d6,tt,ord,nb200k)@1.learned(s98,5801570e)@1.opener(rand,4)@1	ab(d6,tt,ord,nb200k)@1.learned(s6,eac8ab99)@1.opener(rand,4)@1	B	63	9	7	568.139	617.087	578.125	531.250	32	31	1696692	1854844	154.00	153.00	28	27	3711567693	12
2026-07-26T21:55:41Z	20260726T215027Z	boards/board1.txt	ab(d6,tt,ord,qs,nb200k)@1.learned(s98,5801570e)@1.opener(rand,4)@1	ab(d6,tt,ord,nb200k)@1.learned(s6,eac8ab99)@1.opener(rand,4)@1	W	72	9	7	1209.711	934.933	1093.750	828.125	36	36	3517417	2962740	182.58	177.30	32	32	3521968800	12
2026-07-26T21:55:43Z	20260726T215027Z	boards/board1.txt	ab(d6,tt,ord,qs,nb200k)@1.learned(s98,5801570e)@1.opener(rand,4)@1	ab(d6,tt,ord,nb200k)@1.learned(s6,eac8ab99)@1.opener(rand,4)@1	W	66	10	8	780.509	588.759	750.000	546.875	33	33	2256938	1743771	164.00	160.00	29	29	1673057173	12
2026-07-26T21:55:49Z	20260726T215027Z	boards/board1.txt	ab(d8,tt,ord,nb2m)@1.classic(t1,c4,w0,l0)@2.opener(rand,4)@1	ab(d6,tt,ord,nb200k)@1.learned(s6,eac8ab99)@1.opener(rand,4)@1	W	48	11	10	6132.669	192.203	5875.000	171.875	24	24	17079392	670786	144.00	106.00	20	20	2040924109	12
2026-07-26T21:55:49Z	20260726T215027Z	boards/board1.txt	rand@1	ab(d6,tt,ord,nb200k)@1.learned(s6,eac8ab99)@1.opener(rand,4)@1	B	28	12	16	0.020	282.237	0.000	250.000	14	14	0	844905	0.00	55.00	0	10	3477179002	12
2026-07-26T21:55:51Z	20260726T215027Z	boards/board1.txt	ab(d6,tt,ord,nb200k)@1.learned(s98,5801570e)@1.opener(rand,4)@1	ab(d6,tt,ord,nb200k)@1.learned(s76,ef183148)@1.opener(rand,4)@1	B	63	8	10	757.027	808.376	734.375	750.000	32	31	2446508	2189250	154.00	153.00	28	27	1296974481	12
2026-07-26T21:55:52Z	20260726T215027Z	boards/board1.txt	ab(d6,tt,ord,nb200k)@1.learned(s98,5801570e)@1.opener(rand,4)@1	ab(d6,tt,ord,nb200k)@1.learned(s76,ef183148)@1.opener(rand,4)@1	W	62	10	9	642.180	690.349	593.750	656.250	31	31	2025318	2185589	153.00	148.00	27	27	326324294	12
2026-07-26T21:55:54Z	20260726T215027Z	boards/board1.txt	ab(d6,tt,ord,qs,nb200k)@1.learned(s98,5801570e)@1.opener(rand,4)@1	ab(d6,tt,ord,nb200k)@1.learned(s76,ef183148)@1.opener(rand,4)@1	B	72	9	8	812.642	909.728	734.375	890.625	36	36	2379960	2653912	178.00	177.56	32	32	2746716302	12
2026-07-26T21:56:01Z	20260726T215027Z	boards/board1.txt	ab(d8,tt,ord,nb2m)@1.classic(t1,c4,w0,l0)@2.opener(rand,4)@1	ab(d6,tt,ord,nb200k)@1.learned(s76,ef183148)@1.opener(rand,4)@1	W	52	13	12	6431.590	316.923	5984.375	281.250	26	26	18566009	985442	160.00	118.00	22	22	918868094	12
2026-07-26T21:56:01Z	20260726T215027Z	boards/board1.txt	rand@1	ab(d6,tt,ord,nb200k)@1.learned(s76,ef183148)@1.opener(rand,4)@1	B	34	12	16	0.028	312.241	0.000	296.875	17	17	0	839603	0.00	69.00	0	13	2872779794	12
2026-07-26T21:56:01Z	20260726T215027Z	boards/board1.txt	rand@1	ab(d6,tt,ord,nb200k)@1.learned(s76,ef183148)@1.opener(rand,4)@1	B	38	12	16	0.030	460.861	0.000	421.875	19	19	0	1553608	0.00	75.80	0	15	2362133819	12
2026-07-26T21:56:03Z	20260726T215027Z	boards/board1.txt	ab(d6,tt,ord,qs,nb200k)@1.learned(s98,5801570e)@1.opener(rand,4)@1	ab(d6,tt,ord,nb200k)@1.learned(s98,5801570e)@1.opener(rand,4)@1	W	80	6	5	1035.577	744.857	906.250	671.875	40	40	2862933	2231748	206.97	202.00	36	36	962134139	12
2026-07-26T21:56:06Z	20260726T215027Z	boards/board1.txt	ab(d8,tt,ord,nb2m)@1.classic(t1,c4,w0,l0)@2.opener(rand,4)@1	ab(d6,tt,ord,nb200k)@1.learned(s98,5801570e)@1.opener(rand,4)@1	W	36	13	12	2798.074	92.327	2671.875	62.500	18	18	8140959	310850	96.00	70.00	14	14	2616097471	12
2026-07-26T21:56:06Z	20260726T215027Z	boards/board1.txt	rand@1	ab(d6,tt,ord,nb200k)@1.learned(s98,5801570e)@1.opener(rand,4)@1	B	22	12	16	0.015	168.236	0.000	171.875	11	11	0	542428	0.00	37.00	0	7	1490838937	12
2026-07-26T21:56:06Z	20260726T215027Z	boards/board1.txt	rand@1	ab(d6,tt,ord,nb200k)@1.learned(s98,5801570e)@1.opener(rand,4)@1	B	22	12	16	0.016	162.767	0.000	109.375	11	11	0	481392	0.00	37.00	0	7	1342357294	12
2026-07-26T21:56:11Z	20260726T215027Z	boards/board1.txt	ab(d8,tt,ord,nb2m)@1.classic(t1,c4,w0,l0)@2.opener(rand,4)@1	ab(d6,tt,ord,qs,nb200k)@1.learned(s98,5801570e)@1.opener(rand,4)@1	W	49	13	9	4084.668	209.534	3781.250	171.875	25	24	11499355	767912	145.00	106.00	21	20	3860712939	12
2026-07-26T21:56:11Z	20260726T215027Z	boards/board1.txt	rand@1	ab(d6,tt,ord,qs,nb200k)@1.learned(s98,5801570e)@1.opener(rand,4)@1	B	26	14	16	0.020	223.969	0.000	187.500	13	13	0	615608	0.00	49.00	0	9	3287389284	12
2026-07-26T21:56:12Z	20260726T215027Z	boards/board1.txt	rand@1	ab(d8,tt,ord,nb2m)@1.classic(t1,c4,w0,l0)@2.opener(rand,4)@1	B	20	13	16	0.014	998.772	0.000	906.250	10	10	0	3123288	0.00	41.00	0	6	1213583061	12
2026-07-26T21:56:14Z	20260726T215027Z	boards/board1.txt	rand@1	ab(d8,tt,ord,nb2m)@1.classic(t1,c4,w0,l0)@2.opener(rand,4)@1	B	26	13	16	0.018	1702.055	0.000	1625.000	13	13	0	5046214	0.00	55.00	0	9	1017870362	12
2026-07-26T21:50:27Z	20260726T215027Z	boards/board1.txt	ab(d2)@1.classic(t1,c4,w0,l0)@2.opener(rand,4)@1	ab(d4)@1.classic(t1,c4,w0,l0)@2.opener(rand,4)@1	B	46	13	13	0.233	8.427	0.000	0.000	23	23	3261	146414	36.00	76.00	19	19	2408672602	12
2026-07-26T21:50:28Z	20260726T215027Z	boards/board1.txt	ab(d2)@1.classic(t1,c4,w0,l0)@2.opener(rand,4)@1	ab(d6,ord,nb200k)@1.adv(t20,c77,w0,l0,f0,d-2,e0,m0,h0,b1,o0,r0,x0,n0,s1,g1)@1.opener(rand,4)@1	B	62	11	10	0.310	1204.759	15.625	1109.375	31	31	3659	3192933	52.00	145.53	27	27	4068760647	12
2026-07-26T21:50:29Z	20260726T215027Z	boards/board1.txt	ab(d2)@1.classic(t1,c4,w0,l0)@2.opener(rand,4)@1	ab(d6,ord,nb200k)@1.adv(t20,c77,w0,l0,f0,d-2,e0,m0,h0,b1,o0,r0,x0,n0,s1,g1)@1.opener(rand,4)@1	B	60	9	9	0.249	1170.786	0.000	1015.625	30	30	2851	3056794	50.00	140.35	26	26	3815881342	12
2026-07-26T21:50:29Z	20260726T215027Z	boards/board1.txt	ab(d2)@1.classic(t1,c4,w0,l0)@2.opener(rand,4)@1	ab(d6,tt,ord,nb200k)@1.classic(t1,c4,w0,l0)@2.dil(r30,d4)@1.opener(rand,4)@1	B	30	14	14	0.110	130.880	0.000	109.375	15	15	1346	369705	20.00	51.00	11	11	715211330	12
2026-07-26T21:50:29Z	20260726T215027Z	boards/board1.txt	ab(d2)@1.classic(t1,c4,w0,l0)@2.opener(rand,4)@1	ab(d6,tt,ord,nb200k)@1.classic(t1,c4,w0,l0)@2.dil(r63)@1.opener(rand,4)@1	W	33	14	9	0.099	50.669	0.000	46.875	17	16	1171	169121	26.00	24.00	13	4	6811254	12
2026-07-26T21:50:30Z	20260726T215027Z	boards/board1.txt	ab(d2)@1.classic(t1,c4,w0,l0)@2.opener(rand,4)@1	ab(d6,tt,ord,nb200k)@1.classic(t1,c4,w0,l0)@2.opener(rand,4)@1	B	34	15	15	0.169	246.898	0.000	250.000	17	17	2082	775250	24.00	64.00	13	13	355034535	12
2026-07-26T21:50:30Z	20260726T215027Z	boards/board1.txt	ab(d2)@1.classic(t1,c4,w0,l0)@2.opener(rand,4)@1	ab(d6,tt,ord,nb200k)@1.classic(t1,c4,w0,l0)@2.opener(rand,4)@1	B	44	13	13	0.230	317.451	0.000	281.250	22	22	2701	975272	34.00	95.00	18	18	3252753758	12
2026-07-26T21:50:45Z	20260726T215027Z	boards/board1.txt	ab(d2)@1.classic(t1,c4,w0,l0)@2.opener(rand,4)@1	ab(d6,tt,ord,nb200k)@1.learned(s111,78ef6974)@1.opener(rand,4)@1	B	60	10	10	0.268	15150.291	0.000	13640.625	30	30	2836	2924740	50.00	142.43	26	26	756555343	12
2026-07-26T21:50:46Z	20260726T215027Z	boards/board1.txt	ab(d2)@1.classic(t1,c4,w0,l0)@2.opener(rand,4)@1	ab(d6,tt,ord,nb200k)@1.learned(s3,68364898)@1.opener(rand,4)@1	B	66	9	7	0.310	741.045	0.000	703.125	33	33	3578	2365274	56.00	159.00	29	29	2583576981	12
2026-07-26T21:50:47Z	20260726T215027Z	boards/board1.txt	ab(d2)@1.classic(t1,c4,w0,l0)@2.opener(rand,4)@1	ab(d6,tt,ord,nb200k)@1.learned(s6,eac8ab99)@1.opener(rand,4)@1	B	54	12	12	0.273	685.026	0.000	687.500	27	27	3107	2143380	44.00	124.00	23	23	2668536419	12
2026-07-26T21:50:47Z	20260726T215027Z	boards/board1.txt	ab(d2)@1.classic(t1,c4,w0,l0)@2.opener(rand,4)@1	ab(d6,tt,ord,nb200k)@1.learned(s6,eac8ab99)@1.opener(rand,4)@1	B	52	11	9	0.237	592.960	15.625	515.625	26	26	2572	1917882	42.00	118.88	22	22	2674227482	12
2026-07-26T21:50:48Z	20260726T215027Z	boards/board1.txt	ab(d2)@1.classic(t1,c4,w0,l0)@2.opener(rand,4)@1	ab(d6,tt,ord,nb200k)@1.learned(s76,ef183148)@1.opener(rand,4)@1	B	64	11	9	0.308	799.049	15.625	734.375	32	32	3525	2537616	54.00	154.00	28	28	1392124149	12
2026-07-26T21:50:48Z	20260726T215027Z	boards/board1.txt	ab(d2)@1.classic(t1,c4,w0,l0)@2.opener(rand,4)@1	ab(d6,tt,ord,nb200k)@1.learned(s98,5801570e)@1.opener(rand,4)@1	B	46	11	11	0.165	347.340	0.000	281.250	23	23	1793	1018707	36.00	100.00	19	19	1206567156	12
2026-07-26T21:50:49Z	20260726T215027Z	boards/board1.txt	ab(d2)@1.classic(t1,c4,w0,l0)@2.opener(rand,4)@1	ab(d6,tt,ord,qs,nb200k)@1.learned(s98,5801570e)@1.opener(rand,4)@1	B	52	11	11	0.254	832.133	0.000	734.375	26	26	2906	2436364	42.00	115.82	22	22	1962005617	12
2026-07-26T21:50:50Z	20260726T215027Z	boards/board1.txt	ab(d2)@1.classic(t1,c4,w0,l0)@2.opener(rand,4)@1	ab(d6,tt,ord,qs,nb200k)@1.learned(s98,5801570e)@1.opener(rand,4)@1	B	42	13	13	0.169	491.632	0.000	437.500	21	21	1903	1363034	32.00	85.50	17	17	2844263996	12
2026-07-26T21:50:53Z	20260726T215027Z	boards/board1.txt	ab(d2)@1.classic(t1,c4,w0,l0)@2.opener(rand,4)@1	ab(d8,tt,ord,nb2m)@1.classic(t1,c4,w0,l0)@2.opener(rand,4)@1	B	36	15	15	0.555	3714.550	0.000	3218.750	18	18	2122	10254101	26.00	92.00	14	14	3119794456	12
2026-07-26T21:50:53Z	20260726T215027Z	boards/board1.txt	ab(d2)@1.classic(t1,c4,w0,l0)@2.opener(rand,4)@1	rand@1	W	27	16	13	0.086	0.007	0.000	0.000	14	13	1036	0	20.00	0.00	10	0	565794983	12
2026-07-26T21:50:54Z	20260726T215027Z	boards/board1.txt	ab(d4)@1.classic(t1,c4,w0,l0)@2.opener(rand,4)@1	ab(d6,ord,nb200k)@1.adv(t20,c77,w0,l0,f0,d-2,e0,m0,h0,b1,o0,r0,x0,n0,s1,g1)@1.opener(rand,4)@1	B	60	9	10	8.005	1027.232	15.625	921.875	30	30	106865	2769345	97.00	141.06	26	26	89957641	12
2026-07-26T21:50:56Z	20260726T215027Z	boards/board1.txt	ab(d4)@1.classic(t1,c4,w0,l0)@2.opener(rand,4)@1	ab(d6,ord,nb200k)@1.adv(t20,c77,w0,l0,f0,d-2,e0,m0,h0,b1,o0,r0,x0,n0,s1,g1)@1.opener(rand,4)@1	W	54	11	9	11.214	1097.480	0.000	984.375	27	27	141908	2898588	92.00	123.42	23	23	890482292	12
2026-07-26T21:50:56Z	20260726T215027Z	boards/board1.txt	ab(d4)@1.classic(t1,c4,w0,l0)@2.opener(rand,4)@1	ab(d6,tt,ord,nb200k)@1.classic(t1,c4,w0,l0)@2.dil(r30,d4)@1.opener(rand,4)@1	B	46	12	12	8.626	341.825	0.000	312.500	23	23	140872	994671	69.00	98.00	19	19	2594515700	12
2026-07-26T21:50:56Z	20260726T215027Z	boards/board1.txt	ab(d4)@1.classic(t1,c4,w0,l0)@2.opener(rand,4)@1	ab(d6,tt,ord,nb200k)@1.classic(t1,c4,w0,l0)@2.dil(r63)@1.opener(rand,4)@1	W	23	16	13	2.672	0.007	0.000	0.000	12	11	41177	0	32.00	0.00	8	0	45037580	12
2026-07-26T21:50:56Z	20260726T215027Z	boards/board1.txt	ab(d4)@1.classic(t1,c4,w0,l0)@2.opener(rand,4)@1	ab(d6,tt,ord,nb200k)@1.classic(t1,c4,w0,l0)@2.opener(rand,4)@1	W	54	13	8	7.422	322.439	0.000	328.125	27	27	123389	933327	92.00	124.00	23	23	3136222365	12
2026-07-26T21:50:57Z	20260726T215027Z	boards/board1.txt	ab(d4)@1.classic(t1,c4,w0,l0)@2.opener(rand,4)@1	ab(d6,tt,ord,nb200k)@1.classic(t1,c4,w0,l0)@2.opener(rand,4)@1	B	48	10	12	11.180	321.521	0.000	281.250	24	24	146000	944574	73.00	106.00	20	20	1227114792	12
2026-07-26T21:51:10Z	20260726T215027Z	boards/board1.txt	ab(d4)@1.classic(t1,c4,w0,l0)@2.opener(rand,4)@1	ab(d6,tt,ord,nb200k)@1.learned(s111,78ef6974)@1.opener(rand,4)@1	W	52	11	9	8.964	13199.200	31.250	12046.875	26	26	119928	2694512	88.00	117.44	22	22	167090269	12
2026-07-26T21:51:10Z	20260726T215027Z	boards/board1.txt	ab(d4)@1.classic(t1,c4,w0,l0)@2.opener(rand,4)@1	ab(d6,tt,ord,nb200k)@1.learned(s3,68364898)@1.opener(rand,4)@1	B	38	11	12	3.170	338.360	15.625	281.250	19	19	46657	1010682	53.00	76.00	15	15	1097541903	12
2026-07-26T21:51:11Z	20260726T215027Z	boards/board1.txt	ab(d4)@1.classic(t1,c4,w0,l0)@2.opener(rand,4)@1	ab(d6,tt,ord,nb200k)@1.learned(s6,eac8ab99)@1.opener(rand,4)@1	B	40	13	12	5.538	382.452	0.000	390.625	20	20	88046	1283191	57.00	82.00	16	16	1459189573	12
2026-07-26T21:51:11Z	20260726T215027Z	boards/board1.txt	ab(d4)@1.classic(t1,c4,w0,l0)@2.opener(rand,4)@1	ab(d6,tt,ord,nb200k)@1.learned(s6,eac8ab99)@1.opener(rand,4)@1	B	72	9	8	8.208	725.063	15.625	687.500	36	36	116336	2378665	121.00	178.00	32	32	827438128	12
2026-07-26T21:51:12Z	20260726T215027Z	boards/board1.txt	ab(d4)@1.classic(t1,c4,w0,l0)@2.opener(rand,4)@1	ab(d6,tt,ord,nb200k)@1.learned(s76,ef183148)@1.opener(rand,4)@1	B	52	11	9	7.762	378.469	15.625	359.375	26	26	103622	1394340	81.00	118.00	22	22	3670594959	12
2026-07-26T21:51:12Z	20260726T215027Z	boards/board1.txt	ab(d4)@1.classic(t1,c4,w0,l0)@2.opener(rand,4)@1	ab(d6,tt,ord,nb200k)@1.learned(s98,5801570e)@1.opener(rand,4)@1	B	42	11	12	3.773	317.240	0.000	312.500	21	21	57886	1036515	61.00	88.00	17	17	117694774	12
2026-07-26T21:51:12Z	20260726T215027Z	boards/board1.txt	ab(d4)@1.classic(t1,c4,w0,l0)@2.opener(rand,4)@1	ab(d6,tt,ord,qs,nb200k)@1.learned(s98,5801570e)@1.opener(rand,4)@1	B	44	11	11	5.209	411.171	0.000	359.375	22	22	80011	1173195	65.00	92.00	18	18	2380400927	12
2026-07-26T21:51:13Z	20260726T215027Z	boards/board1.txt	ab(d4)@1.classic(t1,c4,w0,l0)@2.opener(rand,4)@1	ab(d6,tt,ord,qs,nb200k)@1.learned(s98,5801570e)@1.opener(rand,4)@1	B	38	13	12	5.669	272.220	0.000	265.625	19	19	91132	821161	53.00	74.00	15	15	3162418006	12
2026-07-26T21:51:17Z	20260726T215027Z	boards/board1.txt	ab(d4)@1.classic(t1,c4,w0,l0)@2.opener(rand,4)@1	ab(d8,tt,ord,nb2m)@1.classic(t1,c4,w0,l0)@2.opener(rand,4)@1	W	50	12	10	7.188	4449.481	15.625	4062.500	25	25	109631	12508209	84.00	142.00	21	21	1302453838	12
2026-07-26T21:51:17Z	20260726T215027Z	boards/board1.txt	ab(d4)@1.classic(t1,c4,w0,l0)@2.opener(rand,4)@1	rand@1	W	19	16	13	1.441	0.006	0.000	0.000	10	9	20484	0	24.00	0.00	6	0	4156776833	12
2026-07-26T21:51:18Z	20260726T215027Z	boards/board1.txt	ab(d6,ord,nb200k)@1.adv(t20,c77,w0,l0,f0,d-2,e0,m0,h0,b1,o0,r0,x0,n0,s1,g1)@1.opener(rand,4)@1	ab(d6,tt,ord,nb200k)@1.classic(t1,c4,w0,l0)@2.dil(r30,d4)@1.opener(rand,4)@1	B	51	10	11	936.725	265.070	843.750	250.000	26	25	2681123	878945	116.82	109.00	22	21	3654791259	12
2026-07-26T21:51:20Z	20260726T215027Z	boards/board1.txt	ab(d6,ord,nb200k)@1.adv(t20,c77,w0,l0,f0,d-2,e0,m0,h0,b1,o0,r0,x0,n0,s1,g1)@1.opener(rand,4)@1	ab(d6,tt,ord,nb200k)@1.classic(t1,c4,w0,l0)@2.dil(r30,d4)@1.opener(rand,4)@1	B	77	5	7	1047.783	277.031	937.500	218.750	39	38	2925371	968223	195.08	178.00	35	34	3482092626	12
2026-07-26T21:51:21Z	20260726T215027Z	boards/board1.txt	ab(d6,ord,nb200k)@1.adv(t20,c77,w0,l0,f0,d-2,e0,m0,h0,b1,o0,r0,x0,n0,s1,g1)@1.opener(rand,4)@1	ab(d6,tt,ord,nb200k)@1.classic(t1,c4,w0,l0)@2.dil(r63)@1.opener(rand,4)@1	W	48	11	9	901.205	196.182	781.250	187.500	24	24	2499192	662399	109.80	64.00	20	12	3113576630	12
2026-07-26T21:51:22Z	20260726T215027Z	boards/board1.txt	ab(d6,ord,nb200k)@1.adv(t20,c77,w0,l0,f0,d-2,e0,m0,h0,b1,o0,r0,x0,n0,s1,g1)@1.opener(rand,4)@1	ab(d6,tt,ord,nb200k)@1.classic(t1,c4,w0,l0)@2.opener(rand,4)@1	W	80	8	6	1175.662	478.037	1093.750	375.000	40	40	3300785	1528175	206.02	202.00	36	36	1098450208	12
2026-07-26T21:51:41Z	20260726T215027Z	boards/board1.txt	ab(d6,ord,nb200k)@1.adv(t20,c77,w0,l0,f0,d-2,e0,m0,h0,b1,o0,r0,x0,n0,s1,g1)@1.opener(rand,4)@1	ab(d6,tt,ord,nb200k)@1.learned(s111,78ef6974)@1.opener(rand,4)@1	B	69	9	8	1160.996	17084.428	1046.875	15734.375	35	34	3098924	3296864	172.00	169.52	31	30	1278107568	12
2026-07-26T21:51:56Z	20260726T215027Z	boards/board1.txt	ab(d6,ord,nb200k)@1.adv(t20,c77,w0,l0,f0,d-2,e0,m0,h0,b1,o0,r0,x0,n0,s1,g1)@1.opener(rand,4)@1	ab(d6,tt,ord,nb200k)@1.learned(s111,78ef6974)@1.opener(rand,4)@1	W	72	9	6	1224.831	13872.499	1109.375	12562.500	36	36	3278196	2735655	181.43	177.13	32	32	2801613607	12
2026-07-26T21:51:57Z	20260726T215027Z	boards/board1.txt	ab(d6,ord,nb200k)@1.adv(t20,c77,w0,l0,f0,d-2,e0,m0,h0,b1,o0,r0,x0,n0,s1,g1)@1.opener(rand,4)@1	ab(d6,tt,ord,nb200k)@1.learned(s3,68364898)@1.opener(rand,4)@1	B	59	8	9	1161.059	590.583	1031.250	515.625	30	29	3152623	1973180	141.32	141.00	26	25	3148802401	12
2026-07-26T21:51:59Z	20260726T215027Z	boards/board1.txt	ab(d6,ord,nb200k)@1.adv(t20,c77,w0,l0,f0,d-2,e0,m0,h0,b1,o0,r0,x0,n0,s1,g1)@1.opener(rand,4)@1	ab(d6,tt,ord,nb200k)@1.learned(s6,eac8ab99)@1.opener(rand,4)@1	W	58	11	8	1299.609	653.533	1140.625	625.000	29	29	3548179	2406849	137.08	134.89	25	25	2854779896	12
2026-07-26T21:52:02Z	20260726T215027Z	boards/board1.txt	ab(d6,ord,nb200k)@1.adv(t20,c77,w0,l0,f0,d-2,e0,m0,h0,b1,o0,r0,x0,n0,s1,g1)@1.opener(rand,4)@1	ab(d6,tt,ord,nb200k)@1.learned(s76,ef183148)@1.opener(rand,4)@1	W	60	9	9	1456.147	902.105	1109.375	906.250	30	30	3803823	3000655	143.39	140.07	26	26	2133639354	12
2026-07-26T21:52:05Z	20260726T215027Z	boards/board1.txt	ab(d6,ord,nb200k)@1.adv(t20,c77,w0,l0,f0,d-2,e0,m0,h0,b1,o0,r0,x0,n0,s1,g1)@1.opener(rand,4)@1	ab(d6,tt,ord,nb200k)@1.learned(s76,ef183148)@1.opener(rand,4)@1	B	75	9	6	1647.172	1089.480	1406.250	1000.000	38	37	4183085	3503522	186.03	187.25	34	33	1976903141	12
2026-07-26T21:52:06Z	20260726T215027Z	boards/board1.txt	ab(d6,ord,nb200k)@1.adv(t20,c77,w0,l0,f0,d-2,e0,m0,h0,b1,o0,r0,x0,n0,s1,g1)@1.opener(rand,4)@1	ab(d6,tt,ord,nb200k)@1.learned(s98,5801570e)@1.opener(rand,4)@1	W	58	11	9	1169.945	657.997	1203.125	546.875	29	29	3379174	2465605	139.72	134.34	25	25	230521300	12
2026-07-26T21:52:08Z	20260726T215027Z	boards/board1.txt	ab(d6,ord,nb200k)@1.adv(t20,c77,w0,l0,f0,d-2,e0,m0,h0,b1,o0,r0,x0,n0,s1,g1)@1.opener(rand,4)@1	ab(d6,tt,ord,qs,nb200k)@1.learned(s98,5801570e)@1.opener(rand,4)@1	W	68	9	7	1052.426	633.459	1000.000	640.625	34	34	3051433	2037628	170.49	166.00	30	30	1300150614	12
2026-07-26T21:52:15Z	20260726T215027Z	boards/board1.txt	ab(d6,ord,nb200k)@1.adv(t20,c77,w0,l0,f0,d-2,e0,m0,h0,b1,o0,r0,x0,n0,s1,g1)@1.opener(rand,4)@1	ab(d8,tt,ord,nb2m)@1.classic(t1,c4,w0,l0)@2.opener(rand,4)@1	B	63	7	8	1195.765	6002.223	1109.375	5484.375	32	31	3387562	17904986	152.43	200.00	28	27	2292504285	12
2026-07-26T21:52:21Z	20260726T215027Z	boards/board1.txt	ab(d6,ord,nb200k)@1.adv(t20,c77,w0,l0,f0,d-2,e0,m0,h0,b1,o0,r0,x0,n0,s1,g1)@1.opener(rand,4)@1	ab(d8,tt,ord,nb2m)@1.classic(t1,c4,w0,l0)@2.opener(rand,4)@1	W	60	9	8	1107.921	4158.497	968.750	3703.125	30	30	2925196	13090529	146.38	185.00	26	26	1606603240	12
2026-07-26T21:52:21Z	20260726T215027Z	boards/board1.txt	ab(d6,ord,nb200k)@1.adv(t20,c77,w0,l0,f0,d-2,e0,m0,h0,b1,o0,r0,x0,n0,s1,g1)@1.opener(rand,4)@1	rand@1	W	23	16	12	379.656	0.019	281.250	0.000	12	11	974154	0	43.00	0.00	8	0	2962311967	12
2026-07-26T21:52:21Z	20260726T215027Z	boards/board1.txt	ab(d6,tt,ord,nb200k)@1.classic(t1,c4,w0,l0)@2.dil(r30,d4)@1.opener(rand,4)@1	ab(d6,tt,ord,nb200k)@1.classic(t1,c4,w0,l0)@2.dil(r63)@1.opener(rand,4)@1	W	25	16	13	57.825	19.189	62.500	15.625	13	12	165675	65834	39.00	12.00	9	2	3399218526	12
2026-07-26T21:52:22Z	20260726T215027Z	boards/board1.txt	ab(d6,tt,ord,nb200k)@1.classic(t1,c4,w0,l0)@2.dil(r30,d4)@1.opener(rand,4)@1	ab(d6,tt,ord,nb200k)@1.classic(t1,c4,w0,l0)@2.opener(rand,4)@1	B	47	10	12	277.185	277.641	265.625	234.375	24	23	706276	722800	100.00	105.00	20	19	1575120527	12
2026-07-26T21:52:22Z	20260726T215027Z	boards/board1.txt	ab(d6,tt,ord,nb200k)@1.classic(t1,c4,w0,l0)@2.dil(r30,d4)@1.opener(rand,4)@1	ab(d6,tt,ord,nb200k)@1.classic(t1,c4,w0,l0)@2.opener(rand,4)@1	B	71	8	9	323.439	423.566	265.625	328.125	36	35	826669	1103218	167.00	177.00	32	31	782029702	12
2026-07-26T21:52:35Z	20260726T215027Z	boards/board1.txt	ab(d6,tt,ord,nb200k)@1.classic(t1,c4,w0,l0)@2.dil(r30,d4)@1.opener(rand,4)@1	ab(d6,tt,ord,nb200k)@1.learned(s111,78ef6974)@1.opener(rand,4)@1	B	71	8	11	286.111	12830.878	281.250	11453.125	36	35	826208	2627442	160.00	176.71	32	31	358388519	12
2026-07-26T21:52:36Z	20260726T215027Z	boards/board1.txt	ab(d6,tt,ord,nb200k)@1.classic(t1,c4,w0,l0)@2.dil(r30,d4)@1.opener(rand,4)@1	ab(d6,tt,ord,nb200k)@1.learned(s3,68364898)@1.opener(rand,4)@1	B	47	10	11	136.550	298.899	140.625	265.625	24	23	375015	884630	91.00	105.00	20	19	2819131693	12
2026-07-26T21:52:37Z	20260726T215027Z	boards/board1.txt	ab(d6,tt,ord,nb200k)@1.classic(t1,c4,w0,l0)@2.dil(r30,d4)@1.opener(rand,4)@1	ab(d6,tt,ord,nb200k)@1.learned(s6,eac8ab99)@1.opener(rand,4)@1	B	61	8	8	174.248	512.197	187.500	484.375	31	30	449421	1619826	125.00	147.00	27	26	253865739	12
2026-07-26T21:52:37Z	20260726T215027Z	boards/board1.txt	ab(d6,tt,ord,nb200k)@1.classic(t1,c4,w0,l0)@2.dil(r30,d4)@1.opener(rand,4)@1	ab(d6,tt,ord,nb200k)@1.learned(s6,eac8ab99)@1.opener(rand,4)@1	B	37	11	11	138.586	287.759	156.250	234.375	19	18	394262	839130	67.00	75.00	15	14	3518589378	12
2026-07-26T21:52:38Z	20260726T215027Z	boards/board1.txt	ab(d6,tt,ord,nb200k)@1.classic(t1,c4,w0,l0)@2.dil(r30,d4)@1.opener(rand,4)@1	ab(d6,tt,ord,nb200k)@1.learned(s76,ef183148)@1.opener(rand,4)@1	B	67	7	9	342.678	758.506	312.500	687.500	34	33	1032260	1974359	148.00	164.78	30	29	2895445661	12
2026-07-26T21:52:39Z	20260726T215027Z	boards/board1.txt	ab(d6,tt,ord,nb200k)@1.classic(t1,c4,w0,l0)@2.dil(r30,d4)@1.opener(rand,4)@1	ab(d6,tt,ord,nb200k)@1.learned(s98,5801570e)@1.opener(rand,4)@1	B	41	10	12	148.133	396.709	109.375	359.375	21	20	428894	1089152	79.00	87.00	17	16	2519983948	12
2026-07-26T21:52:40Z	20260726T215027Z	boards/board1.txt	ab(d6,tt,ord,nb200k)@1.classic(t1,c4,w0,l0)@2.dil(r30,d4)@1.opener(rand,4)@1	ab(d6,tt,ord,qs,nb200k)@1.learned(s98,5801570e)@1.opener(rand,4)@1	B	63	9	9	315.170	597.002	234.375	562.500	32	31	816038	1671768	142.00	153.00	28	27	2294354825	12
2026-07-26T21:52:40Z	20260726T215027Z	boards/board1.txt	ab(d6,tt,ord,nb200k)@1.classic(t1,c4,w0,l0)@2.dil(r30,d4)@1.opener(rand,4)@1	ab(d6,tt,ord,qs,nb200k)@1.learned(s98,5801570e)@1.opener(rand,4)@1	B	65	9	9	282.291	541.876	171.875	562.500	33	32	779494	1347901	150.00	159.00	29	28	2025550324	12
2026-07-26T21:52:46Z	20260726T215027Z	boards/board1.txt	ab(d6,tt,ord,nb200k)@1.classic(t1,c4,w0,l0)@2.dil(r30,d4)@1.opener(rand,4)@1	ab(d8,tt,ord,nb2m)@1.classic(t1,c4,w0,l0)@2.opener(rand,4)@1	B	59	9	11	102.433	5402.465	125.000	5031.250	30	29	341931	14685290	136.00	184.00	26	25	1889313872	12
2026-07-26T21:52:46Z	20260726T215027Z	boards/board1.txt	ab(d6,tt,ord,nb200k)@1.classic(t1,c4,w0,l0)@2.dil(r30,d4)@1.opener(rand,4)@1	rand@1	W	17	16	12	44.978	0.009	46.875	0.000	9	8	107288	0	23.00	0.00	5	0	2571889119	12
2026-07-26T21:52:46Z	20260726T215027Z	boards/board1.txt	ab(d6,tt,ord,nb200k)@1.classic(t1,c4,w0,l0)@2.dil(r63)@1.opener(rand,4)@1	ab(d6,tt,ord,nb200k)@1.classic(t1,c4,w0,l0)@2.opener(rand,4)@1	B	30	12	15	34.928	188.231	46.875	156.250	15	15	116623	562762	18.00	60.00	3	11	2081115815	12
2026-07-26T21:52:46Z	20260726T215027Z	boards/board1.txt	ab(d6,tt,ord,nb200k)@1.classic(t1,c4,w0,l0)@2.dil(r63)@1.opener(rand,4)@1	ab(d6,tt,ord,nb200k)@1.classic(t1,c4,w0,l0)@2.opener(rand,4)@1	B	28	12	15	64.028	140.889	78.125	93.750	14	14	181000	389075	30.00	55.00	5	10	2478833758	12
2026-07-26T21:52:57Z	20260726T215027Z	boards/board1.txt	ab(d6,tt,ord,nb200k)@1.classic(t1,c4,w0,l0)@2.dil(r63)@1.opener(rand,4)@1	ab(d6,tt,ord,nb200k)@1.learned(s111,78ef6974)@1.opener(rand,4)@1	B	45	11	13	258.539	10146.699	171.875	9171.875	23	22	569661	2022887	49.00	102.23	9	18	1244447055	12
2026-07-26T21:52:57Z	20260726T215027Z	boards/board1.txt	ab(d6,tt,ord,nb200k)@1.classic(t1,c4,w0,l0)@2.dil(r63)@1.opener(rand,4)@1	ab(d6,tt,ord,nb200k)@1.learned(s3,68364898)@1.opener(rand,4)@1	B	12	13	16	0.006	11.213	0.000	0.000	6	6	0	26435	0.00	7.00	0	2	1809656981	12
2026-07-26T21:52:57Z	20260726T215027Z	boards/board1.txt	ab(d6,tt,ord,nb200k)@1.classic(t1,c4,w0,l0)@2.dil(r63)@1.opener(rand,4)@1	ab(d6,tt,ord,nb200k)@1.learned(s6,eac8ab99)@1.opener(rand,4)@1	B	30	12	15	41.496	283.597	46.875	250.000	15	15	131210	825605	18.00	61.00	3	11	99650403	12
2026-07-26T21:52:57Z	20260726T215027Z	boards/board1.txt	ab(d6,tt,ord,nb200k)@1.classic(t1,c4,w0,l0)@2.dil(r63)@1.opener(rand,4)@1	ab(d6,tt,ord,nb200k)@1.learned(s6,eac8ab99)@1.opener(rand,4)@1	B	36	13	15	75.868	321.881	62.500	343.750	18	18	225777	1005466	30.00	79.00	5	14	1900307482	12
2026-07-26T21:52:58Z	20260726T215027Z	boards/board1.txt	ab(d6,tt,ord,nb200k)@1.classic(t1,c4,w0,l0)@2.dil(r63)@1.opener(rand,4)@1	ab(d6,tt,ord,nb200k)@1.learned(s76,ef183148)@1.opener(rand,4)@1	B	56	10	12	225.754	696.108	234.375	593.750	28	28	612893	2085458	84.00	136.00	14	24	4039340533	12
2026-07-26T21:52:59Z	20260726T215027Z	boards/board1.txt	ab(d6,tt,ord,nb200k)@1.classic(t1,c4,w0,l0)@2.dil(r63)@1.opener(rand,4)@1	ab(d6,tt,ord,nb200k)@1.learned(s98,5801570e)@1.opener(rand,4)@1	B	27	16	15	52.029	257.983	31.250	250.000	14	13	124142	743037	13.00	49.00	3	9	3853783540	12
2026-07-26T21:52:59Z	20260726T215027Z	boards/board1.txt	ab(d6,tt,ord,nb200k)@1.classic(t1,c4,w0,l0)@2.dil(r63)@1.opener(rand,4)@1	ab(d6,tt,ord,qs,nb200k)@1.learned(s98,5801570e)@1.opener(rand,4)@1	B	46	10	12	156.945	605.573	125.000	484.375	23	23	443390	1545803	54.00	109.00	9	19	3741502833	12
2026-07-26T21:53:00Z	20260726T215027Z	boards/board1.txt	ab(d6,tt,ord,nb200k)@1.classic(t1,c4,w0,l0)@2.dil(r63)@1.opener(rand,4)@1	ab(d6,tt,ord,qs,nb200k)@1.learned(s98,5801570e)@1.opener(rand,4)@1	B	26	12	16	79.831	323.656	78.125	296.875	13	13	210201	907258	18.00	49.00	3	9	3831439676	12
2026-07-26T21:53:04Z	20260726T215027Z	boards/board1.txt	ab(d6,tt,ord,nb200k)@1.classic(t1,c4,w0,l0)@2.dil(r63)@1.opener(rand,4)@1	ab(d8,tt,ord,nb2m)@1.classic(t1,c4,w0,l0)@2.opener(rand,4)@1	B	40	12	14	66.605	4129.061	46.875	3796.875	20	20	225084	11597025	72.00	121.00	12	16	2333883416	12
2026-07-26T21:53:04Z	20260726T215027Z	boards/board1.txt	ab(d6,tt,ord,nb200k)@1.classic(t1,c4,w0,l0)@2.dil(r63)@1.opener(rand,4)@1	rand@1	W	23	16	14	58.130	0.011	46.875	0.000	12	11	196553	0	20.00	0.00	5	0	2295899047	12
2026-07-26T21:53:17Z	20260726T215027Z	boards/board1.txt	ab(d6,tt,ord,nb200k)@1.classic(t1,c4,w0,l0)@2.opener(rand,4)@1	ab(d6,tt,ord,nb200k)@1.learned(s111,78ef6974)@1.opener(rand,4)@1	W	56	10	9	427.930	12683.181	421.875	11390.625	28	28	1068514	2496012	135.00	130.00	24	24	4041202536	12
2026-07-26T21:53:32Z	20260726T215027Z	boards/board1.txt	ab(d6,tt,ord,nb200k)@1.classic(t1,c4,w0,l0)@2.opener(rand,4)@1	ab(d6,tt,ord,nb200k)@1.learned(s111,78ef6974)@1.opener(rand,4)@1	W	72	8	8	540.587	14426.830	406.250	13125.000	36	36	1301828	2869312	183.00	177.67	32	32	2789152031	12
2026-07-26T21:53:33Z	20260726T215027Z	boards/board1.txt	ab(d6,tt,ord,nb200k)@1.classic(t1,c4,w0,l0)@2.opener(rand,4)@1	ab(d6,tt,ord,nb200k)@1.learned(s3,68364898)@1.opener(rand,4)@1	B	55	10	9	351.995	472.912	296.875	453.125	28	27	1006200	1377324	130.00	129.00	24	23	663399833	12
2026-07-26T21:53:34Z	20260726T215027Z	boards/board1.txt	ab(d6,tt,ord,nb200k)@1.classic(t1,c4,w0,l0)@2.opener(rand,4)@1	ab(d6,tt,ord,nb200k)@1.learned(s6,eac8ab99)@1.opener(rand,4)@1	W	52	10	8	308.679	546.236	328.125	437.500	26	26	837373	1554584	123.00	118.00	22	22	1895868256	12
2026-07-26T21:53:35Z	20260726T215027Z	boards/board1.txt	ab(d6,tt,ord,nb200k)@1.classic(t1,c4,w0,l0)@2.opener(rand,4)@1	ab(d6,tt,ord,nb200k)@1.learned(s76,ef183148)@1.opener(rand,4)@1	B	57	11	8	284.526	490.364	281.250	421.875	29	28	734781	1450110	136.00	135.00	25	24	4063474178	12
2026-07-26T21:53:36Z	20260726T215027Z	boards/board1.txt	ab(d6,tt,ord,nb200k)@1.classic(t1,c4,w0,l0)@2.opener(rand,4)@1	ab(d6,tt,ord,nb200k)@1.learned(s76,ef183148)@1.opener(rand,4)@1	B	89	6	5	425.643	693.753	375.000	593.750	45	44	1234852	1963822	232.00	231.00	41	40	231302797	12
2026-07-26T21:53:36Z	20260726T215027Z	boards/board1.txt	ab(d6,tt,ord,nb200k)@1.classic(t1,c4,w0,l0)@2.opener(rand,4)@1	ab(d6,tt,ord,nb200k)@1.learned(s98,5801570e)@1.opener(rand,4)@1	W	42	12	11	214.098	308.731	203.125	250.000	21	21	638835	826196	93.00	88.00	17	17	1321383212	12
2026-07-26T21:53:37Z	20260726T215027Z	boards/board1.txt	ab(d6,tt,ord,nb200k)@1.classic(t1,c4,w0,l0)@2.opener(rand,4)@1	ab(d6,tt,ord,qs,nb200k)@1.learned(s98,5801570e)@1.opener(rand,4)@1	W	45	13	11	282.038	421.542	281.250	406.250	23	22	765937	1115564	100.00	94.00	19	18	2630285326	12
2026-07-26T21:53:43Z	20260726T215027Z	boards/board1.txt	ab(d6,tt,ord,nb200k)@1.classic(t1,c4,w0,l0)@2.opener(rand,4)@1	ab(d8,tt,ord,nb2m)@1.classic(t1,c4,w0,l0)@2.opener(rand,4)@1	W	76	8	7	122.383	5700.454	140.625	5125.000	38	38	396444	15726248	195.00	249.00	34	34	2362341653	12
2026-07-26T21:53:49Z	20260726T215027Z	boards/board1.txt	ab(d6,tt,ord,nb200k)@1.classic(t1,c4,w0,l0)@2.opener(rand,4)@1	ab(d8,tt,ord,nb2m)@1.classic(t1,c4,w0,l0)@2.opener(rand,4)@1	B	57	10	11	147.443	6205.559	125.000	5796.875	29	28	457006	17409712	136.00	176.00	25	24	910441664	12
2026-07-26T21:53:49Z	20260726T215027Z	boards/board1.txt	ab(d6,tt,ord,nb200k)@1.classic(t1,c4,w0,l0)@2.opener(rand,4)@1	rand@1	W	17	16	14	78.016	0.011	78.125	0.000	9	8	240442	0	25.00	0.00	5	0	1601437815	12
2026-07-26T21:54:03Z	20260726T215027Z	boards/board1.txt	ab(d6,tt,ord,nb200k)@1.learned(s111,78ef6974)@1.opener(rand,4)@1	ab(d6,tt,ord,nb200k)@1.learned(s3,68364898)@1.opener(rand,4)@1	B	71	7	8	12845.824	631.060	12015.625	546.875	36	35	2527427	1910687	178.00	177.00	32	31	905914730	12
2026-07-26T21:54:18Z	20260726T215027Z	boards/board1.txt	ab(d6,tt,ord,nb200k)@1.learned(s111,78ef6974)@1.opener(rand,4)@1	ab(d6,tt,ord,nb200k)@1.learned(s6,eac8ab99)@1.opener(rand,4)@1	W	78	7	6	14609.406	985.640	13125.000	796.875	39	39	2940184	3189078	199.48	195.45	35	35	4144970002	12
2026-07-26T21:54:33Z	20260726T215027Z	boards/board1.txt	ab(d6,tt,ord,nb200k)@1.learned(s111,78ef6974)@1.opener(rand,4)@1	ab(d6,tt,ord,nb200k)@1.learned(s6,eac8ab99)@1.opener(rand,4)@1	B	71	6	10	13659.182	721.966	12593.750	656.250	36	35	2777603	2285655	178.00	176.96	32	31	1346454749	12
2026-07-26T21:54:49Z	20260726T215027Z	boards/board1.txt	ab(d6,tt,ord,nb200k)@1.learned(s111,78ef6974)@1.opener(rand,4)@1	ab(d6,tt,ord,nb200k)@1.learned(s76,ef183148)@1.opener(rand,4)@1	B	61	6	11	15751.732	990.595	13750.000	921.875	31	30	2921322	2628566	147.35	146.24	27	26	877407344	12
2026-07-26T21:55:02Z	20260726T215027Z	boards/board1.txt	ab(d6,tt,ord,nb200k)@1.learned(s111,78ef6974)@1.opener(rand,4)@1	ab(d6,tt,ord,nb200k)@1.learned(s98,5801570e)@1.opener(rand,4)@1	W	70	7	7	11736.752	828.432	10765.625	828.125	35	35	2432222	2454513	177.00	172.00	31	31	3864735425	12
2026-07-26T21:55:16Z	20260726T215027Z	boards/board1.txt	ab(d6,tt,ord,nb200k)@1.learned(s111,78ef6974)@1.opener(rand,4)@1	ab(d6,tt,ord,qs,nb200k)@1.learned(s98,5801570e)@1.opener(rand,4)@1	B	71	8	9	12921.766	764.402	11859.375	734.375	36	35	2513272	2121037	178.00	177.00	32	31	4281587324	12
2026-07-26T21:55:31Z	20260726T215027Z	boards/board1.txt	ab(d6,tt,ord,nb200k)@1.learned(s111,78ef6974)@1.opener(rand,4)@1	ab(d6,tt,ord,qs,nb200k)@1.learned(s98,5801570e)@1.opener(rand,4)@1	B	65	10	9	14351.779	1037.774	13062.500	968.750	33	32	2891934	3342210	159.58	157.72	29	28	2344881363	12
2026-07-26T21:55:42Z	20260726T215027Z	boards/board1.txt	ab(d6,tt,ord,nb200k)@1.learned(s111,78ef6974)@1.opener(rand,4)@1	ab(d8,tt,ord,nb2m)@1.classic(t1,c4,w0,l0)@2.opener(rand,4)@1	B	69	6	9	4854.584	6180.933	4484.375	5656.250	35	34	1085752	17500152	172.00	224.00	31	30	3245884423	12
2026-07-26T21:55:45Z	20260726T215027Z	boards/board1.txt	ab(d6,tt,ord,nb200k)@1.learned(s111,78ef6974)@1.opener(rand,4)@1	rand@1	W	23	16	12	2949.999	0.017	2796.875	0.000	12	11	644916	0	43.00	0.00	8	0	3654411904	12
2026-07-26T21:55:46Z	20260726T215027Z	boards/board1.txt	ab(d6,tt,ord,nb200k)@1.learned(s3,68364898)@1.opener(rand,4)@1	ab(d6,tt,ord,nb200k)@1.learned(s6,eac8ab99)@1.opener(rand,4)@1	B	79	7	7	622.505	606.563	578.125	578.125	40	39	2102482	1547764	202.00	201.00	36	35	798140418	12
2026-07-26T21:55:48Z	20260726T215027Z	boards/board1.txt	ab(d6,tt,ord,nb200k)@1.learned(s3,68364898)@1.opener(rand,4)@1	ab(d6,tt,ord,nb200k)@1.learned(s6,eac8ab99)@1.opener(rand,4)@1	W	78	8	7	818.226	792.010	812.500	734.375	39	39	2285568	2563866	201.00	196.00	35	35	1445292173	12
2026-07-26T21:55:49Z	20260726T215027Z	boards/board1.txt	ab(d6,tt,ord,nb200k)@1.learned(s3,68364898)@1.opener(rand,4)@1	ab(d6,tt,ord,nb200k)@1.learned(s76,ef183148)@1.opener(rand,4)@1	W	74	10	7	783.283	780.169	718.750	781.250	37	37	2440840	2555779	188.60	183.44	33	33	2379324992	12
2026-07-26T21:55:51Z	20260726T215027Z	boards/board1.txt	ab(d6,tt,ord,nb200k)@1.learned(s3,68364898)@1.opener(rand,4)@1	ab(d6,tt,ord,nb200k)@1.learned(s98,5801570e)@1.opener(rand,4)@1	B	69	8	11	738.225	804.071	671.875	703.125	35	34	2341100	2093740	172.00	170.78	31	30	72601969	12
2026-07-26T21:55:52Z	20260726T215027Z	boards/board1.txt	ab(d6,tt,ord,nb200k)@1.learned(s3,68364898)@1.opener(rand,4)@1	ab(d6,tt,ord,qs,nb200k)@1.learned(s98,5801570e)@1.opener(rand,4)@1	B	47	10	12	328.179	368.998	312.500	312.500	24	23	985169	1072049	106.00	105.00	20	19	431796108	12
2026-07-26T21:55:53Z	20260726T215027Z	boards/board1.txt	ab(d6,tt,ord,nb200k)@1.learned(s3,68364898)@1.opener(rand,4)@1	ab(d6,tt,ord,qs,nb200k)@1.learned(s98,5801570e)@1.opener(rand,4)@1	W	67	10	7	671.653	775.686	656.250	687.500	34	33	2009320	2263047	166.00	159.69	30	29	349859235	12
2026-07-26T21:55:58Z	20260726T215027Z	boards/board1.txt	ab(d6,tt,ord,nb200k)@1.learned(s3,68364898)@1.opener(rand,4)@1	ab(d8,tt,ord,nb2m)@1.classic(t1,c4,w0,l0)@2.opener(rand,4)@1	W	78	7	7	265.577	4693.356	250.000	4468.750	39	39	789313	13877523	201.00	257.00	35	35	62704823	12
2026-07-26T21:55:58Z	20260726T215027Z	boards/board1.txt	ab(d6,tt,ord,nb200k)@1.learned(s3,68364898)@1.opener(rand,4)@1	rand@1	W	27	16	14	300.449	0.022	296.875	0.000	14	13	943642	0	55.00	0.00	10	0	1340537648	12
2026-07-26T21:56:00Z	20260726T215027Z	boards/board1.txt	ab(d6,tt,ord,nb200k)@1.learned(s6,eac8ab99)@1.opener(rand,4)@1	ab(d6,tt,ord,nb200k)@1.learned(s76,ef183148)@1.opener(rand,4)@1	W	56	10	10	730.783	672.581	703.125	656.250	28	28	2250846	2170786	135.00	129.65	24	24	1000799050	12
2026-07-26T21:56:02Z	20260726T215027Z	boards/board1.txt	ab(d6,tt,ord,nb200k)@1.learned(s6,eac8ab99)@1.opener(rand,4)@1	ab(d6,tt,ord,nb200k)@1.learned(s76,ef183148)@1.opener(rand,4)@1	B	73	8	8	777.976	921.864	718.750	906.250	37	36	2791780	2690339	183.83	182.74	33	32	3088430901	12
2026-07-26T21:56:03Z	20260726T215027Z	boards/board1.txt	ab(d6,tt,ord,nb200k)@1.learned(s6,eac8ab99)@1.opener(rand,4)@1	ab(d6,tt,ord,nb200k)@1.learned(s98,5801570e)@1.opener(rand,4)@1	B	63	7	9	597.032	576.564	562.500	515.625	32	31	1893020	1642812	154.00	153.00	28	27	3600477828	12
2026-07-26T21:56:04Z	20260726T215027Z	boards/board1.txt	ab(d6,tt,ord,nb200k)@1.learned(s6,eac8ab99)@1.opener(rand,4)@1	ab(d6,tt,ord,qs,nb200k)@1.learned(s98,5801570e)@1.opener(rand,4)@1	B	57	10	12	565.422	630.378	515.625	531.250	29	28	1495668	2092080	136.00	135.00	25	24	2084606758	12
2026-07-26T21:56:09Z	20260726T215027Z	boards/board1.txt	ab(d6,tt,ord,nb200k)@1.learned(s6,eac8ab99)@1.opener(rand,4)@1	ab(d8,tt,ord,nb2m)@1.classic(t1,c4,w0,l0)@2.opener(rand,4)@1	B	61	8	11	191.436	5336.413	218.750	4906.250	31	30	678419	15238982	148.00	192.00	27	26	2353234765	12
2026-07-26T21:56:13Z	20260726T215027Z	boards/board1.txt	ab(d6,tt,ord,nb200k)@1.learned(s6,eac8ab99)@1.opener(rand,4)@1	ab(d8,tt,ord,nb2m)@1.classic(t1,c4,w0,l0)@2.opener(rand,4)@1	B	47	10	12	181.327	3705.406	171.875	3328.125	24	23	610545	10983084	106.00	136.00	20	19	2278737304	12
2026-07-26T21:56:14Z	20260726T215027Z	boards/board1.txt	ab(d6,tt,ord,nb200k)@1.learned(s6,eac8ab99)@1.opener(rand,4)@1	rand@1	W	31	16	13	311.191	0.022	281.250	0.000	16	15	993255	0	63.00	0.00	12	0	3239351887	12
2026-07-26T21:56:15Z	20260726T215027Z	boards/board1.txt	ab(d6,tt,ord,nb200k)@1.learned(s76,ef183148)@1.opener(rand,4)@1	ab(d6,tt,ord,nb200k)@1.learned(s98,5801570e)@1.opener(rand,4)@1	W	78	9	5	709.136	665.675	703.125	609.375	39	39	2236700	2317099	201.00	195.70	35	35	4209742005	12
2026-07-26T21:56:16Z	20260726T215027Z	boards/board1.txt	ab(d6,tt,ord,nb200k)@1.learned(s76,ef183148)@1.opener(rand,4)@1	ab(d6,tt,ord,qs,nb200k)@1.learned(s98,5801570e)@1.opener(rand,4)@1	W	61	11	7	590.855	626.629	640.625	546.875	31	30	1799337	2331938	148.00	142.00	27	26	1462775640	12
2026-07-26T21:56:18Z	20260726T215027Z	boards/board1.txt	ab(d6,tt,ord,nb200k)@1.learned(s76,ef183148)@1.opener(rand,4)@1	ab(d6,tt,ord,qs,nb200k)@1.learned(s98,5801570e)@1.opener(rand,4)@1	W	57	13	11	704.150	649.234	640.625	609.375	29	28	2158182	2625758	136.00	129.74	25	24	2159930447	12
2026-07-26T21:56:23Z	20260726T215027Z	boards/board1.txt	ab(d6,tt,ord,nb200k)@1.learned(s76,ef183148)@1.opener(rand,4)@1	ab(d8,tt,ord,nb2m)@1.classic(t1,c4,w0,l0)@2.opener(rand,4)@1	B	63	10	10	245.114	4764.575	234.375	4625.000	32	31	1079380	16446133	154.00	200.00	28	27	681040979	12
2026-07-26T21:56:23Z	20260726T215027Z	boards/board1.txt	ab(d6,tt,ord,nb200k)@1.learned(s76,ef183148)@1.opener(rand,4)@1	rand@1	W	17	16	12	54.356	0.010	62.500	0.000	9	8	180785	0	25.00	0.00	5	0	2077363244	12
2026-07-26T21:56:24Z	20260726T215027Z	boards/board1.txt	ab(d6,tt,ord,nb200k)@1.learned(s98,5801570e)@1.opener(rand,4)@1	ab(d6,tt,ord,qs,nb200k)@1.learned(s98,5801570e)@1.opener(rand,4)@1	W	69	9	8	686.877	695.775	656.250	687.500	35	34	2254033	2401753	172.00	166.00	31	30	163457339	12
2026-07-26T21:56:25Z	20260726T215027Z	boards/board1.txt	ab(d6,tt,ord,nb200k)@1.learned(s98,5801570e)@1.opener(rand,4)@1	ab(d6,tt,ord,qs,nb200k)@1.learned(s98,5801570e)@1.opener(rand,4)@1	W	51	13	10	420.624	435.172	375.000	421.875	26	25	1619038	1400184	123.00	117.00	22	21	899485874	12
2026-07-26T21:56:32Z	20260726T215027Z	boards/board1.txt	ab(d6,tt,ord,nb200k)@1.learned(s98,5801570e)@1.opener(rand,4)@1	ab(d8,tt,ord,nb2m)@1.classic(t1,c4,w0,l0)@2.opener(rand,4)@1	B	57	9	10	438.694	6972.255	406.250	6734.375	29	28	1637267	22405057	135.44	176.00	25	24	2853980266	12
2026-07-26T21:56:33Z	20260726T215027Z	boards/board1.txt	ab(d6,tt,ord,nb200k)@1.learned(s98,5801570e)@1.opener(rand,4)@1	rand@1	W	37	16	12	457.946	0.030	453.125	0.000	19	18	1667271	0	79.52	0.00	15	0	930807709	12
2026-07-26T21:56:39Z	20260726T215027Z	boards/board1.txt	ab(d6,tt,ord,qs,nb200k)@1.learned(s98,5801570e)@1.opener(rand,4)@1	ab(d8,tt,ord,nb2m)@1.classic(t1,c4,w0,l0)@2.opener(rand,4)@1	W	70	8	9	287.525	6137.242	250.000	6015.625	35	35	1197819	22403655	177.00	224.00	31	31	2416802155	12
2026-07-26T21:56:45Z	20260726T215027Z	boards/board1.txt	ab(d6,tt,ord,qs,nb200k)@1.learned(s98,5801570e)@1.opener(rand,4)@1	ab(d8,tt,ord,nb2m)@1.classic(t1,c4,w0,l0)@2.opener(rand,4)@1	B	58	11	11	243.319	5107.051	234.375	4937.500	29	29	1030271	19176810	136.00	177.00	25	25	3798064674	12
2026-07-26T21:56:45Z	20260726T215027Z	boards/board1.txt	ab(d6,tt,ord,qs,nb200k)@1.learned(s98,5801570e)@1.opener(rand,4)@1	rand@1	W	33	16	12	390.449	0.024	359.375	0.000	17	16	1637282	0	67.14	0.00	13	0	3350037549	12
2026-07-26T21:56:46Z	20260726T215027Z	boards/board1.txt	ab(d8,tt,ord,nb2m)@1.classic(t1,c4,w0,l0)@2.opener(rand,4)@1	rand@1	W	21	16	12	1152.856	0.014	1140.625	0.000	11	10	4757918	0	49.00	0.00	7	0	1255685297	12
2026-07-26T21:50:27Z	20260726T215027Z	boards/board1.txt	ab(d4)@1.classic(t1,c4,w0,l0)@2.opener(rand,4)@1	ab(d2)@1.classic(t1,c4,w0,l0)@2.opener(rand,4)@1	W	39	14	14	5.533	0.144	0.000	0.000	20	19	103566	2303	64.00	28.00	16	15	2408672602	12
2026-07-26T21:50:29Z	20260726T215027Z	boards/board1.txt	ab(d6,ord,nb200k)@1.adv(t20,c77,w0,l0,f0,d-2,e0,m0,h0,b1,o0,r0,x0,n0,s1,g1)@1.opener(rand,4)@1	ab(d2)@1.classic(t1,c4,w0,l0)@2.opener(rand,4)@1	W	67	10	12	1853.088	1.004	1593.750	0.000	34	33	4278772	4740	164.26	56.00	30	29	4068760647	12
2026-07-26T21:50:30Z	20260726T215027Z	boards/board1.txt	ab(d6,ord,nb200k)@1.adv(t20,c77,w0,l0,f0,d-2,e0,m0,h0,b1,o0,r0,x0,n0,s1,g1)@1.opener(rand,4)@1	ab(d2)@1.classic(t1,c4,w0,l0)@2.opener(rand,4)@1	W	45	14	14	1221.474	0.241	984.375	0.000	23	22	2955107	3194	97.16	34.00	19	18	3815881342	12
2026-07-26T21:50:30Z	20260726T215027Z	boards/board1.txt	ab(d6,tt,ord,nb200k)@1.classic(t1,c4,w0,l0)@2.dil(r30,d4)@1.opener(rand,4)@1	ab(d2)@1.classic(t1,c4,w0,l0)@2.opener(rand,4)@1	W	39	13	14	229.093	0.162	140.625	0.000	20	19	610184	2135	76.00	28.00	16	15	715211330	12
2026-07-26T21:50:30Z	20260726T215027Z	boards/board1.txt	ab(d6,tt,ord,nb200k)@1.classic(t1,c4,w0,l0)@2.dil(r63)@1.opener(rand,4)@1	ab(d2)@1.classic(t1,c4,w0,l0)@2.opener(rand,4)@1	B	60	8	14	183.500	0.261	140.625	0.000	30	30	526684	3426	60.00	52.00	10	26	6811254	12
2026-07-26T21:50:31Z	20260726T215027Z	boards/board1.txt	ab(d6,tt,ord,nb200k)@1.classic(t1,c4,w0,l0)@2.opener(rand,4)@1	ab(d2)@1.classic(t1,c4,w0,l0)@2.opener(rand,4)@1	W	47	13	13	409.716	0.248	359.375	0.000	24	23	1120460	3300	107.00	36.00	20	19	355034535	12
2026-07-26T21:50:31Z	20260726T215027Z	boards/board1.txt	ab(d6,tt,ord,nb200k)@1.classic(t1,c4,w0,l0)@2.opener(rand,4)@1	ab(d2)@1.classic(t1,c4,w0,l0)@2.opener(rand,4)@1	W	51	12	11	467.960	0.254	406.250	0.000	26	25	1236832	2933	118.00	40.00	22	21	3252753758	12
2026-07-26T21:50:42Z	20260726T215027Z	boards/board1.txt	ab(d6,tt,ord,nb200k)@1.learned(s111,78ef6974)@1.opener(rand,4)@1	ab(d2)@1.classic(t1,c4,w0,l0)@2.opener(rand,4)@1	B	47	10	14	11126.777	0.280	9718.750	0.000	24	23	2213869	3225	99.15	38.00	20	19	756555343	12
2026-07-26T21:50:43Z	20260726T215027Z	boards/board1.txt	ab(d6,tt,ord,nb200k)@1.learned(s3,68364898)@1.opener(rand,4)@1	ab(d2)@1.classic(t1,c4,w0,l0)@2.opener(rand,4)@1	B	69	9	12	694.137	1.958	593.750	0.000	35	34	1906319	3787	159.00	60.00	31	30	2583576981	12
2026-07-26T21:50:44Z	20260726T215027Z	boards/board1.txt	ab(d6,tt,ord,nb200k)@1.learned(s6,eac8ab99)@1.opener(rand,4)@1	ab(d2)@1.classic(t1,c4,w0,l0)@2.opener(rand,4)@1	W	51	12	11	605.611	0.214	531.250	0.000	26	25	1709439	2133	118.00	40.00	22	21	2668536419	12
2026-07-26T21:50:44Z	20260726T215027Z	boards/board1.txt	ab(d6,tt,ord,nb200k)@1.learned(s6,eac8ab99)@1.opener(rand,4)@1	ab(d2)@1.classic(t1,c4,w0,l0)@2.opener(rand,4)@1	W	57	10	10	663.510	0.236	515.625	0.000	29	28	1851573	2526	136.00	46.00	25	24	2674227482	12
2026-07-26T21:50:45Z	20260726T215027Z	boards/board1.txt	ab(d6,tt,ord,nb200k)@1.learned(s76,ef183148)@1.opener(rand,4)@1	ab(d2)@1.classic(t1,c4,w0,l0)@2.opener(rand,4)@1	W	45	11	13	543.111	0.212	484.375	0.000	23	22	1682509	2228	101.00	34.00	19	18	1392124149	12
2026-07-26T21:50:45Z	20260726T215027Z	boards/board1.txt	ab(d6,tt,ord,nb200k)@1.learned(s98,5801570e)@1.opener(rand,4)@1	ab(d2)@1.classic(t1,c4,w0,l0)@2.opener(rand,4)@1	W	39	13	13	505.803	0.160	390.625	0.000	20	19	1412773	1675	83.00	28.00	16	15	1206567156	12
2026-07-26T21:50:46Z	20260726T215027Z	boards/board1.txt	ab(d6,tt,ord,qs,nb200k)@1.learned(s98,5801570e)@1.opener(rand,4)@1	ab(d2)@1.classic(t1,c4,w0,l0)@2.opener(rand,4)@1	W	53	10	13	683.737	0.308	593.750	0.000	27	26	2031163	2818	125.00	42.00	23	22	1962005617	12
2026-07-26T21:50:47Z	20260726T215027Z	boards/board1.txt	ab(d6,tt,ord,qs,nb200k)@1.learned(s98,5801570e)@1.opener(rand,4)@1	ab(d2)@1.classic(t1,c4,w0,l0)@2.opener(rand,4)@1	W	47	11	12	705.049	0.251	578.125	0.000	24	23	2045939	3089	106.00	36.00	20	19	2844263996	12
2026-07-26T21:50:53Z	20260726T215027Z	boards/board1.txt	ab(d8,tt,ord,nb2m)@1.classic(t1,c4,w0,l0)@2.opener(rand,4)@1	ab(d2)@1.classic(t1,c4,w0,l0)@2.opener(rand,4)@1	W	61	11	11	5879.311	0.308	5171.875	0.000	31	30	16034446	3775	191.00	50.00	27	26	3119794456	12
2026-07-26T21:50:53Z	20260726T215027Z	boards/board1.txt	rand@1	ab(d2)@1.classic(t1,c4,w0,l0)@2.opener(rand,4)@1	B	26	13	16	0.008	0.088	0.000	0.000	13	13	0	1073	0.00	18.00	0	9	565794983	12
2026-07-26T21:50:54Z	20260726T215027Z	boards/board1.txt	ab(d6,ord,nb200k)@1.adv(t20,c77,w0,l0,f0,d-2,e0,m0,h0,b1,o0,r0,x0,n0,s1,g1)@1.opener(rand,4)@1	ab(d4)@1.classic(t1,c4,w0,l0)@2.opener(rand,4)@1	W	57	10	10	1023.400	6.753	812.500	0.000	29	28	2535425	100973	135.54	89.00	25	24	89957641	12
2026-07-26T21:50:55Z	20260726T215027Z	boards/board1.txt	ab(d6,ord,nb200k)@1.adv(t20,c77,w0,l0,f0,d-2,e0,m0,h0,b1,o0,r0,x0,n0,s1,g1)@1.opener(rand,4)@1	ab(d4)@1.classic(t1,c4,w0,l0)@2.opener(rand,4)@1	W	39	13	13	792.400	5.026	656.250	31.250	20	19	2011920	75955	81.51	53.00	16	15	890482292	12
2026-07-26T21:50:55Z	20260726T215027Z	boards/board1.txt	ab(d6,tt,ord,nb200k)@1.classic(t1,c4,w0,l0)@2.dil(r30,d4)@1.opener(rand,4)@1	ab(d4)@1.classic(t1,c4,w0,l0)@2.opener(rand,4)@1	W	57	12	9	423.076	11.559	296.875	31.250	29	28	1135429	169647	128.00	89.00	25	24	2594515700	12
2026-07-26T21:50:55Z	20260726T215027Z	boards/board1.txt	ab(d6,tt,ord,nb200k)@1.classic(t1,c4,w0,l0)@2.dil(r63)@1.opener(rand,4)@1	ab(d4)@1.classic(t1,c4,w0,l0)@2.opener(rand,4)@1	B	20	12	16	0.006	1.240	0.000	15.625	10	10	0	17848	0.00	24.00	0	6	45037580	12
2026-07-26T21:50:55Z	20260726T215027Z	boards/board1.txt	ab(d6,tt,ord,nb200k)@1.classic(t1,c4,w0,l0)@2.opener(rand,4)@1	ab(d4)@1.classic(t1,c4,w0,l0)@2.opener(rand,4)@1	W	51	12	10	298.414	4.884	281.250	15.625	26	25	858415	85631	118.00	77.00	22	21	3136222365	12
2026-07-26T21:50:56Z	20260726T215027Z	boards/board1.txt	ab(d6,tt,ord,nb200k)@1.classic(t1,c4,w0,l0)@2.opener(rand,4)@1	ab(d4)@1.classic(t1,c4,w0,l0)@2.opener(rand,4)@1	B	65	6	9	389.369	10.906	375.000	0.000	33	32	1170273	176510	159.00	112.00	29	28	1227114792	12
2026-07-26T21:51:12Z	20260726T215027Z	boards/board1.txt	ab(d6,tt,ord,nb200k)@1.learned(s111,78ef6974)@1.opener(rand,4)@1	ab(d4)@1.classic(t1,c4,w0,l0)@2.opener(rand,4)@1	B	71	7	9	15856.869	8.946	13718.750	15.625	36	35	2921221	137794	178.00	124.00	32	31	167090269	12
2026-07-26T21:51:12Z	20260726T215027Z	boards/board1.txt	ab(d6,tt,ord,nb200k)@1.learned(s3,68364898)@1.opener(rand,4)@1	ab(d4)@1.classic(t1,c4,w0,l0)@2.opener(rand,4)@1	B	47	11	12	511.550	4.231	453.125	0.000	24	23	1421826	65556	106.00	76.00	20	19	1097541903	12
2026-07-26T21:51:13Z	20260726T215027Z	boards/board1.txt	ab(d6,tt,ord,nb200k)@1.learned(s6,eac8ab99)@1.opener(rand,4)@1	ab(d4)@1.classic(t1,c4,w0,l0)@2.opener(rand,4)@1	W	43	12	12	553.764	4.784	437.500	0.000	22	21	1529912	73832	94.00	61.00	18	17	1459189573	12
2026-07-26T21:51:13Z	20260726T215027Z	boards/board1.txt	ab(d6,tt,ord,nb200k)@1.learned(s6,eac8ab99)@1.opener(rand,4)@1	ab(d4)@1.classic(t1,c4,w0,l0)@2.opener(rand,4)@1	B	65	7	10	742.428	6.954	640.625	0.000	33	32	1977360	104938	160.00	112.00	29	28	827438128	12
2026-07-26T21:51:14Z	20260726T215027Z	boards/board1.txt	ab(d6,tt,ord,nb200k)@1.learned(s76,ef183148)@1.opener(rand,4)@1	ab(d4)@1.classic(t1,c4,w0,l0)@2.opener(rand,4)@1	W	59	9	10	821.119	6.741	687.500	0.000	30	29	2335887	104509	142.00	93.00	26	25	3670594959	12
2026-07-26T21:51:15Z	20260726T215027Z	boards/board1.txt	ab(d6,tt,ord,nb200k)@1.learned(s98,5801570e)@1.opener(rand,4)@1	ab(d4)@1.classic(t1,c4,w0,l0)@2.opener(rand,4)@1	W	51	11	12	695.026	5.824	656.250	0.000	26	25	2175055	88792	118.00	77.00	22	21	117694774	12
2026-07-26T21:51:16Z	20260726T215027Z	boards/board1.txt	ab(d6,tt,ord,qs,nb200k)@1.learned(s98,5801570e)@1.opener(rand,4)@1	ab(d4)@1.classic(t1,c4,w0,l0)@2.opener(rand,4)@1	B	49	10	11	640.754	6.482	531.250	0.000	25	24	1744532	96422	112.00	80.00	21	20	2380400927	12
2026-07-26T21:51:16Z	20260726T215027Z	boards/board1.txt	ab(d6,tt,ord,qs,nb200k)@1.learned(s98,5801570e)@1.opener(rand,4)@1	ab(d4)@1.classic(t1,c4,w0,l0)@2.opener(rand,4)@1	W	49	11	11	598.264	6.042	562.500	0.000	25	24	1756142	75771	110.00	73.00	21	20	3162418006	12
2026-07-26T21:51:20Z	20260726T215027Z	boards/board1.txt	ab(d8,tt,ord,nb2m)@1.classic(t1,c4,w0,l0)@2.opener(rand,4)@1	ab(d4)@1.classic(t1,c4,w0,l0)@2.opener(rand,4)@1	W	45	13	11	3443.888	7.479	2937.500	0.000	23	22	9224004	78124	129.00	65.00	19	18	1302453838	12
2026-07-26T21:51:20Z	20260726T215027Z	boards/board1.txt	rand@1	ab(d4)@1.classic(t1,c4,w0,l0)@2.opener(rand,4)@1	B	24	14	16	0.011	2.719	0.000	0.000	12	12	0	39958	0.00	32.00	0	8	4156776833	12
2026-07-26T21:51:21Z	20260726T215027Z	boards/board1.txt	ab(d6,tt,ord,nb200k)@1.classic(t1,c4,w0,l0)@2.dil(r30,d4)@1.opener(rand,4)@1	ab(d6,ord,nb200k)@1.adv(t20,c77,w0,l0,f0,d-2,e0,m0,h0,b1,o0,r0,x0,n0,s1,g1)@1.opener(rand,4)@1	B	55	11	9	318.949	1151.213	296.875	1015.625	28	27	987678	2952923	119.00	128.00	24	23	3654791259	12
2026-07-26T21:51:23Z	20260726T215027Z	boards/board1.txt	ab(d6,tt,ord,nb200k)@1.classic(t1,c4,w0,l0)@2.dil(r30,d4)@1.opener(rand,4)@1	ab(d6,ord,nb200k)@1.adv(t20,c77,w0,l0,f0,d-2,e0,m0,h0,b1,o0,r0,x0,n0,s1,g1)@1.opener(rand,4)@1	W	58	9	8	350.369	1202.559	281.250	1031.250	29	29	1005027	3062363	128.00	135.00	25	25	3482092626	12
2026-07-26T21:51:24Z	20260726T215027Z	boards/board1.txt	ab(d6,tt,ord,nb200k)@1.classic(t1,c4,w0,l0)@2.dil(r63)@1.opener(rand,4)@1	ab(d6,ord,nb200k)@1.adv(t20,c77,w0,l0,f0,d-2,e0,m0,h0,b1,o0,r0,x0,n0,s1,g1)@1.opener(rand,4)@1	B	40	10	11	193.208	927.568	171.875	812.500	20	20	611432	2353303	60.00	88.33	10	16	3113576630	12
2026-07-26T21:51:25Z	20260726T215027Z	boards/board1.txt	ab(d6,tt,ord,nb200k)@1.classic(t1,c4,w0,l0)@2.opener(rand,4)@1	ab(d6,ord,nb200k)@1.adv(t20,c77,w0,l0,f0,d-2,e0,m0,h0,b1,o0,r0,x0,n0,s1,g1)@1.opener(rand,4)@1	W	64	8	7	469.246	1262.871	343.750	1062.500	32	32	1519582	3265383	159.00	150.55	28	28	1098450208	12
2026-07-26T21:51:39Z	20260726T215027Z	boards/board1.txt	ab(d6,tt,ord,nb200k)@1.learned(s111,78ef6974)@1.opener(rand,4)@1	ab(d6,ord,nb200k)@1.adv(t20,c77,w0,l0,f0,d-2,e0,m0,h0,b1,o0,r0,x0,n0,s1,g1)@1.opener(rand,4)@1	W	44	12	12	12494.023	929.310	10359.375	765.625	22	22	2324145	2497356	96.77	90.57	18	18	1278107568	12
2026-07-26T21:51:51Z	20260726T215027Z	boards/board1.txt	ab(d6,tt,ord,nb200k)@1.learned(s111,78ef6974)@1.opener(rand,4)@1	ab(d6,ord,nb200k)@1.adv(t20,c77,w0,l0,f0,d-2,e0,m0,h0,b1,o0,r0,x0,n0,s1,g1)@1.opener(rand,4)@1	W	46	12	11	10755.968	1052.892	9328.125	859.375	23	23	2126273	2783121	105.00	94.98	19	19	2801613607	12
2026-07-26T21:51:53Z	20260726T215027Z	boards/board1.txt	ab(d6,tt,ord,nb200k)@1.learned(s3,68364898)@1.opener(rand,4)@1	ab(d6,ord,nb200k)@1.adv(t20,c77,w0,l0,f0,d-2,e0,m0,h0,b1,o0,r0,x0,n0,s1,g1)@1.opener(rand,4)@1	W	56	10	10	844.347	1077.916	625.000	875.000	28	28	2453213	2838384	134.50	127.70	24	24	3148802401	12
2026-07-26T21:51:55Z	20260726T215027Z	boards/board1.txt	ab(d6,tt,ord,nb200k)@1.learned(s6,eac8ab99)@1.opener(rand,4)@1	ab(d6,ord,nb200k)@1.adv(t20,c77,w0,l0,f0,d-2,e0,m0,h0,b1,o0,r0,x0,n0,s1,g1)@1.opener(rand,4)@1	B	67	7	8	772.351	1257.010	703.125	1046.875	34	33	2513170	3302698	165.41	162.48	30	29	2854779896	12
2026-07-26T21:51:57Z	20260726T215027Z	boards/board1.txt	ab(d6,tt,ord,nb200k)@1.learned(s76,ef183148)@1.opener(rand,4)@1	ab(d6,ord,nb200k)@1.adv(t20,c77,w0,l0,f0,d-2,e0,m0,h0,b1,o0,r0,x0,n0,s1,g1)@1.opener(rand,4)@1	B	61	9	13	982.002	1177.758	984.375	1093.750	31	30	3372770	3200052	146.40	146.60	27	26	2133639354	12
2026-07-26T21:51:58Z	20260726T215027Z	boards/board1.txt	ab(d6,tt,ord,nb200k)@1.learned(s76,ef183148)@1.opener(rand,4)@1	ab(d6,ord,nb200k)@1.adv(t20,c77,w0,l0,f0,d-2,e0,m0,h0,b1,o0,r0,x0,n0,s1,g1)@1.opener(rand,4)@1	B	51	10	10	664.203	978.888	593.750	828.125	26	25	2136790	2625521	118.00	116.57	22	21	1976903141	12
2026-07-26T21:52:00Z	20260726T215027Z	boards/board1.txt	ab(d6,tt,ord,nb200k)@1.learned(s98,5801570e)@1.opener(rand,4)@1	ab(d6,ord,nb200k)@1.adv(t20,c77,w0,l0,f0,d-2,e0,m0,h0,b1,o0,r0,x0,n0,s1,g1)@1.opener(rand,4)@1	W	58	8	8	793.176	1241.829	671.875	1031.250	29	29	2208457	3155566	140.39	134.34	25	25	230521300	12
2026-07-26T21:52:02Z	20260726T215027Z	boards/board1.txt	ab(d6,tt,ord,qs,nb200k)@1.learned(s98,5801570e)@1.opener(rand,4)@1	ab(d6,ord,nb200k)@1.adv(t20,c77,w0,l0,f0,d-2,e0,m0,h0,b1,o0,r0,x0,n0,s1,g1)@1.opener(rand,4)@1	W	38	13	13	458.283	749.296	312.500	671.875	19	19	1419158	1975425	78.29	75.62	15	15	1300150614	12
2026-07-26T21:52:11Z	20260726T215027Z	boards/board1.txt	ab(d8,tt,ord,nb2m)@1.classic(t1,c4,w0,l0)@2.opener(rand,4)@1	ab(d6,ord,nb200k)@1.adv(t20,c77,w0,l0,f0,d-2,e0,m0,h0,b1,o0,r0,x0,n0,s1,g1)@1.opener(rand,4)@1	B	75	8	9	7533.311	1362.777	6390.625	1250.000	38	37	21760396	3544525	249.00	188.09	34	33	2292504285	12
2026-07-26T21:52:18Z	20260726T215027Z	boards/board1.txt	ab(d8,tt,ord,nb2m)@1.classic(t1,c4,w0,l0)@2.opener(rand,4)@1	ab(d6,ord,nb200k)@1.adv(t20,c77,w0,l0,f0,d-2,e0,m0,h0,b1,o0,r0,x0,n0,s1,g1)@1.opener(rand,4)@1	W	66	7	7	5815.571	1228.572	5046.875	1140.625	33	33	18314905	3260825	216.00	158.25	29	29	1606603240	12
2026-07-26T21:52:18Z	20260726T215027Z	boards/board1.txt	rand@1	ab(d6,ord,nb200k)@1.adv(t20,c77,w0,l0,f0,d-2,e0,m0,h0,b1,o0,r0,x0,n0,s1,g1)@1.opener(rand,4)@1	B	30	11	16	0.027	625.379	0.000	500.000	15	15	0	1553831	0.00	60.29	0	11	2962311967	12
2026-07-26T21:52:18Z	20260726T215027Z	boards/board1.txt	ab(d6,tt,ord,nb200k)@1.classic(t1,c4,w0,l0)@2.dil(r63)@1.opener(rand,4)@1	ab(d6,tt,ord,nb200k)@1.classic(t1,c4,w0,l0)@2.dil(r30,d4)@1.opener(rand,4)@1	B	34	13	14	105.595	59.218	46.875	62.500	17	17	290823	166751	36.00	54.00	6	13	3399218526	12
2026-07-26T21:52:19Z	20260726T215027Z	boards/board1.txt	ab(d6,tt,ord,nb200k)@1.classic(t1,c4,w0,l0)@2.opener(rand,4)@1	ab(d6,tt,ord,nb200k)@1.classic(t1,c4,w0,l0)@2.dil(r30,d4)@1.opener(rand,4)@1	B	47	10	12	367.086	215.991	359.375	171.875	24	23	911073	523870	106.00	99.00	20	19	1575120527	12
2026-07-26T21:52:20Z	20260726T215027Z	boards/board1.txt	ab(d6,tt,ord,nb200k)@1.classic(t1,c4,w0,l0)@2.opener(rand,4)@1	ab(d6,tt,ord,nb200k)@1.classic(t1,c4,w0,l0)@2.dil(r30,d4)@1.opener(rand,4)@1	B	73	8	8	443.352	349.922	312.500	359.375	37	36	1107247	883053	184.00	171.00	33	32	782029702	12
2026-07-26T21:52:28Z	20260726T215027Z	boards/board1.txt	ab(d6,tt,ord,nb200k)@1.learned(s111,78ef6974)@1.opener(rand,4)@1	ab(d6,tt,ord,nb200k)@1.classic(t1,c4,w0,l0)@2.dil(r30,d4)@1.opener(rand,4)@1	W	56	9	9	8198.144	183.248	7578.125	203.125	28	28	1716867	500621	135.00	114.00	24	24	358388519	12
2026-07-26T21:52:29Z	20260726T215027Z	boards/board1.txt	ab(d6,tt,ord,nb200k)@1.learned(s3,68364898)@1.opener(rand,4)@1	ab(d6,tt,ord,nb200k)@1.classic(t1,c4,w0,l0)@2.dil(r30,d4)@1.opener(rand,4)@1	W	58	8	8	652.784	206.204	546.875	171.875	29	29	1785561	488702	140.30	113.00	25	25	2819131693	12
2026-07-26T21:52:30Z	20260726T215027Z	boards/board1.txt	ab(d6,tt,ord,nb200k)@1.learned(s6,eac8ab99)@1.opener(rand,4)@1	ab(d6,tt,ord,nb200k)@1.classic(t1,c4,w0,l0)@2.dil(r30,d4)@1.opener(rand,4)@1	W	62	10	8	622.110	204.505	640.625	125.000	31	31	1744499	634267	153.00	125.00	27	27	253865739	12
2026-07-26T21:52:31Z	20260726T215027Z	boards/board1.txt	ab(d6,tt,ord,nb200k)@1.learned(s6,eac8ab99)@1.opener(rand,4)@1	ab(d6,tt,ord,nb200k)@1.classic(t1,c4,w0,l0)@2.dil(r30,d4)@1.opener(rand,4)@1	W	58	8	9	596.050	193.552	437.500	171.875	29	29	1492399	481100	141.00	117.00	25	25	3518589378	12
2026-07-26T21:52:32Z	20260726T215027Z	boards/board1.txt	ab(d6,tt,ord,nb200k)@1.learned(s76,ef183148)@1.opener(rand,4)@1	ab(d6,tt,ord,nb200k)@1.classic(t1,c4,w0,l0)@2.dil(r30,d4)@1.opener(rand,4)@1	W	46	13	11	631.348	240.018	625.000	171.875	23	23	1761602	687514	105.00	93.00	19	19	2895445661	12
2026-07-26T21:52:33Z	20260726T215027Z	boards/board1.txt	ab(d6,tt,ord,nb200k)@1.learned(s98,5801570e)@1.opener(rand,4)@1	ab(d6,tt,ord,nb200k)@1.classic(t1,c4,w0,l0)@2.dil(r30,d4)@1.opener(rand,4)@1	W	66	10	7	1068.666	378.964	843.750	234.375	33	33	2346201	937962	164.30	145.00	29	29	2519983948	12
2026-07-26T21:52:35Z	20260726T215027Z	boards/board1.txt	ab(d6,tt,ord,qs,nb200k)@1.learned(s98,5801570e)@1.opener(rand,4)@1	ab(d6,tt,ord,nb200k)@1.classic(t1,c4,w0,l0)@2.dil(r30,d4)@1.opener(rand,4)@1	B	65	10	10	1238.362	522.175	828.125	375.000	33	32	2455940	1000276	160.00	147.00	29	28	2294354825	12
2026-07-26T21:52:36Z	20260726T215027Z	boards/board1.txt	ab(d6,tt,ord,qs,nb200k)@1.learned(s98,5801570e)@1.opener(rand,4)@1	ab(d6,tt,ord,nb200k)@1.classic(t1,c4,w0,l0)@2.dil(r30,d4)@1.opener(rand,4)@1	B	56	9	11	1058.608	426.737	703.125	343.750	28	28	2390340	848394	135.00	125.00	24	24	2025550324	12
2026-07-26T21:52:41Z	20260726T215027Z	boards/board1.txt	ab(d8,tt,ord,nb2m)@1.classic(t1,c4,w0,l0)@2.opener(rand,4)@1	ab(d6,tt,ord,nb200k)@1.classic(t1,c4,w0,l0)@2.dil(r30,d4)@1.opener(rand,4)@1	W	48	12	10	4244.462	78.043	3546.875	62.500	24	24	10765876	229844	144.00	102.00	20	20	1889313872	12
2026-07-26T21:52:41Z	20260726T215027Z	boards/board1.txt	rand@1	ab(d6,tt,ord,nb200k)@1.classic(t1,c4,w0,l0)@2.dil(r30,d4)@1.opener(rand,4)@1	B	20	14	16	0.012	87.332	0.000	78.125	10	10	0	237858	0.00	31.00	0	6	2571889119	12
2026-07-26T21:52:41Z	20260726T215027Z	boards/board1.txt	ab(d6,tt,ord,nb200k)@1.classic(t1,c4,w0,l0)@2.opener(rand,4)@1	ab(d6,tt,ord,nb200k)@1.classic(t1,c4,w0,l0)@2.dil(r63)@1.opener(rand,4)@1	W	53	12	10	344.703	102.650	281.250	78.125	27	26	965386	289169	124.00	42.00	23	8	2081115815	12
2026-07-26T21:52:41Z	20260726T215027Z	boards/board1.txt	ab(d6,tt,ord,nb200k)@1.classic(t1,c4,w0,l0)@2.opener(rand,4)@1	ab(d6,tt,ord,nb200k)@1.classic(t1,c4,w0,l0)@2.dil(r63)@1.opener(rand,4)@1	W	26	16	15	142.871	63.802	156.250	62.500	13	13	369900	160982	49.00	25.00	9	5	2478833758	12
2026-07-26T21:52:57Z	20260726T215027Z	boards/board1.txt	ab(d6,tt,ord,nb200k)@1.learned(s111,78ef6974)@1.opener(rand,4)@1	ab(d6,tt,ord,nb200k)@1.classic(t1,c4,w0,l0)@2.dil(r63)@1.opener(rand,4)@1	W	65	12	9	15868.738	239.206	14078.125	234.375	33	32	3009628	706542	162.02	84.00	29	14	1244447055	12
2026-07-26T21:52:58Z	20260726T215027Z	boards/board1.txt	ab(d6,tt,ord,nb200k)@1.learned(s3,68364898)@1.opener(rand,4)@1	ab(d6,tt,ord,nb200k)@1.classic(t1,c4,w0,l0)@2.dil(r63)@1.opener(rand,4)@1	W	41	14	11	494.066	44.990	421.875	62.500	21	20	1249726	151024	97.00	24.00	17	4	1809656981	12
2026-07-26T21:52:58Z	20260726T215027Z	boards/board1.txt	ab(d6,tt,ord,nb200k)@1.learned(s6,eac8ab99)@1.opener(rand,4)@1	ab(d6,tt,ord,nb200k)@1.classic(t1,c4,w0,l0)@2.dil(r63)@1.opener(rand,4)@1	W	32	14	13	393.086	54.383	296.875	46.875	16	16	1058719	163319	67.00	19.00	12	4	99650403	12
2026-07-26T21:52:59Z	20260726T215027Z	boards/board1.txt	ab(d6,tt,ord,nb200k)@1.learned(s6,eac8ab99)@1.opener(rand,4)@1	ab(d6,tt,ord,nb200k)@1.classic(t1,c4,w0,l0)@2.dil(r63)@1.opener(rand,4)@1	W	35	15	12	442.797	112.455	359.375	93.750	18	17	1026130	293826	74.00	30.00	14	5	1900307482	12
2026-07-26T21:53:00Z	20260726T215027Z	boards/board1.txt	ab(d6,tt,ord,nb200k)@1.learned(s76,ef183148)@1.opener(rand,4)@1	ab(d6,tt,ord,nb200k)@1.classic(t1,c4,w0,l0)@2.dil(r63)@1.opener(rand,4)@1	W	52	11	10	550.332	182.080	453.125	125.000	26	26	1498984	494544	123.00	78.00	22	14	4039340533	12
2026-07-26T21:53:01Z	20260726T215027Z	boards/board1.txt	ab(d6,tt,ord,nb200k)@1.learned(s98,5801570e)@1.opener(rand,4)@1	ab(d6,tt,ord,nb200k)@1.classic(t1,c4,w0,l0)@2.dil(r63)@1.opener(rand,4)@1	W	50	14	10	775.958	125.556	703.125	78.125	25	25	2140797	348450	121.00	43.00	21	8	3853783540	12
2026-07-26T21:53:01Z	20260726T215027Z	boards/board1.txt	ab(d6,tt,ord,qs,nb200k)@1.learned(s98,5801570e)@1.opener(rand,4)@1	ab(d6,tt,ord,nb200k)@1.classic(t1,c4,w0,l0)@2.dil(r63)@1.opener(rand,4)@1	W	38	13	12	257.295	111.136	265.625	93.750	19	19	743631	276036	81.00	34.00	15	8	3741502833	12
2026-07-26T21:53:02Z	20260726T215027Z	boards/board1.txt	ab(d6,tt,ord,qs,nb200k)@1.learned(s98,5801570e)@1.opener(rand,4)@1	ab(d6,tt,ord,nb200k)@1.classic(t1,c4,w0,l0)@2.dil(r63)@1.opener(rand,4)@1	W	41	14	12	644.214	116.014	562.500	125.000	21	20	1799311	288667	91.81	36.00	17	6	3831439676	12
2026-07-26T21:53:07Z	20260726T215027Z	boards/board1.txt	ab(d8,tt,ord,nb2m)@1.classic(t1,c4,w0,l0)@2.opener(rand,4)@1	ab(d6,tt,ord,nb200k)@1.classic(t1,c4,w0,l0)@2.dil(r63)@1.opener(rand,4)@1	W	45	14	11	5200.709	46.032	4343.750	46.875	23	22	13631730	153086	138.00	72.00	19	12	2333883416	12
2026-07-26T21:53:07Z	20260726T215027Z	boards/board1.txt	rand@1	ab(d6,tt,ord,nb200k)@1.classic(t1,c4,w0,l0)@2.dil(r63)@1.opener(rand,4)@1	B	58	12	16	0.027	190.652	0.000	187.500	29	29	0	528558	0.00	52.00	0	10	2295899047	12
2026-07-26T21:53:21Z	20260726T215027Z	boards/board1.txt	ab(d6,tt,ord,nb200k)@1.learned(s111,78ef6974)@1.opener(rand,4)@1	ab(d6,tt,ord,nb200k)@1.classic(t1,c4,w0,l0)@2.opener(rand,4)@1	B	75	5	8	13161.601	566.466	10953.125	531.250	38	37	2614442	1338121	190.00	189.00	34	33	4041202536	12
2026-07-26T21:53:30Z	20260726T215027Z	boards/board1.txt	ab(d6,tt,ord,nb200k)@1.learned(s111,78ef6974)@1.opener(rand,4)@1	ab(d6,tt,ord,nb200k)@1.classic(t1,c4,w0,l0)@2.opener(rand,4)@1	B	51	10	11	8318.532	347.006	6750.000	312.500	26	25	1595489	834134	118.00	117.00	22	21	2789152031	12
2026-07-26T21:53:31Z	20260726T215027Z	boards/board1.txt	ab(d6,tt,ord,nb200k)@1.learned(s3,68364898)@1.opener(rand,4)@1	ab(d6,tt,ord,nb200k)@1.classic(t1,c4,w0,l0)@2.opener(rand,4)@1	W	58	9	9	701.075	450.106	578.125	359.375	29	29	1930209	1110694	141.00	136.00	25	25	663399833	12
2026-07-26T21:53:32Z	20260726T215027Z	boards/board1.txt	ab(d6,tt,ord,nb200k)@1.learned(s6,eac8ab99)@1.opener(rand,4)@1	ab(d6,tt,ord,nb200k)@1.classic(t1,c4,w0,l0)@2.opener(rand,4)@1	W	56	10	10	588.338	348.763	515.625	343.750	28	28	1691542	892782	135.00	130.00	24	24	1895868256	12
2026-07-26T21:53:32Z	20260726T215027Z	boards/board1.txt	ab(d6,tt,ord,nb200k)@1.learned(s76,ef183148)@1.opener(rand,4)@1	ab(d6,tt,ord,nb200k)@1.classic(t1,c4,w0,l0)@2.opener(rand,4)@1	B	61	7	9	491.726	337.242	453.125	296.875	31	30	1646869	895036	148.00	147.00	27	26	4063474178	12
2026-07-26T21:53:33Z	20260726T215027Z	boards/board1.txt	ab(d6,tt,ord,nb200k)@1.learned(s76,ef183148)@1.opener(rand,4)@1	ab(d6,tt,ord,nb200k)@1.classic(t1,c4,w0,l0)@2.opener(rand,4)@1	W	70	7	9	556.870	359.370	468.750	328.125	35	35	1672052	981584	177.00	172.00	31	31	231302797	12
2026-07-26T21:53:34Z	20260726T215027Z	boards/board1.txt	ab(d6,tt,ord,nb200k)@1.learned(s98,5801570e)@1.opener(rand,4)@1	ab(d6,tt,ord,nb200k)@1.classic(t1,c4,w0,l0)@2.opener(rand,4)@1	W	64	7	7	602.936	366.691	500.000	328.125	32	32	1722656	993090	159.00	154.00	28	28	1321383212	12
2026-07-26T21:53:36Z	20260726T215027Z	boards/board1.txt	ab(d6,tt,ord,qs,nb200k)@1.learned(s98,5801570e)@1.opener(rand,4)@1	ab(d6,tt,ord,nb200k)@1.classic(t1,c4,w0,l0)@2.opener(rand,4)@1	W	66	9	10	855.910	513.656	718.750	406.250	33	33	2346881	1307429	165.00	160.00	29	29	2630285326	12
2026-07-26T21:53:40Z	20260726T215027Z	boards/board1.txt	ab(d8,tt,ord,nb2m)@1.classic(t1,c4,w0,l0)@2.opener(rand,4)@1	ab(d6,tt,ord,nb200k)@1.classic(t1,c4,w0,l0)@2.opener(rand,4)@1	W	50	11	9	4601.715	87.957	4109.375	78.125	25	25	12975047	297778	152.00	112.00	21	21	2362341653	12
2026-07-26T21:53:48Z	20260726T215027Z	boards/board1.txt	ab(d8,tt,ord,nb2m)@1.classic(t1,c4,w0,l0)@2.opener(rand,4)@1	ab(d6,tt,ord,nb200k)@1.classic(t1,c4,w0,l0)@2.opener(rand,4)@1	W	72	10	8	7376.068	154.579	6453.125	125.000	36	36	19808608	472870	240.00	178.00	32	32	910441664	12
2026-07-26T21:53:48Z	20260726T215027Z	boards/board1.txt	rand@1	ab(d6,tt,ord,nb200k)@1.classic(t1,c4,w0,l0)@2.opener(rand,4)@1	B	20	13	16	0.012	103.324	0.000	93.750	10	10	0	306768	0.00	31.00	0	6	1601437815	12
2026-07-26T21:54:04Z	20260726T215027Z	boards/board1.txt	ab(d6,tt,ord,nb200k)@1.learned(s3,68364898)@1.opener(rand,4)@1	ab(d6,tt,ord,nb200k)@1.learned(s111,78ef6974)@1.opener(rand,4)@1	W	56	13	9	755.766	15444.364	671.875	13015.625	28	28	1799426	2637785	135.00	129.30	24	24	905914730	12
2026-07-26T21:54:21Z	20260726T215027Z	boards/board1.txt	ab(d6,tt,ord,nb200k)@1.learned(s6,eac8ab99)@1.opener(rand,4)@1	ab(d6,tt,ord,nb200k)@1.learned(s111,78ef6974)@1.opener(rand,4)@1	W	72	8	8	762.932	15915.090	656.250	13890.625	36	36	2002736	2899785	182.73	176.10	32	32	4144970002	12
2026-07-26T21:54:42Z	20260726T215027Z	boards/board1.txt	ab(d6,tt,ord,nb200k)@1.learned(s6,eac8ab99)@1.opener(rand,4)@1	ab(d6,tt,ord,nb200k)@1.learned(s111,78ef6974)@1.opener(rand,4)@1	W	74	8	5	927.926	20324.642	796.875	17640.625	37	37	2255053	3379780	189.00	182.30	33	33	1346454749	12
2026-07-26T21:54:58Z	20260726T215027Z	boards/board1.txt	ab(d6,tt,ord,nb200k)@1.learned(s76,ef183148)@1.opener(rand,4)@1	ab(d6,tt,ord,nb200k)@1.learned(s111,78ef6974)@1.opener(rand,4)@1	B	61	9	9	1014.212	15052.288	843.750	12859.375	31	30	3267172	2805576	143.87	145.50	27	26	877407344	12
2026-07-26T21:55:13Z	20260726T215027Z	boards/board1.txt	ab(d6,tt,ord,nb200k)@1.learned(s98,5801570e)@1.opener(rand,4)@1	ab(d6,tt,ord,nb200k)@1.learned(s111,78ef6974)@1.opener(rand,4)@1	B	63	8	11	711.113	13717.013	703.125	11906.250	32	31	2053096	2539758	154.00	153.00	28	27	3864735425	12
2026-07-26T21:55:26Z	20260726T215027Z	boards/board1.txt	ab(d6,tt,ord,qs,nb200k)@1.learned(s98,5801570e)@1.opener(rand,4)@1	ab(d6,tt,ord,nb200k)@1.learned(s111,78ef6974)@1.opener(rand,4)@1	W	58	10	7	659.633	12899.178	609.375	11234.375	29	29	1716830	2343226	140.00	135.92	25	25	4281587324	12
2026-07-26T21:55:44Z	20260726T215027Z	boards/board1.txt	ab(d6,tt,ord,qs,nb200k)@1.learned(s98,5801570e)@1.opener(rand,4)@1	ab(d6,tt,ord,nb200k)@1.learned(s111,78ef6974)@1.opener(rand,4)@1	B	72	8	10	1069.011	16930.876	937.500	15093.750	36	36	3511312	3506659	175.63	177.56	32	32	2344881363	12
2026-07-26T21:55:53Z	20260726T215027Z	boards/board1.txt	ab(d8,tt,ord,nb2m)@1.classic(t1,c4,w0,l0)@2.opener(rand,4)@1	ab(d6,tt,ord,nb200k)@1.learned(s111,78ef6974)@1.opener(rand,4)@1	W	56	11	9	5041.849	3313.244	4812.500	3015.625	28	28	14311597	788149	176.00	130.00	24	24	3245884423	12
2026-07-26T21:55:54Z	20260726T215027Z	boards/board1.txt	rand@1	ab(d6,tt,ord,nb200k)@1.learned(s111,78ef6974)@1.opener(rand,4)@1	B	22	12	16	0.015	1607.952	0.000	1546.875	11	11	0	369434	0.00	37.00	0	7	3654411904	12
2026-07-26T21:55:56Z	20260726T215027Z	boards/board1.txt	ab(d6,tt,ord,nb200k)@1.learned(s6,eac8ab99)@1.opener(rand,4)@1	ab(d6,tt,ord,nb200k)@1.learned(s3,68364898)@1.opener(rand,4)@1	W	74	6	7	734.341	660.553	671.875	656.250	37	37	2200505	2023616	189.00	184.00	33	33	798140418	12
2026-07-26T21:55:57Z	20260726T215027Z	boards/board1.txt	ab(d6,tt,ord,nb200k)@1.learned(s6,eac8ab99)@1.opener(rand,4)@1	ab(d6,tt,ord,nb200k)@1.learned(s3,68364898)@1.opener(rand,4)@1	B	57	10	10	620.252	543.866	593.750	453.125	29	28	1922033	1523478	136.00	135.00	25	24	1445292173	12
2026-07-26T21:55:58Z	20260726T215027Z	boards/board1.txt	ab(d6,tt,ord,nb200k)@1.learned(s76,ef183148)@1.opener(rand,4)@1	ab(d6,tt,ord,nb200k)@1.learned(s3,68364898)@1.opener(rand,4)@1	W	60	8	8	737.541	623.671	656.250	609.375	30	30	1988647	2055350	147.00	141.83	26	26	2379324992	12
2026-07-26T21:56:00Z	20260726T215027Z	boards/board1.txt	ab(d6,tt,ord,nb200k)@1.learned(s98,5801570e)@1.opener(rand,4)@1	ab(d6,tt,ord,nb200k)@1.learned(s3,68364898)@1.opener(rand,4)@1	W	68	8	8	659.772	730.193	609.375	703.125	34	34	1913124	2170217	171.00	166.00	30	30	72601969	12
2026-07-26T21:56:01Z	20260726T215027Z	boards/board1.txt	ab(d6,tt,ord,qs,nb200k)@1.learned(s98,5801570e)@1.opener(rand,4)@1	ab(d6,tt,ord,nb200k)@1.learned(s3,68364898)@1.opener(rand,4)@1	W	60	9	6	547.727	467.406	531.250	406.250	30	30	1665273	1326078	147.00	142.00	26	26	431796108	12
2026-07-26T21:56:02Z	20260726T215027Z	boards/board1.txt	ab(d6,tt,ord,qs,nb200k)@1.learned(s98,5801570e)@1.opener(rand,4)@1	ab(d6,tt,ord,nb200k)@1.learned(s3,68364898)@1.opener(rand,4)@1	B	78	7	8	976.857	806.532	937.500	656.250	39	39	3164607	2402290	195.73	196.00	35	35	349859235	12
2026-07-26T21:56:08Z	20260726T215027Z	boards/board1.txt	ab(d8,tt,ord,nb2m)@1.classic(t1,c4,w0,l0)@2.opener(rand,4)@1	ab(d6,tt,ord,nb200k)@1.learned(s3,68364898)@1.opener(rand,4)@1	W	52	12	12	5099.102	154.969	4640.625	140.625	26	26	13724913	438103	160.00	118.00	22	22	62704823	12
2026-07-26T21:56:08Z	20260726T215027Z	boards/board1.txt	rand@1	ab(d6,tt,ord,nb200k)@1.learned(s3,68364898)@1.opener(rand,4)@1	B	28	14	16	0.020	253.164	0.000	218.750	14	14	0	769495	0.00	47.00	0	10	1340537648	12
2026-07-26T21:56:09Z	20260726T215027Z	boards/board1.txt	ab(d6,tt,ord,nb200k)@1.learned(s76,ef183148)@1.opener(rand,4)@1	ab(d6,tt,ord,nb200k)@1.learned(s6,eac8ab99)@1.opener(rand,4)@1	W	50	11	10	570.936	549.024	562.500	500.000	25	25	1538934	1795584	117.00	112.00	21	21	1000799050	12
2026-07-26T21:56:11Z	20260726T215027Z	boards/board1.txt	ab(d6,tt,ord,nb200k)@1.learned(s76,ef183148)@1.opener(rand,4)@1	ab(d6,tt,ord,nb200k)@1.learned(s6,eac8ab99)@1.opener(rand,4)@1	B	77	7	8	973.816	1013.663	812.500	937.500	39	38	2871146	3285717	195.72	194.28	35	34	3088430901	12
2026-07-26T21:56:12Z	20260726T215027Z	boards/board1.txt	ab(d6,tt,ord,nb200k)@1.learned(s98,5801570e)@1.opener(rand,4)@1	ab(d6,tt,ord,nb200k)@1.learned(s6,eac8ab99)@1.opener(rand,4)@1	W	58	11	11	697.438	641.184	640.625	625.000	29	29	1957742	2179587	141.00	136.00	25	25	3600477828	12
2026-07-26T21:56:14Z	20260726T215027Z	boards/board1.txt	ab(d6,tt,ord,qs,nb200k)@1.learned(s98,5801570e)@1.opener(rand,4)@1	ab(d6,tt,ord,nb200k)@1.learned(s6,eac8ab99)@1.opener(rand,4)@1	W	62	10	10	883.220	653.123	750.000	656.250	31	31	2777526	2062124	152.94	148.00	27	27	2084606758	12
2026-07-26T21:56:19Z	20260726T215027Z	boards/board1.txt	ab(d8,tt,ord,nb2m)@1.classic(t1,c4,w0,l0)@2.opener(rand,4)@1	ab(d6,tt,ord,nb200k)@1.learned(s6,eac8ab99)@1.opener(rand,4)@1	W	40	14	12	4974.197	275.993	4750.000	281.250	20	20	15524394	1098826	111.82	81.69	16	16	2353234765	12
2026-07-26T21:56:24Z	20260726T215027Z	boards/board1.txt	ab(d8,tt,ord,nb2m)@1.classic(t1,c4,w0,l0)@2.opener(rand,4)@1	ab(d6,tt,ord,nb200k)@1.learned(s6,eac8ab99)@1.opener(rand,4)@1	W	52	11	11	4221.117	306.027	3984.375	250.000	26	26	13624397	1135754	160.00	118.00	22	22	2278737304	12
2026-07-26T21:56:24Z	20260726T215027Z	boards/board1.txt	rand@1	ab(d6,tt,ord,nb200k)@1.learned(s6,eac8ab99)@1.opener(rand,4)@1	B	36	13	15	0.030	306.640	0.000	281.250	18	18	0	1098800	0.00	74.00	0	14	3239351887	12
2026-07-26T21:56:25Z	20260726T215027Z	boards/board1.txt	ab(d6,tt,ord,nb200k)@1.learned(s98,5801570e)@1.opener(rand,4)@1	ab(d6,tt,ord,nb200k)@1.learned(s76,ef183148)@1.opener(rand,4)@1	B	71	8	9	542.206	715.254	531.250	625.000	36	35	1896422	2636872	178.00	176.86	32	31	4209742005	12
2026-07-26T21:56:27Z	20260726T215027Z	boards/board1.txt	ab(d6,tt,ord,qs,nb200k)@1.learned(s98,5801570e)@1.opener(rand,4)@1	ab(d6,tt,ord,nb200k)@1.learned(s76,ef183148)@1.opener(rand,4)@1	W	70	9	8	804.600	645.438	734.375	640.625	35	35	2872884	2311099	176.54	170.82	31	31	1462775640	12
2026-07-26T21:56:28Z	20260726T215027Z	boards/board1.txt	ab(d6,tt,ord,qs,nb200k)@1.learned(s98,5801570e)@1.opener(rand,4)@1	ab(d6,tt,ord,nb200k)@1.learned(s76,ef183148)@1.opener(rand,4)@1	W	64	9	9	647.682	637.299	578.125	625.000	32	32	2437266	2241041	158.63	153.62	28	28	2159930447	12
2026-07-26T21:56:30Z	20260726T215027Z	boards/board1.txt	ab(d8,tt,ord,nb2m)@1.classic(t1,c4,w0,l0)@2.opener(rand,4)@1	ab(d6,tt,ord,nb200k)@1.learned(s76,ef183148)@1.opener(rand,4)@1	W	34	14	13	2357.813	82.852	2265.625	78.125	17	17	8211883	325610	88.00	64.00	13	13	681040979	12
2026-07-26T21:56:30Z	20260726T215027Z	boards/board1.txt	rand@1	ab(d6,tt,ord,nb200k)@1.learned(s76,ef183148)@1.opener(rand,4)@1	B	24	14	16	0.014	122.842	0.000	109.375	12	12	0	464199	0.00	35.00	0	8	2077363244	12
2026-07-26T21:56:32Z	20260726T215027Z	boards/board1.txt	ab(d6,tt,ord,qs,nb200k)@1.learned(s98,5801570e)@1.opener(rand,4)@1	ab(d6,tt,ord,nb200k)@1.learned(s98,5801570e)@1.opener(rand,4)@1	B	61	9	11	802.054	535.075	765.625	484.375	31	30	2558110	1951751	148.00	146.68	27	26	163457339	12
2026-07-26T21:56:33Z	20260726T215027Z	boards/board1.txt	ab(d6,tt,ord,qs,nb200k)@1.learned(s98,5801570e)@1.opener(rand,4)@1	ab(d6,tt,ord,nb200k)@1.learned(s98,5801570e)@1.opener(rand,4)@1	W	82	9	6	733.322	571.404	687.500	562.500	41	41	2480545	1972619	212.92	208.00	37	37	899485874	12
2026-07-26T21:56:40Z	20260726T215027Z	boards/board1.txt	ab(d8,tt,ord,nb2m)@1.classic(t1,c4,w0,l0)@2.opener(rand,4)@1	ab(d6,tt,ord,nb200k)@1.learned(s98,5801570e)@1.opener(rand,4)@1	W	74	11	7	6473.612	247.688	6250.000	140.625	37	37	23251339	1058795	248.00	184.00	33	33	2853980266	12
2026-07-26T21:56:40Z	20260726T215027Z	boards/board1.txt	rand@1	ab(d6,tt,ord,nb200k)@1.learned(s98,5801570e)@1.opener(rand,4)@1	B	28	12	16	0.022	265.084	0.000	265.625	14	14	0	1122042	0.00	55.00	0	10	930807709	12
2026-07-26T21:56:46Z	20260726T215027Z	boards/board1.txt	ab(d8,tt,ord,nb2m)@1.classic(t1,c4,w0,l0)@2.opener(rand,4)@1	ab(d6,tt,ord,qs,nb200k)@1.learned(s98,5801570e)@1.opener(rand,4)@1	B	81	7	6	6001.981	231.242	5812.500	218.750	41	40	23186818	1130011	273.00	206.00	37	36	2416802155	12
2026-07-26T21:56:50Z	20260726T215027Z	boards/board1.txt	ab(d8,tt,ord,nb2m)@1.classic(t1,c4,w0,l0)@2.opener(rand,4)@1	ab(d6,tt,ord,qs,nb200k)@1.learned(s98,5801570e)@1.opener(rand,4)@1	W	56	13	8	3430.551	120.372	3296.875	140.625	28	28	13831647	706848	176.00	130.00	24	24	3798064674	12
2026-07-26T21:56:50Z	20260726T215027Z	boards/board1.txt	rand@1	ab(d6,tt,ord,qs,nb200k)@1.learned(s98,5801570e)@1.opener(rand,4)@1	B	36	12	16	0.030	354.702	0.000	359.375	18	18	0	1547405	0.00	79.00	0	14	3350037549	12
2026-07-26T21:56:52Z	20260726T215027Z	boards/board1.txt	rand@1	ab(d8,tt,ord,nb2m)@1.classic(t1,c4,w0,l0)@2.opener(rand,4)@1	B	30	11	16	0.024	2015.978	0.000	1968.750	15	15	0	8337493	0.00	81.00	0	11	1255685297	12
2026-07-26T21:50:27Z	20260726T215027Z	boards/board1.txt	ab(d2)@1.classic(t1,c4,w0,l0)@2.opener(rand,4)@1	ab(d4)@1.classic(t1,c4,w0,l0)@2.opener(rand,4)@1	W	51	13	11	0.204	12.033	0.000	15.625	26	25	2850	106035	44.00	72.00	22	21	2346026077	12
2026-07-26T21:50:28Z	20260726T215027Z	boards/board1.txt	ab(d2)@1.classic(t1,c4,w0,l0)@2.opener(rand,4)@1	ab(d6,ord,nb200k)@1.adv(t20,c77,w0,l0,f0,d-2,e0,m0,h0,b1,o0,r0,x0,n0,s1,g1)@1.opener(rand,4)@1	B	52	10	9	0.222	962.766	0.000	890.625	26	26	2652	2706347	42.00	114.43	22	22	4181334732	12
2026-07-26T21:50:29Z	20260726T215027Z	boards/board1.txt	ab(d2)@1.classic(t1,c4,w0,l0)@2.opener(rand,4)@1	ab(d6,ord,nb200k)@1.adv(t20,c77,w0,l0,f0,d-2,e0,m0,h0,b1,o0,r0,x0,n0,s1,g1)@1.opener(rand,4)@1	B	56	13	11	0.426	1352.071	0.000	1281.250	28	28	4718	3516288	46.00	123.32	24	24	3704848897	12
2026-07-26T21:50:29Z	20260726T215027Z	boards/board1.txt	ab(d2)@1.classic(t1,c4,w0,l0)@2.opener(rand,4)@1	ab(d6,tt,ord,nb200k)@1.classic(t1,c4,w0,l0)@2.dil(r30,d4)@1.opener(rand,4)@1	B	66	11	9	0.328	226.902	0.000	171.875	33	33	4531	627188	56.00	122.00	29	29	604123205	12
2026-07-26T21:50:30Z	20260726T215027Z	boards/board1.txt	ab(d2)@1.classic(t1,c4,w0,l0)@2.opener(rand,4)@1	ab(d6,tt,ord,nb200k)@1.classic(t1,c4,w0,l0)@2.dil(r63)@1.opener(rand,4)@1	W	50	13	9	0.256	186.363	0.000	171.875	25	25	3303	504122	42.00	45.00	21	9	4190690425	12
2026-07-26T21:50:30Z	20260726T215027Z	boards/board1.txt	ab(d2)@1.classic(t1,c4,w0,l0)@2.opener(rand,4)@1	ab(d6,tt,ord,nb200k)@1.classic(t1,c4,w0,l0)@2.opener(rand,4)@1	B	56	11	11	0.274	498.453	0.000	328.125	28	28	3274	1281918	46.00	130.00	24	24	419167020	12
2026-07-26T21:50:31Z	20260726T215027Z	boards/board1.txt	ab(d2)@1.classic(t1,c4,w0,l0)@2.opener(rand,4)@1	ab(d6,tt,ord,nb200k)@1.classic(t1,c4,w0,l0)@2.opener(rand,4)@1	B	58	12	12	0.369	587.513	0.000	421.875	29	29	4895	1543313	48.00	137.00	25	25	3141665633	12
2026-07-26T21:50:45Z	20260726T215027Z	boards/board1.txt	ab(d2)@1.classic(t1,c4,w0,l0)@2.opener(rand,4)@1	ab(d6,tt,ord,nb200k)@1.learned(s111,78ef6974)@1.opener(rand,4)@1	B	68	8	8	0.315	14628.955	0.000	13187.500	34	34	2959	2675180	58.00	167.00	30	30	869143348	12
2026-07-26T21:50:46Z	20260726T215027Z	boards/board1.txt	ab(d2)@1.classic(t1,c4,w0,l0)@2.opener(rand,4)@1	ab(d6,tt,ord,nb200k)@1.learned(s3,68364898)@1.opener(rand,4)@1	B	52	14	10	0.296	643.705	0.000	562.500	26	26	3514	2198208	42.00	119.00	22	22	2646223506	12
2026-07-26T21:50:47Z	20260726T215027Z	boards/board1.txt	ab(d2)@1.classic(t1,c4,w0,l0)@2.opener(rand,4)@1	ab(d6,tt,ord,nb200k)@1.learned(s6,eac8ab99)@1.opener(rand,4)@1	B	64	9	7	0.256	599.335	0.000	578.125	32	32	2646	2162101	54.00	154.00	28	28	2732682824	12
2026-07-26T21:50:47Z	20260726T215027Z	boards/board1.txt	ab(d2)@1.classic(t1,c4,w0,l0)@2.opener(rand,4)@1	ab(d6,tt,ord,nb200k)@1.learned(s6,eac8ab99)@1.opener(rand,4)@1	B	48	11	11	0.221	565.433	0.000	484.375	24	24	2448	1771640	38.00	106.00	20	20	2563139357	12
2026-07-26T21:50:48Z	20260726T215027Z	boards/board1.txt	ab(d2)@1.classic(t1,c4,w0,l0)@2.opener(rand,4)@1	ab(d6,tt,ord,nb200k)@1.learned(s76,ef183148)@1.opener(rand,4)@1	B	52	11	10	0.207	612.127	0.000	578.125	26	26	2269	1858068	42.00	118.00	22	22	1454714994	12
2026-07-26T21:50:48Z	20260726T215027Z	boards/board1.txt	ab(d2)@1.classic(t1,c4,w0,l0)@2.opener(rand,4)@1	ab(d6,tt,ord,nb200k)@1.learned(s98,5801570e)@1.opener(rand,4)@1	B	58	11	10	0.279	596.292	0.000	546.875	29	29	3213	1861605	48.00	137.00	25	25	1142420751	12
2026-07-26T21:50:49Z	20260726T215027Z	boards/board1.txt	ab(d2)@1.classic(t1,c4,w0,l0)@2.opener(rand,4)@1	ab(d6,tt,ord,qs,nb200k)@1.learned(s98,5801570e)@1.opener(rand,4)@1	B	42	13	12	0.184	395.347	0.000	375.000	21	21	2152	1125199	32.00	88.00	17	17	2073093742	12
2026-07-26T21:50:49Z	20260726T215027Z	boards/board1.txt	ab(d2)@1.classic(t1,c4,w0,l0)@2.opener(rand,4)@1	ab(d6,tt,ord,qs,nb200k)@1.learned(s98,5801570e)@1.opener(rand,4)@1	B	52	12	10	0.232	585.846	0.000	500.000	26	26	2634	1801152	42.00	118.00	22	22	2780131511	12
2026-07-26T21:50:52Z	20260726T215027Z	boards/board1.txt	ab(d2)@1.classic(t1,c4,w0,l0)@2.opener(rand,4)@1	ab(d8,tt,ord,nb2m)@1.classic(t1,c4,w0,l0)@2.opener(rand,4)@1	B	30	15	15	0.129	2323.993	0.000	2093.750	15	15	1618	6402411	20.00	66.00	11	11	3007206451	12
2026-07-26T21:50:52Z	20260726T215027Z	boards/board1.txt	ab(d2)@1.classic(t1,c4,w0,l0)@2.opener(rand,4)@1	rand@1	W	19	16	13	0.047	0.005	0.000	0.000	10	9	546	0	12.00	0.00	6	0	629927468	12
2026-07-26T21:50:53Z	20260726T215027Z	boards/board1.txt	ab(d4)@1.classic(t1,c4,w0,l0)@2.opener(rand,4)@1	ab(d6,ord,nb200k)@1.adv(t20,c77,w0,l0,f0,d-2,e0,m0,h0,b1,o0,r0,x0,n0,s1,g1)@1.opener(rand,4)@1	B	58	10	11	7.057	956.748	0.000	859.375	29	29	108384	2724857	93.00	135.43	25	25	201045766	12
2026-07-26T21:50:53Z	20260726T215027Z	boards/board1.txt	ab(d4)@1.classic(t1,c4,w0,l0)@2.opener(rand,4)@1	ab(d6,ord,nb200k)@1.adv(t20,c77,w0,l0,f0,d-2,e0,m0,h0,b1,o0,r0,x0,n0,s1,g1)@1.opener(rand,4)@1	B	50	11	12	5.370	643.041	15.625	578.125	25	25	76971	1867161	77.00	112.00	21	21	826335887	12
2026-07-26T21:50:53Z	20260726T215027Z	boards/board1.txt	ab(d4)@1.classic(t1,c4,w0,l0)@2.opener(rand,4)@1	ab(d6,tt,ord,nb200k)@1.classic(t1,c4,w0,l0)@2.dil(r30,d4)@1.opener(rand,4)@1	B	38	14	13	8.218	194.178	15.625	171.875	19	19	101125	605700	53.00	72.00	15	15	2530369295	12
2026-07-26T21:50:54Z	20260726T215027Z	boards/board1.txt	ab(d4)@1.classic(t1,c4,w0,l0)@2.opener(rand,4)@1	ab(d6,tt,ord,nb200k)@1.classic(t1,c4,w0,l0)@2.dil(r63)@1.opener(rand,4)@1	W	49	14	8	5.897	96.526	15.625	93.750	25	24	88674	323229	84.00	52.00	21	10	4275872391	12
2026-07-26T21:50:54Z	20260726T215027Z	boards/board1.txt	ab(d4)@1.classic(t1,c4,w0,l0)@2.opener(rand,4)@1	ab(d6,tt,ord,nb200k)@1.classic(t1,c4,w0,l0)@2.opener(rand,4)@1	B	58	9	11	13.533	370.522	0.000	343.750	29	29	177906	1082146	93.00	136.00	25	25	3247310490	12
2026-07-26T21:50:54Z	20260726T215027Z	boards/board1.txt	ab(d4)@1.classic(t1,c4,w0,l0)@2.opener(rand,4)@1	ab(d6,tt,ord,nb200k)@1.classic(t1,c4,w0,l0)@2.opener(rand,4)@1	B	58	10	12	10.884	350.894	0.000	359.375	29	29	152915	1038836	93.00	136.00	25	25	1114526787	12
2026-07-26T21:51:03Z	20260726T215027Z	boards/board1.txt	ab(d4)@1.classic(t1,c4,w0,l0)@2.opener(rand,4)@1	ab(d6,tt,ord,nb200k)@1.learned(s111,78ef6974)@1.opener(rand,4)@1	W	44	12	10	5.699	8291.502	31.250	7296.875	22	22	76582	1642672	72.00	94.00	18	18	229736794	12
2026-07-26T21:51:03Z	20260726T215027Z	boards/board1.txt	ab(d4)@1.classic(t1,c4,w0,l0)@2.opener(rand,4)@1	ab(d6,tt,ord,nb200k)@1.learned(s3,68364898)@1.opener(rand,4)@1	W	62	9	6	6.916	564.067	31.250	500.000	31	31	102918	1810483	108.00	148.00	27	27	1161688308	12
2026-07-26T21:51:04Z	20260726T215027Z	boards/board1.txt	ab(d4)@1.classic(t1,c4,w0,l0)@2.opener(rand,4)@1	ab(d6,tt,ord,nb200k)@1.learned(s6,eac8ab99)@1.opener(rand,4)@1	B	46	11	10	5.280	358.362	0.000	343.750	23	23	62211	1139760	69.00	100.00	19	19	1570277698	12
2026-07-26T21:51:04Z	20260726T215027Z	boards/board1.txt	ab(d4)@1.classic(t1,c4,w0,l0)@2.opener(rand,4)@1	ab(d6,tt,ord,nb200k)@1.learned(s6,eac8ab99)@1.opener(rand,4)@1	B	60	9	8	6.542	563.134	0.000	500.000	30	30	103432	1830806	97.00	142.00	26	26	714864043	12
2026-07-26T21:51:05Z	20260726T215027Z	boards/board1.txt	ab(d4)@1.classic(t1,c4,w0,l0)@2.opener(rand,4)@1	ab(d6,tt,ord,nb200k)@1.learned(s76,ef183148)@1.opener(rand,4)@1	B	62	8	8	6.018	654.677	0.000	656.250	31	31	85891	2091325	101.00	148.00	27	27	3734741364	12
2026-07-26T21:51:05Z	20260726T215027Z	boards/board1.txt	ab(d4)@1.classic(t1,c4,w0,l0)@2.opener(rand,4)@1	ab(d6,tt,ord,nb200k)@1.learned(s98,5801570e)@1.opener(rand,4)@1	B	40	12	12	5.083	395.462	0.000	359.375	20	20	71184	1180851	57.00	82.00	16	16	55048249	12
2026-07-26T21:51:06Z	20260726T215027Z	boards/board1.txt	ab(d4)@1.classic(t1,c4,w0,l0)@2.opener(rand,4)@1	ab(d6,tt,ord,qs,nb200k)@1.learned(s98,5801570e)@1.opener(rand,4)@1	B	44	12	11	5.303	460.555	0.000	421.875	22	22	81024	1382269	65.00	92.00	18	18	2444547332	12
2026-07-26T21:51:06Z	20260726T215027Z	boards/board1.txt	ab(d4)@1.classic(t1,c4,w0,l0)@2.opener(rand,4)@1	ab(d6,tt,ord,qs,nb200k)@1.learned(s98,5801570e)@1.opener(rand,4)@1	B	44	12	12	6.873	552.642	0.000	515.625	22	22	108680	1659823	65.00	91.96	18	18	3099771481	12
2026-07-26T21:51:09Z	20260726T215027Z	boards/board1.txt	ab(d4)@1.classic(t1,c4,w0,l0)@2.opener(rand,4)@1	ab(d8,tt,ord,nb2m)@1.classic(t1,c4,w0,l0)@2.opener(rand,4)@1	B	36	13	13	6.645	3171.811	0.000	2968.750	18	18	103557	9177611	49.00	89.00	14	14	1239807313	12
2026-07-26T21:51:09Z	20260726T215027Z	boards/board1.txt	ab(d4)@1.classic(t1,c4,w0,l0)@2.opener(rand,4)@1	rand@1	W	29	16	12	4.983	0.010	15.625	0.000	15	14	72634	0	44.00	0.00	11	0	4267809278	12
2026-07-26T21:51:10Z	20260726T215027Z	boards/board1.txt	ab(d6,ord,nb200k)@1.adv(t20,c77,w0,l0,f0,d-2,e0,m0,h0,b1,o0,r0,x0,n0,s1,g1)@1.opener(rand,4)@1	ab(d6,tt,ord,nb200k)@1.classic(t1,c4,w0,l0)@2.dil(r30,d4)@1.opener(rand,4)@1	W	42	11	10	566.726	139.649	500.000	140.625	21	21	1620912	491987	92.48	79.00	17	17	3718923744	12
2026-07-26T21:51:11Z	20260726T215027Z	boards/board1.txt	ab(d6,ord,nb200k)@1.adv(t20,c77,w0,l0,f0,d-2,e0,m0,h0,b1,o0,r0,x0,n0,s1,g1)@1.opener(rand,4)@1	ab(d6,tt,ord,nb200k)@1.classic(t1,c4,w0,l0)@2.dil(r30,d4)@1.opener(rand,4)@1	W	50	10	10	1073.118	260.471	1031.250	250.000	25	25	2969995	1037362	115.12	103.00	21	21	3371004501	12
2026-07-26T21:51:12Z	20260726T215027Z	boards/board1.txt	ab(d6,ord,nb200k)@1.adv(t20,c77,w0,l0,f0,d-2,e0,m0,h0,b1,o0,r0,x0,n0,s1,g1)@1.opener(rand,4)@1	ab(d6,tt,ord,nb200k)@1.classic(t1,c4,w0,l0)@2.dil(r63)@1.opener(rand,4)@1	W	33	15	10	693.636	63.033	640.625	62.500	17	16	1918985	215719	72.86	18.00	13	3	3050930105	12
2026-07-26T21:51:14Z	20260726T215027Z	boards/board1.txt	ab(d6,ord,nb200k)@1.adv(t20,c77,w0,l0,f0,d-2,e0,m0,h0,b1,o0,r0,x0,n0,s1,g1)@1.opener(rand,4)@1	ab(d6,tt,ord,nb200k)@1.classic(t1,c4,w0,l0)@2.opener(rand,4)@1	B	69	7	8	1132.122	395.201	1031.250	343.750	35	34	3145512	1239143	171.64	171.00	31	30	985876123	12
2026-07-26T21:51:33Z	20260726T215027Z	boards/board1.txt	ab(d6,ord,nb200k)@1.adv(t20,c77,w0,l0,f0,d-2,e0,m0,h0,b1,o0,r0,x0,n0,s1,g1)@1.opener(rand,4)@1	ab(d6,tt,ord,nb200k)@1.learned(s111,78ef6974)@1.opener(rand,4)@1	W	68	9	7	1224.994	18197.237	1140.625	16812.500	34	34	3572993	3454871	166.75	161.07	30	30	1165533483	12
2026-07-26T21:51:52Z	20260726T215027Z	boards/board1.txt	ab(d6,ord,nb200k)@1.adv(t20,c77,w0,l0,f0,d-2,e0,m0,h0,b1,o0,r0,x0,n0,s1,g1)@1.opener(rand,4)@1	ab(d6,tt,ord,nb200k)@1.learned(s111,78ef6974)@1.opener(rand,4)@1	W	66	10	8	1469.566	16958.784	1343.750	15234.375	33	33	3992267	3484548	161.99	156.76	29	29	2865746092	12
2026-07-26T21:51:53Z	20260726T215027Z	boards/board1.txt	ab(d6,ord,nb200k)@1.adv(t20,c77,w0,l0,f0,d-2,e0,m0,h0,b1,o0,r0,x0,n0,s1,g1)@1.opener(rand,4)@1	ab(d6,tt,ord,nb200k)@1.learned(s3,68364898)@1.opener(rand,4)@1	B	71	7	8	1145.894	671.918	1046.875	593.750	36	35	3167585	2216247	176.85	177.00	32	31	3259890526	12
2026-07-26T21:51:55Z	20260726T215027Z	boards/board1.txt	ab(d6,ord,nb200k)@1.adv(t20,c77,w0,l0,f0,d-2,e0,m0,h0,b1,o0,r0,x0,n0,s1,g1)@1.opener(rand,4)@1	ab(d6,tt,ord,nb200k)@1.learned(s6,eac8ab99)@1.opener(rand,4)@1	B	65	8	8	1280.386	656.982	1109.375	687.500	33	32	3471930	2318439	159.02	158.51	29	28	2790633491	12
2026-07-26T21:51:58Z	20260726T215027Z	boards/board1.txt	ab(d6,ord,nb200k)@1.adv(t20,c77,w0,l0,f0,d-2,e0,m0,h0,b1,o0,r0,x0,n0,s1,g1)@1.opener(rand,4)@1	ab(d6,tt,ord,nb200k)@1.learned(s76,ef183148)@1.opener(rand,4)@1	W	56	12	11	1458.506	808.039	1343.750	718.750	28	28	3661006	2879060	133.71	128.73	24	24	2022551229	12
2026-07-26T21:52:00Z	20260726T215027Z	boards/board1.txt	ab(d6,ord,nb200k)@1.adv(t20,c77,w0,l0,f0,d-2,e0,m0,h0,b1,o0,r0,x0,n0,s1,g1)@1.opener(rand,4)@1	ab(d6,tt,ord,nb200k)@1.learned(s76,ef183148)@1.opener(rand,4)@1	W	60	10	8	1351.666	952.435	1187.500	843.750	30	30	3611154	2994710	144.88	141.12	26	26	2039549666	12
2026-07-26T21:52:02Z	20260726T215027Z	boards/board1.txt	ab(d6,ord,nb200k)@1.adv(t20,c77,w0,l0,f0,d-2,e0,m0,h0,b1,o0,r0,x0,n0,s1,g1)@1.opener(rand,4)@1	ab(d6,tt,ord,nb200k)@1.learned(s98,5801570e)@1.opener(rand,4)@1	B	57	9	10	1177.831	681.997	1000.000	546.875	29	28	3062131	2082943	135.04	134.31	25	24	117933295	12
2026-07-26T21:52:04Z	20260726T215027Z	boards/board1.txt	ab(d6,ord,nb200k)@1.adv(t20,c77,w0,l0,f0,d-2,e0,m0,h0,b1,o0,r0,x0,n0,s1,g1)@1.opener(rand,4)@1	ab(d6,tt,ord,qs,nb200k)@1.learned(s98,5801570e)@1.opener(rand,4)@1	B	57	9	10	1096.053	646.587	968.750	578.125	29	28	2863562	1963423	135.52	133.00	25	24	1237504089	12
2026-07-26T21:52:09Z	20260726T215027Z	boards/board1.txt	ab(d6,ord,nb200k)@1.adv(t20,c77,w0,l0,f0,d-2,e0,m0,h0,b1,o0,r0,x0,n0,s1,g1)@1.opener(rand,4)@1	ab(d8,tt,ord,nb2m)@1.classic(t1,c4,w0,l0)@2.opener(rand,4)@1	B	51	10	11	1028.794	4473.056	828.125	4015.625	26	25	2774584	14350583	116.36	152.00	22	21	2355150810	12
2026-07-26T21:52:14Z	20260726T215027Z	boards/board1.txt	ab(d6,ord,nb200k)@1.adv(t20,c77,w0,l0,f0,d-2,e0,m0,h0,b1,o0,r0,x0,n0,s1,g1)@1.opener(rand,4)@1	ab(d8,tt,ord,nb2m)@1.classic(t1,c4,w0,l0)@2.opener(rand,4)@1	B	51	9	11	912.407	4029.057	796.875	3750.000	26	25	2417820	12549175	117.28	152.00	22	21	1542456835	12
2026-07-26T21:52:15Z	20260726T215027Z	boards/board1.txt	ab(d6,ord,nb200k)@1.adv(t20,c77,w0,l0,f0,d-2,e0,m0,h0,b1,o0,r0,x0,n0,s1,g1)@1.opener(rand,4)@1	rand@1	W	29	16	11	707.800	0.027	609.375	0.000	15	14	1812910	0	59.12	0.00	11	0	3026458372	12
2026-07-26T21:52:15Z	20260726T215027Z	boards/board1.txt	ab(d6,tt,ord,nb200k)@1.classic(t1,c4,w0,l0)@2.dil(r30,d4)@1.opener(rand,4)@1	ab(d6,tt,ord,nb200k)@1.classic(t1,c4,w0,l0)@2.dil(r63)@1.opener(rand,4)@1	W	37	14	12	113.305	57.383	93.750	62.500	19	18	296058	182492	65.00	25.00	15	5	3288130401	12
2026-07-26T21:52:15Z	20260726T215027Z	boards/board1.txt	ab(d6,tt,ord,nb200k)@1.classic(t1,c4,w0,l0)@2.dil(r30,d4)@1.opener(rand,4)@1	ab(d6,tt,ord,nb200k)@1.classic(t1,c4,w0,l0)@2.opener(rand,4)@1	B	49	11	12	288.421	291.776	218.750	281.250	25	24	705698	877968	104.00	111.00	21	20	1639266932	12
2026-07-26T21:52:16Z	20260726T215027Z	boards/board1.txt	ab(d6,tt,ord,nb200k)@1.classic(t1,c4,w0,l0)@2.dil(r30,d4)@1.opener(rand,4)@1	ab(d6,tt,ord,nb200k)@1.classic(t1,c4,w0,l0)@2.opener(rand,4)@1	W	46	11	12	176.372	271.852	187.500	250.000	23	23	464605	729681	97.00	100.00	19	19	670941577	12
2026-07-26T21:52:29Z	20260726T215027Z	boards/board1.txt	ab(d6,tt,ord,nb200k)@1.classic(t1,c4,w0,l0)@2.dil(r30,d4)@1.opener(rand,4)@1	ab(d6,tt,ord,nb200k)@1.learned(s111,78ef6974)@1.opener(rand,4)@1	B	75	6	9	407.015	13154.863	375.000	12093.750	38	37	1138741	2661754	174.00	189.00	34	33	422521004	12
2026-07-26T21:52:30Z	20260726T215027Z	boards/board1.txt	ab(d6,tt,ord,nb200k)@1.classic(t1,c4,w0,l0)@2.dil(r30,d4)@1.opener(rand,4)@1	ab(d6,tt,ord,nb200k)@1.learned(s3,68364898)@1.opener(rand,4)@1	B	57	8	11	193.094	573.821	171.875	484.375	29	28	681308	1474805	118.00	135.00	25	24	2930219818	12
2026-07-26T21:52:31Z	20260726T215027Z	boards/board1.txt	ab(d6,tt,ord,nb200k)@1.classic(t1,c4,w0,l0)@2.dil(r30,d4)@1.opener(rand,4)@1	ab(d6,tt,ord,nb200k)@1.learned(s6,eac8ab99)@1.opener(rand,4)@1	B	59	7	8	170.439	440.408	203.125	296.875	30	29	402849	1366504	123.00	141.00	26	25	366495504	12
2026-07-26T21:52:32Z	20260726T215027Z	boards/board1.txt	ab(d6,tt,ord,nb200k)@1.classic(t1,c4,w0,l0)@2.dil(r30,d4)@1.opener(rand,4)@1	ab(d6,tt,ord,nb200k)@1.learned(s6,eac8ab99)@1.opener(rand,4)@1	B	83	6	6	381.075	587.315	343.750	515.625	42	41	984796	1818327	204.00	213.00	38	37	3407501253	12
2026-07-26T21:52:33Z	20260726T215027Z	boards/board1.txt	ab(d6,tt,ord,nb200k)@1.classic(t1,c4,w0,l0)@2.dil(r30,d4)@1.opener(rand,4)@1	ab(d6,tt,ord,nb200k)@1.learned(s76,ef183148)@1.opener(rand,4)@1	W	74	9	7	282.535	755.650	265.625	687.500	37	37	803155	2292023	171.00	184.00	33	33	3006533786	12
2026-07-26T21:52:33Z	20260726T215027Z	boards/board1.txt	ab(d6,tt,ord,nb200k)@1.classic(t1,c4,w0,l0)@2.dil(r30,d4)@1.opener(rand,4)@1	ab(d6,tt,ord,nb200k)@1.learned(s98,5801570e)@1.opener(rand,4)@1	B	57	8	9	187.261	370.397	140.625	375.000	29	28	498192	1164372	121.00	135.00	25	24	2407409863	12
2026-07-26T21:52:34Z	20260726T215027Z	boards/board1.txt	ab(d6,tt,ord,nb200k)@1.classic(t1,c4,w0,l0)@2.dil(r30,d4)@1.opener(rand,4)@1	ab(d6,tt,ord,qs,nb200k)@1.learned(s98,5801570e)@1.opener(rand,4)@1	B	49	9	11	178.069	400.682	140.625	390.625	25	24	511341	1079741	99.00	110.00	21	20	2405442950	12
2026-07-26T21:52:35Z	20260726T215027Z	boards/board1.txt	ab(d6,tt,ord,nb200k)@1.classic(t1,c4,w0,l0)@2.dil(r30,d4)@1.opener(rand,4)@1	ab(d6,tt,ord,qs,nb200k)@1.learned(s98,5801570e)@1.opener(rand,4)@1	B	65	7	9	248.949	584.141	218.750	562.500	33	32	735998	1616241	147.00	158.70	29	28	1961403919	12
2026-07-26T21:52:40Z	20260726T215027Z	boards/board1.txt	ab(d6,tt,ord,nb200k)@1.classic(t1,c4,w0,l0)@2.dil(r30,d4)@1.opener(rand,4)@1	ab(d8,tt,ord,nb2m)@1.classic(t1,c4,w0,l0)@2.opener(rand,4)@1	B	43	12	13	69.527	5037.602	78.125	4609.375	22	21	227058	13676391	89.00	120.00	18	17	1825125707	12
2026-07-26T21:52:40Z	20260726T215027Z	boards/board1.txt	ab(d6,tt,ord,nb200k)@1.classic(t1,c4,w0,l0)@2.dil(r30,d4)@1.opener(rand,4)@1	rand@1	W	17	16	13	53.049	0.009	46.875	0.000	9	8	162744	0	23.00	0.00	5	0	2684477124	12
2026-07-26T21:52:40Z	20260726T215027Z	boards/board1.txt	ab(d6,tt,ord,nb200k)@1.classic(t1,c4,w0,l0)@2.dil(r63)@1.opener(rand,4)@1	ab(d6,tt,ord,nb200k)@1.classic(t1,c4,w0,l0)@2.opener(rand,4)@1	B	28	15	16	27.579	137.118	46.875	109.375	14	14	82923	403738	12.00	47.00	2	10	2145248300	12
2026-07-26T21:52:40Z	20260726T215027Z	boards/board1.txt	ab(d6,tt,ord,nb200k)@1.classic(t1,c4,w0,l0)@2.dil(r63)@1.opener(rand,4)@1	ab(d6,tt,ord,nb200k)@1.classic(t1,c4,w0,l0)@2.opener(rand,4)@1	B	24	13	16	29.384	131.425	31.250	93.750	12	12	82512	362218	12.00	43.00	2	8	2367745633	12
2026-07-26T21:52:53Z	20260726T215027Z	boards/board1.txt	ab(d6,tt,ord,nb200k)@1.classic(t1,c4,w0,l0)@2.dil(r63)@1.opener(rand,4)@1	ab(d6,tt,ord,nb200k)@1.learned(s111,78ef6974)@1.opener(rand,4)@1	B	47	9	15	42.457	12461.840	46.875	11328.125	24	23	139367	2455304	13.00	107.86	3	19	1357035060	12
2026-07-26T21:52:53Z	20260726T215027Z	boards/board1.txt	ab(d6,tt,ord,nb200k)@1.classic(t1,c4,w0,l0)@2.dil(r63)@1.opener(rand,4)@1	ab(d6,tt,ord,nb200k)@1.learned(s3,68364898)@1.opener(rand,4)@1	B	24	13	16	23.405	175.517	31.250	156.250	12	12	74009	546228	6.00	43.00	1	8	1872303506	12
2026-07-26T21:52:53Z	20260726T215027Z	boards/board1.txt	ab(d6,tt,ord,nb200k)@1.classic(t1,c4,w0,l0)@2.dil(r63)@1.opener(rand,4)@1	ab(d6,tt,ord,nb200k)@1.learned(s6,eac8ab99)@1.opener(rand,4)@1	B	32	14	16	41.579	320.772	15.625	281.250	16	16	117765	911633	12.00	61.00	2	12	163796808	12
2026-07-26T21:52:54Z	20260726T215027Z	boards/board1.txt	ab(d6,tt,ord,nb200k)@1.classic(t1,c4,w0,l0)@2.dil(r63)@1.opener(rand,4)@1	ab(d6,tt,ord,nb200k)@1.learned(s6,eac8ab99)@1.opener(rand,4)@1	B	24	15	15	0.016	237.187	0.000	203.125	12	12	0	680712	0.00	38.00	0	8	1789219357	12
2026-07-26T21:52:54Z	20260726T215027Z	boards/board1.txt	ab(d6,tt,ord,nb200k)@1.classic(t1,c4,w0,l0)@2.dil(r63)@1.opener(rand,4)@1	ab(d6,tt,ord,nb200k)@1.learned(s76,ef183148)@1.opener(rand,4)@1	B	46	10	15	149.785	714.652	93.750	656.250	23	23	448997	2015457	42.00	107.54	7	19	4101931378	12
2026-07-26T21:52:55Z	20260726T215027Z	boards/board1.txt	ab(d6,tt,ord,nb200k)@1.classic(t1,c4,w0,l0)@2.dil(r63)@1.opener(rand,4)@1	ab(d6,tt,ord,nb200k)@1.learned(s98,5801570e)@1.opener(rand,4)@1	B	28	12	15	63.450	357.994	46.875	296.875	14	14	160218	1104441	12.00	54.52	2	10	3789637135	12
2026-07-26T21:52:55Z	20260726T215027Z	boards/board1.txt	ab(d6,tt,ord,nb200k)@1.classic(t1,c4,w0,l0)@2.dil(r63)@1.opener(rand,4)@1	ab(d6,tt,ord,qs,nb200k)@1.learned(s98,5801570e)@1.opener(rand,4)@1	B	33	12	13	81.131	334.444	78.125	281.250	17	16	240805	963843	35.00	63.00	8	12	3852590958	12
2026-07-26T21:52:56Z	20260726T215027Z	boards/board1.txt	ab(d6,tt,ord,nb200k)@1.classic(t1,c4,w0,l0)@2.dil(r63)@1.opener(rand,4)@1	ab(d6,tt,ord,qs,nb200k)@1.learned(s98,5801570e)@1.opener(rand,4)@1	B	54	9	12	94.509	511.873	93.750	468.750	27	27	275125	1436327	48.00	128.00	8	23	3767307191	12
2026-07-26T21:53:01Z	20260726T215027Z	boards/board1.txt	ab(d6,tt,ord,nb200k)@1.classic(t1,c4,w0,l0)@2.dil(r63)@1.opener(rand,4)@1	ab(d8,tt,ord,nb2m)@1.classic(t1,c4,w0,l0)@2.opener(rand,4)@1	B	46	12	13	12.914	4882.599	0.000	4562.500	23	23	60115	13649251	35.00	134.00	6	19	2221295411	12
2026-07-26T21:53:01Z	20260726T215027Z	boards/board1.txt	ab(d6,tt,ord,nb200k)@1.classic(t1,c4,w0,l0)@2.dil(r63)@1.opener(rand,4)@1	rand@1	W	33	16	13	125.068	0.017	109.375	0.000	17	16	375940	0	43.00	0.00	8	0	2360031532	12
2026-07-26T21:53:09Z	20260726T215027Z	boards/board1.txt	ab(d6,tt,ord,nb200k)@1.classic(t1,c4,w0,l0)@2.opener(rand,4)@1	ab(d6,tt,ord,nb200k)@1.learned(s111,78ef6974)@1.opener(rand,4)@1	W	54	11	10	323.805	8138.910	343.750	7421.875	27	27	909084	1655706	129.00	124.00	23	23	3977056131	12
2026-07-26T21:53:23Z	20260726T215027Z	boards/board1.txt	ab(d6,tt,ord,nb200k)@1.classic(t1,c4,w0,l0)@2.opener(rand,4)@1	ab(d6,tt,ord,nb200k)@1.learned(s111,78ef6974)@1.opener(rand,4)@1	W	60	12	10	517.908	12663.204	500.000	11093.750	30	30	1152291	2468967	147.00	141.50	26	26	2853298436	12
2026-07-26T21:53:23Z	20260726T215027Z	boards/board1.txt	ab(d6,tt,ord,nb200k)@1.classic(t1,c4,w0,l0)@2.opener(rand,4)@1	ab(d6,tt,ord,nb200k)@1.learned(s3,68364898)@1.opener(rand,4)@1	B	39	12	10	246.045	256.277	265.625	234.375	20	19	609848	780101	82.00	81.00	16	15	774487958	12
2026-07-26T21:53:24Z	20260726T215027Z	boards/board1.txt	ab(d6,tt,ord,nb200k)@1.classic(t1,c4,w0,l0)@2.opener(rand,4)@1	ab(d6,tt,ord,nb200k)@1.learned(s6,eac8ab99)@1.opener(rand,4)@1	B	65	8	7	438.764	656.755	390.625	640.625	33	32	1106283	2033439	160.00	159.00	29	28	1831735771	12
2026-07-26T21:53:25Z	20260726T215027Z	boards/board1.txt	ab(d6,tt,ord,nb200k)@1.classic(t1,c4,w0,l0)@2.opener(rand,4)@1	ab(d6,tt,ord,nb200k)@1.learned(s76,ef183148)@1.opener(rand,4)@1	W	58	11	8	350.522	650.704	343.750	531.250	29	29	926929	1897765	141.00	136.00	25	25	4000827653	12
2026-07-26T21:53:26Z	20260726T215027Z	boards/board1.txt	ab(d6,tt,ord,nb200k)@1.classic(t1,c4,w0,l0)@2.opener(rand,4)@1	ab(d6,tt,ord,nb200k)@1.learned(s76,ef183148)@1.opener(rand,4)@1	B	47	11	9	242.660	439.652	203.125	421.875	24	23	663080	1256476	106.00	105.00	20	19	293893642	12
2026-07-26T21:53:27Z	20260726T215027Z	boards/board1.txt	ab(d6,tt,ord,nb200k)@1.classic(t1,c4,w0,l0)@2.opener(rand,4)@1	ab(d6,tt,ord,nb200k)@1.learned(s98,5801570e)@1.opener(rand,4)@1	B	61	9	6	482.061	597.548	375.000	515.625	31	30	967670	1560663	148.00	147.00	27	26	1257250727	12
2026-07-26T21:53:28Z	20260726T215027Z	boards/board1.txt	ab(d6,tt,ord,nb200k)@1.classic(t1,c4,w0,l0)@2.opener(rand,4)@1	ab(d6,tt,ord,qs,nb200k)@1.learned(s98,5801570e)@1.opener(rand,4)@1	B	69	8	8	406.040	536.730	359.375	406.250	35	34	886546	1281664	172.00	171.00	31	30	2567638801	12
2026-07-26T21:53:33Z	20260726T215027Z	boards/board1.txt	ab(d6,tt,ord,nb200k)@1.classic(t1,c4,w0,l0)@2.opener(rand,4)@1	ab(d8,tt,ord,nb2m)@1.classic(t1,c4,w0,l0)@2.opener(rand,4)@1	B	49	12	12	85.543	5095.676	78.125	4828.125	25	24	273369	14519610	112.00	144.00	21	20	2424988178	12
2026-07-26T21:53:38Z	20260726T215027Z	boards/board1.txt	ab(d6,tt,ord,nb200k)@1.classic(t1,c4,w0,l0)@2.opener(rand,4)@1	ab(d8,tt,ord,nb2m)@1.classic(t1,c4,w0,l0)@2.opener(rand,4)@1	B	59	9	8	116.739	4439.157	78.125	4031.250	30	29	366204	13167348	142.00	184.00	26	25	846309179	12
2026-07-26T21:53:38Z	20260726T215027Z	boards/board1.txt	ab(d6,tt,ord,nb200k)@1.classic(t1,c4,w0,l0)@2.opener(rand,4)@1	rand@1	W	19	16	13	78.266	0.014	78.125	0.000	10	9	236072	0	31.00	0.00	6	0	1665570300	12
2026-07-26T21:53:46Z	20260726T215027Z	boards/board1.txt	ab(d6,tt,ord,nb200k)@1.learned(s111,78ef6974)@1.opener(rand,4)@1	ab(d6,tt,ord,nb200k)@1.learned(s3,68364898)@1.opener(rand,4)@1	B	43	10	12	8398.014	396.964	7593.750	390.625	22	21	1698353	1132207	93.44	93.00	18	17	843268205	12
2026-07-26T21:53:59Z	20260726T215027Z	boards/board1.txt	ab(d6,tt,ord,nb200k)@1.learned(s111,78ef6974)@1.opener(rand,4)@1	ab(d6,tt,ord,nb200k)@1.learned(s6,eac8ab99)@1.opener(rand,4)@1	B	61	7	9	11704.328	684.138	10406.250	625.000	31	30	2246380	1822790	147.26	147.00	27	26	4082323477	12
2026-07-26T21:54:13Z	20260726T215027Z	boards/board1.txt	ab(d6,tt,ord,nb200k)@1.learned(s111,78ef6974)@1.opener(rand,4)@1	ab(d6,tt,ord,nb200k)@1.learned(s6,eac8ab99)@1.opener(rand,4)@1	W	64	8	12	13783.108	729.818	12578.125	718.750	32	32	2616322	2086665	159.00	154.00	28	28	1409101274	12
2026-07-26T21:54:28Z	20260726T215027Z	boards/board1.txt	ab(d6,tt,ord,nb200k)@1.learned(s111,78ef6974)@1.opener(rand,4)@1	ab(d6,tt,ord,nb200k)@1.learned(s76,ef183148)@1.opener(rand,4)@1	B	63	7	11	14040.047	848.339	13046.875	640.625	32	31	2750565	2499023	153.75	153.00	28	27	813274859	12
2026-07-26T21:54:43Z	20260726T215027Z	boards/board1.txt	ab(d6,tt,ord,nb200k)@1.learned(s111,78ef6974)@1.opener(rand,4)@1	ab(d6,tt,ord,nb200k)@1.learned(s98,5801570e)@1.opener(rand,4)@1	W	64	10	9	14223.043	790.865	13000.000	687.500	32	32	2959294	2618729	158.72	152.14	28	28	3927326270	12
2026-07-26T21:54:56Z	20260726T215027Z	boards/board1.txt	ab(d6,tt,ord,nb200k)@1.learned(s111,78ef6974)@1.opener(rand,4)@1	ab(d6,tt,ord,qs,nb200k)@1.learned(s98,5801570e)@1.opener(rand,4)@1	W	78	7	7	11680.093	623.238	10921.875	562.500	39	39	2281756	1668880	201.00	196.00	35	35	4217454839	12
2026-07-26T21:55:08Z	20260726T215027Z	boards/board1.txt	ab(d6,tt,ord,nb200k)@1.learned(s111,78ef6974)@1.opener(rand,4)@1	ab(d6,tt,ord,qs,nb200k)@1.learned(s98,5801570e)@1.opener(rand,4)@1	B	61	7	9	12050.657	593.350	11281.250	562.500	31	30	2326872	1636266	147.24	146.83	27	26	2409027768	12
2026-07-26T21:55:23Z	20260726T215027Z	boards/board1.txt	ab(d6,tt,ord,nb200k)@1.learned(s111,78ef6974)@1.opener(rand,4)@1	ab(d8,tt,ord,nb2m)@1.classic(t1,c4,w0,l0)@2.opener(rand,4)@1	B	61	9	13	6784.462	7607.373	6171.875	6734.375	31	30	1359845	20242837	148.00	192.00	27	26	3310016908	12
2026-07-26T21:55:29Z	20260726T215027Z	boards/board1.txt	ab(d6,tt,ord,nb200k)@1.learned(s111,78ef6974)@1.opener(rand,4)@1	rand@1	W	31	16	13	6581.737	0.026	6078.125	0.000	16	15	1338315	0	60.49	0.00	12	0	3590279419	12
2026-07-26T21:55:31Z	20260726T215027Z	boards/board1.txt	ab(d6,tt,ord,nb200k)@1.learned(s3,68364898)@1.opener(rand,4)@1	ab(d6,tt,ord,nb200k)@1.learned(s6,eac8ab99)@1.opener(rand,4)@1	W	60	9	9	731.502	731.287	625.000	640.625	30	30	2069468	2131616	147.00	142.00	26	26	735493893	12
2026-07-26T21:55:32Z	20260726T215027Z	boards/board1.txt	ab(d6,tt,ord,nb200k)@1.learned(s3,68364898)@1.opener(rand,4)@1	ab(d6,tt,ord,nb200k)@1.learned(s6,eac8ab99)@1.opener(rand,4)@1	B	73	7	10	749.033	655.012	640.625	562.500	37	36	2065298	1920328	184.00	183.00	33	32	1507883018	12
2026-07-26T21:55:34Z	20260726T215027Z	boards/board1.txt	ab(d6,tt,ord,nb200k)@1.learned(s3,68364898)@1.opener(rand,4)@1	ab(d6,tt,ord,nb200k)@1.learned(s76,ef183148)@1.opener(rand,4)@1	B	65	10	10	817.317	841.477	750.000	812.500	33	32	2413037	2811419	160.00	158.15	29	28	2315192507	12
2026-07-26T21:55:35Z	20260726T215027Z	boards/board1.txt	ab(d6,tt,ord,nb200k)@1.learned(s3,68364898)@1.opener(rand,4)@1	ab(d6,tt,ord,nb200k)@1.learned(s98,5801570e)@1.opener(rand,4)@1	B	87	6	5	765.341	727.989	734.375	656.250	44	43	2353551	2266989	225.94	224.58	40	39	183690094	12
2026-07-26T21:55:37Z	20260726T215027Z	boards/board1.txt	ab(d6,tt,ord,nb200k)@1.learned(s3,68364898)@1.opener(rand,4)@1	ab(d6,tt,ord,qs,nb200k)@1.learned(s98,5801570e)@1.opener(rand,4)@1	W	72	9	7	686.338	725.491	625.000	703.125	36	36	2035586	2193922	183.00	178.00	32	32	367663623	12
2026-07-26T21:55:38Z	20260726T215027Z	boards/board1.txt	ab(d6,tt,ord,nb200k)@1.learned(s3,68364898)@1.opener(rand,4)@1	ab(d6,tt,ord,qs,nb200k)@1.learned(s98,5801570e)@1.opener(rand,4)@1	B	65	8	8	550.450	694.481	546.875	671.875	33	32	1767319	1944551	160.00	159.00	29	28	462447240	12
2026-07-26T21:55:46Z	20260726T215027Z	boards/board1.txt	ab(d6,tt,ord,nb200k)@1.learned(s3,68364898)@1.opener(rand,4)@1	ab(d8,tt,ord,nb2m)@1.classic(t1,c4,w0,l0)@2.opener(rand,4)@1	B	59	10	10	344.873	7509.026	359.375	7093.750	30	29	1231816	20845875	142.00	184.00	26	25	126837308	12
2026-07-26T21:55:46Z	20260726T215027Z	boards/board1.txt	ab(d6,tt,ord,nb200k)@1.learned(s3,68364898)@1.opener(rand,4)@1	rand@1	W	29	16	12	233.570	0.024	187.500	0.000	15	14	695559	0	56.00	0.00	11	0	1227963563	12
2026-07-26T21:55:47Z	20260726T215027Z	boards/board1.txt	ab(d6,tt,ord,nb200k)@1.learned(s6,eac8ab99)@1.opener(rand,4)@1	ab(d6,tt,ord,nb200k)@1.learned(s76,ef183148)@1.opener(rand,4)@1	B	67	9	10	654.252	806.809	703.125	687.500	34	33	1959831	2212093	166.00	165.00	30	29	938208205	12
2026-07-26T21:55:49Z	20260726T215027Z	boards/board1.txt	ab(d6,tt,ord,nb200k)@1.learned(s6,eac8ab99)@1.opener(rand,4)@1	ab(d6,tt,ord,nb200k)@1.learned(s76,ef183148)@1.opener(rand,4)@1	B	73	8	9	813.109	901.168	765.625	875.000	37	36	2562700	2724329	184.00	183.00	33	32	3199463346	12
2026-07-26T21:55:51Z	20260726T215027Z	boards/board1.txt	ab(d6,tt,ord,nb200k)@1.learned(s6,eac8ab99)@1.opener(rand,4)@1	ab(d6,tt,ord,nb200k)@1.learned(s98,5801570e)@1.opener(rand,4)@1	B	69	7	8	653.469	686.665	578.125	656.250	35	34	1911933	2028836	172.00	171.00	31	30	3536331423	12
2026-07-26T21:55:52Z	20260726T215027Z	boards/board1.txt	ab(d6,tt,ord,nb200k)@1.learned(s6,eac8ab99)@1.opener(rand,4)@1	ab(d6,tt,ord,qs,nb200k)@1.learned(s98,5801570e)@1.opener(rand,4)@1	W	77	10	6	961.677	957.081	828.125	921.875	39	38	2493755	3201695	195.79	188.84	35	34	2022015913	12
2026-07-26T21:55:58Z	20260726T215027Z	boards/board1.txt	ab(d6,tt,ord,nb200k)@1.learned(s6,eac8ab99)@1.opener(rand,4)@1	ab(d8,tt,ord,nb2m)@1.classic(t1,c4,w0,l0)@2.opener(rand,4)@1	B	53	11	12	242.380	5573.655	218.750	5250.000	27	26	751488	15928642	124.00	160.00	23	22	2415825610	12
2026-07-26T21:56:03Z	20260726T215027Z	boards/board1.txt	ab(d6,tt,ord,nb200k)@1.learned(s6,eac8ab99)@1.opener(rand,4)@1	ab(d8,tt,ord,nb2m)@1.classic(t1,c4,w0,l0)@2.opener(rand,4)@1	B	49	11	11	223.118	4336.426	234.375	3984.375	25	24	863986	12524074	112.00	144.00	21	20	2166149299	12
2026-07-26T21:56:03Z	20260726T215027Z	boards/board1.txt	ab(d6,tt,ord,nb200k)@1.learned(s6,eac8ab99)@1.opener(rand,4)@1	rand@1	W	25	16	15	216.307	0.020	203.125	0.000	13	12	706633	0	44.00	0.00	9	0	3351939892	12
2026-07-26T21:56:04Z	20260726T215027Z	boards/board1.txt	ab(d6,tt,ord,nb200k)@1.learned(s76,ef183148)@1.opener(rand,4)@1	ab(d6,tt,ord,nb200k)@1.learned(s98,5801570e)@1.opener(rand,4)@1	W	52	11	9	641.619	606.156	609.375	578.125	26	26	1841759	1968604	123.00	117.74	22	22	25807154	12
2026-07-26T21:56:06Z	20260726T215027Z	boards/board1.txt	ab(d6,tt,ord,nb200k)@1.learned(s76,ef183148)@1.opener(rand,4)@1	ab(d6,tt,ord,qs,nb200k)@1.learned(s98,5801570e)@1.opener(rand,4)@1	W	53	11	9	636.186	715.527	578.125	656.250	27	26	1679019	2598902	124.00	117.83	23	22	1398629235	12
2026-07-26T21:56:07Z	20260726T215027Z	boards/board1.txt	ab(d6,tt,ord,nb200k)@1.learned(s76,ef183148)@1.opener(rand,4)@1	ab(d6,tt,ord,qs,nb200k)@1.learned(s98,5801570e)@1.opener(rand,4)@1	B	75	5	7	695.429	642.871	671.875	562.500	38	37	2240657	1877711	189.52	189.00	34	33	2272518452	12
2026-07-26T21:56:13Z	20260726T215027Z	boards/board1.txt	ab(d6,tt,ord,nb200k)@1.learned(s76,ef183148)@1.opener(rand,4)@1	ab(d8,tt,ord,nb2m)@1.classic(t1,c4,w0,l0)@2.opener(rand,4)@1	B	69	6	11	336.322	5939.399	328.125	5609.375	35	34	1151304	17592800	172.00	224.00	31	30	745187384	12
2026-07-26T21:56:14Z	20260726T215027Z	boards/board1.txt	ab(d6,tt,ord,nb200k)@1.learned(s76,ef183148)@1.opener(rand,4)@1	rand@1	W	33	16	13	397.549	0.026	375.000	0.000	17	16	1312275	0	68.00	0.00	13	0	2013230759	12
2026-07-26T21:56:15Z	20260726T215027Z	boards/board1.txt	ab(d6,tt,ord,nb200k)@1.learned(s98,5801570e)@1.opener(rand,4)@1	ab(d6,tt,ord,qs,nb200k)@1.learned(s98,5801570e)@1.opener(rand,4)@1	B	75	6	7	691.929	607.519	750.000	500.000	38	37	2469499	1948130	190.00	189.00	34	33	227589824	12
2026-07-26T21:56:16Z	20260726T215027Z	boards/board1.txt	ab(d6,tt,ord,nb200k)@1.learned(s98,5801570e)@1.opener(rand,4)@1	ab(d6,tt,ord,qs,nb200k)@1.learned(s98,5801570e)@1.opener(rand,4)@1	B	53	10	9	494.452	516.231	453.125	515.625	27	26	1630639	1955308	124.00	122.85	23	22	788453429	12
2026-07-26T21:56:20Z	20260726T215027Z	boards/board1.txt	ab(d6,tt,ord,nb200k)@1.learned(s98,5801570e)@1.opener(rand,4)@1	ab(d8,tt,ord,nb2m)@1.classic(t1,c4,w0,l0)@2.opener(rand,4)@1	B	49	11	12	220.602	4080.865	218.750	3890.625	25	24	749061	14004441	112.00	144.00	21	20	2791333741	12
2026-07-26T21:56:21Z	20260726T215027Z	boards/board1.txt	ab(d6,tt,ord,nb200k)@1.learned(s98,5801570e)@1.opener(rand,4)@1	rand@1	W	37	16	12	362.003	0.030	343.750	0.000	19	18	1230863	0	77.00	0.00	15	0	1041895834	12
2026-07-26T21:56:25Z	20260726T215027Z	boards/board1.txt	ab(d6,tt,ord,qs,nb200k)@1.learned(s98,5801570e)@1.opener(rand,4)@1	ab(d8,tt,ord,nb2m)@1.classic(t1,c4,w0,l0)@2.opener(rand,4)@1	B	58	11	10	244.495	4361.160	265.625	4078.125	29	29	783592	14943695	136.00	177.00	25	25	2480934640	12
2026-07-26T21:56:31Z	20260726T215027Z	boards/board1.txt	ab(d6,tt,ord,qs,nb200k)@1.learned(s98,5801570e)@1.opener(rand,4)@1	ab(d8,tt,ord,nb2m)@1.classic(t1,c4,w0,l0)@2.opener(rand,4)@1	B	52	11	12	442.723	5460.331	421.875	5265.625	26	26	1522987	18844426	123.00	160.00	22	22	3686976549	12
2026-07-26T21:56:31Z	20260726T215027Z	boards/board1.txt	ab(d6,tt,ord,qs,nb200k)@1.learned(s98,5801570e)@1.opener(rand,4)@1	rand@1	W	31	15	14	366.667	0.025	359.375	0.000	16	15	1353195	0	62.00	0.00	12	0	3461125674	12
2026-07-26T21:56:33Z	20260726T215027Z	boards/board1.txt	ab(d8,tt,ord,nb2m)@1.classic(t1,c4,w0,l0)@2.opener(rand,4)@1	rand@1	W	23	16	12	1462.536	0.018	1375.000	0.000	12	11	4884594	0	57.00	0.00	8	0	1318331822	12
2026-07-26T21:50:27Z	20260726T215027Z	boards/board1.txt	ab(d4)@1.classic(t1,c4,w0,l0)@2.opener(rand,4)@1	ab(d2)@1.classic(t1,c4,w0,l0)@2.opener(rand,4)@1	B	42	12	12	4.742	0.142	15.625	0.000	21	21	79066	1989	59.00	34.00	17	17	2346026077	12
2026-07-26T21:50:28Z	20260726T215027Z	boards/board1.txt	ab(d6,ord,nb200k)@1.adv(t20,c77,w0,l0,f0,d-2,e0,m0,h0,b1,o0,r0,x0,n0,s1,g1)@1.opener(rand,4)@1	ab(d2)@1.classic(t1,c4,w0,l0)@2.opener(rand,4)@1	W	49	11	11	1026.788	0.336	906.250	0.000	25	24	2723200	2703	108.83	38.00	21	20	4181334732	12
2026-07-26T21:50:29Z	20260726T215027Z	boards/board1.txt	ab(d6,ord,nb200k)@1.adv(t20,c77,w0,l0,f0,d-2,e0,m0,h0,b1,o0,r0,x0,n0,s1,g1)@1.opener(rand,4)@1	ab(d2)@1.classic(t1,c4,w0,l0)@2.opener(rand,4)@1	W	49	13	12	1214.513	0.237	1078.125	0.000	25	24	3016002	3073	109.62	38.00	21	20	3704848897	12
2026-07-26T21:50:29Z	20260726T215027Z	boards/board1.txt	ab(d6,tt,ord,nb200k)@1.classic(t1,c4,w0,l0)@2.dil(r30,d4)@1.opener(rand,4)@1	ab(d2)@1.classic(t1,c4,w0,l0)@2.opener(rand,4)@1	W	37	14	13	184.145	0.136	140.625	0.000	19	18	515639	1876	71.00	26.00	15	14	604123205	12
2026-07-26T21:50:29Z	20260726T215027Z	boards/board1.txt	ab(d6,tt,ord,nb200k)@1.classic(t1,c4,w0,l0)@2.dil(r63)@1.opener(rand,4)@1	ab(d2)@1.classic(t1,c4,w0,l0)@2.opener(rand,4)@1	B	38	10	15	113.994	0.157	109.375	0.000	19	19	356561	2001	37.00	30.00	7	15	4190690425	12
2026-07-26T21:50:30Z	20260726T215027Z	boards/board1.txt	ab(d6,tt,ord,nb200k)@1.classic(t1,c4,w0,l0)@2.opener(rand,4)@1	ab(d2)@1.classic(t1,c4,w0,l0)@2.opener(rand,4)@1	W	29	13	14	163.870	0.101	140.625	0.000	15	14	521787	1143	52.00	18.00	11	10	419167020	12
2026-07-26T21:50:30Z	20260726T215027Z	boards/board1.txt	ab(d6,tt,ord,nb200k)@1.classic(t1,c4,w0,l0)@2.opener(rand,4)@1	ab(d2)@1.classic(t1,c4,w0,l0)@2.opener(rand,4)@1	W	47	13	13	451.649	0.244	359.375	0.000	24	23	1230346	3125	107.00	36.00	20	19	3141665633	12
2026-07-26T21:50:41Z	20260726T215027Z	boards/board1.txt	ab(d6,tt,ord,nb200k)@1.learned(s111,78ef6974)@1.opener(rand,4)@1	ab(d2)@1.classic(t1,c4,w0,l0)@2.opener(rand,4)@1	B	61	8	11	10933.694	0.274	9375.000	0.000	31	30	2095787	2846	139.00	52.00	27	26	869143348	12
2026-07-26T21:50:42Z	20260726T215027Z	boards/board1.txt	ab(d6,tt,ord,nb200k)@1.learned(s3,68364898)@1.opener(rand,4)@1	ab(d2)@1.classic(t1,c4,w0,l0)@2.opener(rand,4)@1	W	49	12	12	669.942	0.229	593.750	0.000	25	24	1922455	2524	113.00	38.00	21	20	2646223506	12
2026-07-26T21:50:42Z	20260726T215027Z	boards/board1.txt	ab(d6,tt,ord,nb200k)@1.learned(s6,eac8ab99)@1.opener(rand,4)@1	ab(d2)@1.classic(t1,c4,w0,l0)@2.opener(rand,4)@1	W	45	13	14	589.089	0.255	500.000	0.000	23	22	1730192	2814	101.00	34.00	19	18	2732682824	12
2026-07-26T21:50:43Z	20260726T215027Z	boards/board1.txt	ab(d6,tt,ord,nb200k)@1.learned(s6,eac8ab99)@1.opener(rand,4)@1	ab(d2)@1.classic(t1,c4,w0,l0)@2.opener(rand,4)@1	W	61	10	12	348.689	0.267	328.125	0.000	31	30	1090499	3188	119.00	50.00	27	26	2563139357	12
2026-07-26T21:50:44Z	20260726T215027Z	boards/board1.txt	ab(d6,tt,ord,nb200k)@1.learned(s76,ef183148)@1.opener(rand,4)@1	ab(d2)@1.classic(t1,c4,w0,l0)@2.opener(rand,4)@1	W	57	10	10	913.498	0.295	796.875	0.000	29	28	2778414	3446	135.82	46.00	25	24	1454714994	12
2026-07-26T21:50:44Z	20260726T215027Z	boards/board1.txt	ab(d6,tt,ord,nb200k)@1.learned(s98,5801570e)@1.opener(rand,4)@1	ab(d2)@1.classic(t1,c4,w0,l0)@2.opener(rand,4)@1	W	49	10	11	732.607	0.218	609.375	0.000	25	24	2127593	2449	112.85	38.00	21	20	1142420751	12
2026-07-26T21:50:45Z	20260726T215027Z	boards/board1.txt	ab(d6,tt,ord,qs,nb200k)@1.learned(s98,5801570e)@1.opener(rand,4)@1	ab(d2)@1.classic(t1,c4,w0,l0)@2.opener(rand,4)@1	W	51	11	12	757.047	0.210	703.125	0.000	26	25	2319944	2372	117.68	40.00	22	21	2073093742	12
2026-07-26T21:50:46Z	20260726T215027Z	boards/board1.txt	ab(d6,tt,ord,qs,nb200k)@1.learned(s98,5801570e)@1.opener(rand,4)@1	ab(d2)@1.classic(t1,c4,w0,l0)@2.opener(rand,4)@1	W	47	12	13	685.092	0.252	640.625	0.000	24	23	2106985	3166	106.00	36.00	20	19	2780131511	12
2026-07-26T21:50:50Z	20260726T215027Z	boards/board1.txt	ab(d8,tt,ord,nb2m)@1.classic(t1,c4,w0,l0)@2.opener(rand,4)@1	ab(d2)@1.classic(t1,c4,w0,l0)@2.opener(rand,4)@1	W	41	14	14	3995.791	0.178	3578.125	0.000	21	20	10895506	2202	116.00	30.00	17	16	3007206451	12
2026-07-26T21:50:50Z	20260726T215027Z	boards/board1.txt	rand@1	ab(d2)@1.classic(t1,c4,w0,l0)@2.opener(rand,4)@1	B	22	12	16	0.007	0.057	0.000	0.000	11	11	0	715	0.00	14.00	0	7	629927468	12
2026-07-26T21:50:50Z	20260726T215027Z	boards/board1.txt	ab(d6,ord,nb200k)@1.adv(t20,c77,w0,l0,f0,d-2,e0,m0,h0,b1,o0,r0,x0,n0,s1,g1)@1.opener(rand,4)@1	ab(d4)@1.classic(t1,c4,w0,l0)@2.opener(rand,4)@1	W	41	11	11	655.760	4.121	562.500	0.000	21	20	1635841	62856	87.44	57.00	17	16	201045766	12
2026-07-26T21:50:51Z	20260726T215027Z	boards/board1.txt	ab(d6,ord,nb200k)@1.adv(t20,c77,w0,l0,f0,d-2,e0,m0,h0,b1,o0,r0,x0,n0,s1,g1)@1.opener(rand,4)@1	ab(d4)@1.classic(t1,c4,w0,l0)@2.opener(rand,4)@1	W	39	12	12	500.200	3.529	375.000	0.000	20	19	1242632	51165	82.00	53.00	16	15	826335887	12
2026-07-26T21:50:51Z	20260726T215027Z	boards/board1.txt	ab(d6,tt,ord,nb200k)@1.classic(t1,c4,w0,l0)@2.dil(r30,d4)@1.opener(rand,4)@1	ab(d4)@1.classic(t1,c4,w0,l0)@2.opener(rand,4)@1	B	49	11	13	342.040	10.817	328.125	0.000	25	24	950109	163136	106.00	80.00	21	20	2530369295	12
2026-07-26T21:50:51Z	20260726T215027Z	boards/board1.txt	ab(d6,tt,ord,nb200k)@1.classic(t1,c4,w0,l0)@2.dil(r63)@1.opener(rand,4)@1	ab(d4)@1.classic(t1,c4,w0,l0)@2.opener(rand,4)@1	B	20	13	16	0.010	4.558	0.000	0.000	10	10	0	19190	0.00	24.00	0	6	4275872391	12
2026-07-26T21:50:52Z	20260726T215027Z	boards/board1.txt	ab(d6,tt,ord,nb200k)@1.classic(t1,c4,w0,l0)@2.opener(rand,4)@1	ab(d4)@1.classic(t1,c4,w0,l0)@2.opener(rand,4)@1	W	51	12	11	372.153	6.282	296.875	15.625	26	25	978380	105342	118.00	77.00	22	21	3247310490	12
2026-07-26T21:50:52Z	20260726T215027Z	boards/board1.txt	ab(d6,tt,ord,nb200k)@1.classic(t1,c4,w0,l0)@2.opener(rand,4)@1	ab(d4)@1.classic(t1,c4,w0,l0)@2.opener(rand,4)@1	W	45	12	11	295.092	5.977	281.250	0.000	23	22	808520	96359	100.00	65.00	19	18	1114526787	12
2026-07-26T21:50:58Z	20260726T215027Z	boards/board1.txt	ab(d6,tt,ord,nb200k)@1.learned(s111,78ef6974)@1.opener(rand,4)@1	ab(d4)@1.classic(t1,c4,w0,l0)@2.opener(rand,4)@1	W	49	10	10	6246.887	3.557	5328.125	0.000	25	24	1208010	51226	112.00	73.00	21	20	229736794	12
2026-07-26T21:50:59Z	20260726T215027Z	boards/board1.txt	ab(d6,tt,ord,nb200k)@1.learned(s3,68364898)@1.opener(rand,4)@1	ab(d4)@1.classic(t1,c4,w0,l0)@2.opener(rand,4)@1	W	61	11	9	725.596	7.826	609.375	0.000	31	30	2026293	97766	148.00	97.00	27	26	1161688308	12
2026-07-26T21:51:00Z	20260726T215027Z	boards/board1.txt	ab(d6,tt,ord,nb200k)@1.learned(s6,eac8ab99)@1.opener(rand,4)@1	ab(d4)@1.classic(t1,c4,w0,l0)@2.opener(rand,4)@1	W	59	9	10	923.580	9.518	671.875	15.625	30	29	2205894	143504	142.00	93.00	26	25	1570277698	12
2026-07-26T21:51:00Z	20260726T215027Z	boards/board1.txt	ab(d6,tt,ord,nb200k)@1.learned(s6,eac8ab99)@1.opener(rand,4)@1	ab(d4)@1.classic(t1,c4,w0,l0)@2.opener(rand,4)@1	W	49	11	10	481.395	9.544	375.000	0.000	25	24	1335623	133805	112.00	73.00	21	20	714864043	12
2026-07-26T21:51:01Z	20260726T215027Z	boards/board1.txt	ab(d6,tt,ord,nb200k)@1.learned(s76,ef183148)@1.opener(rand,4)@1	ab(d4)@1.classic(t1,c4,w0,l0)@2.opener(rand,4)@1	W	57	7	9	497.378	5.208	437.500	15.625	29	28	1486073	76788	136.00	89.00	25	24	3734741364	12
2026-07-26T21:51:02Z	20260726T215027Z	boards/board1.txt	ab(d6,tt,ord,nb200k)@1.learned(s98,5801570e)@1.opener(rand,4)@1	ab(d4)@1.classic(t1,c4,w0,l0)@2.opener(rand,4)@1	B	69	7	8	814.294	8.241	656.250	15.625	35	34	2304463	125847	172.00	120.00	31	30	55048249	12
2026-07-26T21:51:03Z	20260726T215027Z	boards/board1.txt	ab(d6,tt,ord,qs,nb200k)@1.learned(s98,5801570e)@1.opener(rand,4)@1	ab(d4)@1.classic(t1,c4,w0,l0)@2.opener(rand,4)@1	W	59	11	12	939.167	12.989	796.875	0.000	30	29	2736169	160336	139.09	93.00	26	25	2444547332	12
2026-07-26T21:51:03Z	20260726T215027Z	boards/board1.txt	ab(d6,tt,ord,qs,nb200k)@1.learned(s98,5801570e)@1.opener(rand,4)@1	ab(d4)@1.classic(t1,c4,w0,l0)@2.opener(rand,4)@1	W	45	12	12	465.958	6.420	406.250	15.625	23	22	1320568	99993	98.00	65.00	19	18	3099771481	12
2026-07-26T21:51:06Z	20260726T215027Z	boards/board1.txt	ab(d8,tt,ord,nb2m)@1.classic(t1,c4,w0,l0)@2.opener(rand,4)@1	ab(d4)@1.classic(t1,c4,w0,l0)@2.opener(rand,4)@1	W	29	14	15	2727.000	7.888	2328.125	15.625	15	14	7268552	75744	66.00	33.00	11	10	1239807313	12
2026-07-26T21:51:06Z	20260726T215027Z	boards/board1.txt	rand@1	ab(d4)@1.classic(t1,c4,w0,l0)@2.opener(rand,4)@1	B	24	13	16	0.009	2.796	0.000	0.000	12	12	0	44536	0.00	32.00	0	8	4267809278	12
2026-07-26T21:51:07Z	20260726T215027Z	boards/board1.txt	ab(d6,tt,ord,nb200k)@1.classic(t1,c4,w0,l0)@2.dil(r30,d4)@1.opener(rand,4)@1	ab(d6,ord,nb200k)@1.adv(t20,c77,w0,l0,f0,d-2,e0,m0,h0,b1,o0,r0,x0,n0,s1,g1)@1.opener(rand,4)@1	B	57	10	9	273.212	1090.640	203.125	1000.000	29	28	811695	2778617	124.00	134.92	25	24	3718923744	12
2026-07-26T21:51:09Z	20260726T215027Z	boards/board1.txt	ab(d6,tt,ord,nb200k)@1.classic(t1,c4,w0,l0)@2.dil(r30,d4)@1.opener(rand,4)@1	ab(d6,ord,nb200k)@1.adv(t20,c77,w0,l0,f0,d-2,e0,m0,h0,b1,o0,r0,x0,n0,s1,g1)@1.opener(rand,4)@1	B	63	9	8	386.542	1080.047	281.250	937.500	32	31	1050074	2698801	140.00	152.05	28	27	3371004501	12
2026-07-26T21:51:10Z	20260726T215027Z	boards/board1.txt	ab(d6,tt,ord,nb200k)@1.classic(t1,c4,w0,l0)@2.dil(r63)@1.opener(rand,4)@1	ab(d6,ord,nb200k)@1.adv(t20,c77,w0,l0,f0,d-2,e0,m0,h0,b1,o0,r0,x0,n0,s1,g1)@1.opener(rand,4)@1	B	35	14	15	70.251	863.066	62.500	687.500	18	17	225139	2114099	20.00	66.91	5	13	3050930105	12
2026-07-26T21:51:12Z	20260726T215027Z	boards/board1.txt	ab(d6,tt,ord,nb200k)@1.classic(t1,c4,w0,l0)@2.opener(rand,4)@1	ab(d6,ord,nb200k)@1.adv(t20,c77,w0,l0,f0,d-2,e0,m0,h0,b1,o0,r0,x0,n0,s1,g1)@1.opener(rand,4)@1	B	79	6	8	598.995	1489.156	484.375	1328.125	40	39	1836754	3764478	202.00	199.90	36	35	985876123	12
2026-07-26T21:51:28Z	20260726T215027Z	boards/board1.txt	ab(d6,tt,ord,nb200k)@1.learned(s111,78ef6974)@1.opener(rand,4)@1	ab(d6,ord,nb200k)@1.adv(t20,c77,w0,l0,f0,d-2,e0,m0,h0,b1,o0,r0,x0,n0,s1,g1)@1.opener(rand,4)@1	B	59	7	12	15272.271	1419.074	12968.750	1218.750	30	29	2803993	3587531	139.87	138.90	26	25	1165533483	12
2026-07-26T21:51:44Z	20260726T215027Z	boards/board1.txt	ab(d6,tt,ord,nb200k)@1.learned(s111,78ef6974)@1.opener(rand,4)@1	ab(d6,ord,nb200k)@1.adv(t20,c77,w0,l0,f0,d-2,e0,m0,h0,b1,o0,r0,x0,n0,s1,g1)@1.opener(rand,4)@1	B	63	8	10	14348.747	1524.863	12343.750	1171.875	32	31	2698928	3613099	152.80	150.88	28	27	2865746092	12
2026-07-26T21:51:46Z	20260726T215027Z	boards/board1.txt	ab(d6,tt,ord,nb200k)@1.learned(s3,68364898)@1.opener(rand,4)@1	ab(d6,ord,nb200k)@1.adv(t20,c77,w0,l0,f0,d-2,e0,m0,h0,b1,o0,r0,x0,n0,s1,g1)@1.opener(rand,4)@1	B	55	8	11	784.808	1231.713	640.625	1046.875	28	27	2735929	3301495	129.06	125.46	24	23	3259890526	12
2026-07-26T21:51:48Z	20260726T215027Z	boards/board1.txt	ab(d6,tt,ord,nb200k)@1.learned(s6,eac8ab99)@1.opener(rand,4)@1	ab(d6,ord,nb200k)@1.adv(t20,c77,w0,l0,f0,d-2,e0,m0,h0,b1,o0,r0,x0,n0,s1,g1)@1.opener(rand,4)@1	B	49	11	12	663.552	1240.812	609.375	984.375	25	24	2231140	3150421	111.03	106.53	21	20	2790633491	12
2026-07-26T21:51:50Z	20260726T215027Z	boards/board1.txt	ab(d6,tt,ord,nb200k)@1.learned(s76,ef183148)@1.opener(rand,4)@1	ab(d6,ord,nb200k)@1.adv(t20,c77,w0,l0,f0,d-2,e0,m0,h0,b1,o0,r0,x0,n0,s1,g1)@1.opener(rand,4)@1	B	73	8	10	992.326	1157.130	890.625	921.875	37	36	2922314	2916884	184.00	182.65	33	32	2022551229	12
2026-07-26T21:51:52Z	20260726T215027Z	boards/board1.txt	ab(d6,tt,ord,nb200k)@1.learned(s76,ef183148)@1.opener(rand,4)@1	ab(d6,ord,nb200k)@1.adv(t20,c77,w0,l0,f0,d-2,e0,m0,h0,b1,o0,r0,x0,n0,s1,g1)@1.opener(rand,4)@1	B	63	7	10	771.699	1182.296	625.000	1031.250	32	31	2510619	3008133	153.13	152.60	28	27	2039549666	12
2026-07-26T21:51:54Z	20260726T215027Z	boards/board1.txt	ab(d6,tt,ord,nb200k)@1.learned(s98,5801570e)@1.opener(rand,4)@1	ab(d6,ord,nb200k)@1.adv(t20,c77,w0,l0,f0,d-2,e0,m0,h0,b1,o0,r0,x0,n0,s1,g1)@1.opener(rand,4)@1	W	58	8	10	714.510	1200.814	718.750	1078.125	29	29	2590514	3322353	137.85	133.22	25	25	117933295	12
2026-07-26T21:51:56Z	20260726T215027Z	boards/board1.txt	ab(d6,tt,ord,qs,nb200k)@1.learned(s98,5801570e)@1.opener(rand,4)@1	ab(d6,ord,nb200k)@1.adv(t20,c77,w0,l0,f0,d-2,e0,m0,h0,b1,o0,r0,x0,n0,s1,g1)@1.opener(rand,4)@1	B	48	10	12	711.824	1043.126	468.750	859.375	24	24	1769728	2634751	109.00	109.25	20	20	1237504089	12
2026-07-26T21:52:01Z	20260726T215027Z	boards/board1.txt	ab(d8,tt,ord,nb2m)@1.classic(t1,c4,w0,l0)@2.opener(rand,4)@1	ab(d6,ord,nb200k)@1.adv(t20,c77,w0,l0,f0,d-2,e0,m0,h0,b1,o0,r0,x0,n0,s1,g1)@1.opener(rand,4)@1	B	51	10	10	4588.320	929.522	3906.250	890.625	26	25	12925801	2366302	153.00	116.93	22	21	2355150810	12
2026-07-26T21:52:09Z	20260726T215027Z	boards/board1.txt	ab(d8,tt,ord,nb2m)@1.classic(t1,c4,w0,l0)@2.opener(rand,4)@1	ab(d6,ord,nb200k)@1.adv(t20,c77,w0,l0,f0,d-2,e0,m0,h0,b1,o0,r0,x0,n0,s1,g1)@1.opener(rand,4)@1	W	62	9	8	5992.112	1311.554	5156.250	1187.500	31	31	18454473	3355590	200.00	146.28	27	27	1542456835	12
2026-07-26T21:52:10Z	20260726T215027Z	boards/board1.txt	rand@1	ab(d6,ord,nb200k)@1.adv(t20,c77,w0,l0,f0,d-2,e0,m0,h0,b1,o0,r0,x0,n0,s1,g1)@1.opener(rand,4)@1	B	40	12	16	0.039	1024.439	0.000	843.750	20	20	0	2574942	0.00	86.27	0	16	3026458372	12
2026-07-26T21:52:10Z	20260726T215027Z	boards/board1.txt	ab(d6,tt,ord,nb200k)@1.classic(t1,c4,w0,l0)@2.dil(r63)@1.opener(rand,4)@1	ab(d6,tt,ord,nb200k)@1.classic(t1,c4,w0,l0)@2.dil(r30,d4)@1.opener(rand,4)@1	B	23	16	16	15.422	83.414	15.625	93.750	12	11	42279	274669	7.00	33.00	2	7	3288130401	12
2026-07-26T21:52:10Z	20260726T215027Z	boards/board1.txt	ab(d6,tt,ord,nb200k)@1.classic(t1,c4,w0,l0)@2.opener(rand,4)@1	ab(d6,tt,ord,nb200k)@1.classic(t1,c4,w0,l0)@2.dil(r30,d4)@1.opener(rand,4)@1	B	49	11	12	370.459	214.046	281.250	234.375	25	24	959328	613118	112.00	103.00	21	20	1639266932	12
2026-07-26T21:52:11Z	20260726T215027Z	boards/board1.txt	ab(d6,tt,ord,nb200k)@1.classic(t1,c4,w0,l0)@2.opener(rand,4)@1	ab(d6,tt,ord,nb200k)@1.classic(t1,c4,w0,l0)@2.dil(r30,d4)@1.opener(rand,4)@1	W	46	12	11	277.857	222.708	218.750	187.500	23	23	721504	521733	105.00	92.00	19	19	670941577	12
2026-07-26T21:52:22Z	20260726T215027Z	boards/board1.txt	ab(d6,tt,ord,nb200k)@1.learned(s111,78ef6974)@1.opener(rand,4)@1	ab(d6,tt,ord,nb200k)@1.classic(t1,c4,w0,l0)@2.dil(r30,d4)@1.opener(rand,4)@1	W	64	9	7	10515.327	320.220	9171.875	296.875	32	32	2050507	829030	159.00	143.00	28	28	422521004	12
2026-07-26T21:52:22Z	20260726T215027Z	boards/board1.txt	ab(d6,tt,ord,nb200k)@1.learned(s3,68364898)@1.opener(rand,4)@1	ab(d6,tt,ord,nb200k)@1.classic(t1,c4,w0,l0)@2.dil(r30,d4)@1.opener(rand,4)@1	W	50	10	10	412.094	155.242	312.500	93.750	25	25	1160972	428395	117.00	95.00	21	21	2930219818	12
2026-07-26T21:52:23Z	20260726T215027Z	boards/board1.txt	ab(d6,tt,ord,nb200k)@1.learned(s6,eac8ab99)@1.opener(rand,4)@1	ab(d6,tt,ord,nb200k)@1.classic(t1,c4,w0,l0)@2.dil(r30,d4)@1.opener(rand,4)@1	W	48	12	10	419.461	140.073	375.000	171.875	24	24	1075288	427111	111.00	90.00	20	20	366495504	12
2026-07-26T21:52:24Z	20260726T215027Z	boards/board1.txt	ab(d6,tt,ord,nb200k)@1.learned(s6,eac8ab99)@1.opener(rand,4)@1	ab(d6,tt,ord,nb200k)@1.classic(t1,c4,w0,l0)@2.dil(r30,d4)@1.opener(rand,4)@1	W	52	11	10	657.779	264.971	578.125	265.625	26	26	1732664	795414	123.00	111.00	22	22	3407501253	12
2026-07-26T21:52:25Z	20260726T215027Z	boards/board1.txt	ab(d6,tt,ord,nb200k)@1.learned(s76,ef183148)@1.opener(rand,4)@1	ab(d6,tt,ord,nb200k)@1.classic(t1,c4,w0,l0)@2.dil(r30,d4)@1.opener(rand,4)@1	W	62	8	9	710.386	215.672	671.875	187.500	31	31	2044101	692937	153.00	133.00	27	27	3006533786	12
2026-07-26T21:52:26Z	20260726T215027Z	boards/board1.txt	ab(d6,tt,ord,nb200k)@1.learned(s98,5801570e)@1.opener(rand,4)@1	ab(d6,tt,ord,nb200k)@1.classic(t1,c4,w0,l0)@2.dil(r30,d4)@1.opener(rand,4)@1	W	64	11	7	781.092	243.393	703.125	265.625	32	32	2376834	725908	158.39	133.00	28	28	2407409863	12
2026-07-26T21:52:27Z	20260726T215027Z	boards/board1.txt	ab(d6,tt,ord,qs,nb200k)@1.learned(s98,5801570e)@1.opener(rand,4)@1	ab(d6,tt,ord,nb200k)@1.classic(t1,c4,w0,l0)@2.dil(r30,d4)@1.opener(rand,4)@1	W	52	11	9	651.457	222.856	546.875	250.000	26	26	1875429	695135	123.00	104.00	22	22	2405442950	12
2026-07-26T21:52:28Z	20260726T215027Z	boards/board1.txt	ab(d6,tt,ord,qs,nb200k)@1.learned(s98,5801570e)@1.opener(rand,4)@1	ab(d6,tt,ord,nb200k)@1.classic(t1,c4,w0,l0)@2.dil(r30,d4)@1.opener(rand,4)@1	W	58	9	8	817.323	415.363	609.375	343.750	29	29	2274434	876204	139.86	125.00	25	25	1961403919	12
2026-07-26T21:52:34Z	20260726T215027Z	boards/board1.txt	ab(d8,tt,ord,nb2m)@1.classic(t1,c4,w0,l0)@2.opener(rand,4)@1	ab(d6,tt,ord,nb200k)@1.classic(t1,c4,w0,l0)@2.dil(r30,d4)@1.opener(rand,4)@1	W	50	11	12	5858.818	113.684	4625.000	93.750	25	25	14617540	252193	152.00	104.00	21	21	1825125707	12
2026-07-26T21:52:34Z	20260726T215027Z	boards/board1.txt	rand@1	ab(d6,tt,ord,nb200k)@1.classic(t1,c4,w0,l0)@2.dil(r30,d4)@1.opener(rand,4)@1	B	26	13	16	0.016	138.320	0.000	93.750	13	13	0	315605	0.00	43.00	0	9	2684477124	12
2026-07-26T21:52:34Z	20260726T215027Z	boards/board1.txt	ab(d6,tt,ord,nb200k)@1.classic(t1,c4,w0,l0)@2.opener(rand,4)@1	ab(d6,tt,ord,nb200k)@1.classic(t1,c4,w0,l0)@2.dil(r63)@1.opener(rand,4)@1	W	23	16	14	205.047	60.708	62.500	46.875	12	11	400539	95687	43.00	12.00	8	2	2145248300	12
2026-07-26T21:52:34Z	20260726T215027Z	boards/board1.txt	ab(d6,tt,ord,nb200k)@1.classic(t1,c4,w0,l0)@2.opener(rand,4)@1	ab(d6,tt,ord,nb200k)@1.classic(t1,c4,w0,l0)@2.dil(r63)@1.opener(rand,4)@1	W	25	15	11	135.356	19.292	93.750	15.625	13	12	277202	54713	49.00	12.00	9	2	2367745633	12
2026-07-26T21:52:42Z	20260726T215027Z	boards/board1.txt	ab(d6,tt,ord,nb200k)@1.learned(s111,78ef6974)@1.opener(rand,4)@1	ab(d6,tt,ord,nb200k)@1.classic(t1,c4,w0,l0)@2.dil(r63)@1.opener(rand,4)@1	W	35	16	10	7342.521	16.983	6359.375	15.625	18	17	1448350	50745	78.00	6.00	14	1	1357035060	12
2026-07-26T21:52:42Z	20260726T215027Z	boards/board1.txt	ab(d6,tt,ord,nb200k)@1.learned(s3,68364898)@1.opener(rand,4)@1	ab(d6,tt,ord,nb200k)@1.classic(t1,c4,w0,l0)@2.dil(r63)@1.opener(rand,4)@1	W	35	15	13	311.273	43.144	281.250	46.875	18	17	871787	111755	73.00	12.00	14	2	1872303506	12
2026-07-26T21:52:43Z	20260726T215027Z	boards/board1.txt	ab(d6,tt,ord,nb200k)@1.learned(s6,eac8ab99)@1.opener(rand,4)@1	ab(d6,tt,ord,nb200k)@1.classic(t1,c4,w0,l0)@2.dil(r63)@1.opener(rand,4)@1	W	33	15	13	327.554	36.324	218.750	31.250	17	16	931808	97279	67.00	12.00	13	2	163796808	12
2026-07-26T21:52:43Z	20260726T215027Z	boards/board1.txt	ab(d6,tt,ord,nb200k)@1.learned(s6,eac8ab99)@1.opener(rand,4)@1	ab(d6,tt,ord,nb200k)@1.classic(t1,c4,w0,l0)@2.dil(r63)@1.opener(rand,4)@1	W	41	15	11	567.071	78.441	468.750	62.500	21	20	1650034	203474	97.00	24.00	17	4	1789219357	12
2026-07-26T21:52:43Z	20260726T215027Z	boards/board1.txt	ab(d6,tt,ord,nb200k)@1.learned(s76,ef183148)@1.opener(rand,4)@1	ab(d6,tt,ord,nb200k)@1.classic(t1,c4,w0,l0)@2.dil(r63)@1.opener(rand,4)@1	W	25	16	13	196.564	48.768	171.875	15.625	13	12	575500	121178	44.00	12.00	9	2	4101931378	12
2026-07-26T21:52:44Z	20260726T215027Z	boards/board1.txt	ab(d6,tt,ord,nb200k)@1.learned(s98,5801570e)@1.opener(rand,4)@1	ab(d6,tt,ord,nb200k)@1.classic(t1,c4,w0,l0)@2.dil(r63)@1.opener(rand,4)@1	W	29	15	12	436.639	55.441	375.000	31.250	15	14	1201100	133923	56.00	12.00	11	2	3789637135	12
2026-07-26T21:52:45Z	20260726T215027Z	boards/board1.txt	ab(d6,tt,ord,qs,nb200k)@1.learned(s98,5801570e)@1.opener(rand,4)@1	ab(d6,tt,ord,nb200k)@1.classic(t1,c4,w0,l0)@2.dil(r63)@1.opener(rand,4)@1	W	51	12	9	738.765	196.673	593.750	187.500	26	25	1810940	556818	121.00	60.00	22	10	3852590958	12
2026-07-26T21:52:45Z	20260726T215027Z	boards/board1.txt	ab(d6,tt,ord,qs,nb200k)@1.learned(s98,5801570e)@1.opener(rand,4)@1	ab(d6,tt,ord,nb200k)@1.classic(t1,c4,w0,l0)@2.dil(r63)@1.opener(rand,4)@1	W	41	14	11	498.019	69.513	390.625	46.875	21	20	1420866	160944	91.96	29.00	17	5	3767307191	12
2026-07-26T21:52:51Z	20260726T215027Z	boards/board1.txt	ab(d8,tt,ord,nb2m)@1.classic(t1,c4,w0,l0)@2.opener(rand,4)@1	ab(d6,tt,ord,nb200k)@1.classic(t1,c4,w0,l0)@2.dil(r63)@1.opener(rand,4)@1	W	35	15	12	5196.846	14.654	4296.875	15.625	18	17	12604792	47552	105.00	24.00	14	4	2221295411	12
2026-07-26T21:52:51Z	20260726T215027Z	boards/board1.txt	rand@1	ab(d6,tt,ord,nb200k)@1.classic(t1,c4,w0,l0)@2.dil(r63)@1.opener(rand,4)@1	B	34	11	16	0.016	87.443	0.000	78.125	17	17	0	242328	0.00	33.00	0	7	2360031532	12
2026-07-26T21:53:04Z	20260726T215027Z	boards/board1.txt	ab(d6,tt,ord,nb200k)@1.learned(s111,78ef6974)@1.opener(rand,4)@1	ab(d6,tt,ord,nb200k)@1.classic(t1,c4,w0,l0)@2.opener(rand,4)@1	B	57	10	12	13115.868	395.767	11125.000	390.625	29	28	2515775	947796	135.65	135.00	25	24	3977056131	12
2026-07-26T21:53:11Z	20260726T215027Z	boards/board1.txt	ab(d6,tt,ord,nb200k)@1.learned(s111,78ef6974)@1.opener(rand,4)@1	ab(d6,tt,ord,nb200k)@1.classic(t1,c4,w0,l0)@2.opener(rand,4)@1	W	60	8	9	6876.612	322.774	5734.375	250.000	30	30	1409806	777708	147.00	142.00	26	26	2853298436	12
2026-07-26T21:53:12Z	20260726T215027Z	boards/board1.txt	ab(d6,tt,ord,nb200k)@1.learned(s3,68364898)@1.opener(rand,4)@1	ab(d6,tt,ord,nb200k)@1.classic(t1,c4,w0,l0)@2.opener(rand,4)@1	W	50	10	11	560.276	323.921	515.625	265.625	25	25	1506744	816064	117.00	112.00	21	21	774487958	12
2026-07-26T21:53:13Z	20260726T215027Z	boards/board1.txt	ab(d6,tt,ord,nb200k)@1.learned(s6,eac8ab99)@1.opener(rand,4)@1	ab(d6,tt,ord,nb200k)@1.classic(t1,c4,w0,l0)@2.opener(rand,4)@1	B	53	10	13	541.031	374.433	453.125	390.625	27	26	1527958	945574	124.00	123.00	23	22	1831735771	12
2026-07-26T21:53:15Z	20260726T215027Z	boards/board1.txt	ab(d6,tt,ord,nb200k)@1.learned(s76,ef183148)@1.opener(rand,4)@1	ab(d6,tt,ord,nb200k)@1.classic(t1,c4,w0,l0)@2.opener(rand,4)@1	B	61	8	10	938.031	457.306	796.875	390.625	31	30	2392306	1198939	147.70	147.00	27	26	4000827653	12
2026-07-26T21:53:16Z	20260726T215027Z	boards/board1.txt	ab(d6,tt,ord,nb200k)@1.learned(s76,ef183148)@1.opener(rand,4)@1	ab(d6,tt,ord,nb200k)@1.classic(t1,c4,w0,l0)@2.opener(rand,4)@1	B	57	8	11	588.154	361.153	546.875	281.250	29	28	1747474	816849	136.00	135.00	25	24	293893642	12
2026-07-26T21:53:17Z	20260726T215027Z	boards/board1.txt	ab(d6,tt,ord,nb200k)@1.learned(s98,5801570e)@1.opener(rand,4)@1	ab(d6,tt,ord,nb200k)@1.classic(t1,c4,w0,l0)@2.opener(rand,4)@1	W	56	8	10	593.853	425.011	515.625	359.375	28	28	1733396	1051167	134.69	130.00	24	24	1257250727	12
2026-07-26T21:53:18Z	20260726T215027Z	boards/board1.txt	ab(d6,tt,ord,qs,nb200k)@1.learned(s98,5801570e)@1.opener(rand,4)@1	ab(d6,tt,ord,nb200k)@1.classic(t1,c4,w0,l0)@2.opener(rand,4)@1	W	58	10	10	941.029	453.792	734.375	390.625	29	29	2412848	1150537	139.93	136.00	25	25	2567638801	12
2026-07-26T21:53:23Z	20260726T215027Z	boards/board1.txt	ab(d8,tt,ord,nb2m)@1.classic(t1,c4,w0,l0)@2.opener(rand,4)@1	ab(d6,tt,ord,nb200k)@1.classic(t1,c4,w0,l0)@2.opener(rand,4)@1	B	53	10	12	5117.445	135.184	4500.000	125.000	27	26	13720736	389554	160.00	123.00	23	22	2424988178	12
2026-07-26T21:53:27Z	20260726T215027Z	boards/board1.txt	ab(d8,tt,ord,nb2m)@1.classic(t1,c4,w0,l0)@2.opener(rand,4)@1	ab(d6,tt,ord,nb200k)@1.classic(t1,c4,w0,l0)@2.opener(rand,4)@1	W	38	13	12	4016.926	67.070	3578.125	31.250	19	19	10441644	187223	104.00	76.00	15	15	846309179	12
2026-07-26T21:53:27Z	20260726T215027Z	boards/board1.txt	rand@1	ab(d6,tt,ord,nb200k)@1.classic(t1,c4,w0,l0)@2.opener(rand,4)@1	B	24	14	16	0.019	138.938	0.000	140.625	12	12	0	399844	0.00	43.00	0	8	1665570300	12
2026-07-26T21:53:43Z	20260726T215027Z	boards/board1.txt	ab(d6,tt,ord,nb200k)@1.learned(s3,68364898)@1.opener(rand,4)@1	ab(d6,tt,ord,nb200k)@1.learned(s111,78ef6974)@1.opener(rand,4)@1	W	60	8	7	731.247	14284.302	687.500	12734.375	30	30	2052295	2645959	146.46	141.67	26	26	843268205	12
2026-07-26T21:53:58Z	20260726T215027Z	boards/board1.txt	ab(d6,tt,ord,nb200k)@1.learned(s6,eac8ab99)@1.opener(rand,4)@1	ab(d6,tt,ord,nb200k)@1.learned(s111,78ef6974)@1.opener(rand,4)@1	W	66	9	7	848.030	14616.961	703.125	12687.500	33	33	2520419	2721943	164.32	159.97	29	29	4082323477	12
2026-07-26T21:54:16Z	20260726T215027Z	boards/board1.txt	ab(d6,tt,ord,nb200k)@1.learned(s6,eac8ab99)@1.opener(rand,4)@1	ab(d6,tt,ord,nb200k)@1.learned(s111,78ef6974)@1.opener(rand,4)@1	W	60	10	8	1015.946	16601.839	796.875	14140.625	30	30	2333592	2917910	147.00	140.22	26	26	1409101274	12
2026-07-26T21:54:36Z	20260726T215027Z	boards/board1.txt	ab(d6,tt,ord,nb200k)@1.learned(s76,ef183148)@1.opener(rand,4)@1	ab(d6,tt,ord,nb200k)@1.learned(s111,78ef6974)@1.opener(rand,4)@1	W	68	10	5	1055.756	19142.060	921.875	16875.000	34	34	2400749	3376600	171.00	162.99	30	30	813274859	12
2026-07-26T21:54:55Z	20260726T215027Z	boards/board1.txt	ab(d6,tt,ord,nb200k)@1.learned(s98,5801570e)@1.opener(rand,4)@1	ab(d6,tt,ord,nb200k)@1.learned(s111,78ef6974)@1.opener(rand,4)@1	B	81	6	6	1142.813	17732.578	1000.000	15421.875	41	40	3399597	3152655	205.74	203.38	37	36	3927326270	12
2026-07-26T21:55:08Z	20260726T215027Z	boards/board1.txt	ab(d6,tt,ord,qs,nb200k)@1.learned(s98,5801570e)@1.opener(rand,4)@1	ab(d6,tt,ord,nb200k)@1.learned(s111,78ef6974)@1.opener(rand,4)@1	W	56	12	9	813.660	12160.694	734.375	10625.000	28	28	2231861	2223812	134.18	129.88	24	24	4217454839	12
2026-07-26T21:55:25Z	20260726T215027Z	boards/board1.txt	ab(d6,tt,ord,qs,nb200k)@1.learned(s98,5801570e)@1.opener(rand,4)@1	ab(d6,tt,ord,nb200k)@1.learned(s111,78ef6974)@1.opener(rand,4)@1	B	79	7	7	1165.522	15932.454	906.250	13890.625	40	39	3388751	2966336	201.17	201.00	36	35	2409027768	12
2026-07-26T21:55:36Z	20260726T215027Z	boards/board1.txt	ab(d8,tt,ord,nb2m)@1.classic(t1,c4,w0,l0)@2.opener(rand,4)@1	ab(d6,tt,ord,nb200k)@1.learned(s111,78ef6974)@1.opener(rand,4)@1	W	58	12	7	6615.590	4389.701	5687.500	3750.000	29	29	16449080	886669	184.00	136.00	25	25	3310016908	12
2026-07-26T21:55:43Z	20260726T215027Z	boards/board1.txt	rand@1	ab(d6,tt,ord,nb200k)@1.learned(s111,78ef6974)@1.opener(rand,4)@1	B	34	12	16	0.028	7513.775	0.000	7000.000	17	17	0	1598040	0.00	72.43	0	13	3590279419	12
2026-07-26T21:55:45Z	20260726T215027Z	boards/board1.txt	ab(d6,tt,ord,nb200k)@1.learned(s6,eac8ab99)@1.opener(rand,4)@1	ab(d6,tt,ord,nb200k)@1.learned(s3,68364898)@1.opener(rand,4)@1	W	78	6	7	702.793	624.119	625.000	500.000	39	39	1895593	1748692	201.00	196.00	35	35	735493893	12
2026-07-26T21:55:46Z	20260726T215027Z	boards/board1.txt	ab(d6,tt,ord,nb200k)@1.learned(s6,eac8ab99)@1.opener(rand,4)@1	ab(d6,tt,ord,nb200k)@1.learned(s3,68364898)@1.opener(rand,4)@1	B	71	7	8	787.875	630.962	781.250	562.500	36	35	2335448	1953554	178.00	177.00	32	31	1507883018	12
2026-07-26T21:55:48Z	20260726T215027Z	boards/board1.txt	ab(d6,tt,ord,nb200k)@1.learned(s76,ef183148)@1.opener(rand,4)@1	ab(d6,tt,ord,nb200k)@1.learned(s3,68364898)@1.opener(rand,4)@1	W	74	9	5	1039.842	789.085	1046.875	687.500	37	37	2593277	2852745	189.00	182.94	33	33	2315192507	12
2026-07-26T21:55:49Z	20260726T215027Z	boards/board1.txt	ab(d6,tt,ord,nb200k)@1.learned(s98,5801570e)@1.opener(rand,4)@1	ab(d6,tt,ord,nb200k)@1.learned(s3,68364898)@1.opener(rand,4)@1	W	66	9	8	639.425	701.551	640.625	625.000	33	33	1899834	2152028	165.00	160.00	29	29	183690094	12
2026-07-26T21:55:51Z	20260726T215027Z	boards/board1.txt	ab(d6,tt,ord,qs,nb200k)@1.learned(s98,5801570e)@1.opener(rand,4)@1	ab(d6,tt,ord,nb200k)@1.learned(s3,68364898)@1.opener(rand,4)@1	W	64	9	8	870.997	769.803	765.625	750.000	32	32	2592996	2130778	158.62	154.00	28	28	367663623	12
2026-07-26T21:55:52Z	20260726T215027Z	boards/board1.txt	ab(d6,tt,ord,qs,nb200k)@1.learned(s98,5801570e)@1.opener(rand,4)@1	ab(d6,tt,ord,nb200k)@1.learned(s3,68364898)@1.opener(rand,4)@1	W	62	10	10	902.468	755.717	828.125	671.875	31	31	3075116	2065199	151.93	148.00	27	27	462447240	12
2026-07-26T21:55:58Z	20260726T215027Z	boards/board1.txt	ab(d8,tt,ord,nb2m)@1.classic(t1,c4,w0,l0)@2.opener(rand,4)@1	ab(d6,tt,ord,nb200k)@1.learned(s3,68364898)@1.opener(rand,4)@1	W	54	11	9	5227.636	200.663	4906.250	218.750	27	27	14817039	723507	168.00	124.00	23	23	126837308	12
2026-07-26T21:55:58Z	20260726T215027Z	boards/board1.txt	rand@1	ab(d6,tt,ord,nb200k)@1.learned(s3,68364898)@1.opener(rand,4)@1	B	24	12	16	0.019	189.838	0.000	171.875	12	12	0	564293	0.00	43.00	0	8	1227963563	12
2026-07-26T21:56:00Z	20260726T215027Z	boards/board1.txt	ab(d6,tt,ord,nb200k)@1.learned(s76,ef183148)@1.opener(rand,4)@1	ab(d6,tt,ord,nb200k)@1.learned(s6,eac8ab99)@1.opener(rand,4)@1	W	70	9	7	1006.385	591.536	968.750	546.875	35	35	2719755	1807611	177.00	172.00	31	31	938208205	12
2026-07-26T21:56:02Z	20260726T215027Z	boards/board1.txt	ab(d6,tt,ord,nb200k)@1.learned(s76,ef183148)@1.opener(rand,4)@1	ab(d6,tt,ord,nb200k)@1.learned(s6,eac8ab99)@1.opener(rand,4)@1	W	68	9	8	971.456	848.183	937.500	796.875	34	34	3013229	2759607	170.63	165.93	30	30	3199463346	12
2026-07-26T21:56:02Z	20260726T215027Z	boards/board1.txt	ab(d6,tt,ord,nb200k)@1.learned(s98,5801570e)@1.opener(rand,4)@1	ab(d6,tt,ord,nb200k)@1.learned(s6,eac8ab99)@1.opener(rand,4)@1	B	65	9	7	468.784	441.016	453.125	390.625	33	32	1312763	1321714	160.00	159.00	29	28	3536331423	12
2026-07-26T21:56:04Z	20260726T215027Z	boards/board1.txt	ab(d6,tt,ord,qs,nb200k)@1.learned(s98,5801570e)@1.opener(rand,4)@1	ab(d6,tt,ord,nb200k)@1.learned(s6,eac8ab99)@1.opener(rand,4)@1	B	80	7	7	834.713	614.329	812.500	562.500	40	40	2400179	1905592	202.00	202.00	36	36	2022015913	12
2026-07-26T21:56:08Z	20260726T215027Z	boards/board1.txt	ab(d8,tt,ord,nb2m)@1.classic(t1,c4,w0,l0)@2.opener(rand,4)@1	ab(d6,tt,ord,nb200k)@1.learned(s6,eac8ab99)@1.opener(rand,4)@1	W	66	9	8	4032.840	182.666	3781.250	140.625	33	33	11807884	633680	216.00	160.00	29	29	2415825610	12
2026-07-26T21:56:14Z	20260726T215027Z	boards/board1.txt	ab(d8,tt,ord,nb2m)@1.classic(t1,c4,w0,l0)@2.opener(rand,4)@1	ab(d6,tt,ord,nb200k)@1.learned(s6,eac8ab99)@1.opener(rand,4)@1	W	66	10	8	5693.174	298.733	5218.750	312.500	33	33	16895559	991673	216.00	160.00	29	29	2166149299	12
2026-07-26T21:56:14Z	20260726T215027Z	boards/board1.txt	rand@1	ab(d6,tt,ord,nb200k)@1.learned(s6,eac8ab99)@1.opener(rand,4)@1	B	26	13	16	0.019	186.675	0.000	187.500	13	13	0	595208	0.00	44.00	0	9	3351939892	12
2026-07-26T21:56:16Z	20260726T215027Z	boards/board1.txt	ab(d6,tt,ord,nb200k)@1.learned(s98,5801570e)@1.opener(rand,4)@1	ab(d6,tt,ord,nb200k)@1.learned(s76,ef183148)@1.opener(rand,4)@1	B	61	10	10	657.633	629.288	640.625	609.375	31	30	2301498	1984511	147.78	146.80	27	26	25807154	12
2026-07-26T21:56:17Z	20260726T215027Z	boards/board1.txt	ab(d6,tt,ord,qs,nb200k)@1.learned(s98,5801570e)@1.opener(rand,4)@1	ab(d6,tt,ord,nb200k)@1.learned(s76,ef183148)@1.opener(rand,4)@1	W	76	6	8	704.606	859.089	656.250	796.875	38	38	2463623	2891749	195.00	190.00	34	34	1398629235	12
2026-07-26T21:56:18Z	20260726T215027Z	boards/board1.txt	ab(d6,tt,ord,qs,nb200k)@1.learned(s98,5801570e)@1.opener(rand,4)@1	ab(d6,tt,ord,nb200k)@1.learned(s76,ef183148)@1.opener(rand,4)@1	B	36	14	13	462.974	347.707	437.500	359.375	18	18	1794384	1192598	69.72	70.00	14	14	2272518452	12
2026-07-26T21:56:24Z	20260726T215027Z	boards/board1.txt	ab(d8,tt,ord,nb2m)@1.classic(t1,c4,w0,l0)@2.opener(rand,4)@1	ab(d6,tt,ord,nb200k)@1.learned(s76,ef183148)@1.opener(rand,4)@1	W	46	12	11	6076.483	224.654	5796.875	203.125	23	23	19134053	837710	135.89	99.86	19	19	745187384	12
2026-07-26T21:56:25Z	20260726T215027Z	boards/board1.txt	rand@1	ab(d6,tt,ord,nb200k)@1.learned(s76,ef183148)@1.opener(rand,4)@1	B	32	11	16	0.024	350.773	0.000	343.750	16	16	0	1155589	0.00	59.00	0	12	2013230759	12
2026-07-26T21:56:26Z	20260726T215027Z	boards/board1.txt	ab(d6,tt,ord,qs,nb200k)@1.learned(s98,5801570e)@1.opener(rand,4)@1	ab(d6,tt,ord,nb200k)@1.learned(s98,5801570e)@1.opener(rand,4)@1	W	78	8	7	823.353	571.469	796.875	468.750	39	39	2849202	2048778	201.00	196.00	35	35	227589824	12
2026-07-26T21:56:27Z	20260726T215027Z	boards/board1.txt	ab(d6,tt,ord,qs,nb200k)@1.learned(s98,5801570e)@1.opener(rand,4)@1	ab(d6,tt,ord,nb200k)@1.learned(s98,5801570e)@1.opener(rand,4)@1	W	70	7	6	626.822	626.354	546.875	609.375	35	35	2177617	2491170	177.00	171.70	31	31	788453429	12
2026-07-26T21:56:30Z	20260726T215027Z	boards/board1.txt	ab(d8,tt,ord,nb2m)@1.classic(t1,c4,w0,l0)@2.opener(rand,4)@1	ab(d6,tt,ord,nb200k)@1.learned(s98,5801570e)@1.opener(rand,4)@1	W	36	13	13	2698.045	127.111	2593.750	140.625	18	18	9083712	490558	96.00	70.00	14	14	2791333741	12
2026-07-26T21:56:30Z	20260726T215027Z	boards/board1.txt	rand@1	ab(d6,tt,ord,nb200k)@1.learned(s98,5801570e)@1.opener(rand,4)@1	B	28	12	16	0.019	202.692	0.000	203.125	14	14	0	727001	0.00	55.00	0	10	1041895834	12
2026-07-26T21:56:34Z	20260726T215027Z	boards/board1.txt	ab(d8,tt,ord,nb2m)@1.classic(t1,c4,w0,l0)@2.opener(rand,4)@1	ab(d6,tt,ord,qs,nb200k)@1.learned(s98,5801570e)@1.opener(rand,4)@1	W	48	12	9	3538.731	147.947	3359.375	156.250	24	24	12031019	633657	144.00	106.00	20	20	2480934640	12
2026-07-26T21:56:39Z	20260726T215027Z	boards/board1.txt	ab(d8,tt,ord,nb2m)@1.classic(t1,c4,w0,l0)@2.opener(rand,4)@1	ab(d6,tt,ord,qs,nb200k)@1.learned(s98,5801570e)@1.opener(rand,4)@1	W	62	10	8	5002.919	198.569	4859.375	140.625	31	31	17842669	900888	200.00	148.00	27	27	3686976549	12
2026-07-26T21:56:39Z	20260726T215027Z	boards/board1.txt	rand@1	ab(d6,tt,ord,qs,nb200k)@1.learned(s98,5801570e)@1.opener(rand,4)@1	B	20	13	16	0.014	114.425	0.000	109.375	10	10	0	509537	0.00	31.00	0	6	3461125674	12
2026-07-26T21:56:40Z	20260726T215027Z	boards/board1.txt	rand@1	ab(d8,tt,ord,nb2m)@1.classic(t1,c4,w0,l0)@2.opener(rand,4)@1	B	16	13	16	0.009	470.548	0.000	468.750	8	8	0	1797603	0.00	25.00	0	4	1318331822	12
2026-07-26T21:50:27Z	20260726T215027Z	boards/board1.txt	ab(d2)@1.classic(t1,c4,w0,l0)@2.opener(rand,4)@1	ab(d4)@1.classic(t1,c4,w0,l0)@2.opener(rand,4)@1	B	32	14	14	0.111	4.074	0.000	0.000	16	16	1441	67907	22.00	48.00	12	12	2234936212	12
2026-07-26T21:50:28Z	20260726T215027Z	boards/board1.txt	ab(d2)@1.classic(t1,c4,w0,l0)@2.opener(rand,4)@1	ab(d6,ord,nb200k)@1.adv(t20,c77,w0,l0,f0,d-2,e0,m0,h0,b1,o0,r0,x0,n0,s1,g1)@1.opener(rand,4)@1	B	58	10	9	0.266	1241.497	0.000	1187.500	29	29	3189	3232304	48.00	134.83	25	25	3466978282	12
2026-07-26T21:50:28Z	20260726T215027Z	boards/board1.txt	ab(d2)@1.classic(t1,c4,w0,l0)@2.opener(rand,4)@1	ab(d6,tt,ord,nb200k)@1.classic(t1,c4,w0,l0)@2.dil(r30,d4)@1.opener(rand,4)@1	B	42	14	14	0.220	254.933	0.000	234.375	21	21	2932	724272	32.00	79.00	17	17	1118180389	12
2026-07-26T21:50:29Z	20260726T215027Z	boards/board1.txt	ab(d2)@1.classic(t1,c4,w0,l0)@2.opener(rand,4)@1	ab(d6,tt,ord,nb200k)@1.classic(t1,c4,w0,l0)@2.dil(r30,d4)@1.opener(rand,4)@1	B	56	11	11	0.276	413.878	0.000	343.750	28	28	3828	1204402	46.00	120.00	24	24	890433680	12
2026-07-26T21:50:29Z	20260726T215027Z	boards/board1.txt	ab(d2)@1.classic(t1,c4,w0,l0)@2.opener(rand,4)@1	ab(d6,tt,ord,nb200k)@1.classic(t1,c4,w0,l0)@2.dil(r63)@1.opener(rand,4)@1	W	26	15	13	0.073	46.594	0.000	46.875	13	13	904	173530	18.00	19.00	9	4	4128042160	12
2026-07-26T21:50:29Z	20260726T215027Z	boards/board1.txt	ab(d2)@1.classic(t1,c4,w0,l0)@2.opener(rand,4)@1	ab(d6,tt,ord,nb200k)@1.classic(t1,c4,w0,l0)@2.opener(rand,4)@1	B	40	14	14	0.189	289.253	0.000	281.250	20	20	2315	894163	30.00	83.00	16	16	2903795018	12
2026-07-26T21:50:43Z	20260726T215027Z	boards/board1.txt	ab(d2)@1.classic(t1,c4,w0,l0)@2.opener(rand,4)@1	ab(d6,tt,ord,nb200k)@1.learned(s111,78ef6974)@1.opener(rand,4)@1	B	76	10	8	0.507	14137.288	0.000	12953.125	38	38	5205	2847585	66.00	165.30	34	34	32044662	12
2026-07-26T21:50:56Z	20260726T215027Z	boards/board1.txt	ab(d2)@1.classic(t1,c4,w0,l0)@2.opener(rand,4)@1	ab(d6,tt,ord,nb200k)@1.learned(s111,78ef6974)@1.opener(rand,4)@1	B	52	14	13	0.326	12678.353	0.000	11437.500	26	26	3913	2627564	42.00	118.77	22	22	1280694673	12
2026-07-26T21:50:56Z	20260726T215027Z	boards/board1.txt	ab(d2)@1.classic(t1,c4,w0,l0)@2.opener(rand,4)@1	ab(d6,tt,ord,nb200k)@1.learned(s3,68364898)@1.opener(rand,4)@1	B	52	11	10	0.244	474.464	0.000	453.125	26	26	2396	1604547	42.00	118.00	22	22	2408354631	12
2026-07-26T21:50:57Z	20260726T215027Z	boards/board1.txt	ab(d2)@1.classic(t1,c4,w0,l0)@2.opener(rand,4)@1	ab(d6,tt,ord,nb200k)@1.learned(s6,eac8ab99)@1.opener(rand,4)@1	B	60	11	11	0.271	755.582	0.000	718.750	30	30	3180	2361473	50.00	143.00	26	26	2974688942	12
2026-07-26T21:50:58Z	20260726T215027Z	boards/board1.txt	ab(d2)@1.classic(t1,c4,w0,l0)@2.opener(rand,4)@1	ab(d6,tt,ord,nb200k)@1.learned(s76,ef183148)@1.opener(rand,4)@1	W	52	11	9	0.199	484.269	0.000	437.500	26	26	2159	1542231	44.00	118.00	22	22	1981611044	12
2026-07-26T21:50:58Z	20260726T215027Z	boards/board1.txt	ab(d2)@1.classic(t1,c4,w0,l0)@2.opener(rand,4)@1	ab(d6,tt,ord,nb200k)@1.learned(s76,ef183148)@1.opener(rand,4)@1	B	50	11	11	0.200	488.779	0.000	390.625	25	25	2114	1489572	40.00	112.00	21	21	1565804859	12
2026-07-26T21:50:59Z	20260726T215027Z	boards/board1.txt	ab(d2)@1.classic(t1,c4,w0,l0)@2.opener(rand,4)@1	ab(d6,tt,ord,nb200k)@1.learned(s98,5801570e)@1.opener(rand,4)@1	B	52	11	11	0.231	501.775	0.000	421.875	26	26	2634	1420344	42.00	119.00	22	22	1380247866	12
2026-07-26T21:51:00Z	20260726T215027Z	boards/board1.txt	ab(d2)@1.classic(t1,c4,w0,l0)@2.opener(rand,4)@1	ab(d6,tt,ord,qs,nb200k)@1.learned(s98,5801570e)@1.opener(rand,4)@1	B	74	9	7	0.416	932.237	0.000	828.125	37	37	5178	2666012	64.00	146.74	33	33	3193222736	12
2026-07-26T21:51:02Z	20260726T215027Z	boards/board1.txt	ab(d2)@1.classic(t1,c4,w0,l0)@2.opener(rand,4)@1	ab(d8,tt,ord,nb2m)@1.classic(t1,c4,w0,l0)@2.opener(rand,4)@1	B	34	14	14	0.145	2568.095	0.000	2312.500	17	17	1520	7505366	24.00	84.00	13	13	13245395	12
2026-07-26T21:51:08Z	20260726T215027Z	boards/board1.txt	ab(d2)@1.classic(t1,c4,w0,l0)@2.opener(rand,4)@1	ab(d8,tt,ord,nb2m)@1.classic(t1,c4,w0,l0)@2.opener(rand,4)@1	B	46	13	13	0.255	5685.212	0.000	5031.250	23	23	3059	15919984	36.00	132.00	19	19	2944572106	12
2026-07-26T21:51:08Z	20260726T215027Z	boards/board1.txt	ab(d2)@1.classic(t1,c4,w0,l0)@2.opener(rand,4)@1	rand@1	W	25	16	14	0.069	0.007	0.000	0.000	13	12	836	0	18.00	0.00	9	0	741017333	12
2026-07-26T21:51:09Z	20260726T215027Z	boards/board1.txt	ab(d4)@1.classic(t1,c4,w0,l0)@2.opener(rand,4)@1	ab(d6,ord,nb200k)@1.adv(t20,c77,w0,l0,f0,d-2,e0,m0,h0,b1,o0,r0,x0,n0,s1,g1)@1.opener(rand,4)@1	B	56	10	11	8.001	938.458	0.000	843.750	28	28	114240	2612252	89.00	130.00	24	24	1239385352	12
2026-07-26T21:51:09Z	20260726T215027Z	boards/board1.txt	ab(d4)@1.classic(t1,c4,w0,l0)@2.opener(rand,4)@1	ab(d6,tt,ord,nb200k)@1.classic(t1,c4,w0,l0)@2.dil(r30,d4)@1.opener(rand,4)@1	W	42	12	11	5.435	165.175	15.625	156.250	21	21	88700	505579	68.00	79.00	17	17	2729703895	12
2026-07-26T21:51:09Z	20260726T215027Z	boards/board1.txt	ab(d4)@1.classic(t1,c4,w0,l0)@2.opener(rand,4)@1	ab(d6,tt,ord,nb200k)@1.classic(t1,c4,w0,l0)@2.dil(r30,d4)@1.opener(rand,4)@1	B	54	10	12	7.635	201.710	0.000	156.250	27	27	120362	566092	85.00	104.00	23	23	3068713550	12
2026-07-26T21:51:09Z	20260726T215027Z	boards/board1.txt	ab(d4)@1.classic(t1,c4,w0,l0)@2.opener(rand,4)@1	ab(d6,tt,ord,nb200k)@1.classic(t1,c4,w0,l0)@2.dil(r63)@1.opener(rand,4)@1	W	38	15	12	7.648	89.946	31.250	78.125	19	19	88869	301390	60.00	31.00	15	6	218773970	12
2026-07-26T21:51:10Z	20260726T215027Z	boards/board1.txt	ab(d4)@1.classic(t1,c4,w0,l0)@2.opener(rand,4)@1	ab(d6,tt,ord,nb200k)@1.classic(t1,c4,w0,l0)@2.opener(rand,4)@1	B	46	12	13	8.135	313.403	0.000	312.500	23	23	123845	923765	69.00	100.00	19	19	878156052	12
2026-07-26T21:51:22Z	20260726T215027Z	boards/board1.txt	ab(d4)@1.classic(t1,c4,w0,l0)@2.opener(rand,4)@1	ab(d6,tt,ord,nb200k)@1.learned(s111,78ef6974)@1.opener(rand,4)@1	B	60	9	7	9.010	11965.924	0.000	10906.250	30	30	135452	2365361	97.00	141.71	26	26	3798578988	12
2026-07-26T21:51:34Z	20260726T215027Z	boards/board1.txt	ab(d4)@1.classic(t1,c4,w0,l0)@2.opener(rand,4)@1	ab(d6,tt,ord,nb200k)@1.learned(s111,78ef6974)@1.opener(rand,4)@1	B	68	8	6	7.600	12686.510	0.000	11640.625	34	34	105008	2471120	113.00	165.50	30	30	292371139	12
2026-07-26T21:51:35Z	20260726T215027Z	boards/board1.txt	ab(d4)@1.classic(t1,c4,w0,l0)@2.opener(rand,4)@1	ab(d6,tt,ord,nb200k)@1.learned(s3,68364898)@1.opener(rand,4)@1	B	50	11	11	4.859	445.322	0.000	421.875	25	25	72579	1333858	77.00	112.00	21	21	1224280893	12
2026-07-26T21:51:35Z	20260726T215027Z	boards/board1.txt	ab(d4)@1.classic(t1,c4,w0,l0)@2.opener(rand,4)@1	ab(d6,tt,ord,nb200k)@1.learned(s6,eac8ab99)@1.opener(rand,4)@1	B	54	10	10	10.372	607.963	15.625	531.250	27	27	91896	1859571	85.00	124.00	23	23	478535068	12
2026-07-26T21:51:36Z	20260726T215027Z	boards/board1.txt	ab(d4)@1.classic(t1,c4,w0,l0)@2.opener(rand,4)@1	ab(d6,tt,ord,nb200k)@1.learned(s76,ef183148)@1.opener(rand,4)@1	B	54	10	10	7.163	628.355	15.625	593.750	27	27	96321	2077551	85.00	123.55	23	23	646370358	12
2026-07-26T21:51:36Z	20260726T215027Z	boards/board1.txt	ab(d4)@1.classic(t1,c4,w0,l0)@2.opener(rand,4)@1	ab(d6,tt,ord,nb200k)@1.learned(s76,ef183148)@1.opener(rand,4)@1	B	40	11	11	4.423	342.033	15.625	343.750	20	20	63797	1159831	57.00	82.00	16	16	4146292689	12
2026-07-26T21:51:37Z	20260726T215027Z	boards/board1.txt	ab(d4)@1.classic(t1,c4,w0,l0)@2.opener(rand,4)@1	ab(d6,tt,ord,nb200k)@1.learned(s98,5801570e)@1.opener(rand,4)@1	B	50	11	10	6.607	359.640	15.625	328.125	25	25	97123	1183954	77.00	112.00	21	21	4238925680	12
2026-07-26T21:51:37Z	20260726T215027Z	boards/board1.txt	ab(d4)@1.classic(t1,c4,w0,l0)@2.opener(rand,4)@1	ab(d6,tt,ord,qs,nb200k)@1.learned(s98,5801570e)@1.opener(rand,4)@1	W	61	12	9	12.316	745.820	15.625	687.500	31	30	199422	2306690	108.00	145.00	27	26	2861956546	12
2026-07-26T21:51:43Z	20260726T215027Z	boards/board1.txt	ab(d4)@1.classic(t1,c4,w0,l0)@2.opener(rand,4)@1	ab(d8,tt,ord,nb2m)@1.classic(t1,c4,w0,l0)@2.opener(rand,4)@1	B	52	10	13	10.622	5110.371	15.625	4593.750	26	26	156402	14058851	81.00	153.00	22	22	2498945673	12
2026-07-26T21:51:47Z	20260726T215027Z	boards/board1.txt	ab(d4)@1.classic(t1,c4,w0,l0)@2.opener(rand,4)@1	ab(d8,tt,ord,nb2m)@1.classic(t1,c4,w0,l0)@2.opener(rand,4)@1	B	52	11	13	8.837	4287.747	15.625	3750.000	26	26	129836	11967464	81.00	153.00	22	22	828255988	12
2026-07-26T21:51:47Z	20260726T215027Z	boards/board1.txt	ab(d4)@1.classic(t1,c4,w0,l0)@2.opener(rand,4)@1	rand@1	W	21	16	13	3.304	0.007	0.000	0.000	11	10	32916	0	28.00	0.00	7	0	4029982163	12
2026-07-26T21:51:49Z	20260726T215027Z	boards/board1.txt	ab(d6,ord,nb200k)@1.adv(t20,c77,w0,l0,f0,d-2,e0,m0,h0,b1,o0,r0,x0,n0,s1,g1)@1.opener(rand,4)@1	ab(d6,tt,ord,nb200k)@1.classic(t1,c4,w0,l0)@2.dil(r30,d4)@1.opener(rand,4)@1	W	72	7	8	1426.837	345.090	1296.875	328.125	36	36	3788880	1138401	181.89	159.00	32	32	3782554086	12
2026-07-26T21:51:49Z	20260726T215027Z	boards/board1.txt	ab(d6,ord,nb200k)@1.adv(t20,c77,w0,l0,f0,d-2,e0,m0,h0,b1,o0,r0,x0,n0,s1,g1)@1.opener(rand,4)@1	ab(d6,tt,ord,nb200k)@1.classic(t1,c4,w0,l0)@2.dil(r63)@1.opener(rand,4)@1	W	37	15	11	606.976	90.744	609.375	93.750	19	18	1739737	327823	79.92	36.00	15	6	4266475409	12
2026-07-26T21:51:51Z	20260726T215027Z	boards/board1.txt	ab(d6,ord,nb200k)@1.adv(t20,c77,w0,l0,f0,d-2,e0,m0,h0,b1,o0,r0,x0,n0,s1,g1)@1.opener(rand,4)@1	ab(d6,tt,ord,nb200k)@1.classic(t1,c4,w0,l0)@2.dil(r63)@1.opener(rand,4)@1	W	51	13	10	1159.493	179.037	1015.625	187.500	26	25	3093370	612795	115.94	42.00	22	8	2639378780	12
2026-07-26T21:51:52Z	20260726T215027Z	boards/board1.txt	ab(d6,ord,nb200k)@1.adv(t20,c77,w0,l0,f0,d-2,e0,m0,h0,b1,o0,r0,x0,n0,s1,g1)@1.opener(rand,4)@1	ab(d6,tt,ord,nb200k)@1.classic(t1,c4,w0,l0)@2.opener(rand,4)@1	B	63	7	9	938.768	404.543	875.000	390.625	32	31	2643868	1342385	153.94	153.00	28	27	1223689318	12
2026-07-26T21:52:04Z	20260726T215027Z	boards/board1.txt	ab(d6,ord,nb200k)@1.adv(t20,c77,w0,l0,f0,d-2,e0,m0,h0,b1,o0,r0,x0,n0,s1,g1)@1.opener(rand,4)@1	ab(d6,tt,ord,nb200k)@1.learned(s111,78ef6974)@1.opener(rand,4)@1	W	48	12	11	1037.574	11394.500	1031.250	10359.375	24	24	2818369	2311199	109.91	104.30	20	20	3150516667	12
2026-07-26T21:52:06Z	20260726T215027Z	boards/board1.txt	ab(d6,ord,nb200k)@1.adv(t20,c77,w0,l0,f0,d-2,e0,m0,h0,b1,o0,r0,x0,n0,s1,g1)@1.opener(rand,4)@1	ab(d6,tt,ord,nb200k)@1.learned(s3,68364898)@1.opener(rand,4)@1	B	65	9	7	1239.218	659.017	1171.875	625.000	33	32	3411082	2231833	159.87	158.65	29	28	1770033512	12
2026-07-26T21:52:08Z	20260726T215027Z	boards/board1.txt	ab(d6,ord,nb200k)@1.adv(t20,c77,w0,l0,f0,d-2,e0,m0,h0,b1,o0,r0,x0,n0,s1,g1)@1.opener(rand,4)@1	ab(d6,tt,ord,nb200k)@1.learned(s3,68364898)@1.opener(rand,4)@1	W	62	11	7	1255.734	641.382	1046.875	578.125	31	31	3102673	2046783	153.00	147.93	27	27	2673104671	12
2026-07-26T21:52:10Z	20260726T215027Z	boards/board1.txt	ab(d6,ord,nb200k)@1.adv(t20,c77,w0,l0,f0,d-2,e0,m0,h0,b1,o0,r0,x0,n0,s1,g1)@1.opener(rand,4)@1	ab(d6,tt,ord,nb200k)@1.learned(s6,eac8ab99)@1.opener(rand,4)@1	W	68	10	5	1207.544	689.489	1000.000	531.250	34	34	2952026	2154458	170.37	165.73	30	30	3028460606	12
2026-07-26T21:52:12Z	20260726T215027Z	boards/board1.txt	ab(d6,ord,nb200k)@1.adv(t20,c77,w0,l0,f0,d-2,e0,m0,h0,b1,o0,r0,x0,n0,s1,g1)@1.opener(rand,4)@1	ab(d6,tt,ord,nb200k)@1.learned(s76,ef183148)@1.opener(rand,4)@1	B	55	10	9	1261.792	757.191	1109.375	703.125	28	27	3419706	2838195	126.80	126.63	24	23	2277420281	12
2026-07-26T21:52:14Z	20260726T215027Z	boards/board1.txt	ab(d6,ord,nb200k)@1.adv(t20,c77,w0,l0,f0,d-2,e0,m0,h0,b1,o0,r0,x0,n0,s1,g1)@1.opener(rand,4)@1	ab(d6,tt,ord,nb200k)@1.learned(s98,5801570e)@1.opener(rand,4)@1	W	62	9	8	1112.961	705.038	984.375	687.500	31	31	3035385	2381488	152.68	148.00	27	27	33281079	12
2026-07-26T21:52:16Z	20260726T215027Z	boards/board1.txt	ab(d6,ord,nb200k)@1.adv(t20,c77,w0,l0,f0,d-2,e0,m0,h0,b1,o0,r0,x0,n0,s1,g1)@1.opener(rand,4)@1	ab(d6,tt,ord,nb200k)@1.learned(s98,5801570e)@1.opener(rand,4)@1	B	47	11	11	931.073	567.970	859.375	562.500	24	23	2568351	1776078	105.84	105.00	20	19	704719150	12
2026-07-26T21:52:17Z	20260726T215027Z	boards/board1.txt	ab(d6,ord,nb200k)@1.adv(t20,c77,w0,l0,f0,d-2,e0,m0,h0,b1,o0,r0,x0,n0,s1,g1)@1.opener(rand,4)@1	ab(d6,tt,ord,qs,nb200k)@1.learned(s98,5801570e)@1.opener(rand,4)@1	W	57	10	8	754.018	558.142	718.750	500.000	29	28	2038486	1733838	136.00	130.00	25	24	1174911504	12
2026-07-26T21:52:24Z	20260726T215027Z	boards/board1.txt	ab(d6,ord,nb200k)@1.adv(t20,c77,w0,l0,f0,d-2,e0,m0,h0,b1,o0,r0,x0,n0,s1,g1)@1.opener(rand,4)@1	ab(d8,tt,ord,nb2m)@1.classic(t1,c4,w0,l0)@2.opener(rand,4)@1	W	76	6	7	1284.337	5440.668	1156.250	4812.500	38	38	3375846	16499653	194.67	249.00	34	34	1306086100	12
2026-07-26T21:52:24Z	20260726T215027Z	boards/board1.txt	ab(d6,ord,nb200k)@1.adv(t20,c77,w0,l0,f0,d-2,e0,m0,h0,b1,o0,r0,x0,n0,s1,g1)@1.opener(rand,4)@1	rand@1	W	29	16	12	440.857	0.026	421.875	0.000	15	14	1211931	0	60.96	0.00	11	0	4095063302	12
2026-07-26T21:52:24Z	20260726T215027Z	boards/board1.txt	ab(d6,ord,nb200k)@1.adv(t20,c77,w0,l0,f0,d-2,e0,m0,h0,b1,o0,r0,x0,n0,s1,g1)@1.opener(rand,4)@1	rand@1	W	27	16	12	475.594	0.021	484.375	0.000	14	13	1365114	0	49.31	0.00	10	0	3438009697	12
2026-07-26T21:52:25Z	20260726T215027Z	boards/board1.txt	ab(d6,tt,ord,nb200k)@1.classic(t1,c4,w0,l0)@2.dil(r30,d4)@1.opener(rand,4)@1	ab(d6,tt,ord,nb200k)@1.classic(t1,c4,w0,l0)@2.dil(r63)@1.opener(rand,4)@1	W	25	16	13	57.627	12.020	31.250	15.625	13	12	171975	37034	40.00	6.00	9	1	3225482136	12
2026-07-26T21:52:25Z	20260726T215027Z	boards/board1.txt	ab(d6,tt,ord,nb200k)@1.classic(t1,c4,w0,l0)@2.dil(r30,d4)@1.opener(rand,4)@1	ab(d6,tt,ord,nb200k)@1.classic(t1,c4,w0,l0)@2.opener(rand,4)@1	B	41	12	12	179.056	217.941	156.250	218.750	21	20	449556	590733	80.00	87.00	17	16	433070962	12
2026-07-26T21:52:37Z	20260726T215027Z	boards/board1.txt	ab(d6,tt,ord,nb200k)@1.classic(t1,c4,w0,l0)@2.dil(r30,d4)@1.opener(rand,4)@1	ab(d6,tt,ord,nb200k)@1.learned(s111,78ef6974)@1.opener(rand,4)@1	B	65	8	9	400.973	11681.810	359.375	10671.875	33	32	1094939	2394859	147.00	158.26	29	28	300050894	12
2026-07-26T21:52:51Z	20260726T215027Z	boards/board1.txt	ab(d6,tt,ord,nb200k)@1.classic(t1,c4,w0,l0)@2.dil(r30,d4)@1.opener(rand,4)@1	ab(d6,tt,ord,nb200k)@1.learned(s111,78ef6974)@1.opener(rand,4)@1	B	71	7	7	359.008	13310.758	312.500	12015.625	36	35	908336	2632690	169.00	177.00	32	31	834072329	12
2026-07-26T21:52:52Z	20260726T215027Z	boards/board1.txt	ab(d6,tt,ord,nb200k)@1.classic(t1,c4,w0,l0)@2.dil(r30,d4)@1.opener(rand,4)@1	ab(d6,tt,ord,nb200k)@1.learned(s3,68364898)@1.opener(rand,4)@1	B	77	6	7	290.276	623.938	250.000	625.000	39	38	807222	1941234	178.00	195.00	35	34	2692337023	12
2026-07-26T21:52:53Z	20260726T215027Z	boards/board1.txt	ab(d6,tt,ord,nb200k)@1.classic(t1,c4,w0,l0)@2.dil(r30,d4)@1.opener(rand,4)@1	ab(d6,tt,ord,nb200k)@1.learned(s6,eac8ab99)@1.opener(rand,4)@1	B	65	7	9	280.996	699.784	265.625	593.750	33	32	802734	1897405	149.00	159.00	29	28	3819050838	12
2026-07-26T21:52:54Z	20260726T215027Z	boards/board1.txt	ab(d6,tt,ord,nb200k)@1.classic(t1,c4,w0,l0)@2.dil(r30,d4)@1.opener(rand,4)@1	ab(d6,tt,ord,nb200k)@1.learned(s76,ef183148)@1.opener(rand,4)@1	B	61	9	10	331.629	687.780	312.500	703.125	31	30	1012125	1950654	142.00	147.00	27	26	3463808492	12
2026-07-26T21:52:55Z	20260726T215027Z	boards/board1.txt	ab(d6,tt,ord,nb200k)@1.classic(t1,c4,w0,l0)@2.dil(r30,d4)@1.opener(rand,4)@1	ab(d6,tt,ord,nb200k)@1.learned(s76,ef183148)@1.opener(rand,4)@1	B	67	8	9	267.644	656.284	281.250	593.750	34	33	774753	2169235	155.00	165.00	30	29	3069168131	12
2026-07-26T21:52:55Z	20260726T215027Z	boards/board1.txt	ab(d6,tt,ord,nb200k)@1.classic(t1,c4,w0,l0)@2.dil(r30,d4)@1.opener(rand,4)@1	ab(d6,tt,ord,nb200k)@1.learned(s98,5801570e)@1.opener(rand,4)@1	B	55	9	10	264.819	572.285	203.125	531.250	28	27	832526	1473870	121.00	129.00	24	23	2645278738	12
2026-07-26T21:52:56Z	20260726T215027Z	boards/board1.txt	ab(d6,tt,ord,nb200k)@1.classic(t1,c4,w0,l0)@2.dil(r30,d4)@1.opener(rand,4)@1	ab(d6,tt,ord,qs,nb200k)@1.learned(s98,5801570e)@1.opener(rand,4)@1	B	41	10	11	117.405	354.813	78.125	328.125	21	20	345775	915534	75.00	87.00	17	16	2374453384	12
2026-07-26T21:53:00Z	20260726T215027Z	boards/board1.txt	ab(d6,tt,ord,nb200k)@1.classic(t1,c4,w0,l0)@2.dil(r30,d4)@1.opener(rand,4)@1	ab(d8,tt,ord,nb2m)@1.classic(t1,c4,w0,l0)@2.opener(rand,4)@1	B	51	10	12	53.767	4560.297	31.250	4343.750	26	25	163636	13478306	101.00	152.00	22	21	4282630091	12
2026-07-26T21:53:05Z	20260726T215027Z	boards/board1.txt	ab(d6,tt,ord,nb200k)@1.classic(t1,c4,w0,l0)@2.dil(r30,d4)@1.opener(rand,4)@1	ab(d8,tt,ord,nb2m)@1.classic(t1,c4,w0,l0)@2.opener(rand,4)@1	W	46	13	9	77.176	4584.180	93.750	4171.875	23	23	236366	13317714	97.00	129.00	19	19	1714091522	12
2026-07-26T21:53:05Z	20260726T215027Z	boards/board1.txt	ab(d6,tt,ord,nb200k)@1.classic(t1,c4,w0,l0)@2.dil(r30,d4)@1.opener(rand,4)@1	rand@1	W	17	16	13	50.875	0.010	46.875	0.000	9	8	161579	0	25.00	0.00	5	0	2747125389	12
2026-07-26T21:53:05Z	20260726T215027Z	boards/board1.txt	ab(d6,tt,ord,nb200k)@1.classic(t1,c4,w0,l0)@2.dil(r63)@1.opener(rand,4)@1	ab(d6,tt,ord,nb200k)@1.classic(t1,c4,w0,l0)@2.opener(rand,4)@1	B	20	14	16	53.662	94.517	62.500	78.125	10	10	160236	247822	18.00	31.00	3	6	2129875018	12
2026-07-26T21:53:15Z	20260726T215027Z	boards/board1.txt	ab(d6,tt,ord,nb200k)@1.classic(t1,c4,w0,l0)@2.dil(r63)@1.opener(rand,4)@1	ab(d6,tt,ord,nb200k)@1.learned(s111,78ef6974)@1.opener(rand,4)@1	B	40	11	15	101.785	9579.641	125.000	8734.375	20	20	287264	1905827	30.00	91.00	5	16	2679261046	12
2026-07-26T21:53:22Z	20260726T215027Z	boards/board1.txt	ab(d6,tt,ord,nb200k)@1.classic(t1,c4,w0,l0)@2.dil(r63)@1.opener(rand,4)@1	ab(d6,tt,ord,nb200k)@1.learned(s111,78ef6974)@1.opener(rand,4)@1	B	28	12	16	50.503	7181.257	46.875	6578.125	14	14	133100	1432311	12.00	52.73	2	10	1768586385	12
2026-07-26T21:53:23Z	20260726T215027Z	boards/board1.txt	ab(d6,tt,ord,nb200k)@1.classic(t1,c4,w0,l0)@2.dil(r63)@1.opener(rand,4)@1	ab(d6,tt,ord,nb200k)@1.learned(s3,68364898)@1.opener(rand,4)@1	B	28	11	15	89.157	253.786	62.500	250.000	14	14	268462	751972	30.00	55.00	5	10	1634434631	12
2026-07-26T21:53:23Z	20260726T215027Z	boards/board1.txt	ab(d6,tt,ord,nb200k)@1.classic(t1,c4,w0,l0)@2.dil(r63)@1.opener(rand,4)@1	ab(d6,tt,ord,nb200k)@1.learned(s6,eac8ab99)@1.opener(rand,4)@1	B	32	13	14	99.967	246.601	31.250	234.375	16	16	257531	752728	31.00	59.00	6	12	2200768942	12
2026-07-26T21:53:23Z	20260726T215027Z	boards/board1.txt	ab(d6,tt,ord,nb200k)@1.classic(t1,c4,w0,l0)@2.dil(r63)@1.opener(rand,4)@1	ab(d6,tt,ord,nb200k)@1.learned(s76,ef183148)@1.opener(rand,4)@1	B	38	11	13	96.086	405.508	62.500	375.000	19	19	265148	1148265	30.00	80.00	5	15	1207691044	12
2026-07-26T21:53:24Z	20260726T215027Z	boards/board1.txt	ab(d6,tt,ord,nb200k)@1.classic(t1,c4,w0,l0)@2.dil(r63)@1.opener(rand,4)@1	ab(d6,tt,ord,nb200k)@1.learned(s76,ef183148)@1.opener(rand,4)@1	B	47	10	12	116.524	430.093	156.250	312.500	24	23	325592	1191244	49.00	105.00	10	19	4213021243	12
2026-07-26T21:53:24Z	20260726T215027Z	boards/board1.txt	ab(d6,tt,ord,nb200k)@1.classic(t1,c4,w0,l0)@2.dil(r63)@1.opener(rand,4)@1	ab(d6,tt,ord,nb200k)@1.learned(s98,5801570e)@1.opener(rand,4)@1	B	50	12	12	89.796	422.954	62.500	390.625	25	25	237109	1248834	37.00	113.00	7	21	4027464250	12
2026-07-26T21:53:25Z	20260726T215027Z	boards/board1.txt	ab(d6,tt,ord,nb200k)@1.classic(t1,c4,w0,l0)@2.dil(r63)@1.opener(rand,4)@1	ab(d6,tt,ord,qs,nb200k)@1.learned(s98,5801570e)@1.opener(rand,4)@1	B	40	12	13	31.827	263.676	31.250	265.625	20	20	117715	786807	14.00	82.00	3	16	4180398416	12
2026-07-26T21:53:26Z	20260726T215027Z	boards/board1.txt	ab(d6,tt,ord,nb200k)@1.classic(t1,c4,w0,l0)@2.dil(r63)@1.opener(rand,4)@1	ab(d8,tt,ord,nb2m)@1.classic(t1,c4,w0,l0)@2.opener(rand,4)@1	B	18	13	16	25.506	1006.308	15.625	953.125	9	9	66895	2863127	12.00	33.00	2	5	1097522387	12
2026-07-26T21:53:31Z	20260726T215027Z	boards/board1.txt	ab(d6,tt,ord,nb200k)@1.classic(t1,c4,w0,l0)@2.dil(r63)@1.opener(rand,4)@1	ab(d8,tt,ord,nb2m)@1.classic(t1,c4,w0,l0)@2.opener(rand,4)@1	B	43	10	14	9.038	5110.066	31.250	4421.875	22	21	26822	13922814	25.00	129.00	5	17	2158661066	12
2026-07-26T21:53:31Z	20260726T215027Z	boards/board1.txt	ab(d6,tt,ord,nb200k)@1.classic(t1,c4,w0,l0)@2.dil(r63)@1.opener(rand,4)@1	rand@1	W	35	15	14	137.031	0.020	109.375	0.000	18	17	366827	0	37.00	0.00	7	0	2471121397	12
2026-07-26T21:53:41Z	20260726T215027Z	boards/board1.txt	ab(d6,tt,ord,nb200k)@1.classic(t1,c4,w0,l0)@2.opener(rand,4)@1	ab(d6,tt,ord,nb200k)@1.learned(s111,78ef6974)@1.opener(rand,4)@1	B	49	12	10	370.870	10037.820	343.750	9140.625	25	24	932525	2019387	112.00	110.63	21	20	3089613491	12
2026-07-26T21:53:42Z	20260726T215027Z	boards/board1.txt	ab(d6,tt,ord,nb200k)@1.classic(t1,c4,w0,l0)@2.opener(rand,4)@1	ab(d6,tt,ord,nb200k)@1.learned(s3,68364898)@1.opener(rand,4)@1	B	61	8	8	310.237	464.268	343.750	359.375	31	30	910665	1326073	148.00	147.00	27	26	1238004352	12
2026-07-26T21:53:43Z	20260726T215027Z	boards/board1.txt	ab(d6,tt,ord,nb200k)@1.classic(t1,c4,w0,l0)@2.opener(rand,4)@1	ab(d6,tt,ord,nb200k)@1.learned(s3,68364898)@1.opener(rand,4)@1	B	51	10	10	308.506	439.576	281.250	468.750	26	25	854300	1403784	118.00	117.00	22	21	187716023	12
2026-07-26T21:53:44Z	20260726T215027Z	boards/board1.txt	ab(d6,tt,ord,nb200k)@1.classic(t1,c4,w0,l0)@2.opener(rand,4)@1	ab(d6,tt,ord,nb200k)@1.learned(s6,eac8ab99)@1.opener(rand,4)@1	W	74	8	6	314.784	422.458	312.500	437.500	37	37	882474	1349916	189.00	184.00	33	33	2069548966	12
2026-07-26T21:53:45Z	20260726T215027Z	boards/board1.txt	ab(d6,tt,ord,nb200k)@1.classic(t1,c4,w0,l0)@2.opener(rand,4)@1	ab(d6,tt,ord,nb200k)@1.learned(s76,ef183148)@1.opener(rand,4)@1	W	62	11	7	374.538	642.082	312.500	671.875	31	31	1072111	1932138	153.00	148.00	27	27	580205857	12
2026-07-26T21:53:45Z	20260726T215027Z	boards/board1.txt	ab(d6,tt,ord,nb200k)@1.classic(t1,c4,w0,l0)@2.opener(rand,4)@1	ab(d6,tt,ord,nb200k)@1.learned(s98,5801570e)@1.opener(rand,4)@1	B	49	10	9	293.285	335.463	265.625	328.125	25	24	789010	974248	112.00	111.00	21	20	738315407	12
2026-07-26T21:53:46Z	20260726T215027Z	boards/board1.txt	ab(d6,tt,ord,nb200k)@1.classic(t1,c4,w0,l0)@2.opener(rand,4)@1	ab(d6,tt,ord,nb200k)@1.learned(s98,5801570e)@1.opener(rand,4)@1	B	55	9	9	289.482	446.950	250.000	453.125	28	27	791632	1339390	130.00	129.00	24	23	1844022662	12
2026-07-26T21:53:47Z	20260726T215027Z	boards/board1.txt	ab(d6,tt,ord,nb200k)@1.classic(t1,c4,w0,l0)@2.opener(rand,4)@1	ab(d6,tt,ord,qs,nb200k)@1.learned(s98,5801570e)@1.opener(rand,4)@1	W	65	10	8	352.494	677.678	343.750	640.625	33	32	962567	1803016	160.00	154.00	29	28	2456548936	12
2026-07-26T21:53:51Z	20260726T215027Z	boards/board1.txt	ab(d6,tt,ord,nb200k)@1.classic(t1,c4,w0,l0)@2.opener(rand,4)@1	ab(d8,tt,ord,nb2m)@1.classic(t1,c4,w0,l0)@2.opener(rand,4)@1	W	38	13	13	96.397	3569.911	62.500	3296.875	19	19	257336	10578617	81.00	97.00	15	15	561538604	12
2026-07-26T21:53:51Z	20260726T215027Z	boards/board1.txt	ab(d6,tt,ord,nb200k)@1.classic(t1,c4,w0,l0)@2.opener(rand,4)@1	rand@1	W	21	16	14	124.330	0.014	125.000	0.000	11	10	385937	0	37.00	0.00	7	0	193318622	12
2026-07-26T21:53:51Z	20260726T215027Z	boards/board1.txt	ab(d6,tt,ord,nb200k)@1.classic(t1,c4,w0,l0)@2.opener(rand,4)@1	rand@1	W	15	16	15	20.939	0.006	15.625	0.000	8	7	58829	0	11.00	0.00	4	0	2077121625	12
2026-07-26T21:54:08Z	20260726T215027Z	boards/board1.txt	ab(d6,tt,ord,nb200k)@1.learned(s111,78ef6974)@1.opener(rand,4)@1	ab(d6,tt,ord,nb200k)@1.learned(s3,68364898)@1.opener(rand,4)@1	B	79	5	7	15906.797	927.119	14593.750	906.250	40	39	3159978	2758889	199.79	200.94	36	35	732178340	12
2026-07-26T21:54:25Z	20260726T215027Z	boards/board1.txt	ab(d6,tt,ord,nb200k)@1.learned(s111,78ef6974)@1.opener(rand,4)@1	ab(d6,tt,ord,nb200k)@1.learned(s6,eac8ab99)@1.opener(rand,4)@1	W	80	6	8	16295.094	758.433	15203.125	593.750	40	40	3123843	1968116	205.96	202.00	36	36	1646916209	12
2026-07-26T21:54:40Z	20260726T215027Z	boards/board1.txt	ab(d6,tt,ord,nb200k)@1.learned(s111,78ef6974)@1.opener(rand,4)@1	ab(d6,tt,ord,nb200k)@1.learned(s76,ef183148)@1.opener(rand,4)@1	B	69	7	10	14590.187	772.617	13421.875	687.500	35	34	2820015	2004096	171.52	171.00	31	30	3693349995	12
2026-07-26T21:54:59Z	20260726T215027Z	boards/board1.txt	ab(d6,tt,ord,nb200k)@1.learned(s111,78ef6974)@1.opener(rand,4)@1	ab(d6,tt,ord,nb200k)@1.learned(s76,ef183148)@1.opener(rand,4)@1	B	71	5	10	17239.198	1064.103	15984.375	984.375	36	35	3295387	2839064	176.75	176.45	32	31	750626594	12
2026-07-26T21:55:12Z	20260726T215027Z	boards/board1.txt	ab(d6,tt,ord,nb200k)@1.learned(s111,78ef6974)@1.opener(rand,4)@1	ab(d6,tt,ord,nb200k)@1.learned(s98,5801570e)@1.opener(rand,4)@1	B	69	6	8	12236.651	794.412	11250.000	687.500	35	34	2585838	2191889	172.00	171.00	31	30	3689499155	12
2026-07-26T21:55:27Z	20260726T215027Z	boards/board1.txt	ab(d6,tt,ord,nb200k)@1.learned(s111,78ef6974)@1.opener(rand,4)@1	ab(d6,tt,ord,qs,nb200k)@1.learned(s98,5801570e)@1.opener(rand,4)@1	W	85	7	5	14553.891	1023.628	13265.625	1000.000	43	42	2893277	3187112	219.55	213.07	39	38	1995922623	12
2026-07-26T21:55:35Z	20260726T215027Z	boards/board1.txt	ab(d6,tt,ord,nb200k)@1.learned(s111,78ef6974)@1.opener(rand,4)@1	ab(d8,tt,ord,nb2m)@1.classic(t1,c4,w0,l0)@2.opener(rand,4)@1	W	62	10	9	2608.820	4805.403	2437.500	4375.000	31	31	569593	13617056	153.00	192.00	27	27	4191387822	12
2026-07-26T21:55:45Z	20260726T215027Z	boards/board1.txt	ab(d6,tt,ord,nb200k)@1.learned(s111,78ef6974)@1.opener(rand,4)@1	ab(d8,tt,ord,nb2m)@1.classic(t1,c4,w0,l0)@2.opener(rand,4)@1	B	49	11	13	4916.726	5613.865	4609.375	5203.125	25	24	1061967	15563155	112.00	144.00	21	20	3721623913	12
2026-07-26T21:55:52Z	20260726T215027Z	boards/board1.txt	ab(d6,tt,ord,nb200k)@1.learned(s111,78ef6974)@1.opener(rand,4)@1	rand@1	W	29	16	14	6788.535	0.022	6343.750	0.000	15	14	1500705	0	54.55	0.00	11	0	3828148294	12
2026-07-26T21:55:53Z	20260726T215027Z	boards/board1.txt	ab(d6,tt,ord,nb200k)@1.learned(s3,68364898)@1.opener(rand,4)@1	ab(d6,tt,ord,nb200k)@1.learned(s6,eac8ab99)@1.opener(rand,4)@1	B	71	7	10	832.254	761.101	812.500	734.375	36	35	2519125	2537746	178.00	176.92	32	31	1794195233	12
2026-07-26T21:55:55Z	20260726T215027Z	boards/board1.txt	ab(d6,tt,ord,nb200k)@1.learned(s3,68364898)@1.opener(rand,4)@1	ab(d6,tt,ord,nb200k)@1.learned(s76,ef183148)@1.opener(rand,4)@1	B	63	7	13	626.693	753.347	562.500	703.125	32	31	2388627	1895845	153.40	153.00	28	27	408875515	12
2026-07-26T21:55:56Z	20260726T215027Z	boards/board1.txt	ab(d6,tt,ord,nb200k)@1.learned(s3,68364898)@1.opener(rand,4)@1	ab(d6,tt,ord,nb200k)@1.learned(s76,ef183148)@1.opener(rand,4)@1	B	55	10	10	701.655	939.338	671.875	890.625	28	27	2445360	2496671	129.55	128.44	24	23	2204102642	12
2026-07-26T21:55:58Z	20260726T215027Z	boards/board1.txt	ab(d6,tt,ord,nb200k)@1.learned(s3,68364898)@1.opener(rand,4)@1	ab(d6,tt,ord,nb200k)@1.learned(s98,5801570e)@1.opener(rand,4)@1	B	77	6	6	660.150	701.124	625.000	671.875	39	38	2005081	1988328	196.00	195.00	35	34	4192388675	12
2026-07-26T21:55:59Z	20260726T215027Z	boards/board1.txt	ab(d6,tt,ord,nb200k)@1.learned(s3,68364898)@1.opener(rand,4)@1	ab(d6,tt,ord,qs,nb200k)@1.learned(s98,5801570e)@1.opener(rand,4)@1	W	83	7	7	767.027	860.545	796.875	750.000	42	41	2377210	2344654	213.81	208.00	38	37	49397775	12
2026-07-26T21:56:05Z	20260726T215027Z	boards/board1.txt	ab(d6,tt,ord,nb200k)@1.learned(s3,68364898)@1.opener(rand,4)@1	ab(d8,tt,ord,nb2m)@1.classic(t1,c4,w0,l0)@2.opener(rand,4)@1	B	53	12	11	236.582	5780.215	234.375	5468.750	27	26	771992	16342041	124.00	160.00	23	22	1567651486	12
2026-07-26T21:56:09Z	20260726T215027Z	boards/board1.txt	ab(d6,tt,ord,nb200k)@1.learned(s3,68364898)@1.opener(rand,4)@1	ab(d8,tt,ord,nb2m)@1.classic(t1,c4,w0,l0)@2.opener(rand,4)@1	B	41	13	12	303.649	2998.318	281.250	2765.625	21	20	975761	9180031	88.00	112.00	17	16	538388633	12
2026-07-26T21:56:09Z	20260726T215027Z	boards/board1.txt	ab(d6,tt,ord,nb200k)@1.learned(s3,68364898)@1.opener(rand,4)@1	rand@1	W	29	16	13	294.224	0.024	265.625	0.000	15	14	829704	0	61.00	0.00	11	0	1514274038	12
2026-07-26T21:56:11Z	20260726T215027Z	boards/board1.txt	ab(d6,tt,ord,nb200k)@1.learned(s6,eac8ab99)@1.opener(rand,4)@1	ab(d6,tt,ord,nb200k)@1.learned(s76,ef183148)@1.opener(rand,4)@1	W	74	9	6	761.978	921.659	703.125	875.000	37	37	2210906	2696804	189.00	183.68	33	33	3437333961	12
2026-07-26T21:56:12Z	20260726T215027Z	boards/board1.txt	ab(d6,tt,ord,nb200k)@1.learned(s6,eac8ab99)@1.opener(rand,4)@1	ab(d6,tt,ord,nb200k)@1.learned(s98,5801570e)@1.opener(rand,4)@1	W	54	9	9	517.713	508.638	468.750	515.625	27	27	1490006	1663853	129.00	124.00	23	23	3664653863	12
2026-07-26T21:56:13Z	20260726T215027Z	boards/board1.txt	ab(d6,tt,ord,nb200k)@1.learned(s6,eac8ab99)@1.opener(rand,4)@1	ab(d6,tt,ord,nb200k)@1.learned(s98,5801570e)@1.opener(rand,4)@1	B	69	8	7	603.837	559.583	578.125	484.375	35	34	1748654	1795212	172.00	171.00	31	30	4123117278	12
2026-07-26T21:56:14Z	20260726T215027Z	boards/board1.txt	ab(d6,tt,ord,nb200k)@1.learned(s6,eac8ab99)@1.opener(rand,4)@1	ab(d6,tt,ord,qs,nb200k)@1.learned(s98,5801570e)@1.opener(rand,4)@1	W	77	9	7	571.325	611.174	546.875	593.750	39	38	1794431	1813251	196.00	190.00	35	34	1910926048	12
2026-07-26T21:56:19Z	20260726T215027Z	boards/board1.txt	ab(d6,tt,ord,nb200k)@1.learned(s6,eac8ab99)@1.opener(rand,4)@1	ab(d8,tt,ord,nb2m)@1.classic(t1,c4,w0,l0)@2.opener(rand,4)@1	B	63	7	10	192.123	4305.041	187.500	4140.625	32	31	802732	14459384	154.00	200.00	28	27	1929834244	12
2026-07-26T21:56:19Z	20260726T215027Z	boards/board1.txt	ab(d6,tt,ord,nb200k)@1.learned(s6,eac8ab99)@1.opener(rand,4)@1	rand@1	W	23	16	13	156.478	0.016	156.250	0.000	12	11	585953	0	43.00	0.00	8	0	1578016374	12
2026-07-26T21:56:19Z	20260726T215027Z	boards/board1.txt	ab(d6,tt,ord,nb200k)@1.learned(s6,eac8ab99)@1.opener(rand,4)@1	rand@1	W	21	16	13	110.430	0.015	109.375	0.000	11	10	443811	0	37.00	0.00	7	0	3763491217	12
2026-07-26T21:56:20Z	20260726T215027Z	boards/board1.txt	ab(d6,tt,ord,nb200k)@1.learned(s76,ef183148)@1.opener(rand,4)@1	ab(d6,tt,ord,nb200k)@1.learned(s98,5801570e)@1.opener(rand,4)@1	W	78	6	4	627.935	601.787	625.000	593.750	39	39	2069476	2251350	201.00	196.00	35	35	4034519655	12
2026-07-26T21:56:21Z	20260726T215027Z	boards/board1.txt	ab(d6,tt,ord,nb200k)@1.learned(s76,ef183148)@1.opener(rand,4)@1	ab(d6,tt,ord,qs,nb200k)@1.learned(s98,5801570e)@1.opener(rand,4)@1	W	48	12	9	576.708	534.324	562.500	515.625	24	24	1639818	2286172	111.00	104.73	20	20	2508833507	12
2026-07-26T21:56:27Z	20260726T215027Z	boards/board1.txt	ab(d6,tt,ord,nb200k)@1.learned(s76,ef183148)@1.opener(rand,4)@1	ab(d8,tt,ord,nb2m)@1.classic(t1,c4,w0,l0)@2.opener(rand,4)@1	B	59	10	11	321.055	5221.551	359.375	4953.125	30	29	1176849	17442613	142.00	184.00	26	25	2241931618	12
2026-07-26T21:56:30Z	20260726T215027Z	boards/board1.txt	ab(d6,tt,ord,nb200k)@1.learned(s76,ef183148)@1.opener(rand,4)@1	ab(d8,tt,ord,nb2m)@1.classic(t1,c4,w0,l0)@2.opener(rand,4)@1	B	37	10	12	205.580	2932.209	187.500	2828.125	19	18	878458	9472070	76.00	96.00	15	14	507318509	12
2026-07-26T21:56:30Z	20260726T215027Z	boards/board1.txt	ab(d6,tt,ord,nb200k)@1.learned(s76,ef183148)@1.opener(rand,4)@1	rand@1	W	37	16	13	447.839	0.028	437.500	0.000	19	18	1515621	0	77.00	0.00	15	0	2251043954	12
2026-07-26T21:56:31Z	20260726T215027Z	boards/board1.txt	ab(d6,tt,ord,nb200k)@1.learned(s98,5801570e)@1.opener(rand,4)@1	ab(d6,tt,ord,qs,nb200k)@1.learned(s98,5801570e)@1.opener(rand,4)@1	B	65	8	10	445.757	617.150	406.250	640.625	33	32	1484158	2187758	160.00	159.00	29	28	1200003014	12
2026-07-26T21:56:37Z	20260726T215027Z	boards/board1.txt	ab(d6,tt,ord,nb200k)@1.learned(s98,5801570e)@1.opener(rand,4)@1	ab(d8,tt,ord,nb2m)@1.classic(t1,c4,w0,l0)@2.opener(rand,4)@1	B	63	9	11	206.809	5542.116	203.125	5312.500	32	31	712785	18853292	154.00	200.00	28	27	311147885	12
2026-07-26T21:56:42Z	20260726T215027Z	boards/board1.txt	ab(d6,tt,ord,nb200k)@1.learned(s98,5801570e)@1.opener(rand,4)@1	ab(d8,tt,ord,nb2m)@1.classic(t1,c4,w0,l0)@2.opener(rand,4)@1	B	61	11	12	196.783	4340.610	187.500	4265.625	31	30	791511	17082847	148.00	192.00	27	26	3029202616	12
2026-07-26T21:56:42Z	20260726T215027Z	boards/board1.txt	ab(d6,tt,ord,nb200k)@1.learned(s98,5801570e)@1.opener(rand,4)@1	rand@1	W	31	15	15	232.078	0.023	234.375	0.000	16	15	981126	0	62.00	0.00	12	0	755571439	12
2026-07-26T21:56:46Z	20260726T215027Z	boards/board1.txt	ab(d6,tt,ord,qs,nb200k)@1.learned(s98,5801570e)@1.opener(rand,4)@1	ab(d8,tt,ord,nb2m)@1.classic(t1,c4,w0,l0)@2.opener(rand,4)@1	W	70	8	8	257.116	4039.333	250.000	3937.500	35	35	1077161	17189318	177.00	224.00	31	31	4098581814	12
2026-07-26T21:56:46Z	20260726T215027Z	boards/board1.txt	ab(d6,tt,ord,qs,nb200k)@1.learned(s98,5801570e)@1.opener(rand,4)@1	rand@1	W	27	15	12	175.629	0.018	171.875	0.000	14	13	780759	0	55.00	0.00	10	0	3756584380	12
2026-07-26T21:56:47Z	20260726T215027Z	boards/board1.txt	ab(d6,tt,ord,qs,nb200k)@1.learned(s98,5801570e)@1.opener(rand,4)@1	rand@1	W	29	16	11	286.219	0.022	296.875	0.000	15	14	1224989	0	61.00	0.00	11	0	3523760019	12
2026-07-26T21:56:48Z	20260726T215027Z	boards/board1.txt	ab(d8,tt,ord,nb2m)@1.classic(t1,c4,w0,l0)@2.opener(rand,4)@1	rand@1	W	21	16	13	1120.704	0.015	1062.500	0.000	11	10	4670772	0	49.00	0.00	7	0	1080504707	12
2026-07-26T21:50:27Z	20260726T215027Z	boards/board1.txt	ab(d4)@1.classic(t1,c4,w0,l0)@2.opener(rand,4)@1	ab(d2)@1.classic(t1,c4,w0,l0)@2.opener(rand,4)@1	W	39	13	13	7.065	0.153	0.000	15.625	20	19	112179	2056	64.00	28.00	16	15	2234936212	12
2026-07-26T21:50:28Z	20260726T215027Z	boards/board1.txt	ab(d6,ord,nb200k)@1.adv(t20,c77,w0,l0,f0,d-2,e0,m0,h0,b1,o0,r0,x0,n0,s1,g1)@1.opener(rand,4)@1	ab(d2)@1.classic(t1,c4,w0,l0)@2.opener(rand,4)@1	W	67	8	9	1555.685	0.316	1375.000	0.000	34	33	3848290	3798	161.83	56.00	30	29	3466978282	12
2026-07-26T21:50:29Z	20260726T215027Z	boards/board1.txt	ab(d6,tt,ord,nb200k)@1.classic(t1,c4,w0,l0)@2.dil(r30,d4)@1.opener(rand,4)@1	ab(d2)@1.classic(t1,c4,w0,l0)@2.opener(rand,4)@1	W	61	10	9	284.017	0.275	250.000	0.000	31	30	754269	3521	123.00	50.00	27	26	1118180389	12
2026-07-26T21:50:29Z	20260726T215027Z	boards/board1.txt	ab(d6,tt,ord,nb200k)@1.classic(t1,c4,w0,l0)@2.dil(r30,d4)@1.opener(rand,4)@1	ab(d2)@1.classic(t1,c4,w0,l0)@2.opener(rand,4)@1	W	41	13	14	300.034	0.211	265.625	15.625	21	20	800929	2648	86.00	30.00	17	16	890433680	12
2026-07-26T21:50:29Z	20260726T215027Z	boards/board1.txt	ab(d6,tt,ord,nb200k)@1.classic(t1,c4,w0,l0)@2.dil(r63)@1.opener(rand,4)@1	ab(d2)@1.classic(t1,c4,w0,l0)@2.opener(rand,4)@1	B	38	12	14	116.562	0.146	109.375	0.000	19	19	319171	1771	30.00	30.00	5	15	4128042160	12
2026-07-26T21:50:30Z	20260726T215027Z	boards/board1.txt	ab(d6,tt,ord,nb200k)@1.classic(t1,c4,w0,l0)@2.opener(rand,4)@1	ab(d2)@1.classic(t1,c4,w0,l0)@2.opener(rand,4)@1	W	55	10	10	366.625	0.245	328.125	0.000	28	27	1018404	3094	130.00	44.00	24	23	2903795018	12
2026-07-26T21:50:47Z	20260726T215027Z	boards/board1.txt	ab(d6,tt,ord,nb200k)@1.learned(s111,78ef6974)@1.opener(rand,4)@1	ab(d2)@1.classic(t1,c4,w0,l0)@2.opener(rand,4)@1	B	69	6	11	17478.636	0.332	15031.250	0.000	35	34	3297420	3607	171.63	60.00	31	30	32044662	12
2026-07-26T21:50:52Z	20260726T215027Z	boards/board1.txt	ab(d6,tt,ord,nb200k)@1.learned(s111,78ef6974)@1.opener(rand,4)@1	ab(d2)@1.classic(t1,c4,w0,l0)@2.opener(rand,4)@1	W	37	10	13	4888.092	0.145	4234.375	0.000	19	18	968252	1449	77.00	26.00	15	14	1280694673	12
2026-07-26T21:50:52Z	20260726T215027Z	boards/board1.txt	ab(d6,tt,ord,nb200k)@1.learned(s3,68364898)@1.opener(rand,4)@1	ab(d2)@1.classic(t1,c4,w0,l0)@2.opener(rand,4)@1	W	49	12	14	569.568	0.377	484.375	0.000	25	24	1605440	2778	113.00	38.00	21	20	2408354631	12
2026-07-26T21:50:53Z	20260726T215027Z	boards/board1.txt	ab(d6,tt,ord,nb200k)@1.learned(s6,eac8ab99)@1.opener(rand,4)@1	ab(d2)@1.classic(t1,c4,w0,l0)@2.opener(rand,4)@1	W	49	12	13	728.356	0.221	593.750	0.000	25	24	1975808	2445	112.77	38.00	21	20	2974688942	12
2026-07-26T21:50:54Z	20260726T215027Z	boards/board1.txt	ab(d6,tt,ord,nb200k)@1.learned(s76,ef183148)@1.opener(rand,4)@1	ab(d2)@1.classic(t1,c4,w0,l0)@2.opener(rand,4)@1	W	59	9	10	678.938	0.223	562.500	0.000	30	29	1882124	2487	142.00	48.00	26	25	1981611044	12
2026-07-26T21:50:55Z	20260726T215027Z	boards/board1.txt	ab(d6,tt,ord,nb200k)@1.learned(s76,ef183148)@1.opener(rand,4)@1	ab(d2)@1.classic(t1,c4,w0,l0)@2.opener(rand,4)@1	B	59	10	12	932.739	0.309	796.875	0.000	30	29	2638528	3495	142.00	50.00	26	25	1565804859	12
2026-07-26T21:50:55Z	20260726T215027Z	boards/board1.txt	ab(d6,tt,ord,nb200k)@1.learned(s98,5801570e)@1.opener(rand,4)@1	ab(d2)@1.classic(t1,c4,w0,l0)@2.opener(rand,4)@1	W	49	11	11	492.320	0.158	453.125	0.000	25	24	1429207	1746	112.00	38.00	21	20	1380247866	12
2026-07-26T21:50:56Z	20260726T215027Z	boards/board1.txt	ab(d6,tt,ord,qs,nb200k)@1.learned(s98,5801570e)@1.opener(rand,4)@1	ab(d2)@1.classic(t1,c4,w0,l0)@2.opener(rand,4)@1	W	55	11	12	996.536	0.290	906.250	0.000	28	27	2759642	3574	130.00	44.00	24	23	3193222736	12
2026-07-26T21:50:58Z	20260726T215027Z	boards/board1.txt	ab(d8,tt,ord,nb2m)@1.classic(t1,c4,w0,l0)@2.opener(rand,4)@1	ab(d2)@1.classic(t1,c4,w0,l0)@2.opener(rand,4)@1	W	31	14	14	2164.970	0.114	1875.000	0.000	16	15	5804744	1316	76.00	20.00	12	11	13245395	12
2026-07-26T21:51:06Z	20260726T215027Z	boards/board1.txt	ab(d8,tt,ord,nb2m)@1.classic(t1,c4,w0,l0)@2.opener(rand,4)@1	ab(d2)@1.classic(t1,c4,w0,l0)@2.opener(rand,4)@1	W	43	13	14	7372.129	0.215	6500.000	0.000	22	21	18485564	2751	125.00	32.00	18	17	2944572106	12
2026-07-26T21:51:06Z	20260726T215027Z	boards/board1.txt	rand@1	ab(d2)@1.classic(t1,c4,w0,l0)@2.opener(rand,4)@1	B	44	11	16	0.013	0.195	0.000	0.000	22	22	0	2543	0.00	36.00	0	18	741017333	12
2026-07-26T21:51:06Z	20260726T215027Z	boards/board1.txt	ab(d6,ord,nb200k)@1.adv(t20,c77,w0,l0,f0,d-2,e0,m0,h0,b1,o0,r0,x0,n0,s1,g1)@1.opener(rand,4)@1	ab(d4)@1.classic(t1,c4,w0,l0)@2.opener(rand,4)@1	W	37	13	13	620.608	3.734	546.875	0.000	19	18	1558207	57575	75.54	49.00	15	14	1239385352	12
2026-07-26T21:51:07Z	20260726T215027Z	boards/board1.txt	ab(d6,tt,ord,nb200k)@1.classic(t1,c4,w0,l0)@2.dil(r30,d4)@1.opener(rand,4)@1	ab(d4)@1.classic(t1,c4,w0,l0)@2.opener(rand,4)@1	W	43	13	11	175.784	5.368	156.250	0.000	22	21	519657	73637	84.00	61.00	18	17	2729703895	12
2026-07-26T21:51:07Z	20260726T215027Z	boards/board1.txt	ab(d6,tt,ord,nb200k)@1.classic(t1,c4,w0,l0)@2.dil(r30,d4)@1.opener(rand,4)@1	ab(d4)@1.classic(t1,c4,w0,l0)@2.opener(rand,4)@1	B	55	9	11	222.115	11.184	171.875	15.625	28	27	625356	143065	110.00	92.00	24	23	3068713550	12
2026-07-26T21:51:07Z	20260726T215027Z	boards/board1.txt	ab(d6,tt,ord,nb200k)@1.classic(t1,c4,w0,l0)@2.dil(r63)@1.opener(rand,4)@1	ab(d4)@1.classic(t1,c4,w0,l0)@2.opener(rand,4)@1	B	24	11	16	31.569	1.760	31.250	0.000	12	12	103997	25185	12.00	32.00	2	8	218773970	12
2026-07-26T21:51:07Z	20260726T215027Z	boards/board1.txt	ab(d6,tt,ord,nb200k)@1.classic(t1,c4,w0,l0)@2.opener(rand,4)@1	ab(d4)@1.classic(t1,c4,w0,l0)@2.opener(rand,4)@1	W	53	11	11	377.344	10.226	312.500	0.000	27	26	1107962	133968	124.00	81.00	23	22	878156052	12
2026-07-26T21:51:14Z	20260726T215027Z	boards/board1.txt	ab(d6,tt,ord,nb200k)@1.learned(s111,78ef6974)@1.opener(rand,4)@1	ab(d4)@1.classic(t1,c4,w0,l0)@2.opener(rand,4)@1	W	45	11	11	6747.439	4.107	5828.125	0.000	23	22	1329697	59254	100.00	65.00	19	18	3798578988	12
2026-07-26T21:51:26Z	20260726T215027Z	boards/board1.txt	ab(d6,tt,ord,nb200k)@1.learned(s111,78ef6974)@1.opener(rand,4)@1	ab(d4)@1.classic(t1,c4,w0,l0)@2.opener(rand,4)@1	B	53	7	11	11426.844	6.527	9859.375	0.000	27	26	2216821	88294	123.96	88.00	23	22	292371139	12
2026-07-26T21:51:26Z	20260726T215027Z	boards/board1.txt	ab(d6,tt,ord,nb200k)@1.learned(s3,68364898)@1.opener(rand,4)@1	ab(d4)@1.classic(t1,c4,w0,l0)@2.opener(rand,4)@1	W	51	9	10	456.572	4.658	406.250	0.000	26	25	1488701	69445	117.65	77.00	22	21	1224280893	12
2026-07-26T21:51:27Z	20260726T215027Z	boards/board1.txt	ab(d6,tt,ord,nb200k)@1.learned(s6,eac8ab99)@1.opener(rand,4)@1	ab(d4)@1.classic(t1,c4,w0,l0)@2.opener(rand,4)@1	W	61	11	9	648.968	9.080	531.250	0.000	31	30	1920623	130679	148.00	97.00	27	26	478535068	12
2026-07-26T21:51:27Z	20260726T215027Z	boards/board1.txt	ab(d6,tt,ord,nb200k)@1.learned(s76,ef183148)@1.opener(rand,4)@1	ab(d4)@1.classic(t1,c4,w0,l0)@2.opener(rand,4)@1	W	45	9	11	496.794	4.972	437.500	0.000	23	22	1466739	74989	100.00	65.00	19	18	646370358	12
2026-07-26T21:51:28Z	20260726T215027Z	boards/board1.txt	ab(d6,tt,ord,nb200k)@1.learned(s76,ef183148)@1.opener(rand,4)@1	ab(d4)@1.classic(t1,c4,w0,l0)@2.opener(rand,4)@1	W	57	8	9	542.958	5.245	500.000	0.000	29	28	1714404	79500	136.00	89.00	25	24	4146292689	12
2026-07-26T21:51:28Z	20260726T215027Z	boards/board1.txt	ab(d6,tt,ord,nb200k)@1.learned(s98,5801570e)@1.opener(rand,4)@1	ab(d4)@1.classic(t1,c4,w0,l0)@2.opener(rand,4)@1	W	53	11	10	602.223	12.240	500.000	15.625	27	26	1634791	98591	124.00	81.00	23	22	4238925680	12
2026-07-26T21:51:29Z	20260726T215027Z	boards/board1.txt	ab(d6,tt,ord,qs,nb200k)@1.learned(s98,5801570e)@1.opener(rand,4)@1	ab(d4)@1.classic(t1,c4,w0,l0)@2.opener(rand,4)@1	W	51	10	10	590.962	6.175	500.000	0.000	26	25	1536833	85542	116.00	77.00	22	21	2861956546	12
2026-07-26T21:51:35Z	20260726T215027Z	boards/board1.txt	ab(d8,tt,ord,nb2m)@1.classic(t1,c4,w0,l0)@2.opener(rand,4)@1	ab(d4)@1.classic(t1,c4,w0,l0)@2.opener(rand,4)@1	B	53	9	12	6150.416	8.753	5546.875	0.000	27	26	16549107	142863	160.00	88.00	23	22	2498945673	12
2026-07-26T21:51:41Z	20260726T215027Z	boards/board1.txt	ab(d8,tt,ord,nb2m)@1.classic(t1,c4,w0,l0)@2.opener(rand,4)@1	ab(d4)@1.classic(t1,c4,w0,l0)@2.opener(rand,4)@1	W	61	12	10	6254.218	11.125	5203.125	15.625	31	30	16212960	172164	193.00	97.00	27	26	828255988	12
2026-07-26T21:51:41Z	20260726T215027Z	boards/board1.txt	rand@1	ab(d4)@1.classic(t1,c4,w0,l0)@2.opener(rand,4)@1	B	28	11	15	0.009	2.339	0.000	0.000	14	14	0	31782	0.00	40.00	0	10	4029982163	12
2026-07-26T21:51:43Z	20260726T215027Z	boards/board1.txt	ab(d6,tt,ord,nb200k)@1.classic(t1,c4,w0,l0)@2.dil(r30,d4)@1.opener(rand,4)@1	ab(d6,ord,nb200k)@1.adv(t20,c77,w0,l0,f0,d-2,e0,m0,h0,b1,o0,r0,x0,n0,s1,g1)@1.opener(rand,4)@1	W	82	6	5	363.205	1347.462	265.625	1203.125	41	41	1062821	3384013	191.00	207.40	37	37	3782554086	12
2026-07-26T21:51:44Z	20260726T215027Z	boards/board1.txt	ab(d6,tt,ord,nb200k)@1.classic(t1,c4,w0,l0)@2.dil(r63)@1.opener(rand,4)@1	ab(d6,ord,nb200k)@1.adv(t20,c77,w0,l0,f0,d-2,e0,m0,h0,b1,o0,r0,x0,n0,s1,g1)@1.opener(rand,4)@1	B	27	13	15	65.459	455.799	31.250	406.250	14	13	187208	1106598	25.00	48.52	5	9	4266475409	12
2026-07-26T21:51:44Z	20260726T215027Z	boards/board1.txt	ab(d6,tt,ord,nb200k)@1.classic(t1,c4,w0,l0)@2.dil(r63)@1.opener(rand,4)@1	ab(d6,ord,nb200k)@1.adv(t20,c77,w0,l0,f0,d-2,e0,m0,h0,b1,o0,r0,x0,n0,s1,g1)@1.opener(rand,4)@1	B	22	14	16	25.649	318.086	31.250	218.750	11	11	74396	774673	6.00	32.00	1	7	2639378780	12
2026-07-26T21:51:46Z	20260726T215027Z	boards/board1.txt	ab(d6,tt,ord,nb200k)@1.classic(t1,c4,w0,l0)@2.opener(rand,4)@1	ab(d6,ord,nb200k)@1.adv(t20,c77,w0,l0,f0,d-2,e0,m0,h0,b1,o0,r0,x0,n0,s1,g1)@1.opener(rand,4)@1	B	63	9	10	489.424	1121.030	468.750	968.750	32	31	1418499	2959019	154.00	151.48	28	27	1223689318	12
2026-07-26T21:52:04Z	20260726T215027Z	boards/board1.txt	ab(d6,tt,ord,nb200k)@1.learned(s111,78ef6974)@1.opener(rand,4)@1	ab(d6,ord,nb200k)@1.adv(t20,c77,w0,l0,f0,d-2,e0,m0,h0,b1,o0,r0,x0,n0,s1,g1)@1.opener(rand,4)@1	W	60	7	11	17262.557	1450.671	14625.000	1359.375	30	30	3365400	3805442	144.89	137.91	26	26	3150516667	12
2026-07-26T21:52:06Z	20260726T215027Z	boards/board1.txt	ab(d6,tt,ord,nb200k)@1.learned(s3,68364898)@1.opener(rand,4)@1	ab(d6,ord,nb200k)@1.adv(t20,c77,w0,l0,f0,d-2,e0,m0,h0,b1,o0,r0,x0,n0,s1,g1)@1.opener(rand,4)@1	B	63	8	10	781.797	1353.820	656.250	1171.875	32	31	2254922	3511897	154.00	149.84	28	27	1770033512	12
2026-07-26T21:52:08Z	20260726T215027Z	boards/board1.txt	ab(d6,tt,ord,nb200k)@1.learned(s3,68364898)@1.opener(rand,4)@1	ab(d6,ord,nb200k)@1.adv(t20,c77,w0,l0,f0,d-2,e0,m0,h0,b1,o0,r0,x0,n0,s1,g1)@1.opener(rand,4)@1	W	48	11	10	674.629	1049.285	578.125	890.625	24	24	2108861	2555641	109.03	105.33	20	20	2673104671	12
2026-07-26T21:52:10Z	20260726T215027Z	boards/board1.txt	ab(d6,tt,ord,nb200k)@1.learned(s6,eac8ab99)@1.opener(rand,4)@1	ab(d6,ord,nb200k)@1.adv(t20,c77,w0,l0,f0,d-2,e0,m0,h0,b1,o0,r0,x0,n0,s1,g1)@1.opener(rand,4)@1	B	61	9	11	633.982	1248.757	593.750	968.750	31	30	2076788	3109565	148.00	146.93	27	26	3028460606	12
2026-07-26T21:52:12Z	20260726T215027Z	boards/board1.txt	ab(d6,tt,ord,nb200k)@1.learned(s76,ef183148)@1.opener(rand,4)@1	ab(d6,ord,nb200k)@1.adv(t20,c77,w0,l0,f0,d-2,e0,m0,h0,b1,o0,r0,x0,n0,s1,g1)@1.opener(rand,4)@1	W	56	10	9	729.167	1140.915	562.500	984.375	28	28	2309644	2961568	132.68	128.63	24	24	2277420281	12
2026-07-26T21:52:14Z	20260726T215027Z	boards/board1.txt	ab(d6,tt,ord,nb200k)@1.learned(s98,5801570e)@1.opener(rand,4)@1	ab(d6,ord,nb200k)@1.adv(t20,c77,w0,l0,f0,d-2,e0,m0,h0,b1,o0,r0,x0,n0,s1,g1)@1.opener(rand,4)@1	B	65	8	9	1111.616	1358.243	921.875	1125.000	33	32	3193994	3395653	159.15	158.35	29	28	33281079	12
2026-07-26T21:52:16Z	20260726T215027Z	boards/board1.txt	ab(d6,tt,ord,nb200k)@1.learned(s98,5801570e)@1.opener(rand,4)@1	ab(d6,ord,nb200k)@1.adv(t20,c77,w0,l0,f0,d-2,e0,m0,h0,b1,o0,r0,x0,n0,s1,g1)@1.opener(rand,4)@1	B	47	10	12	715.597	1002.427	671.875	828.125	24	23	2357656	2531356	102.57	103.12	20	19	704719150	12
2026-07-26T21:52:18Z	20260726T215027Z	boards/board1.txt	ab(d6,tt,ord,qs,nb200k)@1.learned(s98,5801570e)@1.opener(rand,4)@1	ab(d6,ord,nb200k)@1.adv(t20,c77,w0,l0,f0,d-2,e0,m0,h0,b1,o0,r0,x0,n0,s1,g1)@1.opener(rand,4)@1	B	62	7	10	880.896	1252.318	734.375	1015.625	31	31	2718333	3209967	147.81	147.70	27	27	1174911504	12
2026-07-26T21:52:25Z	20260726T215027Z	boards/board1.txt	ab(d8,tt,ord,nb2m)@1.classic(t1,c4,w0,l0)@2.opener(rand,4)@1	ab(d6,ord,nb200k)@1.adv(t20,c77,w0,l0,f0,d-2,e0,m0,h0,b1,o0,r0,x0,n0,s1,g1)@1.opener(rand,4)@1	B	61	9	8	5602.944	1240.035	4765.625	1109.375	31	30	16248521	3225415	193.00	145.56	27	26	1306086100	12
2026-07-26T21:52:26Z	20260726T215027Z	boards/board1.txt	rand@1	ab(d6,ord,nb200k)@1.adv(t20,c77,w0,l0,f0,d-2,e0,m0,h0,b1,o0,r0,x0,n0,s1,g1)@1.opener(rand,4)@1	B	26	15	16	0.021	504.411	0.000	468.750	13	13	0	1238345	0.00	42.79	0	9	4095063302	12
2026-07-26T21:52:26Z	20260726T215027Z	boards/board1.txt	rand@1	ab(d6,ord,nb200k)@1.adv(t20,c77,w0,l0,f0,d-2,e0,m0,h0,b1,o0,r0,x0,n0,s1,g1)@1.opener(rand,4)@1	B	26	11	16	0.021	263.955	0.000	218.750	13	13	0	728903	0.00	49.00	0	9	3438009697	12
2026-07-26T21:52:26Z	20260726T215027Z	boards/board1.txt	ab(d6,tt,ord,nb200k)@1.classic(t1,c4,w0,l0)@2.dil(r63)@1.opener(rand,4)@1	ab(d6,tt,ord,nb200k)@1.classic(t1,c4,w0,l0)@2.dil(r30,d4)@1.opener(rand,4)@1	B	22	12	16	0.012	70.680	0.000	46.875	11	11	0	199930	0.00	31.00	0	7	3225482136	12
2026-07-26T21:52:26Z	20260726T215027Z	boards/board1.txt	ab(d6,tt,ord,nb200k)@1.classic(t1,c4,w0,l0)@2.opener(rand,4)@1	ab(d6,tt,ord,nb200k)@1.classic(t1,c4,w0,l0)@2.dil(r30,d4)@1.opener(rand,4)@1	B	41	12	12	265.402	167.950	203.125	187.500	21	20	672648	363111	88.00	79.00	17	16	433070962	12
2026-07-26T21:52:42Z	20260726T215027Z	boards/board1.txt	ab(d6,tt,ord,nb200k)@1.learned(s111,78ef6974)@1.opener(rand,4)@1	ab(d6,tt,ord,nb200k)@1.classic(t1,c4,w0,l0)@2.dil(r30,d4)@1.opener(rand,4)@1	B	75	8	7	14991.084	481.636	11812.500	343.750	38	37	2670895	1094967	189.77	173.00	34	33	300050894	12
2026-07-26T21:52:48Z	20260726T215027Z	boards/board1.txt	ab(d6,tt,ord,nb200k)@1.learned(s111,78ef6974)@1.opener(rand,4)@1	ab(d6,tt,ord,nb200k)@1.classic(t1,c4,w0,l0)@2.dil(r30,d4)@1.opener(rand,4)@1	W	44	11	11	6484.936	215.252	5531.250	187.500	22	22	1291450	638682	99.00	90.00	18	18	834072329	12
2026-07-26T21:52:49Z	20260726T215027Z	boards/board1.txt	ab(d6,tt,ord,nb200k)@1.learned(s3,68364898)@1.opener(rand,4)@1	ab(d6,tt,ord,nb200k)@1.classic(t1,c4,w0,l0)@2.dil(r30,d4)@1.opener(rand,4)@1	W	70	9	6	699.205	288.319	671.875	265.625	35	35	1885367	831634	177.00	155.00	31	31	2692337023	12
2026-07-26T21:52:51Z	20260726T215027Z	boards/board1.txt	ab(d6,tt,ord,nb200k)@1.learned(s6,eac8ab99)@1.opener(rand,4)@1	ab(d6,tt,ord,nb200k)@1.classic(t1,c4,w0,l0)@2.dil(r30,d4)@1.opener(rand,4)@1	W	78	8	8	778.509	478.181	625.000	453.125	39	39	2027962	1182282	201.00	184.00	35	35	3819050838	12
2026-07-26T21:52:52Z	20260726T215027Z	boards/board1.txt	ab(d6,tt,ord,nb200k)@1.learned(s76,ef183148)@1.opener(rand,4)@1	ab(d6,tt,ord,nb200k)@1.classic(t1,c4,w0,l0)@2.dil(r30,d4)@1.opener(rand,4)@1	W	66	8	8	660.373	353.897	546.875	312.500	33	33	1995688	890742	165.00	153.00	29	29	3463808492	12
2026-07-26T21:52:53Z	20260726T215027Z	boards/board1.txt	ab(d6,tt,ord,nb200k)@1.learned(s76,ef183148)@1.opener(rand,4)@1	ab(d6,tt,ord,nb200k)@1.classic(t1,c4,w0,l0)@2.dil(r30,d4)@1.opener(rand,4)@1	B	71	6	7	637.291	319.295	562.500	265.625	36	35	1754492	848578	178.00	162.00	32	31	3069168131	12
2026-07-26T21:52:54Z	20260726T215027Z	boards/board1.txt	ab(d6,tt,ord,nb200k)@1.learned(s98,5801570e)@1.opener(rand,4)@1	ab(d6,tt,ord,nb200k)@1.classic(t1,c4,w0,l0)@2.dil(r30,d4)@1.opener(rand,4)@1	W	58	10	6	787.366	333.009	734.375	265.625	29	29	2145264	857262	141.00	125.00	25	25	2645278738	12
2026-07-26T21:52:55Z	20260726T215027Z	boards/board1.txt	ab(d6,tt,ord,qs,nb200k)@1.learned(s98,5801570e)@1.opener(rand,4)@1	ab(d6,tt,ord,nb200k)@1.classic(t1,c4,w0,l0)@2.dil(r30,d4)@1.opener(rand,4)@1	W	50	11	9	649.300	206.308	468.750	203.125	25	25	1670619	582570	115.39	97.00	21	21	2374453384	12
2026-07-26T21:53:01Z	20260726T215027Z	boards/board1.txt	ab(d8,tt,ord,nb2m)@1.classic(t1,c4,w0,l0)@2.opener(rand,4)@1	ab(d6,tt,ord,nb200k)@1.classic(t1,c4,w0,l0)@2.dil(r30,d4)@1.opener(rand,4)@1	W	60	8	10	5904.897	88.204	5109.375	62.500	30	30	15879014	266009	192.00	122.00	26	26	4282630091	12
2026-07-26T21:53:06Z	20260726T215027Z	boards/board1.txt	ab(d8,tt,ord,nb2m)@1.classic(t1,c4,w0,l0)@2.opener(rand,4)@1	ab(d6,tt,ord,nb200k)@1.classic(t1,c4,w0,l0)@2.dil(r30,d4)@1.opener(rand,4)@1	W	50	11	11	5124.341	68.949	4484.375	93.750	25	25	13574149	241029	152.00	104.00	21	21	1714091522	12
2026-07-26T21:53:06Z	20260726T215027Z	boards/board1.txt	rand@1	ab(d6,tt,ord,nb200k)@1.classic(t1,c4,w0,l0)@2.dil(r30,d4)@1.opener(rand,4)@1	B	20	14	16	0.013	115.199	0.000	93.750	10	10	0	263175	0.00	26.00	0	6	2747125389	12
2026-07-26T21:53:06Z	20260726T215027Z	boards/board1.txt	ab(d6,tt,ord,nb200k)@1.classic(t1,c4,w0,l0)@2.opener(rand,4)@1	ab(d6,tt,ord,nb200k)@1.classic(t1,c4,w0,l0)@2.dil(r63)@1.opener(rand,4)@1	W	27	15	13	173.035	84.130	109.375	46.875	14	13	366490	152992	55.00	24.00	10	4	2129875018	12
2026-07-26T21:53:11Z	20260726T215027Z	boards/board1.txt	ab(d6,tt,ord,nb200k)@1.learned(s111,78ef6974)@1.opener(rand,4)@1	ab(d6,tt,ord,nb200k)@1.classic(t1,c4,w0,l0)@2.dil(r63)@1.opener(rand,4)@1	W	27	15	14	4448.891	26.956	3531.250	31.250	14	13	835875	72900	47.00	12.00	10	2	2679261046	12
2026-07-26T21:53:18Z	20260726T215027Z	boards/board1.txt	ab(d6,tt,ord,nb200k)@1.learned(s111,78ef6974)@1.opener(rand,4)@1	ab(d6,tt,ord,nb200k)@1.classic(t1,c4,w0,l0)@2.dil(r63)@1.opener(rand,4)@1	W	37	14	12	7150.463	38.070	6078.125	15.625	19	18	1357829	80172	76.00	16.00	15	4	1768586385	12
2026-07-26T21:53:18Z	20260726T215027Z	boards/board1.txt	ab(d6,tt,ord,nb200k)@1.learned(s3,68364898)@1.opener(rand,4)@1	ab(d6,tt,ord,nb200k)@1.classic(t1,c4,w0,l0)@2.dil(r63)@1.opener(rand,4)@1	W	35	14	12	343.828	87.370	328.125	78.125	18	17	1016224	231451	75.00	33.00	14	6	1634434631	12
2026-07-26T21:53:19Z	20260726T215027Z	boards/board1.txt	ab(d6,tt,ord,nb200k)@1.learned(s6,eac8ab99)@1.opener(rand,4)@1	ab(d6,tt,ord,nb200k)@1.classic(t1,c4,w0,l0)@2.dil(r63)@1.opener(rand,4)@1	W	35	15	12	371.038	132.463	343.750	93.750	18	17	1001406	377503	76.00	36.00	14	6	2200768942	12
2026-07-26T21:53:19Z	20260726T215027Z	boards/board1.txt	ab(d6,tt,ord,nb200k)@1.learned(s76,ef183148)@1.opener(rand,4)@1	ab(d6,tt,ord,nb200k)@1.classic(t1,c4,w0,l0)@2.dil(r63)@1.opener(rand,4)@1	W	33	16	11	373.237	94.895	343.750	93.750	17	16	1006042	273328	70.00	30.00	13	5	1207691044	12
2026-07-26T21:53:20Z	20260726T215027Z	boards/board1.txt	ab(d6,tt,ord,nb200k)@1.learned(s76,ef183148)@1.opener(rand,4)@1	ab(d6,tt,ord,nb200k)@1.classic(t1,c4,w0,l0)@2.dil(r63)@1.opener(rand,4)@1	W	54	13	10	952.115	210.267	796.875	125.000	27	27	2486022	528966	131.91	61.00	23	11	4213021243	12
2026-07-26T21:53:21Z	20260726T215027Z	boards/board1.txt	ab(d6,tt,ord,nb200k)@1.learned(s98,5801570e)@1.opener(rand,4)@1	ab(d6,tt,ord,nb200k)@1.classic(t1,c4,w0,l0)@2.dil(r63)@1.opener(rand,4)@1	W	33	15	13	288.968	79.503	203.125	78.125	17	16	787502	216335	68.00	30.00	13	5	4027464250	12
2026-07-26T21:53:21Z	20260726T215027Z	boards/board1.txt	ab(d6,tt,ord,qs,nb200k)@1.learned(s98,5801570e)@1.opener(rand,4)@1	ab(d6,tt,ord,nb200k)@1.classic(t1,c4,w0,l0)@2.dil(r63)@1.opener(rand,4)@1	W	34	15	15	532.164	28.170	421.875	15.625	17	17	1515661	70253	69.93	7.00	13	2	4180398416	12
2026-07-26T21:53:24Z	20260726T215027Z	boards/board1.txt	ab(d8,tt,ord,nb2m)@1.classic(t1,c4,w0,l0)@2.opener(rand,4)@1	ab(d6,tt,ord,nb200k)@1.classic(t1,c4,w0,l0)@2.dil(r63)@1.opener(rand,4)@1	W	23	15	13	2180.351	2.535	1984.375	0.000	12	11	5936960	790	57.00	18.00	8	3	1097522387	12
2026-07-26T21:53:25Z	20260726T215027Z	boards/board1.txt	ab(d8,tt,ord,nb2m)@1.classic(t1,c4,w0,l0)@2.opener(rand,4)@1	ab(d6,tt,ord,nb200k)@1.classic(t1,c4,w0,l0)@2.dil(r63)@1.opener(rand,4)@1	W	21	16	13	1758.795	6.619	1640.625	0.000	11	10	4808144	37024	49.00	6.00	7	1	2158661066	12
2026-07-26T21:53:25Z	20260726T215027Z	boards/board1.txt	rand@1	ab(d6,tt,ord,nb200k)@1.classic(t1,c4,w0,l0)@2.dil(r63)@1.opener(rand,4)@1	B	44	13	15	0.026	168.837	0.000	156.250	22	22	0	497159	0.00	49.00	0	9	2471121397	12
2026-07-26T21:53:36Z	20260726T215027Z	boards/board1.txt	ab(d6,tt,ord,nb200k)@1.learned(s111,78ef6974)@1.opener(rand,4)@1	ab(d6,tt,ord,nb200k)@1.classic(t1,c4,w0,l0)@2.opener(rand,4)@1	B	73	4	9	9575.280	521.757	8515.625	406.250	37	36	1914715	1178422	184.00	183.00	33	32	3089613491	12
2026-07-26T21:53:37Z	20260726T215027Z	boards/board1.txt	ab(d6,tt,ord,nb200k)@1.learned(s3,68364898)@1.opener(rand,4)@1	ab(d6,tt,ord,nb200k)@1.classic(t1,c4,w0,l0)@2.opener(rand,4)@1	W	66	10	9	764.660	505.084	609.375	453.125	33	33	2128468	1206249	165.00	160.00	29	29	1238004352	12
2026-07-26T21:53:37Z	20260726T215027Z	boards/board1.txt	ab(d6,tt,ord,nb200k)@1.learned(s3,68364898)@1.opener(rand,4)@1	ab(d6,tt,ord,nb200k)@1.classic(t1,c4,w0,l0)@2.opener(rand,4)@1	W	38	11	13	365.543	242.417	312.500	234.375	19	19	1049139	581106	81.00	76.00	15	15	187716023	12
2026-07-26T21:53:38Z	20260726T215027Z	boards/board1.txt	ab(d6,tt,ord,nb200k)@1.learned(s6,eac8ab99)@1.opener(rand,4)@1	ab(d6,tt,ord,nb200k)@1.classic(t1,c4,w0,l0)@2.opener(rand,4)@1	W	46	11	10	410.576	234.557	343.750	187.500	23	23	1034983	627571	105.00	100.00	19	19	2069548966	12
2026-07-26T21:53:39Z	20260726T215027Z	boards/board1.txt	ab(d6,tt,ord,nb200k)@1.learned(s76,ef183148)@1.opener(rand,4)@1	ab(d6,tt,ord,nb200k)@1.classic(t1,c4,w0,l0)@2.opener(rand,4)@1	B	53	9	11	535.960	261.422	453.125	250.000	27	26	1461212	700283	124.00	123.00	23	22	580205857	12
2026-07-26T21:53:40Z	20260726T215027Z	boards/board1.txt	ab(d6,tt,ord,nb200k)@1.learned(s98,5801570e)@1.opener(rand,4)@1	ab(d6,tt,ord,nb200k)@1.classic(t1,c4,w0,l0)@2.opener(rand,4)@1	W	50	11	11	532.717	283.409	468.750	234.375	25	25	1393891	675243	117.00	112.00	21	21	738315407	12
2026-07-26T21:53:41Z	20260726T215027Z	boards/board1.txt	ab(d6,tt,ord,nb200k)@1.learned(s98,5801570e)@1.opener(rand,4)@1	ab(d6,tt,ord,nb200k)@1.classic(t1,c4,w0,l0)@2.opener(rand,4)@1	B	57	9	10	501.222	303.440	453.125	281.250	29	28	1501567	778132	136.00	135.00	25	24	1844022662	12
2026-07-26T21:53:42Z	20260726T215027Z	boards/board1.txt	ab(d6,tt,ord,qs,nb200k)@1.learned(s98,5801570e)@1.opener(rand,4)@1	ab(d6,tt,ord,nb200k)@1.classic(t1,c4,w0,l0)@2.opener(rand,4)@1	W	64	9	9	739.464	441.176	656.250	359.375	32	32	1909212	1123993	159.00	154.00	28	28	2456548936	12
2026-07-26T21:53:46Z	20260726T215027Z	boards/board1.txt	ab(d8,tt,ord,nb2m)@1.classic(t1,c4,w0,l0)@2.opener(rand,4)@1	ab(d6,tt,ord,nb200k)@1.classic(t1,c4,w0,l0)@2.opener(rand,4)@1	W	44	12	11	4238.693	70.951	3781.250	78.125	22	22	11238712	240717	128.00	94.00	18	18	561538604	12
2026-07-26T21:53:46Z	20260726T215027Z	boards/board1.txt	rand@1	ab(d6,tt,ord,nb200k)@1.classic(t1,c4,w0,l0)@2.opener(rand,4)@1	B	28	13	16	0.021	160.038	0.000	156.250	14	14	0	483517	0.00	55.00	0	10	193318622	12
2026-07-26T21:53:46Z	20260726T215027Z	boards/board1.txt	rand@1	ab(d6,tt,ord,nb200k)@1.classic(t1,c4,w0,l0)@2.opener(rand,4)@1	B	24	12	16	0.015	99.705	0.000	78.125	12	12	0	311967	0.00	40.00	0	8	2077121625	12
2026-07-26T21:54:03Z	20260726T215027Z	boards/board1.txt	ab(d6,tt,ord,nb200k)@1.learned(s3,68364898)@1.opener(rand,4)@1	ab(d6,tt,ord,nb200k)@1.learned(s111,78ef6974)@1.opener(rand,4)@1	B	85	6	8	961.122	15520.874	812.500	13421.875	43	42	2928078	2865374	219.80	218.33	39	38	732178340	12
2026-07-26T21:54:20Z	20260726T215027Z	boards/board1.txt	ab(d6,tt,ord,nb200k)@1.learned(s6,eac8ab99)@1.opener(rand,4)@1	ab(d6,tt,ord,nb200k)@1.learned(s111,78ef6974)@1.opener(rand,4)@1	B	67	8	12	899.925	16224.876	656.250	13703.125	34	33	2938916	3007849	164.31	164.93	30	29	1646916209	12
2026-07-26T21:54:37Z	20260726T215027Z	boards/board1.txt	ab(d6,tt,ord,nb200k)@1.learned(s76,ef183148)@1.opener(rand,4)@1	ab(d6,tt,ord,nb200k)@1.learned(s111,78ef6974)@1.opener(rand,4)@1	B	69	9	8	1136.284	16412.625	1109.375	14390.625	35	34	3134784	3033408	171.84	171.00	31	30	3693349995	12
2026-07-26T21:54:59Z	20260726T215027Z	boards/board1.txt	ab(d6,tt,ord,nb200k)@1.learned(s76,ef183148)@1.opener(rand,4)@1	ab(d6,tt,ord,nb200k)@1.learned(s111,78ef6974)@1.opener(rand,4)@1	B	65	12	8	1283.379	20376.980	1078.125	18015.625	33	32	3449504	3699772	158.13	157.12	29	28	750626594	12
2026-07-26T21:55:15Z	20260726T215027Z	boards/board1.txt	ab(d6,tt,ord,nb200k)@1.learned(s98,5801570e)@1.opener(rand,4)@1	ab(d6,tt,ord,nb200k)@1.learned(s111,78ef6974)@1.opener(rand,4)@1	B	69	8	10	1036.629	14661.582	890.625	12468.750	35	34	2882140	2680315	171.85	171.00	31	30	3689499155	12
2026-07-26T21:55:28Z	20260726T215027Z	boards/board1.txt	ab(d6,tt,ord,qs,nb200k)@1.learned(s98,5801570e)@1.opener(rand,4)@1	ab(d6,tt,ord,nb200k)@1.learned(s111,78ef6974)@1.opener(rand,4)@1	W	72	8	6	872.197	12243.203	812.500	10390.625	36	36	2237691	2191397	182.82	178.00	32	32	1995922623	12
2026-07-26T21:55:37Z	20260726T215027Z	boards/board1.txt	ab(d8,tt,ord,nb2m)@1.classic(t1,c4,w0,l0)@2.opener(rand,4)@1	ab(d6,tt,ord,nb200k)@1.learned(s111,78ef6974)@1.opener(rand,4)@1	W	50	13	11	4974.941	3658.384	4421.875	3359.375	25	25	14008867	736192	152.00	112.00	21	21	4191387822	12
2026-07-26T21:55:43Z	20260726T215027Z	boards/board1.txt	ab(d8,tt,ord,nb2m)@1.classic(t1,c4,w0,l0)@2.opener(rand,4)@1	ab(d6,tt,ord,nb200k)@1.learned(s111,78ef6974)@1.opener(rand,4)@1	W	46	13	12	4153.001	2199.631	3875.000	1968.750	23	23	11763819	498289	136.00	100.00	19	19	3721623913	12
2026-07-26T21:55:45Z	20260726T215027Z	boards/board1.txt	rand@1	ab(d6,tt,ord,nb200k)@1.learned(s111,78ef6974)@1.opener(rand,4)@1	B	22	12	16	0.013	2429.995	0.000	2312.500	11	11	0	531471	0.00	32.00	0	7	3828148294	12
2026-07-26T21:55:47Z	20260726T215027Z	boards/board1.txt	ab(d6,tt,ord,nb200k)@1.learned(s6,eac8ab99)@1.opener(rand,4)@1	ab(d6,tt,ord,nb200k)@1.learned(s3,68364898)@1.opener(rand,4)@1	W	80	6	6	674.116	654.371	640.625	578.125	40	40	2215899	1853451	206.70	202.00	36	36	1794195233	12
2026-07-26T21:55:48Z	20260726T215027Z	boards/board1.txt	ab(d6,tt,ord,nb200k)@1.learned(s76,ef183148)@1.opener(rand,4)@1	ab(d6,tt,ord,nb200k)@1.learned(s3,68364898)@1.opener(rand,4)@1	W	86	7	4	857.574	759.340	796.875	703.125	43	43	2583754	2340830	224.61	220.00	39	39	408875515	12
2026-07-26T21:55:50Z	20260726T215027Z	boards/board1.txt	ab(d6,tt,ord,nb200k)@1.learned(s76,ef183148)@1.opener(rand,4)@1	ab(d6,tt,ord,nb200k)@1.learned(s3,68364898)@1.opener(rand,4)@1	W	68	9	6	921.414	781.425	875.000	734.375	34	34	2665360	2387710	170.52	166.00	30	30	2204102642	12
2026-07-26T21:55:51Z	20260726T215027Z	boards/board1.txt	ab(d6,tt,ord,nb200k)@1.learned(s98,5801570e)@1.opener(rand,4)@1	ab(d6,tt,ord,nb200k)@1.learned(s3,68364898)@1.opener(rand,4)@1	W	88	5	5	716.575	708.694	656.250	640.625	44	44	2114380	2162879	231.00	226.00	40	40	4192388675	12
2026-07-26T21:55:53Z	20260726T215027Z	boards/board1.txt	ab(d6,tt,ord,qs,nb200k)@1.learned(s98,5801570e)@1.opener(rand,4)@1	ab(d6,tt,ord,nb200k)@1.learned(s3,68364898)@1.opener(rand,4)@1	W	66	9	7	755.929	624.373	671.875	593.750	33	33	2018590	1936836	164.83	160.00	29	29	49397775	12
2026-07-26T21:56:00Z	20260726T215027Z	boards/board1.txt	ab(d8,tt,ord,nb2m)@1.classic(t1,c4,w0,l0)@2.opener(rand,4)@1	ab(d6,tt,ord,nb200k)@1.learned(s3,68364898)@1.opener(rand,4)@1	B	59	9	9	7340.083	226.837	6750.000	203.125	30	29	20145407	840724	185.00	141.00	26	25	1567651486	12
2026-07-26T21:56:06Z	20260726T215027Z	boards/board1.txt	ab(d8,tt,ord,nb2m)@1.classic(t1,c4,w0,l0)@2.opener(rand,4)@1	ab(d6,tt,ord,nb200k)@1.learned(s3,68364898)@1.opener(rand,4)@1	W	52	11	9	5605.775	152.823	5171.875	187.500	26	26	15634880	503290	160.00	118.00	22	22	538388633	12
2026-07-26T21:56:06Z	20260726T215027Z	boards/board1.txt	rand@1	ab(d6,tt,ord,nb200k)@1.learned(s3,68364898)@1.opener(rand,4)@1	B	20	14	16	0.012	137.752	0.000	140.625	10	10	0	400427	0.00	31.00	0	6	1514274038	12
2026-07-26T21:56:08Z	20260726T215027Z	boards/board1.txt	ab(d6,tt,ord,nb200k)@1.learned(s76,ef183148)@1.opener(rand,4)@1	ab(d6,tt,ord,nb200k)@1.learned(s6,eac8ab99)@1.opener(rand,4)@1	W	54	9	9	666.178	636.924	609.375	593.750	27	27	2059642	2079047	128.97	124.00	23	23	3437333961	12
2026-07-26T21:56:09Z	20260726T215027Z	boards/board1.txt	ab(d6,tt,ord,nb200k)@1.learned(s98,5801570e)@1.opener(rand,4)@1	ab(d6,tt,ord,nb200k)@1.learned(s6,eac8ab99)@1.opener(rand,4)@1	W	66	10	8	850.202	721.370	828.125	718.750	33	33	2367005	2383537	165.00	160.00	29	29	3664653863	12
2026-07-26T21:56:10Z	20260726T215027Z	boards/board1.txt	ab(d6,tt,ord,nb200k)@1.learned(s98,5801570e)@1.opener(rand,4)@1	ab(d6,tt,ord,nb200k)@1.learned(s6,eac8ab99)@1.opener(rand,4)@1	W	86	6	7	655.204	583.830	703.125	437.500	43	43	1968631	1754799	225.00	220.00	39	39	4123117278	12
2026-07-26T21:56:12Z	20260726T215027Z	boards/board1.txt	ab(d6,tt,ord,qs,nb200k)@1.learned(s98,5801570e)@1.opener(rand,4)@1	ab(d6,tt,ord,nb200k)@1.learned(s6,eac8ab99)@1.opener(rand,4)@1	W	52	13	11	730.296	564.998	703.125	484.375	26	26	2302236	1720838	122.84	118.00	22	22	1910926048	12
2026-07-26T21:56:16Z	20260726T215027Z	boards/board1.txt	ab(d8,tt,ord,nb2m)@1.classic(t1,c4,w0,l0)@2.opener(rand,4)@1	ab(d6,tt,ord,nb200k)@1.learned(s6,eac8ab99)@1.opener(rand,4)@1	W	62	11	8	4512.123	198.759	4312.500	140.625	31	31	13963523	725401	200.00	148.00	27	27	1929834244	12
2026-07-26T21:56:17Z	20260726T215027Z	boards/board1.txt	rand@1	ab(d6,tt,ord,nb200k)@1.learned(s6,eac8ab99)@1.opener(rand,4)@1	B	30	12	16	0.026	259.013	0.000	234.375	15	15	0	926214	0.00	61.00	0	11	1578016374	12
2026-07-26T21:56:17Z	20260726T215027Z	boards/board1.txt	rand@1	ab(d6,tt,ord,nb200k)@1.learned(s6,eac8ab99)@1.opener(rand,4)@1	B	38	12	16	0.034	484.503	0.000	453.125	19	19	0	1919224	0.00	85.00	0	15	3763491217	12
2026-07-26T21:56:18Z	20260726T215027Z	boards/board1.txt	ab(d6,tt,ord,nb200k)@1.learned(s98,5801570e)@1.opener(rand,4)@1	ab(d6,tt,ord,nb200k)@1.learned(s76,ef183148)@1.opener(rand,4)@1	W	88	6	4	562.651	640.780	531.250	625.000	44	44	2009191	2151157	231.00	226.00	40	40	4034519655	12
2026-07-26T21:56:20Z	20260726T215027Z	boards/board1.txt	ab(d6,tt,ord,qs,nb200k)@1.learned(s98,5801570e)@1.opener(rand,4)@1	ab(d6,tt,ord,nb200k)@1.learned(s76,ef183148)@1.opener(rand,4)@1	W	66	12	8	668.963	525.324	625.000	515.625	33	33	2125820	2087679	165.00	160.00	29	29	2508833507	12
2026-07-26T21:56:26Z	20260726T215027Z	boards/board1.txt	ab(d8,tt,ord,nb2m)@1.classic(t1,c4,w0,l0)@2.opener(rand,4)@1	ab(d6,tt,ord,nb200k)@1.learned(s76,ef183148)@1.opener(rand,4)@1	B	65	10	7	5922.967	214.731	5609.375	203.125	33	32	19488822	854293	209.00	159.00	29	28	2241931618	12
2026-07-26T21:56:30Z	20260726T215027Z	boards/board1.txt	ab(d8,tt,ord,nb2m)@1.classic(t1,c4,w0,l0)@2.opener(rand,4)@1	ab(d6,tt,ord,nb200k)@1.learned(s76,ef183148)@1.opener(rand,4)@1	W	50	12	10	3951.286	271.158	3781.250	328.125	25	25	12983265	1144991	152.00	111.64	21	21	507318509	12
2026-07-26T21:56:30Z	20260726T215027Z	boards/board1.txt	rand@1	ab(d6,tt,ord,nb200k)@1.learned(s76,ef183148)@1.opener(rand,4)@1	B	26	14	15	0.020	227.113	0.000	218.750	13	13	0	838586	0.00	44.00	0	9	2251043954	12
2026-07-26T21:56:32Z	20260726T215027Z	boards/board1.txt	ab(d6,tt,ord,qs,nb200k)@1.learned(s98,5801570e)@1.opener(rand,4)@1	ab(d6,tt,ord,nb200k)@1.learned(s98,5801570e)@1.opener(rand,4)@1	W	70	8	8	817.921	658.885	750.000	625.000	35	35	2755704	2577752	177.00	172.00	31	31	1200003014	12
2026-07-26T21:56:35Z	20260726T215027Z	boards/board1.txt	ab(d8,tt,ord,nb2m)@1.classic(t1,c4,w0,l0)@2.opener(rand,4)@1	ab(d6,tt,ord,nb200k)@1.learned(s98,5801570e)@1.opener(rand,4)@1	W	60	11	8	3023.191	87.073	2937.500	46.875	30	30	10963155	443177	192.00	142.00	26	26	311147885	12
2026-07-26T21:56:39Z	20260726T215027Z	boards/board1.txt	ab(d8,tt,ord,nb2m)@1.classic(t1,c4,w0,l0)@2.opener(rand,4)@1	ab(d6,tt,ord,nb200k)@1.learned(s98,5801570e)@1.opener(rand,4)@1	W	60	12	7	3697.437	127.135	3593.750	78.125	30	30	13386213	585630	192.00	142.00	26	26	3029202616	12
2026-07-26T21:56:39Z	20260726T215027Z	boards/board1.txt	rand@1	ab(d6,tt,ord,nb200k)@1.learned(s98,5801570e)@1.opener(rand,4)@1	B	40	13	15	0.033	303.065	0.000	281.250	20	20	0	1201384	0.00	85.00	0	16	755571439	12
2026-07-26T21:56:42Z	20260726T215027Z	boards/board1.txt	ab(d8,tt,ord,nb2m)@1.classic(t1,c4,w0,l0)@2.opener(rand,4)@1	ab(d6,tt,ord,qs,nb200k)@1.learned(s98,5801570e)@1.opener(rand,4)@1	W	65	11	6	2935.846	103.801	2828.125	109.375	33	32	11782857	515773	208.00	154.00	29	28	4098581814	12
2026-07-26T21:56:42Z	20260726T215027Z	boards/board1.txt	rand@1	ab(d6,tt,ord,qs,nb200k)@1.learned(s98,5801570e)@1.opener(rand,4)@1	B	34	11	15	0.025	279.566	0.000	265.625	17	17	0	1126487	0.00	68.00	0	13	3756584380	12
2026-07-26T21:56:42Z	20260726T215027Z	boards/board1.txt	rand@1	ab(d6,tt,ord,qs,nb200k)@1.learned(s98,5801570e)@1.opener(rand,4)@1	B	28	14	16	0.022	270.922	0.000	265.625	14	14	0	1100219	0.00	49.79	0	10	3523760019	12
2026-07-26T21:56:43Z	20260726T215027Z	boards/board1.txt	rand@1	ab(d8,tt,ord,nb2m)@1.classic(t1,c4,w0,l0)@2.opener(rand,4)@1	B	20	12	16	0.015	655.711	0.000	640.625	10	10	0	2751788	0.00	41.00	0	6	1080504707	12
2026-07-26T21:50:27Z	20260726T215027Z	boards/board1.txt	ab(d2)@1.classic(t1,c4,w0,l0)@2.opener(rand,4)@1	ab(d4)@1.classic(t1,c4,w0,l0)@2.opener(rand,4)@1	B	28	15	15	0.114	5.422	0.000	0.000	14	14	1362	51680	18.00	40.00	10	10	2170789807	12
2026-07-26T21:50:28Z	20260726T215027Z	boards/board1.txt	ab(d2)@1.classic(t1,c4,w0,l0)@2.opener(rand,4)@1	ab(d6,ord,nb200k)@1.adv(t20,c77,w0,l0,f0,d-2,e0,m0,h0,b1,o0,r0,x0,n0,s1,g1)@1.opener(rand,4)@1	B	68	7	7	0.240	1094.393	0.000	1015.625	34	34	2612	3101711	58.00	166.71	30	30	3404331757	12
2026-07-26T21:50:28Z	20260726T215027Z	boards/board1.txt	ab(d2)@1.classic(t1,c4,w0,l0)@2.opener(rand,4)@1	ab(d6,tt,ord,nb200k)@1.classic(t1,c4,w0,l0)@2.dil(r30,d4)@1.opener(rand,4)@1	B	44	13	13	0.190	261.155	0.000	250.000	22	22	2271	800432	34.00	91.00	18	18	1229268514	12
2026-07-26T21:50:28Z	20260726T215027Z	boards/board1.txt	ab(d2)@1.classic(t1,c4,w0,l0)@2.opener(rand,4)@1	ab(d6,tt,ord,nb200k)@1.classic(t1,c4,w0,l0)@2.dil(r30,d4)@1.opener(rand,4)@1	B	32	14	14	0.099	83.462	0.000	93.750	16	16	1229	267074	22.00	51.00	12	12	777803915	12
2026-07-26T21:50:29Z	20260726T215027Z	boards/board1.txt	ab(d2)@1.classic(t1,c4,w0,l0)@2.opener(rand,4)@1	ab(d6,tt,ord,nb200k)@1.classic(t1,c4,w0,l0)@2.dil(r63)@1.opener(rand,4)@1	B	34	15	13	0.156	154.527	0.000	156.250	17	17	1964	481207	23.00	46.00	13	10	4015468075	12
2026-07-26T21:50:29Z	20260726T215027Z	boards/board1.txt	ab(d2)@1.classic(t1,c4,w0,l0)@2.opener(rand,4)@1	ab(d6,tt,ord,nb200k)@1.classic(t1,c4,w0,l0)@2.opener(rand,4)@1	B	48	12	12	0.203	326.296	0.000	265.625	24	24	2369	928363	38.00	107.00	20	20	2841204173	12
2026-07-26T21:50:34Z	20260726T215027Z	boards/board1.txt	ab(d2)@1.classic(t1,c4,w0,l0)@2.opener(rand,4)@1	ab(d6,tt,ord,nb200k)@1.learned(s111,78ef6974)@1.opener(rand,4)@1	B	38	13	10	0.127	4746.664	0.000	4500.000	19	19	1272	990747	28.00	77.00	15	15	4215923833	12
2026-07-26T21:50:49Z	20260726T215027Z	boards/board1.txt	ab(d2)@1.classic(t1,c4,w0,l0)@2.opener(rand,4)@1	ab(d6,tt,ord,nb200k)@1.learned(s111,78ef6974)@1.opener(rand,4)@1	W	54	14	10	0.302	15123.449	0.000	13500.000	27	27	3347	2853133	46.00	120.47	23	23	1343341198	12
2026-07-26T21:50:49Z	20260726T215027Z	boards/board1.txt	ab(d2)@1.classic(t1,c4,w0,l0)@2.opener(rand,4)@1	ab(d6,tt,ord,nb200k)@1.learned(s3,68364898)@1.opener(rand,4)@1	W	70	12	5	0.319	642.806	0.000	640.625	35	35	3795	2000219	62.00	150.00	31	31	2520928716	12
2026-07-26T21:50:50Z	20260726T215027Z	boards/board1.txt	ab(d2)@1.classic(t1,c4,w0,l0)@2.opener(rand,4)@1	ab(d6,tt,ord,nb200k)@1.learned(s6,eac8ab99)@1.opener(rand,4)@1	B	60	10	9	0.308	544.618	0.000	515.625	30	30	3009	1891384	50.00	143.00	26	26	2912042417	12
2026-07-26T21:50:51Z	20260726T215027Z	boards/board1.txt	ab(d2)@1.classic(t1,c4,w0,l0)@2.opener(rand,4)@1	ab(d6,tt,ord,nb200k)@1.learned(s76,ef183148)@1.opener(rand,4)@1	B	52	11	11	0.224	618.231	0.000	562.500	26	26	2629	2114662	42.00	118.00	22	22	1917464639	12
2026-07-26T21:50:51Z	20260726T215027Z	boards/board1.txt	ab(d2)@1.classic(t1,c4,w0,l0)@2.opener(rand,4)@1	ab(d6,tt,ord,nb200k)@1.learned(s76,ef183148)@1.opener(rand,4)@1	W	60	10	7	0.229	537.933	0.000	531.250	30	30	2396	2046055	52.00	142.00	26	26	1629937344	12
2026-07-26T21:50:51Z	20260726T215027Z	boards/board1.txt	ab(d2)@1.classic(t1,c4,w0,l0)@2.opener(rand,4)@1	ab(d6,tt,ord,nb200k)@1.learned(s98,5801570e)@1.opener(rand,4)@1	B	42	12	12	0.175	383.157	0.000	359.375	21	21	1938	1178911	32.00	88.00	17	17	1269159741	12
2026-07-26T21:50:52Z	20260726T215027Z	boards/board1.txt	ab(d2)@1.classic(t1,c4,w0,l0)@2.opener(rand,4)@1	ab(d6,tt,ord,qs,nb200k)@1.learned(s98,5801570e)@1.opener(rand,4)@1	B	46	13	12	0.220	553.093	0.000	531.250	23	23	2609	1670331	36.00	98.00	19	19	3129034571	12
2026-07-26T21:50:56Z	20260726T215027Z	boards/board1.txt	ab(d2)@1.classic(t1,c4,w0,l0)@2.opener(rand,4)@1	ab(d8,tt,ord,nb2m)@1.classic(t1,c4,w0,l0)@2.opener(rand,4)@1	B	38	15	15	0.188	3576.697	0.000	3109.375	19	19	2279	9187402	28.00	101.00	15	15	77391800	12
2026-07-26T21:51:01Z	20260726T215027Z	boards/board1.txt	ab(d2)@1.classic(t1,c4,w0,l0)@2.opener(rand,4)@1	ab(d8,tt,ord,nb2m)@1.classic(t1,c4,w0,l0)@2.opener(rand,4)@1	B	42	14	13	0.207	5363.364	0.000	5031.250	21	21	2480	14322838	32.00	114.00	17	17	2881981261	12
2026-07-26T21:51:01Z	20260726T215027Z	boards/board1.txt	ab(d2)@1.classic(t1,c4,w0,l0)@2.opener(rand,4)@1	rand@1	W	19	16	13	0.043	0.006	0.000	0.000	10	9	487	0	12.00	0.00	6	0	803608178	12
2026-07-26T21:51:02Z	20260726T215027Z	boards/board1.txt	ab(d4)@1.classic(t1,c4,w0,l0)@2.opener(rand,4)@1	ab(d6,ord,nb200k)@1.adv(t20,c77,w0,l0,f0,d-2,e0,m0,h0,b1,o0,r0,x0,n0,s1,g1)@1.opener(rand,4)@1	B	68	8	8	11.185	1008.097	15.625	890.625	34	34	134745	2789038	113.00	166.00	30	30	1126797347	12
2026-07-26T21:51:02Z	20260726T215027Z	boards/board1.txt	ab(d4)@1.classic(t1,c4,w0,l0)@2.opener(rand,4)@1	ab(d6,tt,ord,nb200k)@1.classic(t1,c4,w0,l0)@2.dil(r30,d4)@1.opener(rand,4)@1	B	50	12	10	8.426	260.890	0.000	234.375	25	25	111340	750093	77.00	104.00	21	21	2842333660	12
2026-07-26T21:51:02Z	20260726T215027Z	boards/board1.txt	ab(d4)@1.classic(t1,c4,w0,l0)@2.opener(rand,4)@1	ab(d6,tt,ord,nb200k)@1.classic(t1,c4,w0,l0)@2.dil(r30,d4)@1.opener(rand,4)@1	W	48	12	9	7.909	221.516	0.000	187.500	24	24	123169	712775	80.00	99.00	20	20	3006067025	12
2026-07-26T21:51:03Z	20260726T215027Z	boards/board1.txt	ab(d4)@1.classic(t1,c4,w0,l0)@2.opener(rand,4)@1	ab(d6,tt,ord,nb200k)@1.classic(t1,c4,w0,l0)@2.dil(r63)@1.opener(rand,4)@1	W	33	14	14	4.137	48.541	0.000	46.875	17	16	66095	172678	52.00	22.00	13	5	107685845	12
2026-07-26T21:51:03Z	20260726T215027Z	boards/board1.txt	ab(d4)@1.classic(t1,c4,w0,l0)@2.opener(rand,4)@1	ab(d6,tt,ord,nb200k)@1.classic(t1,c4,w0,l0)@2.opener(rand,4)@1	B	46	11	13	8.228	308.852	0.000	265.625	23	23	127601	942414	69.00	100.00	19	19	814009647	12
2026-07-26T21:51:12Z	20260726T215027Z	boards/board1.txt	ab(d4)@1.classic(t1,c4,w0,l0)@2.opener(rand,4)@1	ab(d6,tt,ord,nb200k)@1.learned(s111,78ef6974)@1.opener(rand,4)@1	B	54	12	9	6.916	8765.279	0.000	7968.750	27	27	108757	1868524	85.00	123.97	23	23	3734446503	12
2026-07-26T21:51:28Z	20260726T215027Z	boards/board1.txt	ab(d4)@1.classic(t1,c4,w0,l0)@2.opener(rand,4)@1	ab(d6,tt,ord,nb200k)@1.learned(s111,78ef6974)@1.opener(rand,4)@1	W	76	12	7	25.159	16299.503	15.625	14531.250	38	38	275848	3224671	136.00	184.00	34	34	404959144	12
2026-07-26T21:51:28Z	20260726T215027Z	boards/board1.txt	ab(d4)@1.classic(t1,c4,w0,l0)@2.opener(rand,4)@1	ab(d6,tt,ord,nb200k)@1.learned(s3,68364898)@1.opener(rand,4)@1	B	46	11	10	5.343	436.765	0.000	437.500	23	23	81011	1302173	69.00	100.00	19	19	1335369018	12
2026-07-26T21:51:29Z	20260726T215027Z	boards/board1.txt	ab(d4)@1.classic(t1,c4,w0,l0)@2.opener(rand,4)@1	ab(d6,tt,ord,nb200k)@1.learned(s6,eac8ab99)@1.opener(rand,4)@1	B	50	11	10	6.623	682.595	0.000	671.875	25	25	98201	2045613	77.00	112.00	21	21	414346903	12
2026-07-26T21:51:30Z	20260726T215027Z	boards/board1.txt	ab(d4)@1.classic(t1,c4,w0,l0)@2.opener(rand,4)@1	ab(d6,tt,ord,nb200k)@1.learned(s76,ef183148)@1.opener(rand,4)@1	W	36	13	13	4.614	454.473	0.000	437.500	18	18	73361	1438843	56.00	70.76	14	14	583723833	12
2026-07-26T21:51:30Z	20260726T215027Z	boards/board1.txt	ab(d4)@1.classic(t1,c4,w0,l0)@2.opener(rand,4)@1	ab(d6,tt,ord,nb200k)@1.learned(s76,ef183148)@1.opener(rand,4)@1	B	52	10	10	7.883	565.512	0.000	546.875	26	26	113543	1730937	81.00	118.00	22	22	4208939214	12
2026-07-26T21:51:31Z	20260726T215027Z	boards/board1.txt	ab(d4)@1.classic(t1,c4,w0,l0)@2.opener(rand,4)@1	ab(d6,tt,ord,nb200k)@1.learned(s98,5801570e)@1.opener(rand,4)@1	B	56	10	10	6.476	490.777	15.625	453.125	28	28	105060	1627087	89.00	130.00	24	24	4174793195	12
2026-07-26T21:51:31Z	20260726T215027Z	boards/board1.txt	ab(d4)@1.classic(t1,c4,w0,l0)@2.opener(rand,4)@1	ab(d6,tt,ord,qs,nb200k)@1.learned(s98,5801570e)@1.opener(rand,4)@1	B	50	12	10	6.705	626.665	0.000	609.375	25	25	105842	1888594	77.00	109.82	21	21	2750868421	12
2026-07-26T21:51:34Z	20260726T215027Z	boards/board1.txt	ab(d4)@1.classic(t1,c4,w0,l0)@2.opener(rand,4)@1	ab(d8,tt,ord,nb2m)@1.classic(t1,c4,w0,l0)@2.opener(rand,4)@1	B	42	12	13	3.716	2395.507	31.250	2218.750	21	21	62974	7020387	61.00	113.00	17	17	2610033798	12
2026-07-26T21:51:38Z	20260726T215027Z	boards/board1.txt	ab(d4)@1.classic(t1,c4,w0,l0)@2.opener(rand,4)@1	ab(d8,tt,ord,nb2m)@1.classic(t1,c4,w0,l0)@2.opener(rand,4)@1	B	62	9	10	9.770	4690.967	0.000	4390.625	31	31	144690	13348661	101.00	193.00	27	27	764109583	12
2026-07-26T21:51:38Z	20260726T215027Z	boards/board1.txt	ab(d4)@1.classic(t1,c4,w0,l0)@2.opener(rand,4)@1	rand@1	W	21	16	14	2.393	0.006	0.000	0.000	11	10	35563	0	28.00	0.00	7	0	4094128568	12
2026-07-26T21:51:39Z	20260726T215027Z	boards/board1.txt	ab(d6,ord,nb200k)@1.adv(t20,c77,w0,l0,f0,d-2,e0,m0,h0,b1,o0,r0,x0,n0,s1,g1)@1.opener(rand,4)@1	ab(d6,tt,ord,nb200k)@1.classic(t1,c4,w0,l0)@2.dil(r30,d4)@1.opener(rand,4)@1	W	48	11	10	896.249	173.755	843.750	171.875	24	24	2618436	693680	108.72	91.00	20	20	3719963241	12
2026-07-26T21:51:40Z	20260726T215027Z	boards/board1.txt	ab(d6,ord,nb200k)@1.adv(t20,c77,w0,l0,f0,d-2,e0,m0,h0,b1,o0,r0,x0,n0,s1,g1)@1.opener(rand,4)@1	ab(d6,tt,ord,nb200k)@1.classic(t1,c4,w0,l0)@2.dil(r63)@1.opener(rand,4)@1	W	33	15	10	738.071	52.474	687.500	62.500	17	16	2089635	191976	71.77	18.00	13	3	34154638	12
2026-07-26T21:51:41Z	20260726T215027Z	boards/board1.txt	ab(d6,ord,nb200k)@1.adv(t20,c77,w0,l0,f0,d-2,e0,m0,h0,b1,o0,r0,x0,n0,s1,g1)@1.opener(rand,4)@1	ab(d6,tt,ord,nb200k)@1.classic(t1,c4,w0,l0)@2.dil(r63)@1.opener(rand,4)@1	W	28	14	14	585.297	149.334	546.875	125.000	14	14	1543791	509140	53.60	37.00	10	7	2526749015	12
2026-07-26T21:51:43Z	20260726T215027Z	boards/board1.txt	ab(d6,ord,nb200k)@1.adv(t20,c77,w0,l0,f0,d-2,e0,m0,h0,b1,o0,r0,x0,n0,s1,g1)@1.opener(rand,4)@1	ab(d6,tt,ord,nb200k)@1.classic(t1,c4,w0,l0)@2.opener(rand,4)@1	B	61	8	10	1282.457	422.787	1296.875	328.125	31	30	3464796	1405723	147.43	147.00	27	26	1161098473	12
2026-07-26T21:51:55Z	20260726T215027Z	boards/board1.txt	ab(d6,ord,nb200k)@1.adv(t20,c77,w0,l0,f0,d-2,e0,m0,h0,b1,o0,r0,x0,n0,s1,g1)@1.opener(rand,4)@1	ab(d6,tt,ord,nb200k)@1.learned(s111,78ef6974)@1.opener(rand,4)@1	W	44	14	11	1033.411	11703.228	937.500	10703.125	22	22	2826205	2316094	94.88	91.12	18	18	3214649152	12
2026-07-26T21:51:57Z	20260726T215027Z	boards/board1.txt	ab(d6,ord,nb200k)@1.adv(t20,c77,w0,l0,f0,d-2,e0,m0,h0,b1,o0,r0,x0,n0,s1,g1)@1.opener(rand,4)@1	ab(d6,tt,ord,nb200k)@1.learned(s3,68364898)@1.opener(rand,4)@1	W	66	9	8	1268.884	651.326	953.125	625.000	33	33	3262149	2028021	164.83	160.00	29	29	1705887107	12
2026-07-26T21:51:59Z	20260726T215027Z	boards/board1.txt	ab(d6,ord,nb200k)@1.adv(t20,c77,w0,l0,f0,d-2,e0,m0,h0,b1,o0,r0,x0,n0,s1,g1)@1.opener(rand,4)@1	ab(d6,tt,ord,nb200k)@1.learned(s3,68364898)@1.opener(rand,4)@1	B	65	9	8	1346.627	670.151	1156.250	609.375	33	32	3574933	2141002	157.56	157.68	29	28	2737251076	12
2026-07-26T21:52:01Z	20260726T215027Z	boards/board1.txt	ab(d6,ord,nb200k)@1.adv(t20,c77,w0,l0,f0,d-2,e0,m0,h0,b1,o0,r0,x0,n0,s1,g1)@1.opener(rand,4)@1	ab(d6,tt,ord,nb200k)@1.learned(s6,eac8ab99)@1.opener(rand,4)@1	W	36	13	13	762.049	499.228	671.875	484.375	18	18	2080653	1673585	72.92	69.04	14	14	2965869761	12
2026-07-26T21:52:03Z	20260726T215027Z	boards/board1.txt	ab(d6,ord,nb200k)@1.adv(t20,c77,w0,l0,f0,d-2,e0,m0,h0,b1,o0,r0,x0,n0,s1,g1)@1.opener(rand,4)@1	ab(d6,tt,ord,nb200k)@1.learned(s76,ef183148)@1.opener(rand,4)@1	W	68	9	7	1156.055	853.351	968.750	859.375	34	34	3319908	2876958	168.69	165.28	30	30	2388508406	12
2026-07-26T21:52:05Z	20260726T215027Z	boards/board1.txt	ab(d6,ord,nb200k)@1.adv(t20,c77,w0,l0,f0,d-2,e0,m0,h0,b1,o0,r0,x0,n0,s1,g1)@1.opener(rand,4)@1	ab(d6,tt,ord,nb200k)@1.learned(s98,5801570e)@1.opener(rand,4)@1	W	58	12	9	1396.632	978.747	1218.750	781.250	29	29	3886860	3415778	136.14	132.44	25	25	97413564	12
2026-07-26T21:52:07Z	20260726T215027Z	boards/board1.txt	ab(d6,ord,nb200k)@1.adv(t20,c77,w0,l0,f0,d-2,e0,m0,h0,b1,o0,r0,x0,n0,s1,g1)@1.opener(rand,4)@1	ab(d6,tt,ord,nb200k)@1.learned(s98,5801570e)@1.opener(rand,4)@1	B	59	9	9	1131.853	759.938	1000.000	687.500	30	29	3086960	2578529	140.98	141.00	26	25	642072625	12
2026-07-26T21:52:09Z	20260726T215027Z	boards/board1.txt	ab(d6,ord,nb200k)@1.adv(t20,c77,w0,l0,f0,d-2,e0,m0,h0,b1,o0,r0,x0,n0,s1,g1)@1.opener(rand,4)@1	ab(d6,tt,ord,qs,nb200k)@1.learned(s98,5801570e)@1.opener(rand,4)@1	W	63	11	6	1148.167	611.511	1015.625	609.375	32	31	3120195	1994399	159.00	150.32	28	27	1062281739	12
2026-07-26T21:52:15Z	20260726T215027Z	boards/board1.txt	ab(d6,ord,nb200k)@1.adv(t20,c77,w0,l0,f0,d-2,e0,m0,h0,b1,o0,r0,x0,n0,s1,g1)@1.opener(rand,4)@1	ab(d8,tt,ord,nb2m)@1.classic(t1,c4,w0,l0)@2.opener(rand,4)@1	B	63	8	9	1058.453	5299.161	968.750	4906.250	32	31	2897308	16135302	153.56	200.00	28	27	1193498095	12
2026-07-26T21:52:15Z	20260726T215027Z	boards/board1.txt	ab(d6,ord,nb200k)@1.adv(t20,c77,w0,l0,f0,d-2,e0,m0,h0,b1,o0,r0,x0,n0,s1,g1)@1.opener(rand,4)@1	rand@1	W	25	16	12	496.141	0.021	484.375	0.000	13	12	1314604	0	48.39	0.00	9	0	3983975177	12
2026-07-26T21:52:16Z	20260726T215027Z	boards/board1.txt	ab(d6,ord,nb200k)@1.adv(t20,c77,w0,l0,f0,d-2,e0,m0,h0,b1,o0,r0,x0,n0,s1,g1)@1.opener(rand,4)@1	rand@1	W	35	15	10	759.306	0.028	718.750	0.000	18	17	2022794	0	73.33	0.00	14	0	3549097822	12
2026-07-26T21:52:17Z	20260726T215027Z	boards/board1.txt	ab(d6,tt,ord,nb200k)@1.classic(t1,c4,w0,l0)@2.dil(r30,d4)@1.opener(rand,4)@1	ab(d6,tt,ord,nb200k)@1.classic(t1,c4,w0,l0)@2.dil(r63)@1.opener(rand,4)@1	W	49	12	9	255.052	122.005	218.750	125.000	25	24	652688	349410	108.00	59.00	21	10	3112894131	12
2026-07-26T21:52:17Z	20260726T215027Z	boards/board1.txt	ab(d6,tt,ord,nb200k)@1.classic(t1,c4,w0,l0)@2.dil(r30,d4)@1.opener(rand,4)@1	ab(d6,tt,ord,nb200k)@1.classic(t1,c4,w0,l0)@2.opener(rand,4)@1	B	47	11	12	174.534	223.114	187.500	203.125	24	23	454030	592681	97.00	105.00	20	19	370480117	12
2026-07-26T21:52:29Z	20260726T215027Z	boards/board1.txt	ab(d6,tt,ord,nb200k)@1.classic(t1,c4,w0,l0)@2.dil(r30,d4)@1.opener(rand,4)@1	ab(d6,tt,ord,nb200k)@1.learned(s111,78ef6974)@1.opener(rand,4)@1	B	53	10	12	290.434	11564.007	265.625	9937.500	27	26	733120	2304700	109.00	122.29	23	22	237404369	12
2026-07-26T21:52:36Z	20260726T215027Z	boards/board1.txt	ab(d6,tt,ord,nb200k)@1.classic(t1,c4,w0,l0)@2.dil(r30,d4)@1.opener(rand,4)@1	ab(d6,tt,ord,nb200k)@1.learned(s111,78ef6974)@1.opener(rand,4)@1	B	47	9	13	163.427	7303.360	140.625	6640.625	24	23	485451	1526730	90.00	105.00	20	19	945160454	12
2026-07-26T21:52:37Z	20260726T215027Z	boards/board1.txt	ab(d6,tt,ord,nb200k)@1.classic(t1,c4,w0,l0)@2.dil(r30,d4)@1.opener(rand,4)@1	ab(d6,tt,ord,nb200k)@1.learned(s3,68364898)@1.opener(rand,4)@1	B	53	9	11	234.137	522.745	218.750	500.000	27	26	696038	1560315	112.00	123.00	23	22	2756483428	12
2026-07-26T21:52:38Z	20260726T215027Z	boards/board1.txt	ab(d6,tt,ord,nb200k)@1.classic(t1,c4,w0,l0)@2.dil(r30,d4)@1.opener(rand,4)@1	ab(d6,tt,ord,nb200k)@1.learned(s6,eac8ab99)@1.opener(rand,4)@1	W	64	8	9	386.884	865.199	328.125	765.625	32	32	1055697	2456776	147.00	154.00	28	28	3756404313	12
2026-07-26T21:52:39Z	20260726T215027Z	boards/board1.txt	ab(d6,tt,ord,nb200k)@1.classic(t1,c4,w0,l0)@2.dil(r30,d4)@1.opener(rand,4)@1	ab(d6,tt,ord,nb200k)@1.learned(s76,ef183148)@1.opener(rand,4)@1	B	43	10	14	163.493	377.825	140.625	359.375	22	21	544704	1017246	82.00	93.00	18	17	3351234407	12
2026-07-26T21:52:40Z	20260726T215027Z	boards/board1.txt	ab(d6,tt,ord,nb200k)@1.classic(t1,c4,w0,l0)@2.dil(r30,d4)@1.opener(rand,4)@1	ab(d6,tt,ord,nb200k)@1.learned(s76,ef183148)@1.opener(rand,4)@1	B	51	10	11	221.575	498.593	265.625	406.250	26	25	595278	1503808	111.00	117.00	22	21	3133314536	12
2026-07-26T21:52:40Z	20260726T215027Z	boards/board1.txt	ab(d6,tt,ord,nb200k)@1.classic(t1,c4,w0,l0)@2.dil(r30,d4)@1.opener(rand,4)@1	ab(d6,tt,ord,nb200k)@1.learned(s98,5801570e)@1.opener(rand,4)@1	B	49	9	11	195.324	450.031	171.875	359.375	25	24	502585	1310500	95.00	111.00	21	20	2582632213	12
2026-07-26T21:52:41Z	20260726T215027Z	boards/board1.txt	ab(d6,tt,ord,nb200k)@1.classic(t1,c4,w0,l0)@2.dil(r30,d4)@1.opener(rand,4)@1	ab(d6,tt,ord,qs,nb200k)@1.learned(s98,5801570e)@1.opener(rand,4)@1	B	71	7	7	328.736	662.711	265.625	609.375	36	35	858010	1797297	168.00	177.00	32	31	2261865379	12
2026-07-26T21:52:47Z	20260726T215027Z	boards/board1.txt	ab(d6,tt,ord,nb200k)@1.classic(t1,c4,w0,l0)@2.dil(r30,d4)@1.opener(rand,4)@1	ab(d8,tt,ord,nb2m)@1.classic(t1,c4,w0,l0)@2.opener(rand,4)@1	B	59	10	11	101.247	5774.506	62.500	5437.500	30	29	322898	16286100	125.00	184.00	26	25	51850960	12
2026-07-26T21:52:50Z	20260726T215027Z	boards/board1.txt	ab(d6,tt,ord,nb200k)@1.classic(t1,c4,w0,l0)@2.dil(r30,d4)@1.opener(rand,4)@1	ab(d8,tt,ord,nb2m)@1.classic(t1,c4,w0,l0)@2.opener(rand,4)@1	W	42	13	11	29.507	3068.399	15.625	2812.500	21	21	103704	8478419	80.00	113.00	17	17	1651444997	12
2026-07-26T21:52:50Z	20260726T215027Z	boards/board1.txt	ab(d6,tt,ord,nb200k)@1.classic(t1,c4,w0,l0)@2.dil(r30,d4)@1.opener(rand,4)@1	rand@1	W	19	16	13	73.884	0.012	78.125	0.000	10	9	193368	0	29.00	0.00	6	0	2809716234	12
2026-07-26T21:52:51Z	20260726T215027Z	boards/board1.txt	ab(d6,tt,ord,nb200k)@1.classic(t1,c4,w0,l0)@2.dil(r63)@1.opener(rand,4)@1	ab(d6,tt,ord,nb200k)@1.classic(t1,c4,w0,l0)@2.opener(rand,4)@1	B	28	13	15	91.415	218.651	109.375	171.875	14	14	199321	580535	24.00	55.00	4	10	2067284173	12
2026-07-26T21:53:01Z	20260726T215027Z	boards/board1.txt	ab(d6,tt,ord,nb200k)@1.classic(t1,c4,w0,l0)@2.dil(r63)@1.opener(rand,4)@1	ab(d6,tt,ord,nb200k)@1.learned(s111,78ef6974)@1.opener(rand,4)@1	B	47	12	13	122.381	10011.410	125.000	9046.875	24	23	320548	2009759	43.00	105.67	8	19	2568172921	12
2026-07-26T21:53:05Z	20260726T215027Z	boards/board1.txt	ab(d6,tt,ord,nb200k)@1.classic(t1,c4,w0,l0)@2.dil(r63)@1.opener(rand,4)@1	ab(d6,tt,ord,nb200k)@1.learned(s111,78ef6974)@1.opener(rand,4)@1	B	29	13	15	66.334	4403.793	78.125	3968.750	15	14	184200	913682	19.00	52.00	4	10	1831232910	12
2026-07-26T21:53:06Z	20260726T215027Z	boards/board1.txt	ab(d6,tt,ord,nb200k)@1.classic(t1,c4,w0,l0)@2.dil(r63)@1.opener(rand,4)@1	ab(d6,tt,ord,nb200k)@1.learned(s3,68364898)@1.opener(rand,4)@1	B	46	11	15	105.096	468.749	109.375	390.625	23	23	273114	1404676	36.00	104.00	6	19	1747008716	12
2026-07-26T21:53:06Z	20260726T215027Z	boards/board1.txt	ab(d6,tt,ord,nb200k)@1.classic(t1,c4,w0,l0)@2.dil(r63)@1.opener(rand,4)@1	ab(d6,tt,ord,nb200k)@1.learned(s6,eac8ab99)@1.opener(rand,4)@1	B	24	12	15	16.285	173.452	15.625	140.625	12	12	47151	543244	6.00	43.00	1	8	2138122417	12
2026-07-26T21:53:06Z	20260726T215027Z	boards/board1.txt	ab(d6,tt,ord,nb200k)@1.classic(t1,c4,w0,l0)@2.dil(r63)@1.opener(rand,4)@1	ab(d6,tt,ord,nb200k)@1.learned(s76,ef183148)@1.opener(rand,4)@1	B	29	14	15	55.063	326.646	46.875	328.125	15	14	179778	928671	19.00	55.00	4	10	1143544639	12
2026-07-26T21:53:07Z	20260726T215027Z	boards/board1.txt	ab(d6,tt,ord,nb200k)@1.classic(t1,c4,w0,l0)@2.dil(r63)@1.opener(rand,4)@1	ab(d6,tt,ord,nb200k)@1.learned(s76,ef183148)@1.opener(rand,4)@1	B	30	12	14	81.489	216.382	46.875	171.875	15	15	223228	705810	36.00	61.00	6	11	4277153728	12
2026-07-26T21:53:07Z	20260726T215027Z	boards/board1.txt	ab(d6,tt,ord,nb200k)@1.classic(t1,c4,w0,l0)@2.dil(r63)@1.opener(rand,4)@1	ab(d6,tt,ord,nb200k)@1.learned(s98,5801570e)@1.opener(rand,4)@1	B	36	12	15	90.246	416.914	46.875	406.250	18	18	284839	1135539	30.00	76.00	5	14	3916376125	12
2026-07-26T21:53:07Z	20260726T215027Z	boards/board1.txt	ab(d6,tt,ord,nb200k)@1.classic(t1,c4,w0,l0)@2.dil(r63)@1.opener(rand,4)@1	ab(d6,tt,ord,qs,nb200k)@1.learned(s98,5801570e)@1.opener(rand,4)@1	B	28	12	16	56.101	254.712	46.875	250.000	14	14	155227	759811	18.00	55.00	3	10	4116210251	12
2026-07-26T21:53:09Z	20260726T215027Z	boards/board1.txt	ab(d6,tt,ord,nb200k)@1.classic(t1,c4,w0,l0)@2.dil(r63)@1.opener(rand,4)@1	ab(d8,tt,ord,nb2m)@1.classic(t1,c4,w0,l0)@2.opener(rand,4)@1	B	29	13	15	13.160	1747.989	0.000	1625.000	15	14	67857	4878241	20.00	65.00	5	10	1161668792	12
2026-07-26T21:53:11Z	20260726T215027Z	boards/board1.txt	ab(d6,tt,ord,nb200k)@1.classic(t1,c4,w0,l0)@2.dil(r63)@1.opener(rand,4)@1	ab(d8,tt,ord,nb2m)@1.classic(t1,c4,w0,l0)@2.opener(rand,4)@1	B	22	13	15	47.141	1906.638	62.500	1671.875	11	11	173451	5096043	24.00	49.00	4	7	2096070221	12
2026-07-26T21:53:11Z	20260726T215027Z	boards/board1.txt	ab(d6,tt,ord,nb200k)@1.classic(t1,c4,w0,l0)@2.dil(r63)@1.opener(rand,4)@1	rand@1	W	27	16	14	37.614	0.011	46.875	0.000	14	13	105701	0	13.00	0.00	3	0	2533712242	12
2026-07-26T21:53:23Z	20260726T215027Z	boards/board1.txt	ab(d6,tt,ord,nb200k)@1.classic(t1,c4,w0,l0)@2.opener(rand,4)@1	ab(d6,tt,ord,nb200k)@1.learned(s111,78ef6974)@1.opener(rand,4)@1	W	60	13	9	537.285	11413.389	515.625	10625.000	30	30	1219977	2346060	147.00	141.69	26	26	3202201496	12
2026-07-26T21:53:24Z	20260726T215027Z	boards/board1.txt	ab(d6,tt,ord,nb200k)@1.classic(t1,c4,w0,l0)@2.opener(rand,4)@1	ab(d6,tt,ord,nb200k)@1.learned(s3,68364898)@1.opener(rand,4)@1	B	47	11	12	246.598	328.863	156.250	375.000	24	23	747960	920888	106.00	105.00	20	19	1173871867	12
2026-07-26T21:53:25Z	20260726T215027Z	boards/board1.txt	ab(d6,tt,ord,nb200k)@1.classic(t1,c4,w0,l0)@2.opener(rand,4)@1	ab(d6,tt,ord,nb200k)@1.learned(s3,68364898)@1.opener(rand,4)@1	B	63	9	6	363.922	706.760	359.375	625.000	32	31	990614	1938207	154.00	152.92	28	27	251848508	12
2026-07-26T21:53:26Z	20260726T215027Z	boards/board1.txt	ab(d6,tt,ord,nb200k)@1.classic(t1,c4,w0,l0)@2.opener(rand,4)@1	ab(d6,tt,ord,nb200k)@1.learned(s6,eac8ab99)@1.opener(rand,4)@1	B	53	10	10	274.929	423.374	250.000	375.000	27	26	709077	1154099	124.00	123.00	23	22	2006958121	12
2026-07-26T21:53:27Z	20260726T215027Z	boards/board1.txt	ab(d6,tt,ord,nb200k)@1.classic(t1,c4,w0,l0)@2.opener(rand,4)@1	ab(d6,tt,ord,nb200k)@1.learned(s76,ef183148)@1.opener(rand,4)@1	B	63	8	8	381.254	751.217	359.375	703.125	32	31	1069916	2087681	154.00	153.00	28	27	642852382	12
2026-07-26T21:53:28Z	20260726T215027Z	boards/board1.txt	ab(d6,tt,ord,nb200k)@1.classic(t1,c4,w0,l0)@2.opener(rand,4)@1	ab(d6,tt,ord,nb200k)@1.learned(s98,5801570e)@1.opener(rand,4)@1	W	64	10	7	457.426	650.285	437.500	578.125	32	32	1045511	2157080	159.00	153.79	28	28	802461812	12
2026-07-26T21:53:29Z	20260726T215027Z	boards/board1.txt	ab(d6,tt,ord,nb200k)@1.classic(t1,c4,w0,l0)@2.opener(rand,4)@1	ab(d6,tt,ord,nb200k)@1.learned(s98,5801570e)@1.opener(rand,4)@1	B	57	9	8	360.366	598.191	343.750	578.125	29	28	971846	1696662	136.00	135.00	25	24	1732934537	12
2026-07-26T21:53:30Z	20260726T215027Z	boards/board1.txt	ab(d6,tt,ord,nb200k)@1.classic(t1,c4,w0,l0)@2.opener(rand,4)@1	ab(d6,tt,ord,qs,nb200k)@1.learned(s98,5801570e)@1.opener(rand,4)@1	B	55	10	7	332.810	499.019	312.500	468.750	28	27	812199	1532011	130.00	129.00	24	23	2392402531	12
2026-07-26T21:53:34Z	20260726T215027Z	boards/board1.txt	ab(d6,tt,ord,nb200k)@1.classic(t1,c4,w0,l0)@2.opener(rand,4)@1	ab(d8,tt,ord,nb2m)@1.classic(t1,c4,w0,l0)@2.opener(rand,4)@1	B	63	8	10	107.398	4663.518	78.125	4125.000	32	31	326679	13180703	154.00	200.00	28	27	497406119	12
2026-07-26T21:53:35Z	20260726T215027Z	boards/board1.txt	ab(d6,tt,ord,nb200k)@1.classic(t1,c4,w0,l0)@2.opener(rand,4)@1	rand@1	W	27	16	13	182.978	0.021	171.875	0.000	14	13	490029	0	55.00	0.00	10	0	82230497	12
2026-07-26T21:53:35Z	20260726T215027Z	boards/board1.txt	ab(d6,tt,ord,nb200k)@1.classic(t1,c4,w0,l0)@2.opener(rand,4)@1	rand@1	W	15	16	15	38.822	0.008	46.875	0.000	8	7	104919	0	14.00	0.00	4	0	2139768150	12
2026-07-26T21:53:50Z	20260726T215027Z	boards/board1.txt	ab(d6,tt,ord,nb200k)@1.learned(s111,78ef6974)@1.opener(rand,4)@1	ab(d6,tt,ord,nb200k)@1.learned(s3,68364898)@1.opener(rand,4)@1	W	80	7	5	14607.004	904.192	13046.875	828.125	40	40	2968719	2919534	207.00	201.93	36	36	668031935	12
2026-07-26T21:54:08Z	20260726T215027Z	boards/board1.txt	ab(d6,tt,ord,nb200k)@1.learned(s111,78ef6974)@1.opener(rand,4)@1	ab(d6,tt,ord,nb200k)@1.learned(s6,eac8ab99)@1.opener(rand,4)@1	W	88	4	7	17103.016	878.569	15765.625	812.500	44	44	3331993	2483419	230.34	224.98	40	40	1758004334	12
2026-07-26T21:54:18Z	20260726T215027Z	boards/board1.txt	ab(d6,tt,ord,nb200k)@1.learned(s111,78ef6974)@1.opener(rand,4)@1	ab(d6,tt,ord,nb200k)@1.learned(s76,ef183148)@1.opener(rand,4)@1	W	52	9	9	9431.353	598.825	8593.750	546.875	26	26	2025586	2169851	122.81	116.81	22	22	3757482480	12
2026-07-26T21:54:29Z	20260726T215027Z	boards/board1.txt	ab(d6,tt,ord,nb200k)@1.learned(s111,78ef6974)@1.opener(rand,4)@1	ab(d6,tt,ord,nb200k)@1.learned(s76,ef183148)@1.opener(rand,4)@1	B	39	9	13	10242.171	647.145	9578.125	640.625	20	19	1964803	1532888	80.16	81.00	16	15	639538469	12
2026-07-26T21:54:45Z	20260726T215027Z	boards/board1.txt	ab(d6,tt,ord,nb200k)@1.learned(s111,78ef6974)@1.opener(rand,4)@1	ab(d6,tt,ord,nb200k)@1.learned(s98,5801570e)@1.opener(rand,4)@1	W	68	10	8	15042.933	930.164	13796.875	828.125	34	34	3040357	3072928	169.68	165.17	30	30	3753645560	12
2026-07-26T21:55:00Z	20260726T215027Z	boards/board1.txt	ab(d6,tt,ord,nb200k)@1.learned(s111,78ef6974)@1.opener(rand,4)@1	ab(d6,tt,ord,qs,nb200k)@1.learned(s98,5801570e)@1.opener(rand,4)@1	B	71	5	8	14426.451	806.928	13281.250	750.000	36	35	2940088	2422319	178.00	175.54	32	31	2060069028	12
2026-07-26T21:55:14Z	20260726T215027Z	boards/board1.txt	ab(d6,tt,ord,nb200k)@1.learned(s111,78ef6974)@1.opener(rand,4)@1	ab(d8,tt,ord,nb2m)@1.classic(t1,c4,w0,l0)@2.opener(rand,4)@1	B	85	4	8	5999.031	8253.512	5515.625	7796.875	43	42	1351620	22525627	220.00	288.00	39	38	4128741297	12
2026-07-26T21:55:28Z	20260726T215027Z	boards/board1.txt	ab(d6,tt,ord,nb200k)@1.learned(s111,78ef6974)@1.opener(rand,4)@1	ab(d8,tt,ord,nb2m)@1.classic(t1,c4,w0,l0)@2.opener(rand,4)@1	B	63	10	12	5730.191	7796.664	5250.000	7234.375	32	31	1162326	20638800	154.00	200.00	28	27	3784214758	12
2026-07-26T21:55:35Z	20260726T215027Z	boards/board1.txt	ab(d6,tt,ord,nb200k)@1.learned(s111,78ef6974)@1.opener(rand,4)@1	rand@1	W	31	16	13	7164.880	0.022	6609.375	0.000	16	15	1509469	0	58.71	0.00	12	0	3765501769	12
2026-07-26T21:55:36Z	20260726T215027Z	boards/board1.txt	ab(d6,tt,ord,nb200k)@1.learned(s3,68364898)@1.opener(rand,4)@1	ab(d6,tt,ord,nb200k)@1.learned(s6,eac8ab99)@1.opener(rand,4)@1	B	49	11	13	542.378	556.737	546.875	468.750	25	24	1725289	1782354	111.90	111.00	21	20	1856841758	12
2026-07-26T21:55:38Z	20260726T215027Z	boards/board1.txt	ab(d6,tt,ord,nb200k)@1.learned(s3,68364898)@1.opener(rand,4)@1	ab(d6,tt,ord,nb200k)@1.learned(s76,ef183148)@1.opener(rand,4)@1	W	64	9	8	586.043	703.169	578.125	640.625	32	32	1921308	2255328	159.00	154.00	28	28	473008000	12
2026-07-26T21:55:39Z	20260726T215027Z	boards/board1.txt	ab(d6,tt,ord,nb200k)@1.learned(s3,68364898)@1.opener(rand,4)@1	ab(d6,tt,ord,nb200k)@1.learned(s76,ef183148)@1.opener(rand,4)@1	B	71	7	9	771.995	893.158	734.375	843.750	36	35	2704971	2406700	177.70	177.00	32	31	2141511797	12
2026-07-26T21:55:40Z	20260726T215027Z	boards/board1.txt	ab(d6,tt,ord,nb200k)@1.learned(s3,68364898)@1.opener(rand,4)@1	ab(d6,tt,ord,nb200k)@1.learned(s98,5801570e)@1.opener(rand,4)@1	W	62	10	9	597.946	630.146	515.625	640.625	31	31	1977124	1807133	153.00	148.00	27	27	10009384	12
2026-07-26T21:55:42Z	20260726T215027Z	boards/board1.txt	ab(d6,tt,ord,nb200k)@1.learned(s3,68364898)@1.opener(rand,4)@1	ab(d6,tt,ord,qs,nb200k)@1.learned(s98,5801570e)@1.opener(rand,4)@1	W	69	11	9	604.914	767.655	531.250	703.125	35	34	1816552	2152702	172.00	165.58	31	30	113544180	12
2026-07-26T21:55:48Z	20260726T215027Z	boards/board1.txt	ab(d6,tt,ord,nb200k)@1.learned(s3,68364898)@1.opener(rand,4)@1	ab(d8,tt,ord,nb2m)@1.classic(t1,c4,w0,l0)@2.opener(rand,4)@1	B	53	11	11	342.891	5595.084	343.750	5250.000	27	26	1089721	15687344	124.00	160.00	23	22	1505004961	12
2026-07-26T21:55:53Z	20260726T215027Z	boards/board1.txt	ab(d6,tt,ord,nb200k)@1.learned(s3,68364898)@1.opener(rand,4)@1	ab(d8,tt,ord,nb2m)@1.classic(t1,c4,w0,l0)@2.opener(rand,4)@1	B	59	8	10	389.195	5106.467	375.000	4750.000	30	29	1243504	15401909	142.00	184.00	26	25	649476758	12
2026-07-26T21:55:54Z	20260726T215027Z	boards/board1.txt	ab(d6,tt,ord,nb200k)@1.learned(s3,68364898)@1.opener(rand,4)@1	rand@1	W	35	16	13	357.850	0.026	343.750	0.000	18	17	1128186	0	71.00	0.00	14	0	1403185913	12
2026-07-26T21:55:55Z	20260726T215027Z	boards/board1.txt	ab(d6,tt,ord,nb200k)@1.learned(s6,eac8ab99)@1.opener(rand,4)@1	ab(d6,tt,ord,nb200k)@1.learned(s76,ef183148)@1.opener(rand,4)@1	B	53	9	11	508.429	671.362	546.875	578.125	27	26	1725331	1792789	124.00	123.00	23	22	3499980486	12
2026-07-26T21:55:56Z	20260726T215027Z	boards/board1.txt	ab(d6,tt,ord,nb200k)@1.learned(s6,eac8ab99)@1.opener(rand,4)@1	ab(d6,tt,ord,nb200k)@1.learned(s98,5801570e)@1.opener(rand,4)@1	W	84	6	6	742.193	782.200	656.250	812.500	42	42	2292638	2416349	218.93	214.00	38	38	3728786348	12
2026-07-26T21:55:57Z	20260726T215027Z	boards/board1.txt	ab(d6,tt,ord,nb200k)@1.learned(s6,eac8ab99)@1.opener(rand,4)@1	ab(d6,tt,ord,nb200k)@1.learned(s98,5801570e)@1.opener(rand,4)@1	W	84	6	4	541.451	556.931	546.875	531.250	42	42	1694139	1618264	219.00	214.00	38	38	4012029153	12
2026-07-26T21:55:59Z	20260726T215027Z	boards/board1.txt	ab(d6,tt,ord,nb200k)@1.learned(s6,eac8ab99)@1.opener(rand,4)@1	ab(d6,tt,ord,qs,nb200k)@1.learned(s98,5801570e)@1.opener(rand,4)@1	W	74	9	7	573.768	634.396	546.875	625.000	37	37	1728492	1825439	189.00	184.00	33	33	1846793563	12
2026-07-26T21:56:02Z	20260726T215027Z	boards/board1.txt	ab(d6,tt,ord,nb200k)@1.learned(s6,eac8ab99)@1.opener(rand,4)@1	ab(d8,tt,ord,nb2m)@1.classic(t1,c4,w0,l0)@2.opener(rand,4)@1	W	44	9	12	106.265	3509.997	109.375	3250.000	22	22	308591	9697564	99.00	122.00	18	18	1865687839	12
2026-07-26T21:56:03Z	20260726T215027Z	boards/board1.txt	ab(d6,tt,ord,nb200k)@1.learned(s6,eac8ab99)@1.opener(rand,4)@1	rand@1	W	33	15	13	323.392	0.024	312.500	0.000	17	16	1078304	0	68.00	0.00	13	0	1466928249	12
2026-07-26T21:56:03Z	20260726T215027Z	boards/board1.txt	ab(d6,tt,ord,nb200k)@1.learned(s6,eac8ab99)@1.opener(rand,4)@1	rand@1	W	29	16	12	345.066	0.022	234.375	0.000	15	14	857645	0	61.00	0.00	11	0	3826137742	12
2026-07-26T21:56:04Z	20260726T215027Z	boards/board1.txt	ab(d6,tt,ord,nb200k)@1.learned(s76,ef183148)@1.opener(rand,4)@1	ab(d6,tt,ord,nb200k)@1.learned(s98,5801570e)@1.opener(rand,4)@1	W	56	11	8	745.265	572.686	687.500	515.625	28	28	2003002	1977740	135.00	129.55	24	24	4147093740	12
2026-07-26T21:56:06Z	20260726T215027Z	boards/board1.txt	ab(d6,tt,ord,nb200k)@1.learned(s76,ef183148)@1.opener(rand,4)@1	ab(d6,tt,ord,qs,nb200k)@1.learned(s98,5801570e)@1.opener(rand,4)@1	B	73	7	9	959.161	743.894	875.000	750.000	37	36	2662406	2361247	184.00	183.00	33	32	2572979912	12
2026-07-26T21:56:15Z	20260726T215027Z	boards/board1.txt	ab(d6,tt,ord,nb200k)@1.learned(s76,ef183148)@1.opener(rand,4)@1	ab(d8,tt,ord,nb2m)@1.classic(t1,c4,w0,l0)@2.opener(rand,4)@1	B	61	8	10	331.532	8374.015	343.750	7781.250	31	30	1109353	23453033	148.00	192.00	27	26	2179285093	12
2026-07-26T21:56:21Z	20260726T215027Z	boards/board1.txt	ab(d6,tt,ord,nb200k)@1.learned(s76,ef183148)@1.opener(rand,4)@1	ab(d8,tt,ord,nb2m)@1.classic(t1,c4,w0,l0)@2.opener(rand,4)@1	B	81	8	7	244.511	5725.577	203.125	5578.125	41	40	897820	19462943	208.00	271.00	37	36	569965034	12
2026-07-26T21:56:21Z	20260726T215027Z	boards/board1.txt	ab(d6,tt,ord,nb200k)@1.learned(s76,ef183148)@1.opener(rand,4)@1	rand@1	W	27	16	11	223.298	0.024	218.750	0.000	14	13	827848	0	55.00	0.00	10	0	2188453109	12
2026-07-26T21:56:22Z	20260726T215027Z	boards/board1.txt	ab(d6,tt,ord,nb200k)@1.learned(s98,5801570e)@1.opener(rand,4)@1	ab(d6,tt,ord,qs,nb200k)@1.learned(s98,5801570e)@1.opener(rand,4)@1	B	63	11	10	532.035	553.531	546.875	515.625	32	31	1932174	1900218	154.00	153.00	28	27	1137356489	12
2026-07-26T21:56:26Z	20260726T215027Z	boards/board1.txt	ab(d6,tt,ord,nb200k)@1.learned(s98,5801570e)@1.opener(rand,4)@1	ab(d8,tt,ord,nb2m)@1.classic(t1,c4,w0,l0)@2.opener(rand,4)@1	B	51	11	11	261.062	4037.060	218.750	3859.375	26	25	936590	14471687	118.00	152.00	22	21	373794410	12
2026-07-26T21:56:32Z	20260726T215027Z	boards/board1.txt	ab(d6,tt,ord,nb200k)@1.learned(s98,5801570e)@1.opener(rand,4)@1	ab(d8,tt,ord,nb2m)@1.classic(t1,c4,w0,l0)@2.opener(rand,4)@1	B	69	7	9	331.760	5584.969	250.000	5359.375	35	34	1226739	18274570	172.00	224.00	31	30	2965056211	12
2026-07-26T21:56:32Z	20260726T215027Z	boards/board1.txt	ab(d6,tt,ord,nb200k)@1.learned(s98,5801570e)@1.opener(rand,4)@1	rand@1	W	33	16	11	359.896	0.028	359.375	0.000	17	16	1295190	0	72.67	0.00	13	0	868159444	12
2026-07-26T21:56:36Z	20260726T215027Z	boards/board1.txt	ab(d6,tt,ord,qs,nb200k)@1.learned(s98,5801570e)@1.opener(rand,4)@1	ab(d8,tt,ord,nb2m)@1.classic(t1,c4,w0,l0)@2.opener(rand,4)@1	B	57	9	11	256.238	3531.926	187.500	3468.750	29	28	930079	13420326	136.00	176.00	25	24	4035935289	12
2026-07-26T21:56:37Z	20260726T215027Z	boards/board1.txt	ab(d6,tt,ord,qs,nb200k)@1.learned(s98,5801570e)@1.opener(rand,4)@1	rand@1	W	41	15	10	438.905	0.032	453.125	0.000	21	20	1627663	0	91.00	0.00	17	0	3692451895	12
2026-07-26T21:56:37Z	20260726T215027Z	boards/board1.txt	ab(d6,tt,ord,qs,nb200k)@1.learned(s98,5801570e)@1.opener(rand,4)@1	rand@1	W	25	16	14	185.879	0.017	171.875	0.000	13	12	680713	0	44.00	0.00	9	0	3587906424	12
2026-07-26T21:56:37Z	20260726T215027Z	boards/board1.txt	ab(d8,tt,ord,nb2m)@1.classic(t1,c4,w0,l0)@2.opener(rand,4)@1	rand@1	W	15	16	13	374.890	0.009	359.375	0.000	8	7	1370435	0	25.00	0.00	4	0	1144651112	12
2026-07-26T21:50:27Z	20260726T215027Z	boards/board1.txt	ab(d4)@1.classic(t1,c4,w0,l0)@2.opener(rand,4)@1	ab(d2)@1.classic(t1,c4,w0,l0)@2.opener(rand,4)@1	W	55	10	10	7.541	0.201	0.000	0.000	28	27	128313	2940	88.00	44.00	24	23	2170789807	12
2026-07-26T21:50:28Z	20260726T215027Z	boards/board1.txt	ab(d6,ord,nb200k)@1.adv(t20,c77,w0,l0,f0,d-2,e0,m0,h0,b1,o0,r0,x0,n0,s1,g1)@1.opener(rand,4)@1	ab(d2)@1.classic(t1,c4,w0,l0)@2.opener(rand,4)@1	B	45	11	12	943.843	0.189	828.125	0.000	23	22	2457079	2164	99.42	36.00	19	18	3404331757	12
2026-07-26T21:50:28Z	20260726T215027Z	boards/board1.txt	ab(d6,tt,ord,nb200k)@1.classic(t1,c4,w0,l0)@2.dil(r30,d4)@1.opener(rand,4)@1	ab(d2)@1.classic(t1,c4,w0,l0)@2.opener(rand,4)@1	W	31	14	15	232.769	0.110	187.500	0.000	16	15	564841	1254	59.00	20.00	12	11	1229268514	12
2026-07-26T21:50:28Z	20260726T215027Z	boards/board1.txt	ab(d6,tt,ord,nb200k)@1.classic(t1,c4,w0,l0)@2.dil(r30,d4)@1.opener(rand,4)@1	ab(d2)@1.classic(t1,c4,w0,l0)@2.opener(rand,4)@1	W	25	14	14	86.922	0.065	78.125	0.000	13	12	264446	772	37.00	14.00	9	8	777803915	12
2026-07-26T21:50:29Z	20260726T215027Z	boards/board1.txt	ab(d6,tt,ord,nb200k)@1.classic(t1,c4,w0,l0)@2.dil(r63)@1.opener(rand,4)@1	ab(d2)@1.classic(t1,c4,w0,l0)@2.opener(rand,4)@1	B	46	11	13	284.879	0.158	281.250	0.000	23	23	767674	1840	78.00	38.00	13	19	4015468075	12
2026-07-26T21:50:29Z	20260726T215027Z	boards/board1.txt	ab(d6,tt,ord,nb200k)@1.classic(t1,c4,w0,l0)@2.opener(rand,4)@1	ab(d2)@1.classic(t1,c4,w0,l0)@2.opener(rand,4)@1	W	43	13	13	329.395	0.212	296.875	0.000	22	21	908002	2557	95.00	32.00	18	17	2841204173	12
2026-07-26T21:50:40Z	20260726T215027Z	boards/board1.txt	ab(d6,tt,ord,nb200k)@1.learned(s111,78ef6974)@1.opener(rand,4)@1	ab(d2)@1.classic(t1,c4,w0,l0)@2.opener(rand,4)@1	W	55	9	10	11604.925	0.238	10578.125	0.000	28	27	2267608	2331	129.68	44.00	24	23	4215923833	12
2026-07-26T21:50:56Z	20260726T215027Z	boards/board1.txt	ab(d6,tt,ord,nb200k)@1.learned(s111,78ef6974)@1.opener(rand,4)@1	ab(d2)@1.classic(t1,c4,w0,l0)@2.opener(rand,4)@1	W	67	9	11	15890.358	0.333	13687.500	0.000	34	33	3114628	3645	164.54	56.00	30	29	1343341198	12
2026-07-26T21:50:57Z	20260726T215027Z	boards/board1.txt	ab(d6,tt,ord,nb200k)@1.learned(s3,68364898)@1.opener(rand,4)@1	ab(d2)@1.classic(t1,c4,w0,l0)@2.opener(rand,4)@1	W	55	10	11	773.211	0.259	640.625	0.000	28	27	2104728	2926	129.91	44.00	24	23	2520928716	12
2026-07-26T21:50:58Z	20260726T215027Z	boards/board1.txt	ab(d6,tt,ord,nb200k)@1.learned(s6,eac8ab99)@1.opener(rand,4)@1	ab(d2)@1.classic(t1,c4,w0,l0)@2.opener(rand,4)@1	W	43	12	12	530.926	0.155	453.125	0.000	22	21	1396823	1682	95.00	32.00	18	17	2912042417	12
2026-07-26T21:50:58Z	20260726T215027Z	boards/board1.txt	ab(d6,tt,ord,nb200k)@1.learned(s76,ef183148)@1.opener(rand,4)@1	ab(d2)@1.classic(t1,c4,w0,l0)@2.opener(rand,4)@1	W	59	9	10	706.006	0.249	671.875	0.000	30	29	2109680	2821	142.00	48.00	26	25	1917464639	12
2026-07-26T21:50:59Z	20260726T215027Z	boards/board1.txt	ab(d6,tt,ord,nb200k)@1.learned(s76,ef183148)@1.opener(rand,4)@1	ab(d2)@1.classic(t1,c4,w0,l0)@2.opener(rand,4)@1	W	49	11	10	500.698	0.169	453.125	0.000	25	24	1520685	1762	112.00	38.00	21	20	1629937344	12
2026-07-26T21:51:00Z	20260726T215027Z	boards/board1.txt	ab(d6,tt,ord,nb200k)@1.learned(s98,5801570e)@1.opener(rand,4)@1	ab(d2)@1.classic(t1,c4,w0,l0)@2.opener(rand,4)@1	W	55	11	12	650.522	0.259	593.750	0.000	28	27	2004726	2938	131.00	44.00	24	23	1269159741	12
2026-07-26T21:51:00Z	20260726T215027Z	boards/board1.txt	ab(d6,tt,ord,qs,nb200k)@1.learned(s98,5801570e)@1.opener(rand,4)@1	ab(d2)@1.classic(t1,c4,w0,l0)@2.opener(rand,4)@1	W	41	12	12	558.186	0.148	437.500	0.000	21	20	1463217	1582	87.50	30.00	17	16	3129034571	12
2026-07-26T21:51:04Z	20260726T215027Z	boards/board1.txt	ab(d8,tt,ord,nb2m)@1.classic(t1,c4,w0,l0)@2.opener(rand,4)@1	ab(d2)@1.classic(t1,c4,w0,l0)@2.opener(rand,4)@1	W	43	13	14	4199.257	0.205	3843.750	0.000	22	21	11516195	2688	125.00	32.00	18	17	77391800	12
2026-07-26T21:51:08Z	20260726T215027Z	boards/board1.txt	ab(d8,tt,ord,nb2m)@1.classic(t1,c4,w0,l0)@2.opener(rand,4)@1	ab(d2)@1.classic(t1,c4,w0,l0)@2.opener(rand,4)@1	W	43	13	13	3911.698	0.225	3781.250	0.000	22	21	11224942	2730	125.00	32.00	18	17	2881981261	12
2026-07-26T21:51:08Z	20260726T215027Z	boards/board1.txt	rand@1	ab(d2)@1.classic(t1,c4,w0,l0)@2.opener(rand,4)@1	B	14	13	16	0.005	0.025	0.000	0.000	7	7	0	247	0.00	6.00	0	3	803608178	12
2026-07-26T21:51:09Z	20260726T215027Z	boards/board1.txt	ab(d6,ord,nb200k)@1.adv(t20,c77,w0,l0,f0,d-2,e0,m0,h0,b1,o0,r0,x0,n0,s1,g1)@1.opener(rand,4)@1	ab(d4)@1.classic(t1,c4,w0,l0)@2.opener(rand,4)@1	B	35	13	13	744.267	3.942	578.125	15.625	18	17	1948320	60721	70.10	52.00	14	13	1126797347	12
2026-07-26T21:51:09Z	20260726T215027Z	boards/board1.txt	ab(d6,tt,ord,nb200k)@1.classic(t1,c4,w0,l0)@2.dil(r30,d4)@1.opener(rand,4)@1	ab(d4)@1.classic(t1,c4,w0,l0)@2.opener(rand,4)@1	B	59	8	10	318.509	14.547	250.000	31.250	30	29	912078	159593	133.00	100.00	26	25	2842333660	12
2026-07-26T21:51:09Z	20260726T215027Z	boards/board1.txt	ab(d6,tt,ord,nb200k)@1.classic(t1,c4,w0,l0)@2.dil(r30,d4)@1.opener(rand,4)@1	ab(d4)@1.classic(t1,c4,w0,l0)@2.opener(rand,4)@1	W	41	13	12	190.990	6.503	156.250	0.000	21	20	535482	92870	82.00	57.00	17	16	3006067025	12
2026-07-26T21:51:10Z	20260726T215027Z	boards/board1.txt	ab(d6,tt,ord,nb200k)@1.classic(t1,c4,w0,l0)@2.dil(r63)@1.opener(rand,4)@1	ab(d4)@1.classic(t1,c4,w0,l0)@2.opener(rand,4)@1	B	40	12	15	131.768	6.229	93.750	15.625	20	20	374535	96118	36.00	64.00	6	16	107685845	12
2026-07-26T21:51:10Z	20260726T215027Z	boards/board1.txt	ab(d6,tt,ord,nb200k)@1.classic(t1,c4,w0,l0)@2.opener(rand,4)@1	ab(d4)@1.classic(t1,c4,w0,l0)@2.opener(rand,4)@1	W	41	13	12	309.181	9.558	265.625	0.000	21	20	835074	106479	88.00	57.00	17	16	814009647	12
2026-07-26T21:51:23Z	20260726T215027Z	boards/board1.txt	ab(d6,tt,ord,nb200k)@1.learned(s111,78ef6974)@1.opener(rand,4)@1	ab(d4)@1.classic(t1,c4,w0,l0)@2.opener(rand,4)@1	W	67	8	9	13049.126	12.291	11234.375	31.250	34	33	2414004	136755	166.00	109.00	30	29	3734446503	12
2026-07-26T21:51:35Z	20260726T215027Z	boards/board1.txt	ab(d6,tt,ord,nb200k)@1.learned(s111,78ef6974)@1.opener(rand,4)@1	ab(d4)@1.classic(t1,c4,w0,l0)@2.opener(rand,4)@1	B	51	10	11	12456.876	6.330	10843.750	15.625	26	25	2357987	93060	117.86	84.00	22	21	404959144	12
2026-07-26T21:51:36Z	20260726T215027Z	boards/board1.txt	ab(d6,tt,ord,nb200k)@1.learned(s3,68364898)@1.opener(rand,4)@1	ab(d4)@1.classic(t1,c4,w0,l0)@2.opener(rand,4)@1	W	45	11	12	614.356	6.642	500.000	15.625	23	22	1722171	98548	100.00	65.00	19	18	1335369018	12
2026-07-26T21:51:37Z	20260726T215027Z	boards/board1.txt	ab(d6,tt,ord,nb200k)@1.learned(s6,eac8ab99)@1.opener(rand,4)@1	ab(d4)@1.classic(t1,c4,w0,l0)@2.opener(rand,4)@1	B	55	9	11	669.486	7.977	640.625	15.625	28	27	2036407	123519	130.00	92.00	24	23	414346903	12
2026-07-26T21:51:38Z	20260726T215027Z	boards/board1.txt	ab(d6,tt,ord,nb200k)@1.learned(s76,ef183148)@1.opener(rand,4)@1	ab(d4)@1.classic(t1,c4,w0,l0)@2.opener(rand,4)@1	W	53	11	10	754.419	9.714	703.125	0.000	27	26	2275646	107484	123.85	81.00	23	22	583723833	12
2026-07-26T21:51:38Z	20260726T215027Z	boards/board1.txt	ab(d6,tt,ord,nb200k)@1.learned(s76,ef183148)@1.opener(rand,4)@1	ab(d4)@1.classic(t1,c4,w0,l0)@2.opener(rand,4)@1	W	65	10	8	870.473	11.595	734.375	15.625	33	32	2571454	169361	160.00	105.00	29	28	4208939214	12
2026-07-26T21:51:39Z	20260726T215027Z	boards/board1.txt	ab(d6,tt,ord,nb200k)@1.learned(s98,5801570e)@1.opener(rand,4)@1	ab(d4)@1.classic(t1,c4,w0,l0)@2.opener(rand,4)@1	W	39	13	13	502.548	5.829	406.250	15.625	20	19	1419541	81012	82.00	53.00	16	15	4174793195	12
2026-07-26T21:51:39Z	20260726T215027Z	boards/board1.txt	ab(d6,tt,ord,qs,nb200k)@1.learned(s98,5801570e)@1.opener(rand,4)@1	ab(d4)@1.classic(t1,c4,w0,l0)@2.opener(rand,4)@1	W	43	11	12	439.032	4.761	390.625	0.000	22	21	1373580	72954	92.00	61.00	18	17	2750868421	12
2026-07-26T21:51:42Z	20260726T215027Z	boards/board1.txt	ab(d8,tt,ord,nb2m)@1.classic(t1,c4,w0,l0)@2.opener(rand,4)@1	ab(d4)@1.classic(t1,c4,w0,l0)@2.opener(rand,4)@1	W	41	13	12	2548.512	3.412	2328.125	0.000	21	20	7460766	57639	113.00	57.00	17	16	2610033798	12
2026-07-26T21:51:46Z	20260726T215027Z	boards/board1.txt	ab(d8,tt,ord,nb2m)@1.classic(t1,c4,w0,l0)@2.opener(rand,4)@1	ab(d4)@1.classic(t1,c4,w0,l0)@2.opener(rand,4)@1	W	49	12	10	3918.971	6.859	3437.500	0.000	25	24	10953432	94883	145.00	73.00	21	20	764109583	12
2026-07-26T21:51:46Z	20260726T215027Z	boards/board1.txt	rand@1	ab(d4)@1.classic(t1,c4,w0,l0)@2.opener(rand,4)@1	B	20	15	16	0.008	1.906	0.000	0.000	10	10	0	25497	0.00	24.00	0	6	4094128568	12
2026-07-26T21:51:47Z	20260726T215027Z	boards/board1.txt	ab(d6,tt,ord,nb200k)@1.classic(t1,c4,w0,l0)@2.dil(r30,d4)@1.opener(rand,4)@1	ab(d6,ord,nb200k)@1.adv(t20,c77,w0,l0,f0,d-2,e0,m0,h0,b1,o0,r0,x0,n0,s1,g1)@1.opener(rand,4)@1	B	65	9	9	356.001	1273.876	265.625	1250.000	33	32	1061008	3508073	140.00	157.74	29	28	3719963241	12
2026-07-26T21:51:48Z	20260726T215027Z	boards/board1.txt	ab(d6,tt,ord,nb200k)@1.classic(t1,c4,w0,l0)@2.dil(r63)@1.opener(rand,4)@1	ab(d6,ord,nb200k)@1.adv(t20,c77,w0,l0,f0,d-2,e0,m0,h0,b1,o0,r0,x0,n0,s1,g1)@1.opener(rand,4)@1	B	36	11	15	61.848	639.218	46.875	593.750	18	18	189484	1768793	24.00	78.39	4	14	34154638	12
2026-07-26T21:51:49Z	20260726T215027Z	boards/board1.txt	ab(d6,tt,ord,nb200k)@1.classic(t1,c4,w0,l0)@2.dil(r63)@1.opener(rand,4)@1	ab(d6,ord,nb200k)@1.adv(t20,c77,w0,l0,f0,d-2,e0,m0,h0,b1,o0,r0,x0,n0,s1,g1)@1.opener(rand,4)@1	B	44	12	15	199.953	910.731	140.625	828.125	22	22	585335	2350994	59.00	97.96	10	18	2526749015	12
2026-07-26T21:51:51Z	20260726T215027Z	boards/board1.txt	ab(d6,tt,ord,nb200k)@1.classic(t1,c4,w0,l0)@2.opener(rand,4)@1	ab(d6,ord,nb200k)@1.adv(t20,c77,w0,l0,f0,d-2,e0,m0,h0,b1,o0,r0,x0,n0,s1,g1)@1.opener(rand,4)@1	W	62	11	8	365.918	874.594	359.375	718.750	31	31	1075248	2212869	153.00	148.00	27	27	1161098473	12
2026-07-26T21:52:03Z	20260726T215027Z	boards/board1.txt	ab(d6,tt,ord,nb200k)@1.learned(s111,78ef6974)@1.opener(rand,4)@1	ab(d6,ord,nb200k)@1.adv(t20,c77,w0,l0,f0,d-2,e0,m0,h0,b1,o0,r0,x0,n0,s1,g1)@1.opener(rand,4)@1	B	41	10	13	11349.022	626.064	9656.250	500.000	21	20	2061323	1643052	88.36	86.90	17	16	3214649152	12
2026-07-26T21:52:04Z	20260726T215027Z	boards/board1.txt	ab(d6,tt,ord,nb200k)@1.learned(s3,68364898)@1.opener(rand,4)@1	ab(d6,ord,nb200k)@1.adv(t20,c77,w0,l0,f0,d-2,e0,m0,h0,b1,o0,r0,x0,n0,s1,g1)@1.opener(rand,4)@1	W	50	10	10	479.910	902.926	468.750	765.625	25	25	1420842	2344654	117.00	112.00	21	21	1705887107	12
2026-07-26T21:52:06Z	20260726T215027Z	boards/board1.txt	ab(d6,tt,ord,nb200k)@1.learned(s3,68364898)@1.opener(rand,4)@1	ab(d6,ord,nb200k)@1.adv(t20,c77,w0,l0,f0,d-2,e0,m0,h0,b1,o0,r0,x0,n0,s1,g1)@1.opener(rand,4)@1	W	60	10	10	752.753	1248.655	609.375	1187.500	30	30	2366168	3288547	145.70	138.92	26	26	2737251076	12
2026-07-26T21:52:08Z	20260726T215027Z	boards/board1.txt	ab(d6,tt,ord,nb200k)@1.learned(s6,eac8ab99)@1.opener(rand,4)@1	ab(d6,ord,nb200k)@1.adv(t20,c77,w0,l0,f0,d-2,e0,m0,h0,b1,o0,r0,x0,n0,s1,g1)@1.opener(rand,4)@1	W	78	8	6	695.308	1269.239	562.500	1031.250	39	39	2008605	3220863	201.00	195.29	35	35	2965869761	12
2026-07-26T21:52:10Z	20260726T215027Z	boards/board1.txt	ab(d6,tt,ord,nb200k)@1.learned(s76,ef183148)@1.opener(rand,4)@1	ab(d6,ord,nb200k)@1.adv(t20,c77,w0,l0,f0,d-2,e0,m0,h0,b1,o0,r0,x0,n0,s1,g1)@1.opener(rand,4)@1	B	49	12	11	937.791	1278.117	765.625	1031.250	25	24	3086432	3091039	106.53	106.15	21	20	2388508406	12
2026-07-26T21:52:12Z	20260726T215027Z	boards/board1.txt	ab(d6,tt,ord,nb200k)@1.learned(s98,5801570e)@1.opener(rand,4)@1	ab(d6,ord,nb200k)@1.adv(t20,c77,w0,l0,f0,d-2,e0,m0,h0,b1,o0,r0,x0,n0,s1,g1)@1.opener(rand,4)@1	W	64	8	8	801.490	1400.888	734.375	1234.375	32	32	2557606	3622954	159.00	153.45	28	28	97413564	12
2026-07-26T21:52:14Z	20260726T215027Z	boards/board1.txt	ab(d6,tt,ord,nb200k)@1.learned(s98,5801570e)@1.opener(rand,4)@1	ab(d6,ord,nb200k)@1.adv(t20,c77,w0,l0,f0,d-2,e0,m0,h0,b1,o0,r0,x0,n0,s1,g1)@1.opener(rand,4)@1	W	62	8	9	848.293	1235.670	796.875	921.875	31	31	2527641	3105267	152.55	147.18	27	27	642072625	12
2026-07-26T21:52:17Z	20260726T215027Z	boards/board1.txt	ab(d6,tt,ord,qs,nb200k)@1.learned(s98,5801570e)@1.opener(rand,4)@1	ab(d6,ord,nb200k)@1.adv(t20,c77,w0,l0,f0,d-2,e0,m0,h0,b1,o0,r0,x0,n0,s1,g1)@1.opener(rand,4)@1	W	74	7	6	834.999	1482.170	703.125	1281.250	37	37	2505630	3714914	187.94	182.04	33	33	1062281739	12
2026-07-26T21:52:24Z	20260726T215027Z	boards/board1.txt	ab(d8,tt,ord,nb2m)@1.classic(t1,c4,w0,l0)@2.opener(rand,4)@1	ab(d6,ord,nb200k)@1.adv(t20,c77,w0,l0,f0,d-2,e0,m0,h0,b1,o0,r0,x0,n0,s1,g1)@1.opener(rand,4)@1	B	77	8	6	5586.326	1395.789	4859.375	1234.375	39	38	16919182	3634946	257.00	193.91	35	34	1193498095	12
2026-07-26T21:52:24Z	20260726T215027Z	boards/board1.txt	rand@1	ab(d6,ord,nb200k)@1.adv(t20,c77,w0,l0,f0,d-2,e0,m0,h0,b1,o0,r0,x0,n0,s1,g1)@1.opener(rand,4)@1	B	18	12	16	0.013	152.763	0.000	125.000	9	9	0	374158	0.00	25.00	0	5	3983975177	12
2026-07-26T21:52:25Z	20260726T215027Z	boards/board1.txt	rand@1	ab(d6,ord,nb200k)@1.adv(t20,c77,w0,l0,f0,d-2,e0,m0,h0,b1,o0,r0,x0,n0,s1,g1)@1.opener(rand,4)@1	B	34	10	16	0.032	879.133	0.000	718.750	17	17	0	2164671	0.00	70.63	0	13	3549097822	12
2026-07-26T21:52:25Z	20260726T215027Z	boards/board1.txt	ab(d6,tt,ord,nb200k)@1.classic(t1,c4,w0,l0)@2.dil(r63)@1.opener(rand,4)@1	ab(d6,tt,ord,nb200k)@1.classic(t1,c4,w0,l0)@2.dil(r30,d4)@1.opener(rand,4)@1	B	30	11	15	70.991	165.005	46.875	140.625	15	15	216024	404026	30.00	57.00	5	11	3112894131	12
2026-07-26T21:52:26Z	20260726T215027Z	boards/board1.txt	ab(d6,tt,ord,nb200k)@1.classic(t1,c4,w0,l0)@2.opener(rand,4)@1	ab(d6,tt,ord,nb200k)@1.classic(t1,c4,w0,l0)@2.dil(r30,d4)@1.opener(rand,4)@1	B	67	9	11	551.676	227.855	500.000	140.625	34	33	1291571	540670	166.00	147.00	30	29	370480117	12
2026-07-26T21:52:35Z	20260726T215027Z	boards/board1.txt	ab(d6,tt,ord,nb200k)@1.learned(s111,78ef6974)@1.opener(rand,4)@1	ab(d6,tt,ord,nb200k)@1.classic(t1,c4,w0,l0)@2.dil(r30,d4)@1.opener(rand,4)@1	W	40	13	11	8775.205	200.649	6906.250	109.375	20	20	1602972	511251	86.80	72.00	16	16	237404369	12
2026-07-26T21:52:46Z	20260726T215027Z	boards/board1.txt	ab(d6,tt,ord,nb200k)@1.learned(s111,78ef6974)@1.opener(rand,4)@1	ab(d6,tt,ord,nb200k)@1.classic(t1,c4,w0,l0)@2.dil(r30,d4)@1.opener(rand,4)@1	W	60	11	8	11411.700	238.956	9593.750	234.375	30	30	2176025	651308	146.96	124.00	26	26	945160454	12
2026-07-26T21:52:47Z	20260726T215027Z	boards/board1.txt	ab(d6,tt,ord,nb200k)@1.learned(s3,68364898)@1.opener(rand,4)@1	ab(d6,tt,ord,nb200k)@1.classic(t1,c4,w0,l0)@2.dil(r30,d4)@1.opener(rand,4)@1	W	56	12	9	544.204	282.438	546.875	250.000	28	28	1480432	884405	135.00	118.00	24	24	2756483428	12
2026-07-26T21:52:48Z	20260726T215027Z	boards/board1.txt	ab(d6,tt,ord,nb200k)@1.learned(s6,eac8ab99)@1.opener(rand,4)@1	ab(d6,tt,ord,nb200k)@1.classic(t1,c4,w0,l0)@2.dil(r30,d4)@1.opener(rand,4)@1	W	58	9	10	560.928	267.246	546.875	281.250	29	29	1539601	844851	141.00	124.00	25	25	3756404313	12
2026-07-26T21:52:49Z	20260726T215027Z	boards/board1.txt	ab(d6,tt,ord,nb200k)@1.learned(s76,ef183148)@1.opener(rand,4)@1	ab(d6,tt,ord,nb200k)@1.classic(t1,c4,w0,l0)@2.dil(r30,d4)@1.opener(rand,4)@1	W	46	12	8	504.554	133.667	468.750	140.625	23	23	1526027	463224	105.00	87.00	19	19	3351234407	12
2026-07-26T21:52:50Z	20260726T215027Z	boards/board1.txt	ab(d6,tt,ord,nb200k)@1.learned(s76,ef183148)@1.opener(rand,4)@1	ab(d6,tt,ord,nb200k)@1.classic(t1,c4,w0,l0)@2.dil(r30,d4)@1.opener(rand,4)@1	W	44	10	12	637.026	239.628	406.250	187.500	22	22	1427936	569311	99.00	91.00	18	18	3133314536	12
2026-07-26T21:52:50Z	20260726T215027Z	boards/board1.txt	ab(d6,tt,ord,nb200k)@1.learned(s98,5801570e)@1.opener(rand,4)@1	ab(d6,tt,ord,nb200k)@1.classic(t1,c4,w0,l0)@2.dil(r30,d4)@1.opener(rand,4)@1	W	52	11	10	666.836	180.795	593.750	171.875	26	26	1839125	491772	123.00	100.00	22	22	2582632213	12
2026-07-26T21:52:51Z	20260726T215027Z	boards/board1.txt	ab(d6,tt,ord,qs,nb200k)@1.learned(s98,5801570e)@1.opener(rand,4)@1	ab(d6,tt,ord,nb200k)@1.classic(t1,c4,w0,l0)@2.dil(r30,d4)@1.opener(rand,4)@1	W	44	12	11	485.416	267.812	453.125	218.750	22	22	1164362	766537	98.00	88.00	18	18	2261865379	12
2026-07-26T21:52:55Z	20260726T215027Z	boards/board1.txt	ab(d8,tt,ord,nb2m)@1.classic(t1,c4,w0,l0)@2.opener(rand,4)@1	ab(d6,tt,ord,nb200k)@1.classic(t1,c4,w0,l0)@2.dil(r30,d4)@1.opener(rand,4)@1	W	42	13	11	4160.317	45.828	3578.125	62.500	21	21	11066697	150153	120.00	78.00	17	17	51850960	12
2026-07-26T21:52:58Z	20260726T215027Z	boards/board1.txt	ab(d8,tt,ord,nb2m)@1.classic(t1,c4,w0,l0)@2.opener(rand,4)@1	ab(d6,tt,ord,nb200k)@1.classic(t1,c4,w0,l0)@2.dil(r30,d4)@1.opener(rand,4)@1	W	42	12	11	2995.167	45.408	2703.125	31.250	21	21	8283105	111264	120.00	76.00	17	17	1651444997	12
2026-07-26T21:52:58Z	20260726T215027Z	boards/board1.txt	rand@1	ab(d6,tt,ord,nb200k)@1.classic(t1,c4,w0,l0)@2.dil(r30,d4)@1.opener(rand,4)@1	B	22	12	16	0.010	72.033	0.000	62.500	11	11	0	187316	0.00	31.00	0	7	2809716234	12
2026-07-26T21:52:59Z	20260726T215027Z	boards/board1.txt	ab(d6,tt,ord,nb200k)@1.classic(t1,c4,w0,l0)@2.opener(rand,4)@1	ab(d6,tt,ord,nb200k)@1.classic(t1,c4,w0,l0)@2.dil(r63)@1.opener(rand,4)@1	W	25	16	13	148.976	51.219	93.750	78.125	13	12	348082	157539	49.00	24.00	9	4	2067284173	12
2026-07-26T21:53:09Z	20260726T215027Z	boards/board1.txt	ab(d6,tt,ord,nb200k)@1.learned(s111,78ef6974)@1.opener(rand,4)@1	ab(d6,tt,ord,nb200k)@1.classic(t1,c4,w0,l0)@2.dil(r63)@1.opener(rand,4)@1	W	47	11	14	10484.995	136.974	8718.750	125.000	24	23	2034293	375683	109.40	42.00	20	7	2568172921	12
2026-07-26T21:53:14Z	20260726T215027Z	boards/board1.txt	ab(d6,tt,ord,nb200k)@1.learned(s111,78ef6974)@1.opener(rand,4)@1	ab(d6,tt,ord,nb200k)@1.classic(t1,c4,w0,l0)@2.dil(r63)@1.opener(rand,4)@1	W	27	14	10	4273.146	60.656	3718.750	78.125	14	13	817891	138545	54.68	18.00	10	3	1831232910	12
2026-07-26T21:53:14Z	20260726T215027Z	boards/board1.txt	ab(d6,tt,ord,nb200k)@1.learned(s3,68364898)@1.opener(rand,4)@1	ab(d6,tt,ord,nb200k)@1.classic(t1,c4,w0,l0)@2.dil(r63)@1.opener(rand,4)@1	W	37	16	13	557.049	96.255	531.250	93.750	19	18	1662562	312574	83.83	30.00	15	5	1747008716	12
2026-07-26T21:53:15Z	20260726T215027Z	boards/board1.txt	ab(d6,tt,ord,nb200k)@1.learned(s6,eac8ab99)@1.opener(rand,4)@1	ab(d6,tt,ord,nb200k)@1.classic(t1,c4,w0,l0)@2.dil(r63)@1.opener(rand,4)@1	W	45	15	13	497.319	70.102	453.125	62.500	23	22	1509610	217248	104.00	30.00	19	5	2138122417	12
2026-07-26T21:53:16Z	20260726T215027Z	boards/board1.txt	ab(d6,tt,ord,nb200k)@1.learned(s76,ef183148)@1.opener(rand,4)@1	ab(d6,tt,ord,nb200k)@1.classic(t1,c4,w0,l0)@2.dil(r63)@1.opener(rand,4)@1	W	57	13	10	758.593	99.262	625.000	46.875	29	28	2047195	280177	145.00	42.00	25	7	1143544639	12
2026-07-26T21:53:17Z	20260726T215027Z	boards/board1.txt	ab(d6,tt,ord,nb200k)@1.learned(s76,ef183148)@1.opener(rand,4)@1	ab(d6,tt,ord,nb200k)@1.classic(t1,c4,w0,l0)@2.dil(r63)@1.opener(rand,4)@1	W	57	11	11	836.396	197.411	687.500	203.125	29	28	2299829	557454	136.00	63.00	25	11	4277153728	12
2026-07-26T21:53:17Z	20260726T215027Z	boards/board1.txt	ab(d6,tt,ord,nb200k)@1.learned(s98,5801570e)@1.opener(rand,4)@1	ab(d6,tt,ord,nb200k)@1.classic(t1,c4,w0,l0)@2.dil(r63)@1.opener(rand,4)@1	W	43	14	10	442.273	76.087	375.000	62.500	22	21	1224458	184644	98.00	30.00	18	5	3916376125	12
2026-07-26T21:53:18Z	20260726T215027Z	boards/board1.txt	ab(d6,tt,ord,qs,nb200k)@1.learned(s98,5801570e)@1.opener(rand,4)@1	ab(d6,tt,ord,nb200k)@1.classic(t1,c4,w0,l0)@2.dil(r63)@1.opener(rand,4)@1	W	38	15	12	463.407	63.564	421.875	46.875	19	19	1406555	181637	85.00	25.00	15	5	4116210251	12
2026-07-26T21:53:21Z	20260726T215027Z	boards/board1.txt	ab(d8,tt,ord,nb2m)@1.classic(t1,c4,w0,l0)@2.opener(rand,4)@1	ab(d6,tt,ord,nb200k)@1.classic(t1,c4,w0,l0)@2.dil(r63)@1.opener(rand,4)@1	W	47	13	11	3330.810	18.397	3062.500	15.625	24	23	9610246	61908	137.00	46.00	20	9	1161668792	12
2026-07-26T21:53:24Z	20260726T215027Z	boards/board1.txt	ab(d8,tt,ord,nb2m)@1.classic(t1,c4,w0,l0)@2.opener(rand,4)@1	ab(d6,tt,ord,nb200k)@1.classic(t1,c4,w0,l0)@2.dil(r63)@1.opener(rand,4)@1	W	27	15	13	2651.074	14.957	2500.000	15.625	14	13	7714419	70153	73.00	24.00	10	4	2096070221	12
2026-07-26T21:53:24Z	20260726T215027Z	boards/board1.txt	rand@1	ab(d6,tt,ord,nb200k)@1.classic(t1,c4,w0,l0)@2.dil(r63)@1.opener(rand,4)@1	B	30	14	16	0.011	36.015	0.000	31.250	15	15	0	127858	0.00	17.00	0	5	2533712242	12
2026-07-26T21:53:34Z	20260726T215027Z	boards/board1.txt	ab(d6,tt,ord,nb200k)@1.learned(s111,78ef6974)@1.opener(rand,4)@1	ab(d6,tt,ord,nb200k)@1.classic(t1,c4,w0,l0)@2.opener(rand,4)@1	B	69	6	9	10101.186	466.065	8859.375	421.875	35	34	2141715	1173105	172.00	171.00	31	30	3202201496	12
2026-07-26T21:53:35Z	20260726T215027Z	boards/board1.txt	ab(d6,tt,ord,nb200k)@1.learned(s3,68364898)@1.opener(rand,4)@1	ab(d6,tt,ord,nb200k)@1.classic(t1,c4,w0,l0)@2.opener(rand,4)@1	W	48	10	10	392.095	307.955	312.500	265.625	24	24	1029272	778027	111.00	106.00	20	20	1173871867	12
2026-07-26T21:53:36Z	20260726T215027Z	boards/board1.txt	ab(d6,tt,ord,nb200k)@1.learned(s3,68364898)@1.opener(rand,4)@1	ab(d6,tt,ord,nb200k)@1.classic(t1,c4,w0,l0)@2.opener(rand,4)@1	W	50	9	10	458.779	301.105	328.125	296.875	25	25	1267015	684834	117.00	112.00	21	21	251848508	12
2026-07-26T21:53:37Z	20260726T215027Z	boards/board1.txt	ab(d6,tt,ord,nb200k)@1.learned(s6,eac8ab99)@1.opener(rand,4)@1	ab(d6,tt,ord,nb200k)@1.classic(t1,c4,w0,l0)@2.opener(rand,4)@1	W	66	8	8	601.472	399.901	453.125	375.000	33	33	1550664	1009311	165.00	160.00	29	29	2006958121	12
2026-07-26T21:53:38Z	20260726T215027Z	boards/board1.txt	ab(d6,tt,ord,nb200k)@1.learned(s76,ef183148)@1.opener(rand,4)@1	ab(d6,tt,ord,nb200k)@1.classic(t1,c4,w0,l0)@2.opener(rand,4)@1	W	58	8	9	636.904	314.285	500.000	265.625	29	29	1746721	834061	141.00	136.00	25	25	642852382	12
2026-07-26T21:53:39Z	20260726T215027Z	boards/board1.txt	ab(d6,tt,ord,nb200k)@1.learned(s98,5801570e)@1.opener(rand,4)@1	ab(d6,tt,ord,nb200k)@1.classic(t1,c4,w0,l0)@2.opener(rand,4)@1	W	60	9	10	729.386	408.692	609.375	359.375	30	30	1997562	990957	147.00	142.00	26	26	802461812	12
2026-07-26T21:53:40Z	20260726T215027Z	boards/board1.txt	ab(d6,tt,ord,nb200k)@1.learned(s98,5801570e)@1.opener(rand,4)@1	ab(d6,tt,ord,nb200k)@1.classic(t1,c4,w0,l0)@2.opener(rand,4)@1	B	57	10	11	749.571	461.401	703.125	328.125	29	28	1999885	1094494	136.00	135.00	25	24	1732934537	12
2026-07-26T21:53:41Z	20260726T215027Z	boards/board1.txt	ab(d6,tt,ord,qs,nb200k)@1.learned(s98,5801570e)@1.opener(rand,4)@1	ab(d6,tt,ord,nb200k)@1.classic(t1,c4,w0,l0)@2.opener(rand,4)@1	B	65	8	9	668.258	349.052	625.000	250.000	33	32	1812561	902532	160.00	159.00	29	28	2392402531	12
2026-07-26T21:53:45Z	20260726T215027Z	boards/board1.txt	ab(d8,tt,ord,nb2m)@1.classic(t1,c4,w0,l0)@2.opener(rand,4)@1	ab(d6,tt,ord,nb200k)@1.classic(t1,c4,w0,l0)@2.opener(rand,4)@1	W	44	11	12	3383.663	57.839	3046.875	46.875	22	22	9216697	201211	128.00	94.00	18	18	497406119	12
2026-07-26T21:53:45Z	20260726T215027Z	boards/board1.txt	rand@1	ab(d6,tt,ord,nb200k)@1.classic(t1,c4,w0,l0)@2.opener(rand,4)@1	B	26	12	16	0.019	152.649	0.000	156.250	13	13	0	425957	0.00	49.00	0	9	82230497	12
2026-07-26T21:53:45Z	20260726T215027Z	boards/board1.txt	rand@1	ab(d6,tt,ord,nb200k)@1.classic(t1,c4,w0,l0)@2.opener(rand,4)@1	B	30	12	16	0.024	171.258	0.000	140.625	15	15	0	506182	0.00	61.00	0	11	2139768150	12
2026-07-26T21:54:06Z	20260726T215027Z	boards/board1.txt	ab(d6,tt,ord,nb200k)@1.learned(s3,68364898)@1.opener(rand,4)@1	ab(d6,tt,ord,nb200k)@1.learned(s111,78ef6974)@1.opener(rand,4)@1	B	71	9	7	1048.379	19691.257	953.125	16781.250	36	35	2848230	3538509	177.57	175.35	32	31	668031935	12
2026-07-26T21:54:26Z	20260726T215027Z	boards/board1.txt	ab(d6,tt,ord,nb200k)@1.learned(s6,eac8ab99)@1.opener(rand,4)@1	ab(d6,tt,ord,nb200k)@1.learned(s111,78ef6974)@1.opener(rand,4)@1	W	70	9	5	1130.688	18828.361	1000.000	15937.500	35	35	2707887	3318696	175.24	170.13	31	31	1758004334	12
2026-07-26T21:54:47Z	20260726T215027Z	boards/board1.txt	ab(d6,tt,ord,nb200k)@1.learned(s76,ef183148)@1.opener(rand,4)@1	ab(d6,tt,ord,nb200k)@1.learned(s111,78ef6974)@1.opener(rand,4)@1	W	82	9	6	1180.176	20021.322	1015.625	17625.000	41	41	2802459	3705452	213.00	206.99	37	37	3757482480	12
2026-07-26T21:55:01Z	20260726T215027Z	boards/board1.txt	ab(d6,tt,ord,nb200k)@1.learned(s76,ef183148)@1.opener(rand,4)@1	ab(d6,tt,ord,nb200k)@1.learned(s111,78ef6974)@1.opener(rand,4)@1	W	62	10	7	957.324	12758.260	812.500	11312.500	31	31	2776157	2368715	153.00	148.00	27	27	639538469	12
2026-07-26T21:55:20Z	20260726T215027Z	boards/board1.txt	ab(d6,tt,ord,nb200k)@1.learned(s98,5801570e)@1.opener(rand,4)@1	ab(d6,tt,ord,nb200k)@1.learned(s111,78ef6974)@1.opener(rand,4)@1	B	73	8	7	983.956	18938.009	828.125	16062.500	37	36	2646852	3365615	183.79	182.33	33	32	3753645560	12
2026-07-26T21:55:39Z	20260726T215027Z	boards/board1.txt	ab(d6,tt,ord,qs,nb200k)@1.learned(s98,5801570e)@1.opener(rand,4)@1	ab(d6,tt,ord,nb200k)@1.learned(s111,78ef6974)@1.opener(rand,4)@1	W	76	8	6	1147.939	17128.371	937.500	14859.375	38	38	2948335	3249384	194.56	188.09	34	34	2060069028	12
2026-07-26T21:55:50Z	20260726T215027Z	boards/board1.txt	ab(d8,tt,ord,nb2m)@1.classic(t1,c4,w0,l0)@2.opener(rand,4)@1	ab(d6,tt,ord,nb200k)@1.learned(s111,78ef6974)@1.opener(rand,4)@1	B	59	10	9	6878.515	4646.000	6421.875	4296.875	30	29	18686262	1001580	185.00	141.00	26	25	4128741297	12
2026-07-26T21:56:01Z	20260726T215027Z	boards/board1.txt	ab(d8,tt,ord,nb2m)@1.classic(t1,c4,w0,l0)@2.opener(rand,4)@1	ab(d6,tt,ord,nb200k)@1.learned(s111,78ef6974)@1.opener(rand,4)@1	W	62	10	7	5746.765	4510.996	5281.250	4093.750	31	31	16159253	1014105	200.00	148.00	27	27	3784214758	12
2026-07-26T21:56:05Z	20260726T215027Z	boards/board1.txt	rand@1	ab(d6,tt,ord,nb200k)@1.learned(s111,78ef6974)@1.opener(rand,4)@1	B	28	13	16	0.020	4204.745	0.000	3781.250	14	14	0	891549	0.00	51.00	0	10	3765501769	12
2026-07-26T21:56:06Z	20260726T215027Z	boards/board1.txt	ab(d6,tt,ord,nb200k)@1.learned(s6,eac8ab99)@1.opener(rand,4)@1	ab(d6,tt,ord,nb200k)@1.learned(s3,68364898)@1.opener(rand,4)@1	B	73	6	8	794.329	645.595	687.500	609.375	37	36	2405581	1893719	184.00	183.00	33	32	1856841758	12
2026-07-26T21:56:08Z	20260726T215027Z	boards/board1.txt	ab(d6,tt,ord,nb200k)@1.learned(s76,ef183148)@1.opener(rand,4)@1	ab(d6,tt,ord,nb200k)@1.learned(s3,68364898)@1.opener(rand,4)@1	W	80	6	4	675.564	678.983	609.375	609.375	40	40	1913234	2083532	207.00	202.00	36	36	473008000	12
2026-07-26T21:56:09Z	20260726T215027Z	boards/board1.txt	ab(d6,tt,ord,nb200k)@1.learned(s76,ef183148)@1.opener(rand,4)@1	ab(d6,tt,ord,nb200k)@1.learned(s3,68364898)@1.opener(rand,4)@1	W	72	9	6	864.659	702.274	843.750	640.625	36	36	2304134	2254121	183.00	178.00	32	32	2141511797	12
2026-07-26T21:56:11Z	20260726T215027Z	boards/board1.txt	ab(d6,tt,ord,nb200k)@1.learned(s98,5801570e)@1.opener(rand,4)@1	ab(d6,tt,ord,nb200k)@1.learned(s3,68364898)@1.opener(rand,4)@1	W	84	6	5	891.855	782.194	843.750	734.375	42	42	2734539	2286545	217.73	214.00	38	38	10009384	12
2026-07-26T21:56:12Z	20260726T215027Z	boards/board1.txt	ab(d6,tt,ord,qs,nb200k)@1.learned(s98,5801570e)@1.opener(rand,4)@1	ab(d6,tt,ord,nb200k)@1.learned(s3,68364898)@1.opener(rand,4)@1	B	79	7	8	830.601	728.133	750.000	671.875	40	39	2498145	2189201	202.00	201.00	36	35	113544180	12
2026-07-26T21:56:18Z	20260726T215027Z	boards/board1.txt	ab(d8,tt,ord,nb2m)@1.classic(t1,c4,w0,l0)@2.opener(rand,4)@1	ab(d6,tt,ord,nb200k)@1.learned(s3,68364898)@1.opener(rand,4)@1	B	75	8	7	4960.793	219.974	4687.500	187.500	38	37	16278376	837775	249.00	189.00	34	33	1505004961	12
2026-07-26T21:56:21Z	20260726T215027Z	boards/board1.txt	ab(d8,tt,ord,nb2m)@1.classic(t1,c4,w0,l0)@2.opener(rand,4)@1	ab(d6,tt,ord,nb200k)@1.learned(s3,68364898)@1.opener(rand,4)@1	W	38	13	12	2987.446	86.320	2906.250	46.875	19	19	9983547	312473	104.00	76.00	15	15	649476758	12
2026-07-26T21:56:21Z	20260726T215027Z	boards/board1.txt	rand@1	ab(d6,tt,ord,nb200k)@1.learned(s3,68364898)@1.opener(rand,4)@1	B	20	12	16	0.012	99.850	0.000	93.750	10	10	0	309591	0.00	31.00	0	6	1403185913	12
2026-07-26T21:56:22Z	20260726T215027Z	boards/board1.txt	ab(d6,tt,ord,nb200k)@1.learned(s76,ef183148)@1.opener(rand,4)@1	ab(d6,tt,ord,nb200k)@1.learned(s6,eac8ab99)@1.opener(rand,4)@1	W	84	7	3	641.016	706.362	609.375	703.125	42	42	2307822	2565472	219.00	213.64	38	38	3499980486	12
2026-07-26T21:56:23Z	20260726T215027Z	boards/board1.txt	ab(d6,tt,ord,nb200k)@1.learned(s98,5801570e)@1.opener(rand,4)@1	ab(d6,tt,ord,nb200k)@1.learned(s6,eac8ab99)@1.opener(rand,4)@1	B	57	10	12	725.207	594.292	671.875	562.500	29	28	2780933	2049433	135.34	135.00	25	24	3728786348	12
2026-07-26T21:56:25Z	20260726T215027Z	boards/board1.txt	ab(d6,tt,ord,nb200k)@1.learned(s98,5801570e)@1.opener(rand,4)@1	ab(d6,tt,ord,nb200k)@1.learned(s6,eac8ab99)@1.opener(rand,4)@1	W	82	7	6	812.424	695.465	750.000	656.250	41	41	2491196	2384378	213.00	208.00	37	37	4012029153	12
2026-07-26T21:56:26Z	20260726T215027Z	boards/board1.txt	ab(d6,tt,ord,qs,nb200k)@1.learned(s98,5801570e)@1.opener(rand,4)@1	ab(d6,tt,ord,nb200k)@1.learned(s6,eac8ab99)@1.opener(rand,4)@1	W	76	9	5	767.952	641.012	765.625	609.375	38	38	2543949	2477692	195.00	189.64	34	34	1846793563	12
2026-07-26T21:56:29Z	20260726T215027Z	boards/board1.txt	ab(d8,tt,ord,nb2m)@1.classic(t1,c4,w0,l0)@2.opener(rand,4)@1	ab(d6,tt,ord,nb200k)@1.learned(s6,eac8ab99)@1.opener(rand,4)@1	W	30	14	13	2163.810	88.866	2078.125	78.125	15	15	6821282	248472	72.00	52.00	11	11	1865687839	12
2026-07-26T21:56:29Z	20260726T215027Z	boards/board1.txt	rand@1	ab(d6,tt,ord,nb200k)@1.learned(s6,eac8ab99)@1.opener(rand,4)@1	B	28	13	16	0.019	181.063	0.000	171.875	14	14	0	698995	0.00	49.00	0	10	1466928249	12
2026-07-26T21:56:29Z	20260726T215027Z	boards/board1.txt	rand@1	ab(d6,tt,ord,nb200k)@1.learned(s6,eac8ab99)@1.opener(rand,4)@1	B	22	13	16	0.012	118.807	0.000	93.750	11	11	0	467030	0.00	32.00	0	7	3826137742	12
2026-07-26T21:56:30Z	20260726T215027Z	boards/board1.txt	ab(d6,tt,ord,nb200k)@1.learned(s98,5801570e)@1.opener(rand,4)@1	ab(d6,tt,ord,nb200k)@1.learned(s76,ef183148)@1.opener(rand,4)@1	W	58	11	8	663.629	673.308	656.250	593.750	29	29	2360608	2282277	140.65	134.94	25	25	4147093740	12
2026-07-26T21:56:32Z	20260726T215027Z	boards/board1.txt	ab(d6,tt,ord,qs,nb200k)@1.learned(s98,5801570e)@1.opener(rand,4)@1	ab(d6,tt,ord,nb200k)@1.learned(s76,ef183148)@1.opener(rand,4)@1	W	68	11	7	894.150	707.853	843.750	656.250	34	34	2923102	2679968	169.84	165.00	30	30	2572979912	12
2026-07-26T21:56:36Z	20260726T215027Z	boards/board1.txt	ab(d8,tt,ord,nb2m)@1.classic(t1,c4,w0,l0)@2.opener(rand,4)@1	ab(d6,tt,ord,nb200k)@1.learned(s76,ef183148)@1.opener(rand,4)@1	W	42	12	13	3837.705	216.628	3609.375	234.375	21	21	13500778	740120	120.00	88.00	17	17	2179285093	12
2026-07-26T21:56:41Z	20260726T215027Z	boards/board1.txt	ab(d8,tt,ord,nb2m)@1.classic(t1,c4,w0,l0)@2.opener(rand,4)@1	ab(d6,tt,ord,nb200k)@1.learned(s76,ef183148)@1.opener(rand,4)@1	W	74	9	6	4948.375	205.680	4703.125	187.500	37	37	18736208	921390	248.00	184.00	33	33	569965034	12
2026-07-26T21:56:41Z	20260726T215027Z	boards/board1.txt	rand@1	ab(d6,tt,ord,nb200k)@1.learned(s76,ef183148)@1.opener(rand,4)@1	B	36	11	16	0.027	326.148	0.000	328.125	18	18	0	1428301	0.00	73.00	0	14	2188453109	12
2026-07-26T21:56:42Z	20260726T215027Z	boards/board1.txt	ab(d6,tt,ord,qs,nb200k)@1.learned(s98,5801570e)@1.opener(rand,4)@1	ab(d6,tt,ord,nb200k)@1.learned(s98,5801570e)@1.opener(rand,4)@1	W	56	9	10	515.357	379.482	453.125	406.250	28	28	2211717	1588745	134.46	130.00	24	24	1137356489	12
2026-07-26T21:56:45Z	20260726T215027Z	boards/board1.txt	ab(d8,tt,ord,nb2m)@1.classic(t1,c4,w0,l0)@2.opener(rand,4)@1	ab(d6,tt,ord,nb200k)@1.learned(s98,5801570e)@1.opener(rand,4)@1	W	50	11	10	2518.070	78.956	2453.125	93.750	25	25	10287322	367237	152.00	112.00	21	21	373794410	12
2026-07-26T21:56:48Z	20260726T215027Z	boards/board1.txt	ab(d8,tt,ord,nb2m)@1.classic(t1,c4,w0,l0)@2.opener(rand,4)@1	ab(d6,tt,ord,nb200k)@1.learned(s98,5801570e)@1.opener(rand,4)@1	W	60	10	8	3472.741	103.255	3437.500	46.875	30	30	14294572	571285	192.00	142.00	26	26	2965056211	12
2026-07-26T21:56:49Z	20260726T215027Z	boards/board1.txt	rand@1	ab(d6,tt,ord,nb200k)@1.learned(s98,5801570e)@1.opener(rand,4)@1	B	26	13	15	0.016	124.139	0.000	125.000	13	13	0	551130	0.00	49.00	0	9	868159444	12
2026-07-26T21:56:51Z	20260726T215027Z	boards/board1.txt	ab(d8,tt,ord,nb2m)@1.classic(t1,c4,w0,l0)@2.opener(rand,4)@1	ab(d6,tt,ord,qs,nb200k)@1.learned(s98,5801570e)@1.opener(rand,4)@1	W	51	12	10	2355.295	84.705	2328.125	62.500	26	25	10335647	415244	153.00	112.00	22	21	4035935289	12
2026-07-26T21:56:51Z	20260726T215027Z	boards/board1.txt	rand@1	ab(d6,tt,ord,qs,nb200k)@1.learned(s98,5801570e)@1.opener(rand,4)@1	B	26	15	16	0.019	145.386	0.000	140.625	13	13	0	658707	0.00	43.00	0	9	3692451895	12
2026-07-26T21:56:51Z	20260726T215027Z	boards/board1.txt	rand@1	ab(d6,tt,ord,qs,nb200k)@1.learned(s98,5801570e)@1.opener(rand,4)@1	B	24	12	16	0.016	116.892	0.000	109.375	12	12	0	496726	0.00	43.00	0	8	3587906424	12
2026-07-26T21:56:52Z	20260726T215027Z	boards/board1.txt	rand@1	ab(d8,tt,ord,nb2m)@1.classic(t1,c4,w0,l0)@2.opener(rand,4)@1	B	22	11	16	0.017	936.064	0.000	921.875	11	11	0	3845481	0.00	49.00	0	7	1144651112	12
