# Current standings: active roster only, from the same fit as ratings.tsv.
# Compare Elo only WITHIN one head and WITHIN this file (never across fits).
# Retired ('gone') agents are excluded by design; see ratings.tsv for the full history.
# eff_evaluator elides the turn weight t when the search cannot act on it (no qs/part):
#   t shifts every leaf by one constant at fixed depth, so it reorders nothing there.
#   Compare cores on eff_evaluator; 'evaluator' and 'id' keep the exact canonical form.
head	elo	pm	games	cpu_ms_move	active	eff_evaluator	evaluator	id
ab(deep=12,tt,ord,time=150ms)@3	1560	11	3664	58.604	on	learned(model=169,4975683c,tdleaf_self,lin,shape=129-1)@1	learned(model=169,4975683c,tdleaf_self,lin,shape=129-1)@1	ab(deep=12,tt,ord,time=150ms)@3.learned(model=169,4975683c,tdleaf_self,lin,shape=129-1)@1
ab(deep=12,tt,ord,time=150ms)@3	1364	8	3664	68.830	on	classic(chip=100)@2	classic(chip=100)@2	ab(deep=12,tt,ord,time=150ms)@3.classic(chip=100)@2
ab(deep=12,tt,ord,nodes=200k)@3	1530	9	4356	47.336	on	learned(model=169,4975683c,tdleaf_self,lin,shape=129-1)@1	learned(model=169,4975683c,tdleaf_self,lin,shape=129-1)@1	ab(deep=12,tt,ord,nodes=200k)@3.learned(model=169,4975683c,tdleaf_self,lin,shape=129-1)@1
ab(deep=12,tt,ord,nodes=200k)@3	1383	8	4356	39.739	on	classic(chip=100)@2	classic(chip=100)@2	ab(deep=12,tt,ord,nodes=200k)@3.classic(chip=100)@2
ab(deep=6,tt,ord,nodes=200k)@3	1525	8	6044	25.190	on	learned(model=169,4975683c,tdleaf_self,lin,shape=129-1)@1	learned(model=169,4975683c,tdleaf_self,lin,shape=129-1)@1	ab(deep=6,tt,ord,nodes=200k)@3.learned(model=169,4975683c,tdleaf_self,lin,shape=129-1)@1
ab(deep=6,tt,ord,nodes=200k)@3	1506	8	6044	25.955	on	learned(model=602,68cbb27d,tdleaf_self,lin,shape=129-1)@1	learned(model=602,68cbb27d,tdleaf_self,lin,shape=129-1)@1	ab(deep=6,tt,ord,nodes=200k)@3.learned(model=602,68cbb27d,tdleaf_self,lin,shape=129-1)@1
ab(deep=6,tt,ord,nodes=200k)@3	1472	7	6042	26.169	on	learned(model=349,5ee50d5c,tdleaf_self,lin,shape=129-1)@1	learned(model=349,5ee50d5c,tdleaf_self,lin,shape=129-1)@1	ab(deep=6,tt,ord,nodes=200k)@3.learned(model=349,5ee50d5c,tdleaf_self,lin,shape=129-1)@1
ab(deep=6,tt,ord,nodes=200k)@3	1443	7	6044	27.314	on	learned(model=603,2da121ee,tdleaf_self,lin,shape=129-1)@1	learned(model=603,2da121ee,tdleaf_self,lin,shape=129-1)@1	ab(deep=6,tt,ord,nodes=200k)@3.learned(model=603,2da121ee,tdleaf_self,lin,shape=129-1)@1
ab(deep=6,tt,ord,nodes=200k)@3	1434	7	6044	28.056	on	learned(model=171,10d3530c,tdleaf_self,lin,shape=129-1)@1	learned(model=171,10d3530c,tdleaf_self,lin,shape=129-1)@1	ab(deep=6,tt,ord,nodes=200k)@3.learned(model=171,10d3530c,tdleaf_self,lin,shape=129-1)@1
ab(deep=6,tt,ord,nodes=200k)@3	1425	7	6044	27.625	on	learned(model=351,42d88d8e,tdleaf_self,lin,shape=129-1)@1	learned(model=351,42d88d8e,tdleaf_self,lin,shape=129-1)@1	ab(deep=6,tt,ord,nodes=200k)@3.learned(model=351,42d88d8e,tdleaf_self,lin,shape=129-1)@1
ab(deep=6,tt,ord,nodes=200k)@3	1421	7	6044	10.925	on	classic(chip=100)@2.opener(book,book=2)@1	classic(chip=100)@2.opener(book,book=2)@1	ab(deep=6,tt,ord,nodes=200k)@3.classic(chip=100)@2.opener(book,book=2)@1
ab(deep=6,tt,ord,nodes=200k)@3	1412	7	6044	10.956	on	classic(chip=100)@2.opener(book,book=9)@1	classic(chip=100)@2.opener(book,book=9)@1	ab(deep=6,tt,ord,nodes=200k)@3.classic(chip=100)@2.opener(book,book=9)@1
ab(deep=6,tt,ord,nodes=200k)@3	1410	7	6042	11.107	on	classic(chip=100)@2.opener(book,book=8)@1	classic(chip=100)@2.opener(book,book=8)@1	ab(deep=6,tt,ord,nodes=200k)@3.classic(chip=100)@2.opener(book,book=8)@1
ab(deep=6,tt,ord,nodes=200k)@3	1409	7	6044	11.277	on	classic(chip=100)@2.opener(book,book=7)@1	classic(chip=100)@2.opener(book,book=7)@1	ab(deep=6,tt,ord,nodes=200k)@3.classic(chip=100)@2.opener(book,book=7)@1
ab(deep=6,tt,ord,nodes=200k)@3	1408	7	6044	10.729	on	classic(chip=100)@2.opener(book,book=4)@1	classic(chip=100)@2.opener(book,book=4)@1	ab(deep=6,tt,ord,nodes=200k)@3.classic(chip=100)@2.opener(book,book=4)@1
ab(deep=6,tt,ord,nodes=200k)@3	1402	7	6044	11.339	on	classic(chip=100)@2.opener(book,book=14)@1	classic(chip=100)@2.opener(book,book=14)@1	ab(deep=6,tt,ord,nodes=200k)@3.classic(chip=100)@2.opener(book,book=14)@1
ab(deep=6,tt,ord,nodes=200k)@3	1388	7	6044	18.046	on	learned(model=441,01db390c,tdleaf_self,lin,shape=129-1)@1	learned(model=441,01db390c,tdleaf_self,lin,shape=129-1)@1	ab(deep=6,tt,ord,nodes=200k)@3.learned(model=441,01db390c,tdleaf_self,lin,shape=129-1)@1
ab(deep=6,tt,ord,nodes=200k)@3	1387	7	6042	11.293	on	classic(chip=100)@2.opener(book,book=13)@1	classic(chip=100)@2.opener(book,book=13)@1	ab(deep=6,tt,ord,nodes=200k)@3.classic(chip=100)@2.opener(book,book=13)@1
ab(deep=6,tt,ord,nodes=200k)@3	1377	6	6044	10.857	on	classic(chip=100)@2.opener(book,book=1)@1	classic(chip=100)@2.opener(book,book=1)@1	ab(deep=6,tt,ord,nodes=200k)@3.classic(chip=100)@2.opener(book,book=1)@1
ab(deep=6,tt,ord,nodes=200k)@3	1367	6	6044	18.633	on	learned(model=96,990e39e7,pool_games,lin,shape=129-1)@1	learned(model=96,990e39e7,pool_games,lin,shape=129-1)@1	ab(deep=6,tt,ord,nodes=200k)@3.learned(model=96,990e39e7,pool_games,lin,shape=129-1)@1
ab(deep=6,tt,ord,nodes=200k)@3	1366	6	6044	11.333	on	classic(chip=100)@2	classic(chip=100)@2	ab(deep=6,tt,ord,nodes=200k)@3.classic(chip=100)@2
ab(deep=6,tt,ord,nodes=200k)@3	1366	6	6042	18.048	on	learned(model=98,5801570e,pool_games,lin,shape=129-1)@1.opener(book,book=16)@1	learned(model=98,5801570e,pool_games,lin,shape=129-1)@1.opener(book,book=16)@1	ab(deep=6,tt,ord,nodes=200k)@3.learned(model=98,5801570e,pool_games,lin,shape=129-1)@1.opener(book,book=16)@1
ab(deep=6,tt,ord,nodes=200k)@3	1363	6	6043	18.037	on	learned(model=98,5801570e,pool_games,lin,shape=129-1)@1.opener(book,book=10)@1	learned(model=98,5801570e,pool_games,lin,shape=129-1)@1.opener(book,book=10)@1	ab(deep=6,tt,ord,nodes=200k)@3.learned(model=98,5801570e,pool_games,lin,shape=129-1)@1.opener(book,book=10)@1
ab(deep=6,tt,ord,nodes=200k)@3	1360	6	6042	21.957	on	learned(model=10,fead67b7,weight_merge,lin,shape=129-1)@1	learned(model=10,fead67b7,weight_merge,lin,shape=129-1)@1	ab(deep=6,tt,ord,nodes=200k)@3.learned(model=10,fead67b7,weight_merge,lin,shape=129-1)@1
ab(deep=6,tt,ord,nodes=200k)@3	1359	6	6044	17.319	on	learned(model=98,5801570e,pool_games,lin,shape=129-1)@1.opener(book,book=12)@1	learned(model=98,5801570e,pool_games,lin,shape=129-1)@1.opener(book,book=12)@1	ab(deep=6,tt,ord,nodes=200k)@3.learned(model=98,5801570e,pool_games,lin,shape=129-1)@1.opener(book,book=12)@1
ab(deep=6,tt,ord,nodes=200k)@3	1356	6	6042	17.661	on	learned(model=98,5801570e,pool_games,lin,shape=129-1)@1.opener(book,book=11)@1	learned(model=98,5801570e,pool_games,lin,shape=129-1)@1.opener(book,book=11)@1	ab(deep=6,tt,ord,nodes=200k)@3.learned(model=98,5801570e,pool_games,lin,shape=129-1)@1.opener(book,book=11)@1
ab(deep=6,tt,ord,nodes=200k)@3	1355	6	6043	18.207	on	learned(model=98,5801570e,pool_games,lin,shape=129-1)@1.opener(book,book=15)@1	learned(model=98,5801570e,pool_games,lin,shape=129-1)@1.opener(book,book=15)@1	ab(deep=6,tt,ord,nodes=200k)@3.learned(model=98,5801570e,pool_games,lin,shape=129-1)@1.opener(book,book=15)@1
ab(deep=6,tt,ord,nodes=200k)@3	1352	6	6042	17.125	on	learned(model=98,5801570e,pool_games,lin,shape=129-1)@1.opener(book,book=4)@1	learned(model=98,5801570e,pool_games,lin,shape=129-1)@1.opener(book,book=4)@1	ab(deep=6,tt,ord,nodes=200k)@3.learned(model=98,5801570e,pool_games,lin,shape=129-1)@1.opener(book,book=4)@1
ab(deep=6,tt,ord,nodes=200k)@3	1351	6	6042	17.780	on	learned(model=98,5801570e,pool_games,lin,shape=129-1)@1.opener(book,book=1)@1	learned(model=98,5801570e,pool_games,lin,shape=129-1)@1.opener(book,book=1)@1	ab(deep=6,tt,ord,nodes=200k)@3.learned(model=98,5801570e,pool_games,lin,shape=129-1)@1.opener(book,book=1)@1
ab(deep=6,tt,ord,nodes=200k)@3	1351	6	6043	17.802	on	learned(model=98,5801570e,pool_games,lin,shape=129-1)@1.opener(book,book=2)@1	learned(model=98,5801570e,pool_games,lin,shape=129-1)@1.opener(book,book=2)@1	ab(deep=6,tt,ord,nodes=200k)@3.learned(model=98,5801570e,pool_games,lin,shape=129-1)@1.opener(book,book=2)@1
ab(deep=6,tt,ord,nodes=200k)@3	1351	6	6042	18.451	on	learned(model=98,5801570e,pool_games,lin,shape=129-1)@1	learned(model=98,5801570e,pool_games,lin,shape=129-1)@1	ab(deep=6,tt,ord,nodes=200k)@3.learned(model=98,5801570e,pool_games,lin,shape=129-1)@1
ab(deep=6,tt,ord,nodes=200k)@3	1333	4	10324	17.182	on	learned(model=96,990e39e7,pool_games,lin,shape=129-1)@1.opener(rand,moves=4)@1	learned(model=96,990e39e7,pool_games,lin,shape=129-1)@1.opener(rand,moves=4)@1	ab(deep=6,tt,ord,nodes=200k)@3.learned(model=96,990e39e7,pool_games,lin,shape=129-1)@1.opener(rand,moves=4)@1
ab(deep=6,tt,ord,nodes=200k)@3	1328	4	10326	19.382	on	learned(model=10,fead67b7,weight_merge,lin,shape=129-1)@1.opener(rand,moves=4)@1	learned(model=10,fead67b7,weight_merge,lin,shape=129-1)@1.opener(rand,moves=4)@1	ab(deep=6,tt,ord,nodes=200k)@3.learned(model=10,fead67b7,weight_merge,lin,shape=129-1)@1.opener(rand,moves=4)@1
ab(deep=6,tt,ord,nodes=200k)@3	1319	4	10326	10.614	on	classic(chip=100)@2.opener(rand,moves=4)@1	classic(chip=100)@2.opener(rand,moves=4)@1	ab(deep=6,tt,ord,nodes=200k)@3.classic(chip=100)@2.opener(rand,moves=4)@1
ab(deep=6,tt,ord,nodes=200k)@3	1311	4	10326	20.065	on	learned(model=76,ef183148,position_elo,lin,mu_shape=129-1,sigma_shape=129-1)@1.opener(rand,moves=4)@1	learned(model=76,ef183148,position_elo,lin,mu_shape=129-1,sigma_shape=129-1)@1.opener(rand,moves=4)@1	ab(deep=6,tt,ord,nodes=200k)@3.learned(model=76,ef183148,position_elo,lin,mu_shape=129-1,sigma_shape=129-1)@1.opener(rand,moves=4)@1
ab(deep=6,tt,ord,nodes=200k)@3	1303	6	6044	49.753	on	learned(model=405,111c40c8,tdleaf_self,mlp,shape=129-32-1)@1	learned(model=405,111c40c8,tdleaf_self,mlp,shape=129-32-1)@1	ab(deep=6,tt,ord,nodes=200k)@3.learned(model=405,111c40c8,tdleaf_self,mlp,shape=129-32-1)@1
ab(deep=6,tt,ord,nodes=200k)@3	1300	6	6043	179.898	on	learned(model=78,2fa21eda,position_elo,mlp,mu_shape=129-128-64-1,sigma_shape=129-32-1)@1	learned(model=78,2fa21eda,position_elo,mlp,mu_shape=129-128-64-1,sigma_shape=129-32-1)@1	ab(deep=6,tt,ord,nodes=200k)@3.learned(model=78,2fa21eda,position_elo,mlp,mu_shape=129-128-64-1,sigma_shape=129-32-1)@1
ab(deep=6,tt,ord,nodes=200k)@3	1300	4	10324	16.881	on	learned(model=98,5801570e,pool_games,lin,shape=129-1)@1.opener(rand,moves=4)@1	learned(model=98,5801570e,pool_games,lin,shape=129-1)@1.opener(rand,moves=4)@1	ab(deep=6,tt,ord,nodes=200k)@3.learned(model=98,5801570e,pool_games,lin,shape=129-1)@1.opener(rand,moves=4)@1
ab(deep=6,tt,ord,nodes=200k)@3	1298	6	6044	19.317	on	learned(model=3,68364898,pool_games,lin,shape=129-1)@1	learned(model=3,68364898,pool_games,lin,shape=129-1)@1	ab(deep=6,tt,ord,nodes=200k)@3.learned(model=3,68364898,pool_games,lin,shape=129-1)@1
ab(deep=6,tt,ord,nodes=200k)@3	1291	4	10327	9.528	on	classic(chip=100)@2.dil(prob=15,deep=4)@1	classic(chip=100)@2.dil(prob=15,deep=4)@1	ab(deep=6,tt,ord,nodes=200k)@3.classic(chip=100)@2.dil(prob=15,deep=4)@1
ab(deep=6,tt,ord,nodes=200k)@3	1286	4	10326	351.297	on	learned(model=111,78ef6974,position_elo,mlp,mu_shape=129-512-8-1,sigma_shape=129-64-1)@1.opener(rand,moves=4)@1	learned(model=111,78ef6974,position_elo,mlp,mu_shape=129-512-8-1,sigma_shape=129-64-1)@1.opener(rand,moves=4)@1	ab(deep=6,tt,ord,nodes=200k)@3.learned(model=111,78ef6974,position_elo,mlp,mu_shape=129-512-8-1,sigma_shape=129-64-1)@1.opener(rand,moves=4)@1
ab(deep=6,tt,ord,nodes=200k)@3	1283	6	6044	18.000	on	learned(model=3,68364898,pool_games,lin,shape=129-1)@1.opener(book,book=2)@1	learned(model=3,68364898,pool_games,lin,shape=129-1)@1.opener(book,book=2)@1	ab(deep=6,tt,ord,nodes=200k)@3.learned(model=3,68364898,pool_games,lin,shape=129-1)@1.opener(book,book=2)@1
ab(deep=6,tt,ord,nodes=200k)@3	1278	6	6044	405.754	on	learned(model=111,78ef6974,position_elo,mlp,mu_shape=129-512-8-1,sigma_shape=129-64-1)@1	learned(model=111,78ef6974,position_elo,mlp,mu_shape=129-512-8-1,sigma_shape=129-64-1)@1	ab(deep=6,tt,ord,nodes=200k)@3.learned(model=111,78ef6974,position_elo,mlp,mu_shape=129-512-8-1,sigma_shape=129-64-1)@1
ab(deep=6,tt,ord,nodes=200k)@3	1272	6	6044	73.883	on	learned(model=387,607b64aa,tdleaf_self,lin,shape=30-1)@1	learned(model=387,607b64aa,tdleaf_self,lin,shape=30-1)@1	ab(deep=6,tt,ord,nodes=200k)@3.learned(model=387,607b64aa,tdleaf_self,lin,shape=30-1)@1
ab(deep=6,tt,ord,nodes=200k)@3	1263	4	10327	8.066	on	classic(chip=100)@2.dil(prob=30,deep=4)@1	classic(chip=100)@2.dil(prob=30,deep=4)@1	ab(deep=6,tt,ord,nodes=200k)@3.classic(chip=100)@2.dil(prob=30,deep=4)@1
ab(deep=6,tt,ord,nodes=200k)@3	1263	6	6044	19.005	on	learned(model=3,68364898,pool_games,lin,shape=129-1)@1.opener(book,book=18)@1	learned(model=3,68364898,pool_games,lin,shape=129-1)@1.opener(book,book=18)@1	ab(deep=6,tt,ord,nodes=200k)@3.learned(model=3,68364898,pool_games,lin,shape=129-1)@1.opener(book,book=18)@1
ab(deep=6,tt,ord,nodes=200k)@3	1260	4	10326	17.717	on	learned(model=8,6f1a4264,pool_games,lin,shape=129-1)@1.opener(rand,moves=4)@1	learned(model=8,6f1a4264,pool_games,lin,shape=129-1)@1.opener(rand,moves=4)@1	ab(deep=6,tt,ord,nodes=200k)@3.learned(model=8,6f1a4264,pool_games,lin,shape=129-1)@1.opener(rand,moves=4)@1
ab(deep=6,tt,ord,nodes=200k)@3	1260	6	6044	19.066	on	learned(model=3,68364898,pool_games,lin,shape=129-1)@1.opener(book,book=17)@1	learned(model=3,68364898,pool_games,lin,shape=129-1)@1.opener(book,book=17)@1	ab(deep=6,tt,ord,nodes=200k)@3.learned(model=3,68364898,pool_games,lin,shape=129-1)@1.opener(book,book=17)@1
ab(deep=6,tt,ord,nodes=200k)@3	1259	6	6042	19.443	on	learned(model=8,6f1a4264,pool_games,lin,shape=129-1)@1	learned(model=8,6f1a4264,pool_games,lin,shape=129-1)@1	ab(deep=6,tt,ord,nodes=200k)@3.learned(model=8,6f1a4264,pool_games,lin,shape=129-1)@1
ab(deep=6,tt,ord,nodes=200k)@3	1256	6	6044	22.237	on	learned(model=76,ef183148,position_elo,lin,mu_shape=129-1,sigma_shape=129-1)@1	learned(model=76,ef183148,position_elo,lin,mu_shape=129-1,sigma_shape=129-1)@1	ab(deep=6,tt,ord,nodes=200k)@3.learned(model=76,ef183148,position_elo,lin,mu_shape=129-1,sigma_shape=129-1)@1
ab(deep=6,tt,ord,nodes=200k)@3	1251	6	6042	19.005	on	learned(model=3,68364898,pool_games,lin,shape=129-1)@1.opener(book,book=6)@1	learned(model=3,68364898,pool_games,lin,shape=129-1)@1.opener(book,book=6)@1	ab(deep=6,tt,ord,nodes=200k)@3.learned(model=3,68364898,pool_games,lin,shape=129-1)@1.opener(book,book=6)@1
ab(deep=6,tt,ord,nodes=200k)@3	1249	4	10328	17.212	on	learned(model=3,68364898,pool_games,lin,shape=129-1)@1.opener(rand,moves=4)@1	learned(model=3,68364898,pool_games,lin,shape=129-1)@1.opener(rand,moves=4)@1	ab(deep=6,tt,ord,nodes=200k)@3.learned(model=3,68364898,pool_games,lin,shape=129-1)@1.opener(rand,moves=4)@1
ab(deep=6,tt,ord,nodes=200k)@3	1238	4	10326	17.382	on	learned(model=4,eb105733,pool_games,lin,shape=129-1)@1.opener(rand,moves=4)@1	learned(model=4,eb105733,pool_games,lin,shape=129-1)@1.opener(rand,moves=4)@1	ab(deep=6,tt,ord,nodes=200k)@3.learned(model=4,eb105733,pool_games,lin,shape=129-1)@1.opener(rand,moves=4)@1
ab(deep=6,tt,ord,nodes=200k)@3	1238	6	6044	398.582	on	learned(model=114,316257e9,position_elo,mlp,mu_shape=129-512-8-1,sigma_shape=129-64-1)@1	learned(model=114,316257e9,position_elo,mlp,mu_shape=129-512-8-1,sigma_shape=129-64-1)@1	ab(deep=6,tt,ord,nodes=200k)@3.learned(model=114,316257e9,position_elo,mlp,mu_shape=129-512-8-1,sigma_shape=129-64-1)@1
ab(deep=6,tt,ord,nodes=200k)@3	1235	4	10326	6.487	on	classic(chip=100)@2.dil(prob=45,deep=4)@1	classic(chip=100)@2.dil(prob=45,deep=4)@1	ab(deep=6,tt,ord,nodes=200k)@3.classic(chip=100)@2.dil(prob=45,deep=4)@1
ab(deep=6,tt,ord,nodes=200k)@3	1233	6	6043	180.434	on	learned(model=77,ddaa5090,position_elo,mlp,mu_shape=129-128-64-1,sigma_shape=129-32-1)@1	learned(model=77,ddaa5090,position_elo,mlp,mu_shape=129-128-64-1,sigma_shape=129-32-1)@1	ab(deep=6,tt,ord,nodes=200k)@3.learned(model=77,ddaa5090,position_elo,mlp,mu_shape=129-128-64-1,sigma_shape=129-32-1)@1
ab(deep=6,tt,ord,nodes=200k)@3	1225	6	6044	409.464	on	learned(model=113,e3cc8b4e,position_elo,mlp,mu_shape=129-512-8-1,sigma_shape=129-64-1)@1	learned(model=113,e3cc8b4e,position_elo,mlp,mu_shape=129-512-8-1,sigma_shape=129-64-1)@1	ab(deep=6,tt,ord,nodes=200k)@3.learned(model=113,e3cc8b4e,position_elo,mlp,mu_shape=129-512-8-1,sigma_shape=129-64-1)@1
ab(deep=6,tt,ord,nodes=200k)@3	1221	4	10326	364.055	on	learned(model=113,e3cc8b4e,position_elo,mlp,mu_shape=129-512-8-1,sigma_shape=129-64-1)@1.opener(rand,moves=4)@1	learned(model=113,e3cc8b4e,position_elo,mlp,mu_shape=129-512-8-1,sigma_shape=129-64-1)@1.opener(rand,moves=4)@1	ab(deep=6,tt,ord,nodes=200k)@3.learned(model=113,e3cc8b4e,position_elo,mlp,mu_shape=129-512-8-1,sigma_shape=129-64-1)@1.opener(rand,moves=4)@1
ab(deep=6,tt,ord,nodes=200k)@3	1216	6	6044	419.166	on	learned(model=110,1466db6c,position_elo,mlp,mu_shape=129-512-8-1,sigma_shape=129-64-1)@1	learned(model=110,1466db6c,position_elo,mlp,mu_shape=129-512-8-1,sigma_shape=129-64-1)@1	ab(deep=6,tt,ord,nodes=200k)@3.learned(model=110,1466db6c,position_elo,mlp,mu_shape=129-512-8-1,sigma_shape=129-64-1)@1
ab(deep=6,tt,ord,nodes=200k)@3	1213	4	10326	4.936	on	classic(chip=100)@2.dil(prob=60,deep=4)@1	classic(chip=100)@2.dil(prob=60,deep=4)@1	ab(deep=6,tt,ord,nodes=200k)@3.classic(chip=100)@2.dil(prob=60,deep=4)@1
ab(deep=6,tt,ord,nodes=200k)@3	1204	6	6044	19.317	on	learned(model=4,eb105733,pool_games,lin,shape=129-1)@1	learned(model=4,eb105733,pool_games,lin,shape=129-1)@1	ab(deep=6,tt,ord,nodes=200k)@3.learned(model=4,eb105733,pool_games,lin,shape=129-1)@1
ab(deep=6,tt,ord,nodes=200k)@3	1196	6	6044	26.548	on	learned(model=459,642147d2,tdleaf_self,lin,shape=129-1)@1	learned(model=459,642147d2,tdleaf_self,lin,shape=129-1)@1	ab(deep=6,tt,ord,nodes=200k)@3.learned(model=459,642147d2,tdleaf_self,lin,shape=129-1)@1
ab(deep=6,tt,ord,nodes=200k)@3	1195	6	6044	414.805	on	learned(model=115,21d7e638,position_elo,mlp,mu_shape=129-512-8-1,sigma_shape=129-64-1)@1	learned(model=115,21d7e638,position_elo,mlp,mu_shape=129-512-8-1,sigma_shape=129-64-1)@1	ab(deep=6,tt,ord,nodes=200k)@3.learned(model=115,21d7e638,position_elo,mlp,mu_shape=129-512-8-1,sigma_shape=129-64-1)@1
ab(deep=6,tt,ord,nodes=200k)@3	1194	6	6044	418.884	on	learned(model=112,baa2951a,position_elo,mlp,mu_shape=129-512-8-1,sigma_shape=129-64-1)@1	learned(model=112,baa2951a,position_elo,mlp,mu_shape=129-512-8-1,sigma_shape=129-64-1)@1	ab(deep=6,tt,ord,nodes=200k)@3.learned(model=112,baa2951a,position_elo,mlp,mu_shape=129-512-8-1,sigma_shape=129-64-1)@1
ab(deep=6,tt,ord,nodes=200k)@3	1189	5	6043	16.608	on	learned(model=99,59815079,pool_games,lin,shape=129-1)@1	learned(model=99,59815079,pool_games,lin,shape=129-1)@1	ab(deep=6,tt,ord,nodes=200k)@3.learned(model=99,59815079,pool_games,lin,shape=129-1)@1
ab(deep=6,tt,ord,nodes=200k)@3	1183	5	6044	461.036	on	learned(model=79,18f19059,position_elo,mlp,mu_shape=129-256-128-1,sigma_shape=129-64-1)@1	learned(model=79,18f19059,position_elo,mlp,mu_shape=129-256-128-1,sigma_shape=129-64-1)@1	ab(deep=6,tt,ord,nodes=200k)@3.learned(model=79,18f19059,position_elo,mlp,mu_shape=129-256-128-1,sigma_shape=129-64-1)@1
ab(deep=6,tt,ord,nodes=200k)@3	1179	4	10326	14.486	on	learned(model=10,fead67b7,weight_merge,lin,shape=129-1)@1.opener(rand,moves=8)@1	learned(model=10,fead67b7,weight_merge,lin,shape=129-1)@1.opener(rand,moves=8)@1	ab(deep=6,tt,ord,nodes=200k)@3.learned(model=10,fead67b7,weight_merge,lin,shape=129-1)@1.opener(rand,moves=8)@1
ab(deep=6,tt,ord,nodes=200k)@3	1167	4	10321	14.744	on	learned(model=99,59815079,pool_games,lin,shape=129-1)@1.opener(rand,moves=4)@1	learned(model=99,59815079,pool_games,lin,shape=129-1)@1.opener(rand,moves=4)@1	ab(deep=6,tt,ord,nodes=200k)@3.learned(model=99,59815079,pool_games,lin,shape=129-1)@1.opener(rand,moves=4)@1
ab(deep=6,tt,ord,nodes=200k)@3	1166	4	10326	15.103	on	learned(model=76,ef183148,position_elo,lin,mu_shape=129-1,sigma_shape=129-1)@1.opener(rand,moves=8)@1	learned(model=76,ef183148,position_elo,lin,mu_shape=129-1,sigma_shape=129-1)@1.opener(rand,moves=8)@1	ab(deep=6,tt,ord,nodes=200k)@3.learned(model=76,ef183148,position_elo,lin,mu_shape=129-1,sigma_shape=129-1)@1.opener(rand,moves=8)@1
ab(deep=6,tt,ord,nodes=200k)@3	1149	4	10326	4.588	on	classic(chip=100)@2.dil(prob=60,deep=3)@1	classic(chip=100)@2.dil(prob=60,deep=3)@1	ab(deep=6,tt,ord,nodes=200k)@3.classic(chip=100)@2.dil(prob=60,deep=3)@1
ab(deep=6,tt,ord,nodes=200k)@3	1138	4	10328	8.200	on	classic(chip=100)@2.opener(rand,moves=8)@1	classic(chip=100)@2.opener(rand,moves=8)@1	ab(deep=6,tt,ord,nodes=200k)@3.classic(chip=100)@2.opener(rand,moves=8)@1
ab(deep=6,tt,ord,nodes=200k)@3	1137	4	10326	12.700	on	learned(model=96,990e39e7,pool_games,lin,shape=129-1)@1.opener(rand,moves=8)@1	learned(model=96,990e39e7,pool_games,lin,shape=129-1)@1.opener(rand,moves=8)@1	ab(deep=6,tt,ord,nodes=200k)@3.learned(model=96,990e39e7,pool_games,lin,shape=129-1)@1.opener(rand,moves=8)@1
ab(deep=6,tt,ord,nodes=200k)@3	1121	4	10326	13.507	on	learned(model=8,6f1a4264,pool_games,lin,shape=129-1)@1.opener(rand,moves=8)@1	learned(model=8,6f1a4264,pool_games,lin,shape=129-1)@1.opener(rand,moves=8)@1	ab(deep=6,tt,ord,nodes=200k)@3.learned(model=8,6f1a4264,pool_games,lin,shape=129-1)@1.opener(rand,moves=8)@1
ab(deep=6,tt,ord,nodes=200k)@3	1119	4	10326	268.899	on	learned(model=111,78ef6974,position_elo,mlp,mu_shape=129-512-8-1,sigma_shape=129-64-1)@1.opener(rand,moves=8)@1	learned(model=111,78ef6974,position_elo,mlp,mu_shape=129-512-8-1,sigma_shape=129-64-1)@1.opener(rand,moves=8)@1	ab(deep=6,tt,ord,nodes=200k)@3.learned(model=111,78ef6974,position_elo,mlp,mu_shape=129-512-8-1,sigma_shape=129-64-1)@1.opener(rand,moves=8)@1
ab(deep=6,tt,ord,nodes=200k)@3	1114	4	10323	12.774	on	learned(model=98,5801570e,pool_games,lin,shape=129-1)@1.opener(rand,moves=8)@1	learned(model=98,5801570e,pool_games,lin,shape=129-1)@1.opener(rand,moves=8)@1	ab(deep=6,tt,ord,nodes=200k)@3.learned(model=98,5801570e,pool_games,lin,shape=129-1)@1.opener(rand,moves=8)@1
ab(deep=6,tt,ord,nodes=200k)@3	1099	4	10326	15.513	on	learned(model=94,784bb5fe,pool_games,lin,shape=129-1)@1.opener(rand,moves=4)@1	learned(model=94,784bb5fe,pool_games,lin,shape=129-1)@1.opener(rand,moves=4)@1	ab(deep=6,tt,ord,nodes=200k)@3.learned(model=94,784bb5fe,pool_games,lin,shape=129-1)@1.opener(rand,moves=4)@1
ab(deep=6,tt,ord,nodes=200k)@3	1099	5	6044	16.297	on	learned(model=95,07792e69,pool_games,lin,shape=129-1)@1	learned(model=95,07792e69,pool_games,lin,shape=129-1)@1	ab(deep=6,tt,ord,nodes=200k)@3.learned(model=95,07792e69,pool_games,lin,shape=129-1)@1
ab(deep=6,tt,ord,nodes=200k)@3	1099	5	6044	17.667	on	learned(model=94,784bb5fe,pool_games,lin,shape=129-1)@1	learned(model=94,784bb5fe,pool_games,lin,shape=129-1)@1	ab(deep=6,tt,ord,nodes=200k)@3.learned(model=94,784bb5fe,pool_games,lin,shape=129-1)@1
ab(deep=6,tt,ord,nodes=200k)@3	1093	4	10326	13.282	on	learned(model=4,eb105733,pool_games,lin,shape=129-1)@1.opener(rand,moves=8)@1	learned(model=4,eb105733,pool_games,lin,shape=129-1)@1.opener(rand,moves=8)@1	ab(deep=6,tt,ord,nodes=200k)@3.learned(model=4,eb105733,pool_games,lin,shape=129-1)@1.opener(rand,moves=8)@1
ab(deep=6,tt,ord,nodes=200k)@3	1092	4	10328	10.378	on	classic(chip=100)@2.dil(prob=10)@1	classic(chip=100)@2.dil(prob=10)@1	ab(deep=6,tt,ord,nodes=200k)@3.classic(chip=100)@2.dil(prob=10)@1
ab(deep=6,tt,ord,nodes=200k)@3	1087	4	10326	12.923	on	learned(model=3,68364898,pool_games,lin,shape=129-1)@1.opener(rand,moves=8)@1	learned(model=3,68364898,pool_games,lin,shape=129-1)@1.opener(rand,moves=8)@1	ab(deep=6,tt,ord,nodes=200k)@3.learned(model=3,68364898,pool_games,lin,shape=129-1)@1.opener(rand,moves=8)@1
ab(deep=6,tt,ord,nodes=200k)@3	1074	5	6044	91.454	on	learned(model=333,06bdc1f0,tdleaf_self,mlp,shape=30-16-1)@1	learned(model=333,06bdc1f0,tdleaf_self,mlp,shape=30-16-1)@1	ab(deep=6,tt,ord,nodes=200k)@3.learned(model=333,06bdc1f0,tdleaf_self,mlp,shape=30-16-1)@1
ab(deep=6,tt,ord,nodes=200k)@3	1072	4	10326	281.931	on	learned(model=113,e3cc8b4e,position_elo,mlp,mu_shape=129-512-8-1,sigma_shape=129-64-1)@1.opener(rand,moves=8)@1	learned(model=113,e3cc8b4e,position_elo,mlp,mu_shape=129-512-8-1,sigma_shape=129-64-1)@1.opener(rand,moves=8)@1	ab(deep=6,tt,ord,nodes=200k)@3.learned(model=113,e3cc8b4e,position_elo,mlp,mu_shape=129-512-8-1,sigma_shape=129-64-1)@1.opener(rand,moves=8)@1
ab(deep=6,tt,ord,nodes=200k)@3	1039	4	10327	14.868	on	learned(model=95,07792e69,pool_games,lin,shape=129-1)@1.opener(rand,moves=4)@1	learned(model=95,07792e69,pool_games,lin,shape=129-1)@1.opener(rand,moves=4)@1	ab(deep=6,tt,ord,nodes=200k)@3.learned(model=95,07792e69,pool_games,lin,shape=129-1)@1.opener(rand,moves=4)@1
ab(deep=6,tt,ord,nodes=200k)@3	1037	5	6044	24.480	on	learned(model=369,612a48a8,tdleaf_self,lin,shape=129-1)@1	learned(model=369,612a48a8,tdleaf_self,lin,shape=129-1)@1	ab(deep=6,tt,ord,nodes=200k)@3.learned(model=369,612a48a8,tdleaf_self,lin,shape=129-1)@1
ab(deep=6,tt,ord,nodes=200k)@3	1037	4	10321	11.641	on	learned(model=99,59815079,pool_games,lin,shape=129-1)@1.opener(rand,moves=8)@1	learned(model=99,59815079,pool_games,lin,shape=129-1)@1.opener(rand,moves=8)@1	ab(deep=6,tt,ord,nodes=200k)@3.learned(model=99,59815079,pool_games,lin,shape=129-1)@1.opener(rand,moves=8)@1
ab(deep=6,tt,ord,nodes=200k)@3	1021	4	10328	10.005	on	classic(chip=100)@2.dil(prob=14)@1	classic(chip=100)@2.dil(prob=14)@1	ab(deep=6,tt,ord,nodes=200k)@3.classic(chip=100)@2.dil(prob=14)@1
ab(deep=6,tt,ord,nodes=200k)@3	996	5	6044	22.815	on	learned(model=585,e37f6895,tdleaf_self,mlp,shape=30-32-1)@1	learned(model=585,e37f6895,tdleaf_self,mlp,shape=30-32-1)@1	ab(deep=6,tt,ord,nodes=200k)@3.learned(model=585,e37f6895,tdleaf_self,mlp,shape=30-32-1)@1
ab(deep=6,tt,ord,nodes=200k)@3	981	4	10325	11.853	on	learned(model=94,784bb5fe,pool_games,lin,shape=129-1)@1.opener(rand,moves=8)@1	learned(model=94,784bb5fe,pool_games,lin,shape=129-1)@1.opener(rand,moves=8)@1	ab(deep=6,tt,ord,nodes=200k)@3.learned(model=94,784bb5fe,pool_games,lin,shape=129-1)@1.opener(rand,moves=8)@1
ab(deep=6,tt,ord,nodes=200k)@3	965	5	6042	14.548	on	learned(model=97,87a5093d,pool_games,lin,shape=129-1)@1	learned(model=97,87a5093d,pool_games,lin,shape=129-1)@1	ab(deep=6,tt,ord,nodes=200k)@3.learned(model=97,87a5093d,pool_games,lin,shape=129-1)@1
ab(deep=6,tt,ord,nodes=200k)@3	961	4	10327	9.736	on	classic(chip=100)@2.dil(prob=18)@1	classic(chip=100)@2.dil(prob=18)@1	ab(deep=6,tt,ord,nodes=200k)@3.classic(chip=100)@2.dil(prob=18)@1
ab(deep=6,tt,ord,nodes=200k)@3	942	4	10328	17.877	on	learned(model=10,fead67b7,weight_merge,lin,shape=129-1)@1.dil(prob=20)@1	learned(model=10,fead67b7,weight_merge,lin,shape=129-1)@1.dil(prob=20)@1	ab(deep=6,tt,ord,nodes=200k)@3.learned(model=10,fead67b7,weight_merge,lin,shape=129-1)@1.dil(prob=20)@1
ab(deep=6,tt,ord,nodes=200k)@3	930	4	10325	11.423	on	learned(model=95,07792e69,pool_games,lin,shape=129-1)@1.opener(rand,moves=8)@1	learned(model=95,07792e69,pool_games,lin,shape=129-1)@1.opener(rand,moves=8)@1	ab(deep=6,tt,ord,nodes=200k)@3.learned(model=95,07792e69,pool_games,lin,shape=129-1)@1.opener(rand,moves=8)@1
ab(deep=6,tt,ord,nodes=200k)@3	930	4	10328	9.534	on	classic(chip=100)@2.dil(prob=20)@1	classic(chip=100)@2.dil(prob=20)@1	ab(deep=6,tt,ord,nodes=200k)@3.classic(chip=100)@2.dil(prob=20)@1
ab(deep=6,tt,ord,nodes=200k)@3	920	4	10327	9.381	on	classic(chip=100)@2.dil(prob=22)@1	classic(chip=100)@2.dil(prob=22)@1	ab(deep=6,tt,ord,nodes=200k)@3.classic(chip=100)@2.dil(prob=22)@1
ab(deep=6,tt,ord,nodes=200k)@3	917	4	10326	17.834	on	learned(model=76,ef183148,position_elo,lin,mu_shape=129-1,sigma_shape=129-1)@1.dil(prob=20)@1	learned(model=76,ef183148,position_elo,lin,mu_shape=129-1,sigma_shape=129-1)@1.dil(prob=20)@1	ab(deep=6,tt,ord,nodes=200k)@3.learned(model=76,ef183148,position_elo,lin,mu_shape=129-1,sigma_shape=129-1)@1.dil(prob=20)@1
ab(deep=6,tt,ord,nodes=200k)@3	911	4	10324	15.608	on	learned(model=98,5801570e,pool_games,lin,shape=129-1)@1.dil(prob=20)@1	learned(model=98,5801570e,pool_games,lin,shape=129-1)@1.dil(prob=20)@1	ab(deep=6,tt,ord,nodes=200k)@3.learned(model=98,5801570e,pool_games,lin,shape=129-1)@1.dil(prob=20)@1
ab(deep=6,tt,ord,nodes=200k)@3	906	4	10324	16.140	on	learned(model=96,990e39e7,pool_games,lin,shape=129-1)@1.dil(prob=20)@1	learned(model=96,990e39e7,pool_games,lin,shape=129-1)@1.dil(prob=20)@1	ab(deep=6,tt,ord,nodes=200k)@3.learned(model=96,990e39e7,pool_games,lin,shape=129-1)@1.dil(prob=20)@1
ab(deep=6,tt,ord,nodes=200k)@3	901	4	10326	332.124	on	learned(model=111,78ef6974,position_elo,mlp,mu_shape=129-512-8-1,sigma_shape=129-64-1)@1.dil(prob=20)@1	learned(model=111,78ef6974,position_elo,mlp,mu_shape=129-512-8-1,sigma_shape=129-64-1)@1.dil(prob=20)@1	ab(deep=6,tt,ord,nodes=200k)@3.learned(model=111,78ef6974,position_elo,mlp,mu_shape=129-512-8-1,sigma_shape=129-64-1)@1.dil(prob=20)@1
ab(deep=6,tt,ord,nodes=200k)@3	899	4	10326	16.416	on	learned(model=3,68364898,pool_games,lin,shape=129-1)@1.dil(prob=20)@1	learned(model=3,68364898,pool_games,lin,shape=129-1)@1.dil(prob=20)@1	ab(deep=6,tt,ord,nodes=200k)@3.learned(model=3,68364898,pool_games,lin,shape=129-1)@1.dil(prob=20)@1
ab(deep=6,tt,ord,nodes=200k)@3	884	4	10328	16.539	on	learned(model=8,6f1a4264,pool_games,lin,shape=129-1)@1.dil(prob=20)@1	learned(model=8,6f1a4264,pool_games,lin,shape=129-1)@1.dil(prob=20)@1	ab(deep=6,tt,ord,nodes=200k)@3.learned(model=8,6f1a4264,pool_games,lin,shape=129-1)@1.dil(prob=20)@1
ab(deep=6,tt,ord,nodes=200k)@3	872	4	10326	16.761	on	learned(model=4,eb105733,pool_games,lin,shape=129-1)@1.dil(prob=20)@1	learned(model=4,eb105733,pool_games,lin,shape=129-1)@1.dil(prob=20)@1	ab(deep=6,tt,ord,nodes=200k)@3.learned(model=4,eb105733,pool_games,lin,shape=129-1)@1.dil(prob=20)@1
ab(deep=6,tt,ord,nodes=200k)@3	872	5	10326	346.742	on	learned(model=113,e3cc8b4e,position_elo,mlp,mu_shape=129-512-8-1,sigma_shape=129-64-1)@1.dil(prob=20)@1	learned(model=113,e3cc8b4e,position_elo,mlp,mu_shape=129-512-8-1,sigma_shape=129-64-1)@1.dil(prob=20)@1	ab(deep=6,tt,ord,nodes=200k)@3.learned(model=113,e3cc8b4e,position_elo,mlp,mu_shape=129-512-8-1,sigma_shape=129-64-1)@1.dil(prob=20)@1
ab(deep=6,tt,ord,nodes=200k)@3	868	5	10322	13.965	on	learned(model=99,59815079,pool_games,lin,shape=129-1)@1.dil(prob=20)@1	learned(model=99,59815079,pool_games,lin,shape=129-1)@1.dil(prob=20)@1	ab(deep=6,tt,ord,nodes=200k)@3.learned(model=99,59815079,pool_games,lin,shape=129-1)@1.dil(prob=20)@1
ab(deep=6,tt,ord,nodes=200k)@3	855	5	10323	12.502	on	learned(model=97,87a5093d,pool_games,lin,shape=129-1)@1.opener(rand,moves=4)@1	learned(model=97,87a5093d,pool_games,lin,shape=129-1)@1.opener(rand,moves=4)@1	ab(deep=6,tt,ord,nodes=200k)@3.learned(model=97,87a5093d,pool_games,lin,shape=129-1)@1.opener(rand,moves=4)@1
ab(deep=6,tt,ord,nodes=200k)@3	855	6	6044	90.048	on	learned(model=279,409dc0b3,tdleaf_self,mlp,shape=30-16-1)@1	learned(model=279,409dc0b3,tdleaf_self,mlp,shape=30-16-1)@1	ab(deep=6,tt,ord,nodes=200k)@3.learned(model=279,409dc0b3,tdleaf_self,mlp,shape=30-16-1)@1
ab(deep=6,tt,ord,nodes=200k)@3	849	6	6042	18.764	on	learned(model=531,748d1c8d,tdleaf_self,lin,shape=129-1)@1	learned(model=531,748d1c8d,tdleaf_self,lin,shape=129-1)@1	ab(deep=6,tt,ord,nodes=200k)@3.learned(model=531,748d1c8d,tdleaf_self,lin,shape=129-1)@1
ab(deep=6,tt,ord,nodes=200k)@3	828	5	10327	8.851	on	classic(chip=100)@2.dil(prob=28)@1	classic(chip=100)@2.dil(prob=28)@1	ab(deep=6,tt,ord,nodes=200k)@3.classic(chip=100)@2.dil(prob=28)@1
ab(deep=6,tt,ord,nodes=200k)@3	822	6	6042	44.363	on	learned(model=261,52cd70f8,tdleaf_self,mlp,shape=129-32-1)@1	learned(model=261,52cd70f8,tdleaf_self,mlp,shape=129-32-1)@1	ab(deep=6,tt,ord,nodes=200k)@3.learned(model=261,52cd70f8,tdleaf_self,mlp,shape=129-32-1)@1
ab(deep=6,tt,ord,nodes=200k)@3	807	5	10325	14.054	on	learned(model=95,07792e69,pool_games,lin,shape=129-1)@1.dil(prob=20)@1	learned(model=95,07792e69,pool_games,lin,shape=129-1)@1.dil(prob=20)@1	ab(deep=6,tt,ord,nodes=200k)@3.learned(model=95,07792e69,pool_games,lin,shape=129-1)@1.dil(prob=20)@1
ab(deep=6,tt,ord,nodes=200k)@3	806	5	10325	15.057	on	learned(model=94,784bb5fe,pool_games,lin,shape=129-1)@1.dil(prob=20)@1	learned(model=94,784bb5fe,pool_games,lin,shape=129-1)@1.dil(prob=20)@1	ab(deep=6,tt,ord,nodes=200k)@3.learned(model=94,784bb5fe,pool_games,lin,shape=129-1)@1.dil(prob=20)@1
ab(deep=6,tt,ord,nodes=200k)@3	766	5	10327	8.076	on	classic(chip=100)@2.dil(prob=35)@1	classic(chip=100)@2.dil(prob=35)@1	ab(deep=6,tt,ord,nodes=200k)@3.classic(chip=100)@2.dil(prob=35)@1
ab(deep=6,tt,ord,nodes=200k)@3	759	5	10324	9.562	on	learned(model=97,87a5093d,pool_games,lin,shape=129-1)@1.opener(rand,moves=8)@1	learned(model=97,87a5093d,pool_games,lin,shape=129-1)@1.opener(rand,moves=8)@1	ab(deep=6,tt,ord,nodes=200k)@3.learned(model=97,87a5093d,pool_games,lin,shape=129-1)@1.opener(rand,moves=8)@1
ab(deep=6,tt,ord,nodes=200k)@3	696	6	10325	12.959	on	learned(model=97,87a5093d,pool_games,lin,shape=129-1)@1.dil(prob=20)@1	learned(model=97,87a5093d,pool_games,lin,shape=129-1)@1.dil(prob=20)@1	ab(deep=6,tt,ord,nodes=200k)@3.learned(model=97,87a5093d,pool_games,lin,shape=129-1)@1.dil(prob=20)@1
ab(deep=6,tt,ord,nodes=200k)@3	664	6	10328	7.161	on	classic(chip=100)@2.dil(prob=43)@1	classic(chip=100)@2.dil(prob=43)@1	ab(deep=6,tt,ord,nodes=200k)@3.classic(chip=100)@2.dil(prob=43)@1
ab(deep=6,tt,ord,nodes=200k)@3	549	7	10326	6.155	on	classic(chip=100)@2.dil(prob=52)@1	classic(chip=100)@2.dil(prob=52)@1	ab(deep=6,tt,ord,nodes=200k)@3.classic(chip=100)@2.dil(prob=52)@1
ab(deep=6,tt,ord,nodes=200k)@3	418	9	10328	4.896	on	classic(chip=100)@2.dil(prob=63)@1	classic(chip=100)@2.dil(prob=63)@1	ab(deep=6,tt,ord,nodes=200k)@3.classic(chip=100)@2.dil(prob=63)@1
ab(deep=6,tt,ord,nodes=200k)@3	264	13	10326	3.370	on	classic(chip=100)@2.dil(prob=75)@1	classic(chip=100)@2.dil(prob=75)@1	ab(deep=6,tt,ord,nodes=200k)@3.classic(chip=100)@2.dil(prob=75)@1
ab(deep=12,tt,ord,rem=70,retain,nodes=100k)@3	1491	8	5260	22.656	on	learned(model=169,4975683c,tdleaf_self,lin,shape=129-1)@1	learned(model=169,4975683c,tdleaf_self,lin,shape=129-1)@1	ab(deep=12,tt,ord,rem=70,retain,nodes=100k)@3.learned(model=169,4975683c,tdleaf_self,lin,shape=129-1)@1
ab(deep=12,tt,ord,rem=70,retain,nodes=100k)@3	1479	8	5022	22.825	on	learned(model=602,68cbb27d,tdleaf_self,lin,shape=129-1)@1	learned(model=602,68cbb27d,tdleaf_self,lin,shape=129-1)@1	ab(deep=12,tt,ord,rem=70,retain,nodes=100k)@3.learned(model=602,68cbb27d,tdleaf_self,lin,shape=129-1)@1
ab(deep=12,tt,ord,rem=70,retain,nodes=100k)@3	1467	8	5260	22.909	on	learned(model=349,5ee50d5c,tdleaf_self,lin,shape=129-1)@1	learned(model=349,5ee50d5c,tdleaf_self,lin,shape=129-1)@1	ab(deep=12,tt,ord,rem=70,retain,nodes=100k)@3.learned(model=349,5ee50d5c,tdleaf_self,lin,shape=129-1)@1
ab(deep=12,tt,ord,rem=70,retain,nodes=100k)@3	1458	8	5022	22.787	on	learned(model=351,42d88d8e,tdleaf_self,lin,shape=129-1)@1	learned(model=351,42d88d8e,tdleaf_self,lin,shape=129-1)@1	ab(deep=12,tt,ord,rem=70,retain,nodes=100k)@3.learned(model=351,42d88d8e,tdleaf_self,lin,shape=129-1)@1
ab(deep=12,tt,ord,rem=70,retain,nodes=100k)@3	1443	8	5022	22.782	on	learned(model=171,10d3530c,tdleaf_self,lin,shape=129-1)@1	learned(model=171,10d3530c,tdleaf_self,lin,shape=129-1)@1	ab(deep=12,tt,ord,rem=70,retain,nodes=100k)@3.learned(model=171,10d3530c,tdleaf_self,lin,shape=129-1)@1
ab(deep=12,tt,ord,rem=70,retain,nodes=100k)@3	1405	8	5022	22.704	on	learned(model=603,2da121ee,tdleaf_self,lin,shape=129-1)@1	learned(model=603,2da121ee,tdleaf_self,lin,shape=129-1)@1	ab(deep=12,tt,ord,rem=70,retain,nodes=100k)@3.learned(model=603,2da121ee,tdleaf_self,lin,shape=129-1)@1
ab(deep=12,tt,ord,rem=70,retain,nodes=100k)@3	1373	7	5022	22.547	on	learned(model=96,990e39e7,pool_games,lin,shape=129-1)@1	learned(model=96,990e39e7,pool_games,lin,shape=129-1)@1	ab(deep=12,tt,ord,rem=70,retain,nodes=100k)@3.learned(model=96,990e39e7,pool_games,lin,shape=129-1)@1
ab(deep=12,tt,ord,rem=70,retain,nodes=100k)@3	1366	7	5260	19.911	on	classic(chip=100)@2	classic(chip=100)@2	ab(deep=12,tt,ord,rem=70,retain,nodes=100k)@3.classic(chip=100)@2
ab(deep=12,tt,ord,rem=70,retain,nodes=100k)@3	1360	7	5022	22.729	on	learned(model=441,01db390c,tdleaf_self,lin,shape=129-1)@1	learned(model=441,01db390c,tdleaf_self,lin,shape=129-1)@1	ab(deep=12,tt,ord,rem=70,retain,nodes=100k)@3.learned(model=441,01db390c,tdleaf_self,lin,shape=129-1)@1
ab(deep=12,tt,ord,rem=70,retain,nodes=100k)@3	1329	7	5022	22.290	on	learned(model=98,5801570e,pool_games,lin,shape=129-1)@1	learned(model=98,5801570e,pool_games,lin,shape=129-1)@1	ab(deep=12,tt,ord,rem=70,retain,nodes=100k)@3.learned(model=98,5801570e,pool_games,lin,shape=129-1)@1
ab(deep=12,tt,ord,rem=70,retain,nodes=100k)@3	1320	7	5022	23.501	on	learned(model=10,fead67b7,weight_merge,lin,shape=129-1)@1	learned(model=10,fead67b7,weight_merge,lin,shape=129-1)@1	ab(deep=12,tt,ord,rem=70,retain,nodes=100k)@3.learned(model=10,fead67b7,weight_merge,lin,shape=129-1)@1
ab(deep=12,tt,ord,rem=70,retain,nodes=100k)@3	1292	7	5022	22.599	on	learned(model=3,68364898,pool_games,lin,shape=129-1)@1	learned(model=3,68364898,pool_games,lin,shape=129-1)@1	ab(deep=12,tt,ord,rem=70,retain,nodes=100k)@3.learned(model=3,68364898,pool_games,lin,shape=129-1)@1
ab(deep=12,tt,ord,rem=70,retain,nodes=100k)@3	1282	6	5022	22.526	on	learned(model=76,ef183148,position_elo,lin,mu_shape=129-1,sigma_shape=129-1)@1	learned(model=76,ef183148,position_elo,lin,mu_shape=129-1,sigma_shape=129-1)@1	ab(deep=12,tt,ord,rem=70,retain,nodes=100k)@3.learned(model=76,ef183148,position_elo,lin,mu_shape=129-1,sigma_shape=129-1)@1
ab(deep=12,tt,ord,rem=70,retain,nodes=100k)@3	1274	6	5022	175.953	on	learned(model=78,2fa21eda,position_elo,mlp,mu_shape=129-128-64-1,sigma_shape=129-32-1)@1	learned(model=78,2fa21eda,position_elo,mlp,mu_shape=129-128-64-1,sigma_shape=129-32-1)@1	ab(deep=12,tt,ord,rem=70,retain,nodes=100k)@3.learned(model=78,2fa21eda,position_elo,mlp,mu_shape=129-128-64-1,sigma_shape=129-32-1)@1
ab(deep=12,tt,ord,rem=70,retain,nodes=100k)@3	1259	6	5022	56.351	on	learned(model=387,607b64aa,tdleaf_self,lin,shape=30-1)@1	learned(model=387,607b64aa,tdleaf_self,lin,shape=30-1)@1	ab(deep=12,tt,ord,rem=70,retain,nodes=100k)@3.learned(model=387,607b64aa,tdleaf_self,lin,shape=30-1)@1
ab(deep=12,tt,ord,rem=70,retain,nodes=100k)@3	1253	6	5022	44.437	on	learned(model=405,111c40c8,tdleaf_self,mlp,shape=129-32-1)@1	learned(model=405,111c40c8,tdleaf_self,mlp,shape=129-32-1)@1	ab(deep=12,tt,ord,rem=70,retain,nodes=100k)@3.learned(model=405,111c40c8,tdleaf_self,mlp,shape=129-32-1)@1
ab(deep=12,tt,ord,rem=70,retain,nodes=100k)@3	1249	5	6992	15.109	on	learned(model=169,4975683c,tdleaf_self,lin,shape=129-1)@1.opener(rand,moves=8)@1	learned(model=169,4975683c,tdleaf_self,lin,shape=129-1)@1.opener(rand,moves=8)@1	ab(deep=12,tt,ord,rem=70,retain,nodes=100k)@3.learned(model=169,4975683c,tdleaf_self,lin,shape=129-1)@1.opener(rand,moves=8)@1
ab(deep=12,tt,ord,rem=70,retain,nodes=100k)@3	1249	6	5022	22.461	on	learned(model=4,eb105733,pool_games,lin,shape=129-1)@1	learned(model=4,eb105733,pool_games,lin,shape=129-1)@1	ab(deep=12,tt,ord,rem=70,retain,nodes=100k)@3.learned(model=4,eb105733,pool_games,lin,shape=129-1)@1
ab(deep=12,tt,ord,rem=70,retain,nodes=100k)@3	1247	5	6992	14.880	on	learned(model=171,10d3530c,tdleaf_self,lin,shape=129-1)@1.opener(rand,moves=8)@1	learned(model=171,10d3530c,tdleaf_self,lin,shape=129-1)@1.opener(rand,moves=8)@1	ab(deep=12,tt,ord,rem=70,retain,nodes=100k)@3.learned(model=171,10d3530c,tdleaf_self,lin,shape=129-1)@1.opener(rand,moves=8)@1
ab(deep=12,tt,ord,rem=70,retain,nodes=100k)@3	1247	6	5022	388.067	on	learned(model=111,78ef6974,position_elo,mlp,mu_shape=129-512-8-1,sigma_shape=129-64-1)@1	learned(model=111,78ef6974,position_elo,mlp,mu_shape=129-512-8-1,sigma_shape=129-64-1)@1	ab(deep=12,tt,ord,rem=70,retain,nodes=100k)@3.learned(model=111,78ef6974,position_elo,mlp,mu_shape=129-512-8-1,sigma_shape=129-64-1)@1
ab(deep=12,tt,ord,rem=70,retain,nodes=100k)@3	1245	5	6992	14.954	on	learned(model=349,5ee50d5c,tdleaf_self,lin,shape=129-1)@1.opener(rand,moves=8)@1	learned(model=349,5ee50d5c,tdleaf_self,lin,shape=129-1)@1.opener(rand,moves=8)@1	ab(deep=12,tt,ord,rem=70,retain,nodes=100k)@3.learned(model=349,5ee50d5c,tdleaf_self,lin,shape=129-1)@1.opener(rand,moves=8)@1
ab(deep=12,tt,ord,rem=70,retain,nodes=100k)@3	1241	5	6992	14.787	on	learned(model=351,42d88d8e,tdleaf_self,lin,shape=129-1)@1.opener(rand,moves=8)@1	learned(model=351,42d88d8e,tdleaf_self,lin,shape=129-1)@1.opener(rand,moves=8)@1	ab(deep=12,tt,ord,rem=70,retain,nodes=100k)@3.learned(model=351,42d88d8e,tdleaf_self,lin,shape=129-1)@1.opener(rand,moves=8)@1
ab(deep=12,tt,ord,rem=70,retain,nodes=100k)@3	1234	6	5022	22.424	on	learned(model=8,6f1a4264,pool_games,lin,shape=129-1)@1	learned(model=8,6f1a4264,pool_games,lin,shape=129-1)@1	ab(deep=12,tt,ord,rem=70,retain,nodes=100k)@3.learned(model=8,6f1a4264,pool_games,lin,shape=129-1)@1
ab(deep=12,tt,ord,rem=70,retain,nodes=100k)@3	1233	5	6992	15.085	on	learned(model=602,68cbb27d,tdleaf_self,lin,shape=129-1)@1.opener(rand,moves=8)@1	learned(model=602,68cbb27d,tdleaf_self,lin,shape=129-1)@1.opener(rand,moves=8)@1	ab(deep=12,tt,ord,rem=70,retain,nodes=100k)@3.learned(model=602,68cbb27d,tdleaf_self,lin,shape=129-1)@1.opener(rand,moves=8)@1
ab(deep=12,tt,ord,rem=70,retain,nodes=100k)@3	1229	5	6992	14.906	on	learned(model=603,2da121ee,tdleaf_self,lin,shape=129-1)@1.opener(rand,moves=8)@1	learned(model=603,2da121ee,tdleaf_self,lin,shape=129-1)@1.opener(rand,moves=8)@1	ab(deep=12,tt,ord,rem=70,retain,nodes=100k)@3.learned(model=603,2da121ee,tdleaf_self,lin,shape=129-1)@1.opener(rand,moves=8)@1
ab(deep=12,tt,ord,rem=70,retain,nodes=100k)@3	1227	6	5022	173.217	on	learned(model=77,ddaa5090,position_elo,mlp,mu_shape=129-128-64-1,sigma_shape=129-32-1)@1	learned(model=77,ddaa5090,position_elo,mlp,mu_shape=129-128-64-1,sigma_shape=129-32-1)@1	ab(deep=12,tt,ord,rem=70,retain,nodes=100k)@3.learned(model=77,ddaa5090,position_elo,mlp,mu_shape=129-128-64-1,sigma_shape=129-32-1)@1
ab(deep=12,tt,ord,rem=70,retain,nodes=100k)@3	1202	6	5022	22.832	on	learned(model=99,59815079,pool_games,lin,shape=129-1)@1	learned(model=99,59815079,pool_games,lin,shape=129-1)@1	ab(deep=12,tt,ord,rem=70,retain,nodes=100k)@3.learned(model=99,59815079,pool_games,lin,shape=129-1)@1
ab(deep=12,tt,ord,rem=70,retain,nodes=100k)@3	1192	6	5022	22.974	on	learned(model=459,642147d2,tdleaf_self,lin,shape=129-1)@1	learned(model=459,642147d2,tdleaf_self,lin,shape=129-1)@1	ab(deep=12,tt,ord,rem=70,retain,nodes=100k)@3.learned(model=459,642147d2,tdleaf_self,lin,shape=129-1)@1
ab(deep=12,tt,ord,rem=70,retain,nodes=100k)@3	1187	6	5022	375.630	on	learned(model=110,1466db6c,position_elo,mlp,mu_shape=129-512-8-1,sigma_shape=129-64-1)@1	learned(model=110,1466db6c,position_elo,mlp,mu_shape=129-512-8-1,sigma_shape=129-64-1)@1	ab(deep=12,tt,ord,rem=70,retain,nodes=100k)@3.learned(model=110,1466db6c,position_elo,mlp,mu_shape=129-512-8-1,sigma_shape=129-64-1)@1
ab(deep=12,tt,ord,rem=70,retain,nodes=100k)@3	1181	5	6992	15.395	on	learned(model=10,fead67b7,weight_merge,lin,shape=129-1)@1.opener(rand,moves=8)@1	learned(model=10,fead67b7,weight_merge,lin,shape=129-1)@1.opener(rand,moves=8)@1	ab(deep=12,tt,ord,rem=70,retain,nodes=100k)@3.learned(model=10,fead67b7,weight_merge,lin,shape=129-1)@1.opener(rand,moves=8)@1
ab(deep=12,tt,ord,rem=70,retain,nodes=100k)@3	1174	6	5022	417.269	on	learned(model=79,18f19059,position_elo,mlp,mu_shape=129-256-128-1,sigma_shape=129-64-1)@1	learned(model=79,18f19059,position_elo,mlp,mu_shape=129-256-128-1,sigma_shape=129-64-1)@1	ab(deep=12,tt,ord,rem=70,retain,nodes=100k)@3.learned(model=79,18f19059,position_elo,mlp,mu_shape=129-256-128-1,sigma_shape=129-64-1)@1
ab(deep=12,tt,ord,rem=70,retain,nodes=100k)@3	1161	5	6992	15.182	on	learned(model=76,ef183148,position_elo,lin,mu_shape=129-1,sigma_shape=129-1)@1.opener(rand,moves=8)@1	learned(model=76,ef183148,position_elo,lin,mu_shape=129-1,sigma_shape=129-1)@1.opener(rand,moves=8)@1	ab(deep=12,tt,ord,rem=70,retain,nodes=100k)@3.learned(model=76,ef183148,position_elo,lin,mu_shape=129-1,sigma_shape=129-1)@1.opener(rand,moves=8)@1
ab(deep=12,tt,ord,rem=70,retain,nodes=100k)@3	1151	5	6992	13.649	on	classic(chip=100)@2.opener(rand,moves=8)@1	classic(chip=100)@2.opener(rand,moves=8)@1	ab(deep=12,tt,ord,rem=70,retain,nodes=100k)@3.classic(chip=100)@2.opener(rand,moves=8)@1
ab(deep=12,tt,ord,rem=70,retain,nodes=100k)@3	1144	5	6992	15.065	on	learned(model=96,990e39e7,pool_games,lin,shape=129-1)@1.opener(rand,moves=8)@1	learned(model=96,990e39e7,pool_games,lin,shape=129-1)@1.opener(rand,moves=8)@1	ab(deep=12,tt,ord,rem=70,retain,nodes=100k)@3.learned(model=96,990e39e7,pool_games,lin,shape=129-1)@1.opener(rand,moves=8)@1
ab(deep=12,tt,ord,rem=70,retain,nodes=100k)@3	1143	5	6992	35.754	on	learned(model=387,607b64aa,tdleaf_self,lin,shape=30-1)@1.opener(rand,moves=8)@1	learned(model=387,607b64aa,tdleaf_self,lin,shape=30-1)@1.opener(rand,moves=8)@1	ab(deep=12,tt,ord,rem=70,retain,nodes=100k)@3.learned(model=387,607b64aa,tdleaf_self,lin,shape=30-1)@1.opener(rand,moves=8)@1
ab(deep=12,tt,ord,rem=70,retain,nodes=100k)@3	1131	5	6992	15.109	on	learned(model=441,01db390c,tdleaf_self,lin,shape=129-1)@1.opener(rand,moves=8)@1	learned(model=441,01db390c,tdleaf_self,lin,shape=129-1)@1.opener(rand,moves=8)@1	ab(deep=12,tt,ord,rem=70,retain,nodes=100k)@3.learned(model=441,01db390c,tdleaf_self,lin,shape=129-1)@1.opener(rand,moves=8)@1
ab(deep=12,tt,ord,rem=70,retain,nodes=100k)@3	1127	5	6992	15.213	on	learned(model=98,5801570e,pool_games,lin,shape=129-1)@1.opener(rand,moves=8)@1	learned(model=98,5801570e,pool_games,lin,shape=129-1)@1.opener(rand,moves=8)@1	ab(deep=12,tt,ord,rem=70,retain,nodes=100k)@3.learned(model=98,5801570e,pool_games,lin,shape=129-1)@1.opener(rand,moves=8)@1
ab(deep=12,tt,ord,rem=70,retain,nodes=100k)@3	1124	5	6992	15.226	on	learned(model=8,6f1a4264,pool_games,lin,shape=129-1)@1.opener(rand,moves=8)@1	learned(model=8,6f1a4264,pool_games,lin,shape=129-1)@1.opener(rand,moves=8)@1	ab(deep=12,tt,ord,rem=70,retain,nodes=100k)@3.learned(model=8,6f1a4264,pool_games,lin,shape=129-1)@1.opener(rand,moves=8)@1
ab(deep=12,tt,ord,rem=70,retain,nodes=100k)@3	1120	5	6992	29.411	on	learned(model=405,111c40c8,tdleaf_self,mlp,shape=129-32-1)@1.opener(rand,moves=8)@1	learned(model=405,111c40c8,tdleaf_self,mlp,shape=129-32-1)@1.opener(rand,moves=8)@1	ab(deep=12,tt,ord,rem=70,retain,nodes=100k)@3.learned(model=405,111c40c8,tdleaf_self,mlp,shape=129-32-1)@1.opener(rand,moves=8)@1
ab(deep=12,tt,ord,rem=70,retain,nodes=100k)@3	1111	5	6992	264.086	on	learned(model=111,78ef6974,position_elo,mlp,mu_shape=129-512-8-1,sigma_shape=129-64-1)@1.opener(rand,moves=8)@1	learned(model=111,78ef6974,position_elo,mlp,mu_shape=129-512-8-1,sigma_shape=129-64-1)@1.opener(rand,moves=8)@1	ab(deep=12,tt,ord,rem=70,retain,nodes=100k)@3.learned(model=111,78ef6974,position_elo,mlp,mu_shape=129-512-8-1,sigma_shape=129-64-1)@1.opener(rand,moves=8)@1
ab(deep=12,tt,ord,rem=70,retain,nodes=100k)@3	1104	6	5022	22.640	on	learned(model=94,784bb5fe,pool_games,lin,shape=129-1)@1	learned(model=94,784bb5fe,pool_games,lin,shape=129-1)@1	ab(deep=12,tt,ord,rem=70,retain,nodes=100k)@3.learned(model=94,784bb5fe,pool_games,lin,shape=129-1)@1
ab(deep=12,tt,ord,rem=70,retain,nodes=100k)@3	1102	5	6992	14.724	on	learned(model=459,642147d2,tdleaf_self,lin,shape=129-1)@1.opener(rand,moves=8)@1	learned(model=459,642147d2,tdleaf_self,lin,shape=129-1)@1.opener(rand,moves=8)@1	ab(deep=12,tt,ord,rem=70,retain,nodes=100k)@3.learned(model=459,642147d2,tdleaf_self,lin,shape=129-1)@1.opener(rand,moves=8)@1
ab(deep=12,tt,ord,rem=70,retain,nodes=100k)@3	1101	5	6992	15.131	on	learned(model=4,eb105733,pool_games,lin,shape=129-1)@1.opener(rand,moves=8)@1	learned(model=4,eb105733,pool_games,lin,shape=129-1)@1.opener(rand,moves=8)@1	ab(deep=12,tt,ord,rem=70,retain,nodes=100k)@3.learned(model=4,eb105733,pool_games,lin,shape=129-1)@1.opener(rand,moves=8)@1
ab(deep=12,tt,ord,rem=70,retain,nodes=100k)@3	1094	5	6992	15.358	on	learned(model=3,68364898,pool_games,lin,shape=129-1)@1.opener(rand,moves=8)@1	learned(model=3,68364898,pool_games,lin,shape=129-1)@1.opener(rand,moves=8)@1	ab(deep=12,tt,ord,rem=70,retain,nodes=100k)@3.learned(model=3,68364898,pool_games,lin,shape=129-1)@1.opener(rand,moves=8)@1
ab(deep=12,tt,ord,rem=70,retain,nodes=100k)@3	1092	5	6992	123.822	on	learned(model=78,2fa21eda,position_elo,mlp,mu_shape=129-128-64-1,sigma_shape=129-32-1)@1.opener(rand,moves=8)@1	learned(model=78,2fa21eda,position_elo,mlp,mu_shape=129-128-64-1,sigma_shape=129-32-1)@1.opener(rand,moves=8)@1	ab(deep=12,tt,ord,rem=70,retain,nodes=100k)@3.learned(model=78,2fa21eda,position_elo,mlp,mu_shape=129-128-64-1,sigma_shape=129-32-1)@1.opener(rand,moves=8)@1
ab(deep=12,tt,ord,rem=70,retain,nodes=100k)@3	1083	5	6992	121.020	on	learned(model=77,ddaa5090,position_elo,mlp,mu_shape=129-128-64-1,sigma_shape=129-32-1)@1.opener(rand,moves=8)@1	learned(model=77,ddaa5090,position_elo,mlp,mu_shape=129-128-64-1,sigma_shape=129-32-1)@1.opener(rand,moves=8)@1	ab(deep=12,tt,ord,rem=70,retain,nodes=100k)@3.learned(model=77,ddaa5090,position_elo,mlp,mu_shape=129-128-64-1,sigma_shape=129-32-1)@1.opener(rand,moves=8)@1
ab(deep=12,tt,ord,rem=70,retain,nodes=100k)@3	1057	6	5022	22.864	on	learned(model=95,07792e69,pool_games,lin,shape=129-1)@1	learned(model=95,07792e69,pool_games,lin,shape=129-1)@1	ab(deep=12,tt,ord,rem=70,retain,nodes=100k)@3.learned(model=95,07792e69,pool_games,lin,shape=129-1)@1
ab(deep=12,tt,ord,rem=70,retain,nodes=100k)@3	1056	6	5022	74.229	on	learned(model=333,06bdc1f0,tdleaf_self,mlp,shape=30-16-1)@1	learned(model=333,06bdc1f0,tdleaf_self,mlp,shape=30-16-1)@1	ab(deep=12,tt,ord,rem=70,retain,nodes=100k)@3.learned(model=333,06bdc1f0,tdleaf_self,mlp,shape=30-16-1)@1
ab(deep=12,tt,ord,rem=70,retain,nodes=100k)@3	1055	5	6992	292.177	on	learned(model=79,18f19059,position_elo,mlp,mu_shape=129-256-128-1,sigma_shape=129-64-1)@1.opener(rand,moves=8)@1	learned(model=79,18f19059,position_elo,mlp,mu_shape=129-256-128-1,sigma_shape=129-64-1)@1.opener(rand,moves=8)@1	ab(deep=12,tt,ord,rem=70,retain,nodes=100k)@3.learned(model=79,18f19059,position_elo,mlp,mu_shape=129-256-128-1,sigma_shape=129-64-1)@1.opener(rand,moves=8)@1
ab(deep=12,tt,ord,rem=70,retain,nodes=100k)@3	1042	5	6992	15.188	on	learned(model=99,59815079,pool_games,lin,shape=129-1)@1.opener(rand,moves=8)@1	learned(model=99,59815079,pool_games,lin,shape=129-1)@1.opener(rand,moves=8)@1	ab(deep=12,tt,ord,rem=70,retain,nodes=100k)@3.learned(model=99,59815079,pool_games,lin,shape=129-1)@1.opener(rand,moves=8)@1
ab(deep=12,tt,ord,rem=70,retain,nodes=100k)@3	1022	5	6992	255.280	on	learned(model=110,1466db6c,position_elo,mlp,mu_shape=129-512-8-1,sigma_shape=129-64-1)@1.opener(rand,moves=8)@1	learned(model=110,1466db6c,position_elo,mlp,mu_shape=129-512-8-1,sigma_shape=129-64-1)@1.opener(rand,moves=8)@1	ab(deep=12,tt,ord,rem=70,retain,nodes=100k)@3.learned(model=110,1466db6c,position_elo,mlp,mu_shape=129-512-8-1,sigma_shape=129-64-1)@1.opener(rand,moves=8)@1
ab(deep=12,tt,ord,rem=70,retain,nodes=100k)@3	1016	6	5022	69.698	on	learned(model=585,e37f6895,tdleaf_self,mlp,shape=30-32-1)@1	learned(model=585,e37f6895,tdleaf_self,mlp,shape=30-32-1)@1	ab(deep=12,tt,ord,rem=70,retain,nodes=100k)@3.learned(model=585,e37f6895,tdleaf_self,mlp,shape=30-32-1)@1
ab(deep=12,tt,ord,rem=70,retain,nodes=100k)@3	1007	6	5022	23.247	on	learned(model=369,612a48a8,tdleaf_self,lin,shape=129-1)@1	learned(model=369,612a48a8,tdleaf_self,lin,shape=129-1)@1	ab(deep=12,tt,ord,rem=70,retain,nodes=100k)@3.learned(model=369,612a48a8,tdleaf_self,lin,shape=129-1)@1
ab(deep=12,tt,ord,rem=70,retain,nodes=100k)@3	991	5	6992	18.258	on	learned(model=349,5ee50d5c,tdleaf_self,lin,shape=129-1)@1.dil(prob=20)@1	learned(model=349,5ee50d5c,tdleaf_self,lin,shape=129-1)@1.dil(prob=20)@1	ab(deep=12,tt,ord,rem=70,retain,nodes=100k)@3.learned(model=349,5ee50d5c,tdleaf_self,lin,shape=129-1)@1.dil(prob=20)@1
ab(deep=12,tt,ord,rem=70,retain,nodes=100k)@3	986	5	6992	18.153	on	learned(model=351,42d88d8e,tdleaf_self,lin,shape=129-1)@1.dil(prob=20)@1	learned(model=351,42d88d8e,tdleaf_self,lin,shape=129-1)@1.dil(prob=20)@1	ab(deep=12,tt,ord,rem=70,retain,nodes=100k)@3.learned(model=351,42d88d8e,tdleaf_self,lin,shape=129-1)@1.dil(prob=20)@1
ab(deep=12,tt,ord,rem=70,retain,nodes=100k)@3	985	5	6992	18.075	on	learned(model=171,10d3530c,tdleaf_self,lin,shape=129-1)@1.dil(prob=20)@1	learned(model=171,10d3530c,tdleaf_self,lin,shape=129-1)@1.dil(prob=20)@1	ab(deep=12,tt,ord,rem=70,retain,nodes=100k)@3.learned(model=171,10d3530c,tdleaf_self,lin,shape=129-1)@1.dil(prob=20)@1
ab(deep=12,tt,ord,rem=70,retain,nodes=100k)@3	983	5	6992	18.166	on	learned(model=169,4975683c,tdleaf_self,lin,shape=129-1)@1.dil(prob=20)@1	learned(model=169,4975683c,tdleaf_self,lin,shape=129-1)@1.dil(prob=20)@1	ab(deep=12,tt,ord,rem=70,retain,nodes=100k)@3.learned(model=169,4975683c,tdleaf_self,lin,shape=129-1)@1.dil(prob=20)@1
ab(deep=12,tt,ord,rem=70,retain,nodes=100k)@3	982	5	6992	15.090	on	learned(model=94,784bb5fe,pool_games,lin,shape=129-1)@1.opener(rand,moves=8)@1	learned(model=94,784bb5fe,pool_games,lin,shape=129-1)@1.opener(rand,moves=8)@1	ab(deep=12,tt,ord,rem=70,retain,nodes=100k)@3.learned(model=94,784bb5fe,pool_games,lin,shape=129-1)@1.opener(rand,moves=8)@1
ab(deep=12,tt,ord,rem=70,retain,nodes=100k)@3	981	5	6992	18.163	on	learned(model=602,68cbb27d,tdleaf_self,lin,shape=129-1)@1.dil(prob=20)@1	learned(model=602,68cbb27d,tdleaf_self,lin,shape=129-1)@1.dil(prob=20)@1	ab(deep=12,tt,ord,rem=70,retain,nodes=100k)@3.learned(model=602,68cbb27d,tdleaf_self,lin,shape=129-1)@1.dil(prob=20)@1
ab(deep=12,tt,ord,rem=70,retain,nodes=100k)@3	976	5	6992	18.071	on	learned(model=603,2da121ee,tdleaf_self,lin,shape=129-1)@1.dil(prob=20)@1	learned(model=603,2da121ee,tdleaf_self,lin,shape=129-1)@1.dil(prob=20)@1	ab(deep=12,tt,ord,rem=70,retain,nodes=100k)@3.learned(model=603,2da121ee,tdleaf_self,lin,shape=129-1)@1.dil(prob=20)@1
ab(deep=12,tt,ord,rem=70,retain,nodes=100k)@3	974	6	5260	21.488	on	learned(model=97,87a5093d,pool_games,lin,shape=129-1)@1	learned(model=97,87a5093d,pool_games,lin,shape=129-1)@1	ab(deep=12,tt,ord,rem=70,retain,nodes=100k)@3.learned(model=97,87a5093d,pool_games,lin,shape=129-1)@1
ab(deep=12,tt,ord,rem=70,retain,nodes=100k)@3	955	5	6992	16.333	on	classic(chip=100)@2.dil(prob=20)@1	classic(chip=100)@2.dil(prob=20)@1	ab(deep=12,tt,ord,rem=70,retain,nodes=100k)@3.classic(chip=100)@2.dil(prob=20)@1
ab(deep=12,tt,ord,rem=70,retain,nodes=100k)@3	949	5	6992	18.350	on	learned(model=441,01db390c,tdleaf_self,lin,shape=129-1)@1.dil(prob=20)@1	learned(model=441,01db390c,tdleaf_self,lin,shape=129-1)@1.dil(prob=20)@1	ab(deep=12,tt,ord,rem=70,retain,nodes=100k)@3.learned(model=441,01db390c,tdleaf_self,lin,shape=129-1)@1.dil(prob=20)@1
ab(deep=12,tt,ord,rem=70,retain,nodes=100k)@3	947	5	6992	15.468	on	learned(model=95,07792e69,pool_games,lin,shape=129-1)@1.opener(rand,moves=8)@1	learned(model=95,07792e69,pool_games,lin,shape=129-1)@1.opener(rand,moves=8)@1	ab(deep=12,tt,ord,rem=70,retain,nodes=100k)@3.learned(model=95,07792e69,pool_games,lin,shape=129-1)@1.opener(rand,moves=8)@1
ab(deep=12,tt,ord,rem=70,retain,nodes=100k)@3	944	5	6992	46.001	on	learned(model=333,06bdc1f0,tdleaf_self,mlp,shape=30-16-1)@1.opener(rand,moves=8)@1	learned(model=333,06bdc1f0,tdleaf_self,mlp,shape=30-16-1)@1.opener(rand,moves=8)@1	ab(deep=12,tt,ord,rem=70,retain,nodes=100k)@3.learned(model=333,06bdc1f0,tdleaf_self,mlp,shape=30-16-1)@1.opener(rand,moves=8)@1
ab(deep=12,tt,ord,rem=70,retain,nodes=100k)@3	935	5	6992	18.599	on	learned(model=10,fead67b7,weight_merge,lin,shape=129-1)@1.dil(prob=20)@1	learned(model=10,fead67b7,weight_merge,lin,shape=129-1)@1.dil(prob=20)@1	ab(deep=12,tt,ord,rem=70,retain,nodes=100k)@3.learned(model=10,fead67b7,weight_merge,lin,shape=129-1)@1.dil(prob=20)@1
ab(deep=12,tt,ord,rem=70,retain,nodes=100k)@3	932	5	6992	15.235	on	learned(model=369,612a48a8,tdleaf_self,lin,shape=129-1)@1.opener(rand,moves=8)@1	learned(model=369,612a48a8,tdleaf_self,lin,shape=129-1)@1.opener(rand,moves=8)@1	ab(deep=12,tt,ord,rem=70,retain,nodes=100k)@3.learned(model=369,612a48a8,tdleaf_self,lin,shape=129-1)@1.opener(rand,moves=8)@1
ab(deep=12,tt,ord,rem=70,retain,nodes=100k)@3	923	5	6992	18.016	on	learned(model=76,ef183148,position_elo,lin,mu_shape=129-1,sigma_shape=129-1)@1.dil(prob=20)@1	learned(model=76,ef183148,position_elo,lin,mu_shape=129-1,sigma_shape=129-1)@1.dil(prob=20)@1	ab(deep=12,tt,ord,rem=70,retain,nodes=100k)@3.learned(model=76,ef183148,position_elo,lin,mu_shape=129-1,sigma_shape=129-1)@1.dil(prob=20)@1
ab(deep=12,tt,ord,rem=70,retain,nodes=100k)@3	915	5	6992	18.169	on	learned(model=96,990e39e7,pool_games,lin,shape=129-1)@1.dil(prob=20)@1	learned(model=96,990e39e7,pool_games,lin,shape=129-1)@1.dil(prob=20)@1	ab(deep=12,tt,ord,rem=70,retain,nodes=100k)@3.learned(model=96,990e39e7,pool_games,lin,shape=129-1)@1.dil(prob=20)@1
ab(deep=12,tt,ord,rem=70,retain,nodes=100k)@3	913	5	6992	45.463	on	learned(model=387,607b64aa,tdleaf_self,lin,shape=30-1)@1.dil(prob=20)@1	learned(model=387,607b64aa,tdleaf_self,lin,shape=30-1)@1.dil(prob=20)@1	ab(deep=12,tt,ord,rem=70,retain,nodes=100k)@3.learned(model=387,607b64aa,tdleaf_self,lin,shape=30-1)@1.dil(prob=20)@1
ab(deep=12,tt,ord,rem=70,retain,nodes=100k)@3	913	5	6992	17.991	on	learned(model=98,5801570e,pool_games,lin,shape=129-1)@1.dil(prob=20)@1	learned(model=98,5801570e,pool_games,lin,shape=129-1)@1.dil(prob=20)@1	ab(deep=12,tt,ord,rem=70,retain,nodes=100k)@3.learned(model=98,5801570e,pool_games,lin,shape=129-1)@1.dil(prob=20)@1
ab(deep=12,tt,ord,rem=70,retain,nodes=100k)@3	900	5	6992	18.239	on	learned(model=459,642147d2,tdleaf_self,lin,shape=129-1)@1.dil(prob=20)@1	learned(model=459,642147d2,tdleaf_self,lin,shape=129-1)@1.dil(prob=20)@1	ab(deep=12,tt,ord,rem=70,retain,nodes=100k)@3.learned(model=459,642147d2,tdleaf_self,lin,shape=129-1)@1.dil(prob=20)@1
ab(deep=12,tt,ord,rem=70,retain,nodes=100k)@3	891	5	6992	18.310	on	learned(model=3,68364898,pool_games,lin,shape=129-1)@1.dil(prob=20)@1	learned(model=3,68364898,pool_games,lin,shape=129-1)@1.dil(prob=20)@1	ab(deep=12,tt,ord,rem=70,retain,nodes=100k)@3.learned(model=3,68364898,pool_games,lin,shape=129-1)@1.dil(prob=20)@1
ab(deep=12,tt,ord,rem=70,retain,nodes=100k)@3	890	5	6992	309.910	on	learned(model=111,78ef6974,position_elo,mlp,mu_shape=129-512-8-1,sigma_shape=129-64-1)@1.dil(prob=20)@1	learned(model=111,78ef6974,position_elo,mlp,mu_shape=129-512-8-1,sigma_shape=129-64-1)@1.dil(prob=20)@1	ab(deep=12,tt,ord,rem=70,retain,nodes=100k)@3.learned(model=111,78ef6974,position_elo,mlp,mu_shape=129-512-8-1,sigma_shape=129-64-1)@1.dil(prob=20)@1
ab(deep=12,tt,ord,rem=70,retain,nodes=100k)@3	888	5	6992	17.988	on	learned(model=8,6f1a4264,pool_games,lin,shape=129-1)@1.dil(prob=20)@1	learned(model=8,6f1a4264,pool_games,lin,shape=129-1)@1.dil(prob=20)@1	ab(deep=12,tt,ord,rem=70,retain,nodes=100k)@3.learned(model=8,6f1a4264,pool_games,lin,shape=129-1)@1.dil(prob=20)@1
ab(deep=12,tt,ord,rem=70,retain,nodes=100k)@3	887	5	6992	18.375	on	learned(model=99,59815079,pool_games,lin,shape=129-1)@1.dil(prob=20)@1	learned(model=99,59815079,pool_games,lin,shape=129-1)@1.dil(prob=20)@1	ab(deep=12,tt,ord,rem=70,retain,nodes=100k)@3.learned(model=99,59815079,pool_games,lin,shape=129-1)@1.dil(prob=20)@1
ab(deep=12,tt,ord,rem=70,retain,nodes=100k)@3	883	5	6992	140.817	on	learned(model=77,ddaa5090,position_elo,mlp,mu_shape=129-128-64-1,sigma_shape=129-32-1)@1.dil(prob=20)@1	learned(model=77,ddaa5090,position_elo,mlp,mu_shape=129-128-64-1,sigma_shape=129-32-1)@1.dil(prob=20)@1	ab(deep=12,tt,ord,rem=70,retain,nodes=100k)@3.learned(model=77,ddaa5090,position_elo,mlp,mu_shape=129-128-64-1,sigma_shape=129-32-1)@1.dil(prob=20)@1
ab(deep=12,tt,ord,rem=70,retain,nodes=100k)@3	882	5	6992	141.636	on	learned(model=78,2fa21eda,position_elo,mlp,mu_shape=129-128-64-1,sigma_shape=129-32-1)@1.dil(prob=20)@1	learned(model=78,2fa21eda,position_elo,mlp,mu_shape=129-128-64-1,sigma_shape=129-32-1)@1.dil(prob=20)@1	ab(deep=12,tt,ord,rem=70,retain,nodes=100k)@3.learned(model=78,2fa21eda,position_elo,mlp,mu_shape=129-128-64-1,sigma_shape=129-32-1)@1.dil(prob=20)@1
ab(deep=12,tt,ord,rem=70,retain,nodes=100k)@3	874	5	6992	35.587	on	learned(model=405,111c40c8,tdleaf_self,mlp,shape=129-32-1)@1.dil(prob=20)@1	learned(model=405,111c40c8,tdleaf_self,mlp,shape=129-32-1)@1.dil(prob=20)@1	ab(deep=12,tt,ord,rem=70,retain,nodes=100k)@3.learned(model=405,111c40c8,tdleaf_self,mlp,shape=129-32-1)@1.dil(prob=20)@1
ab(deep=12,tt,ord,rem=70,retain,nodes=100k)@3	873	5	6992	18.078	on	learned(model=4,eb105733,pool_games,lin,shape=129-1)@1.dil(prob=20)@1	learned(model=4,eb105733,pool_games,lin,shape=129-1)@1.dil(prob=20)@1	ab(deep=12,tt,ord,rem=70,retain,nodes=100k)@3.learned(model=4,eb105733,pool_games,lin,shape=129-1)@1.dil(prob=20)@1
ab(deep=12,tt,ord,rem=70,retain,nodes=100k)@3	861	6	5022	75.220	on	learned(model=279,409dc0b3,tdleaf_self,mlp,shape=30-16-1)@1	learned(model=279,409dc0b3,tdleaf_self,mlp,shape=30-16-1)@1	ab(deep=12,tt,ord,rem=70,retain,nodes=100k)@3.learned(model=279,409dc0b3,tdleaf_self,mlp,shape=30-16-1)@1
ab(deep=12,tt,ord,rem=70,retain,nodes=100k)@3	850	5	6992	55.225	on	learned(model=585,e37f6895,tdleaf_self,mlp,shape=30-32-1)@1.dil(prob=20)@1	learned(model=585,e37f6895,tdleaf_self,mlp,shape=30-32-1)@1.dil(prob=20)@1	ab(deep=12,tt,ord,rem=70,retain,nodes=100k)@3.learned(model=585,e37f6895,tdleaf_self,mlp,shape=30-32-1)@1.dil(prob=20)@1
ab(deep=12,tt,ord,rem=70,retain,nodes=100k)@3	845	5	6992	335.398	on	learned(model=79,18f19059,position_elo,mlp,mu_shape=129-256-128-1,sigma_shape=129-64-1)@1.dil(prob=20)@1	learned(model=79,18f19059,position_elo,mlp,mu_shape=129-256-128-1,sigma_shape=129-64-1)@1.dil(prob=20)@1	ab(deep=12,tt,ord,rem=70,retain,nodes=100k)@3.learned(model=79,18f19059,position_elo,mlp,mu_shape=129-256-128-1,sigma_shape=129-64-1)@1.dil(prob=20)@1
ab(deep=12,tt,ord,rem=70,retain,nodes=100k)@3	840	6	5022	22.985	on	learned(model=531,748d1c8d,tdleaf_self,lin,shape=129-1)@1	learned(model=531,748d1c8d,tdleaf_self,lin,shape=129-1)@1	ab(deep=12,tt,ord,rem=70,retain,nodes=100k)@3.learned(model=531,748d1c8d,tdleaf_self,lin,shape=129-1)@1
ab(deep=12,tt,ord,rem=70,retain,nodes=100k)@3	834	5	6992	302.269	on	learned(model=110,1466db6c,position_elo,mlp,mu_shape=129-512-8-1,sigma_shape=129-64-1)@1.dil(prob=20)@1	learned(model=110,1466db6c,position_elo,mlp,mu_shape=129-512-8-1,sigma_shape=129-64-1)@1.dil(prob=20)@1	ab(deep=12,tt,ord,rem=70,retain,nodes=100k)@3.learned(model=110,1466db6c,position_elo,mlp,mu_shape=129-512-8-1,sigma_shape=129-64-1)@1.dil(prob=20)@1
ab(deep=12,tt,ord,rem=70,retain,nodes=100k)@3	819	5	6992	18.080	on	learned(model=94,784bb5fe,pool_games,lin,shape=129-1)@1.dil(prob=20)@1	learned(model=94,784bb5fe,pool_games,lin,shape=129-1)@1.dil(prob=20)@1	ab(deep=12,tt,ord,rem=70,retain,nodes=100k)@3.learned(model=94,784bb5fe,pool_games,lin,shape=129-1)@1.dil(prob=20)@1
ab(deep=12,tt,ord,rem=70,retain,nodes=100k)@3	812	5	6992	18.374	on	learned(model=95,07792e69,pool_games,lin,shape=129-1)@1.dil(prob=20)@1	learned(model=95,07792e69,pool_games,lin,shape=129-1)@1.dil(prob=20)@1	ab(deep=12,tt,ord,rem=70,retain,nodes=100k)@3.learned(model=95,07792e69,pool_games,lin,shape=129-1)@1.dil(prob=20)@1
ab(deep=12,tt,ord,rem=70,retain,nodes=100k)@3	808	6	5022	48.396	on	learned(model=261,52cd70f8,tdleaf_self,mlp,shape=129-32-1)@1	learned(model=261,52cd70f8,tdleaf_self,mlp,shape=129-32-1)@1	ab(deep=12,tt,ord,rem=70,retain,nodes=100k)@3.learned(model=261,52cd70f8,tdleaf_self,mlp,shape=129-32-1)@1
ab(deep=12,tt,ord,rem=70,retain,nodes=100k)@3	801	6	6992	46.779	on	learned(model=279,409dc0b3,tdleaf_self,mlp,shape=30-16-1)@1.opener(rand,moves=8)@1	learned(model=279,409dc0b3,tdleaf_self,mlp,shape=30-16-1)@1.opener(rand,moves=8)@1	ab(deep=12,tt,ord,rem=70,retain,nodes=100k)@3.learned(model=279,409dc0b3,tdleaf_self,mlp,shape=30-16-1)@1.opener(rand,moves=8)@1
ab(deep=12,tt,ord,rem=70,retain,nodes=100k)@3	781	6	6992	15.090	on	learned(model=531,748d1c8d,tdleaf_self,lin,shape=129-1)@1.opener(rand,moves=8)@1	learned(model=531,748d1c8d,tdleaf_self,lin,shape=129-1)@1.opener(rand,moves=8)@1	ab(deep=12,tt,ord,rem=70,retain,nodes=100k)@3.learned(model=531,748d1c8d,tdleaf_self,lin,shape=129-1)@1.opener(rand,moves=8)@1
ab(deep=12,tt,ord,rem=70,retain,nodes=100k)@3	765	6	6992	14.511	on	learned(model=97,87a5093d,pool_games,lin,shape=129-1)@1.opener(rand,moves=8)@1	learned(model=97,87a5093d,pool_games,lin,shape=129-1)@1.opener(rand,moves=8)@1	ab(deep=12,tt,ord,rem=70,retain,nodes=100k)@3.learned(model=97,87a5093d,pool_games,lin,shape=129-1)@1.opener(rand,moves=8)@1
ab(deep=12,tt,ord,rem=70,retain,nodes=100k)@3	752	6	6992	60.055	on	learned(model=333,06bdc1f0,tdleaf_self,mlp,shape=30-16-1)@1.dil(prob=20)@1	learned(model=333,06bdc1f0,tdleaf_self,mlp,shape=30-16-1)@1.dil(prob=20)@1	ab(deep=12,tt,ord,rem=70,retain,nodes=100k)@3.learned(model=333,06bdc1f0,tdleaf_self,mlp,shape=30-16-1)@1.dil(prob=20)@1
ab(deep=12,tt,ord,rem=70,retain,nodes=100k)@3	749	6	6992	18.316	on	learned(model=369,612a48a8,tdleaf_self,lin,shape=129-1)@1.dil(prob=20)@1	learned(model=369,612a48a8,tdleaf_self,lin,shape=129-1)@1.dil(prob=20)@1	ab(deep=12,tt,ord,rem=70,retain,nodes=100k)@3.learned(model=369,612a48a8,tdleaf_self,lin,shape=129-1)@1.dil(prob=20)@1
ab(deep=12,tt,ord,rem=70,retain,nodes=100k)@3	737	6	6992	31.028	on	learned(model=261,52cd70f8,tdleaf_self,mlp,shape=129-32-1)@1.opener(rand,moves=8)@1	learned(model=261,52cd70f8,tdleaf_self,mlp,shape=129-32-1)@1.opener(rand,moves=8)@1	ab(deep=12,tt,ord,rem=70,retain,nodes=100k)@3.learned(model=261,52cd70f8,tdleaf_self,mlp,shape=129-32-1)@1.opener(rand,moves=8)@1
ab(deep=12,tt,ord,rem=70,retain,nodes=100k)@3	737	6	6992	39.505	on	learned(model=585,e37f6895,tdleaf_self,mlp,shape=30-32-1)@1.opener(rand,moves=8)@1	learned(model=585,e37f6895,tdleaf_self,mlp,shape=30-32-1)@1.opener(rand,moves=8)@1	ab(deep=12,tt,ord,rem=70,retain,nodes=100k)@3.learned(model=585,e37f6895,tdleaf_self,mlp,shape=30-32-1)@1.opener(rand,moves=8)@1
ab(deep=12,tt,ord,rem=70,retain,nodes=100k)@3	724	6	6992	17.107	on	learned(model=97,87a5093d,pool_games,lin,shape=129-1)@1.dil(prob=20)@1	learned(model=97,87a5093d,pool_games,lin,shape=129-1)@1.dil(prob=20)@1	ab(deep=12,tt,ord,rem=70,retain,nodes=100k)@3.learned(model=97,87a5093d,pool_games,lin,shape=129-1)@1.dil(prob=20)@1
ab(deep=12,tt,ord,rem=70,retain,nodes=100k)@3	632	7	6992	61.007	on	learned(model=279,409dc0b3,tdleaf_self,mlp,shape=30-16-1)@1.dil(prob=20)@1	learned(model=279,409dc0b3,tdleaf_self,mlp,shape=30-16-1)@1.dil(prob=20)@1	ab(deep=12,tt,ord,rem=70,retain,nodes=100k)@3.learned(model=279,409dc0b3,tdleaf_self,mlp,shape=30-16-1)@1.dil(prob=20)@1
ab(deep=12,tt,ord,rem=70,retain,nodes=100k)@3	611	7	6992	18.029	on	learned(model=531,748d1c8d,tdleaf_self,lin,shape=129-1)@1.dil(prob=20)@1	learned(model=531,748d1c8d,tdleaf_self,lin,shape=129-1)@1.dil(prob=20)@1	ab(deep=12,tt,ord,rem=70,retain,nodes=100k)@3.learned(model=531,748d1c8d,tdleaf_self,lin,shape=129-1)@1.dil(prob=20)@1
ab(deep=12,tt,ord,rem=70,retain,nodes=100k)@3	584	8	6992	38.785	on	learned(model=261,52cd70f8,tdleaf_self,mlp,shape=129-32-1)@1.dil(prob=20)@1	learned(model=261,52cd70f8,tdleaf_self,mlp,shape=129-32-1)@1.dil(prob=20)@1	ab(deep=12,tt,ord,rem=70,retain,nodes=100k)@3.learned(model=261,52cd70f8,tdleaf_self,mlp,shape=129-32-1)@1.dil(prob=20)@1
ab(deep=12,tt,ord,retain,time=25ms)@3	1485	7	6992	21.260	on	learned(model=602,68cbb27d,tdleaf_self,lin,shape=129-1)@1	learned(model=602,68cbb27d,tdleaf_self,lin,shape=129-1)@1	ab(deep=12,tt,ord,retain,time=25ms)@3.learned(model=602,68cbb27d,tdleaf_self,lin,shape=129-1)@1
ab(deep=12,tt,ord,retain,time=25ms)@3	1483	6	7296	21.329	on	learned(model=169,4975683c,tdleaf_self,lin,shape=129-1)@1	learned(model=169,4975683c,tdleaf_self,lin,shape=129-1)@1	ab(deep=12,tt,ord,retain,time=25ms)@3.learned(model=169,4975683c,tdleaf_self,lin,shape=129-1)@1
ab(deep=12,tt,ord,retain,time=25ms)@3	1455	6	6992	21.175	on	learned(model=349,5ee50d5c,tdleaf_self,lin,shape=129-1)@1	learned(model=349,5ee50d5c,tdleaf_self,lin,shape=129-1)@1	ab(deep=12,tt,ord,retain,time=25ms)@3.learned(model=349,5ee50d5c,tdleaf_self,lin,shape=129-1)@1
ab(deep=12,tt,ord,retain,time=25ms)@3	1450	6	6992	21.431	on	learned(model=171,10d3530c,tdleaf_self,lin,shape=129-1)@1	learned(model=171,10d3530c,tdleaf_self,lin,shape=129-1)@1	ab(deep=12,tt,ord,retain,time=25ms)@3.learned(model=171,10d3530c,tdleaf_self,lin,shape=129-1)@1
ab(deep=12,tt,ord,retain,time=25ms)@3	1442	6	6992	21.181	on	learned(model=351,42d88d8e,tdleaf_self,lin,shape=129-1)@1	learned(model=351,42d88d8e,tdleaf_self,lin,shape=129-1)@1	ab(deep=12,tt,ord,retain,time=25ms)@3.learned(model=351,42d88d8e,tdleaf_self,lin,shape=129-1)@1
ab(deep=12,tt,ord,retain,time=25ms)@3	1408	6	6992	21.482	on	learned(model=603,2da121ee,tdleaf_self,lin,shape=129-1)@1	learned(model=603,2da121ee,tdleaf_self,lin,shape=129-1)@1	ab(deep=12,tt,ord,retain,time=25ms)@3.learned(model=603,2da121ee,tdleaf_self,lin,shape=129-1)@1
ab(deep=12,tt,ord,retain,time=25ms)@3	1359	6	6992	21.266	on	learned(model=98,5801570e,pool_games,lin,shape=129-1)@1	learned(model=98,5801570e,pool_games,lin,shape=129-1)@1	ab(deep=12,tt,ord,retain,time=25ms)@3.learned(model=98,5801570e,pool_games,lin,shape=129-1)@1
ab(deep=12,tt,ord,retain,time=25ms)@3	1349	6	6992	21.132	on	learned(model=441,01db390c,tdleaf_self,lin,shape=129-1)@1	learned(model=441,01db390c,tdleaf_self,lin,shape=129-1)@1	ab(deep=12,tt,ord,retain,time=25ms)@3.learned(model=441,01db390c,tdleaf_self,lin,shape=129-1)@1
ab(deep=12,tt,ord,retain,time=25ms)@3	1348	6	6992	21.463	on	learned(model=96,990e39e7,pool_games,lin,shape=129-1)@1	learned(model=96,990e39e7,pool_games,lin,shape=129-1)@1	ab(deep=12,tt,ord,retain,time=25ms)@3.learned(model=96,990e39e7,pool_games,lin,shape=129-1)@1
ab(deep=12,tt,ord,retain,time=25ms)@3	1329	5	6992	21.499	on	learned(model=10,fead67b7,weight_merge,lin,shape=129-1)@1	learned(model=10,fead67b7,weight_merge,lin,shape=129-1)@1	ab(deep=12,tt,ord,retain,time=25ms)@3.learned(model=10,fead67b7,weight_merge,lin,shape=129-1)@1
ab(deep=12,tt,ord,retain,time=25ms)@3	1316	5	7296	20.827	on	classic(chip=100)@2	classic(chip=100)@2	ab(deep=12,tt,ord,retain,time=25ms)@3.classic(chip=100)@2
ab(deep=12,tt,ord,retain,time=25ms)@3	1309	5	6992	21.289	on	learned(model=3,68364898,pool_games,lin,shape=129-1)@1	learned(model=3,68364898,pool_games,lin,shape=129-1)@1	ab(deep=12,tt,ord,retain,time=25ms)@3.learned(model=3,68364898,pool_games,lin,shape=129-1)@1
ab(deep=12,tt,ord,retain,time=25ms)@3	1283	5	6992	21.589	on	learned(model=76,ef183148,position_elo,lin,mu_shape=129-1,sigma_shape=129-1)@1	learned(model=76,ef183148,position_elo,lin,mu_shape=129-1,sigma_shape=129-1)@1	ab(deep=12,tt,ord,retain,time=25ms)@3.learned(model=76,ef183148,position_elo,lin,mu_shape=129-1,sigma_shape=129-1)@1
ab(deep=12,tt,ord,retain,time=25ms)@3	1266	5	6992	21.570	on	learned(model=8,6f1a4264,pool_games,lin,shape=129-1)@1	learned(model=8,6f1a4264,pool_games,lin,shape=129-1)@1	ab(deep=12,tt,ord,retain,time=25ms)@3.learned(model=8,6f1a4264,pool_games,lin,shape=129-1)@1
ab(deep=12,tt,ord,retain,time=25ms)@3	1257	5	6992	14.159	on	learned(model=169,4975683c,tdleaf_self,lin,shape=129-1)@1.opener(rand,moves=8)@1	learned(model=169,4975683c,tdleaf_self,lin,shape=129-1)@1.opener(rand,moves=8)@1	ab(deep=12,tt,ord,retain,time=25ms)@3.learned(model=169,4975683c,tdleaf_self,lin,shape=129-1)@1.opener(rand,moves=8)@1
ab(deep=12,tt,ord,retain,time=25ms)@3	1242	5	6992	14.037	on	learned(model=171,10d3530c,tdleaf_self,lin,shape=129-1)@1.opener(rand,moves=8)@1	learned(model=171,10d3530c,tdleaf_self,lin,shape=129-1)@1.opener(rand,moves=8)@1	ab(deep=12,tt,ord,retain,time=25ms)@3.learned(model=171,10d3530c,tdleaf_self,lin,shape=129-1)@1.opener(rand,moves=8)@1
ab(deep=12,tt,ord,retain,time=25ms)@3	1242	5	6992	21.295	on	learned(model=4,eb105733,pool_games,lin,shape=129-1)@1	learned(model=4,eb105733,pool_games,lin,shape=129-1)@1	ab(deep=12,tt,ord,retain,time=25ms)@3.learned(model=4,eb105733,pool_games,lin,shape=129-1)@1
ab(deep=12,tt,ord,retain,time=25ms)@3	1238	5	6992	13.707	on	learned(model=351,42d88d8e,tdleaf_self,lin,shape=129-1)@1.opener(rand,moves=8)@1	learned(model=351,42d88d8e,tdleaf_self,lin,shape=129-1)@1.opener(rand,moves=8)@1	ab(deep=12,tt,ord,retain,time=25ms)@3.learned(model=351,42d88d8e,tdleaf_self,lin,shape=129-1)@1.opener(rand,moves=8)@1
ab(deep=12,tt,ord,retain,time=25ms)@3	1238	5	6992	13.818	on	learned(model=349,5ee50d5c,tdleaf_self,lin,shape=129-1)@1.opener(rand,moves=8)@1	learned(model=349,5ee50d5c,tdleaf_self,lin,shape=129-1)@1.opener(rand,moves=8)@1	ab(deep=12,tt,ord,retain,time=25ms)@3.learned(model=349,5ee50d5c,tdleaf_self,lin,shape=129-1)@1.opener(rand,moves=8)@1
ab(deep=12,tt,ord,retain,time=25ms)@3	1234	5	6992	14.000	on	learned(model=602,68cbb27d,tdleaf_self,lin,shape=129-1)@1.opener(rand,moves=8)@1	learned(model=602,68cbb27d,tdleaf_self,lin,shape=129-1)@1.opener(rand,moves=8)@1	ab(deep=12,tt,ord,retain,time=25ms)@3.learned(model=602,68cbb27d,tdleaf_self,lin,shape=129-1)@1.opener(rand,moves=8)@1
ab(deep=12,tt,ord,retain,time=25ms)@3	1226	5	6992	21.616	on	learned(model=459,642147d2,tdleaf_self,lin,shape=129-1)@1	learned(model=459,642147d2,tdleaf_self,lin,shape=129-1)@1	ab(deep=12,tt,ord,retain,time=25ms)@3.learned(model=459,642147d2,tdleaf_self,lin,shape=129-1)@1
ab(deep=12,tt,ord,retain,time=25ms)@3	1224	5	6992	13.976	on	learned(model=603,2da121ee,tdleaf_self,lin,shape=129-1)@1.opener(rand,moves=8)@1	learned(model=603,2da121ee,tdleaf_self,lin,shape=129-1)@1.opener(rand,moves=8)@1	ab(deep=12,tt,ord,retain,time=25ms)@3.learned(model=603,2da121ee,tdleaf_self,lin,shape=129-1)@1.opener(rand,moves=8)@1
ab(deep=12,tt,ord,retain,time=25ms)@3	1200	5	6992	21.502	on	learned(model=99,59815079,pool_games,lin,shape=129-1)@1	learned(model=99,59815079,pool_games,lin,shape=129-1)@1	ab(deep=12,tt,ord,retain,time=25ms)@3.learned(model=99,59815079,pool_games,lin,shape=129-1)@1
ab(deep=12,tt,ord,retain,time=25ms)@3	1178	5	6992	13.973	on	learned(model=10,fead67b7,weight_merge,lin,shape=129-1)@1.opener(rand,moves=8)@1	learned(model=10,fead67b7,weight_merge,lin,shape=129-1)@1.opener(rand,moves=8)@1	ab(deep=12,tt,ord,retain,time=25ms)@3.learned(model=10,fead67b7,weight_merge,lin,shape=129-1)@1.opener(rand,moves=8)@1
ab(deep=12,tt,ord,retain,time=25ms)@3	1177	5	6992	21.718	on	learned(model=405,111c40c8,tdleaf_self,mlp,shape=129-32-1)@1	learned(model=405,111c40c8,tdleaf_self,mlp,shape=129-32-1)@1	ab(deep=12,tt,ord,retain,time=25ms)@3.learned(model=405,111c40c8,tdleaf_self,mlp,shape=129-32-1)@1
ab(deep=12,tt,ord,retain,time=25ms)@3	1151	5	6992	14.309	on	learned(model=76,ef183148,position_elo,lin,mu_shape=129-1,sigma_shape=129-1)@1.opener(rand,moves=8)@1	learned(model=76,ef183148,position_elo,lin,mu_shape=129-1,sigma_shape=129-1)@1.opener(rand,moves=8)@1	ab(deep=12,tt,ord,retain,time=25ms)@3.learned(model=76,ef183148,position_elo,lin,mu_shape=129-1,sigma_shape=129-1)@1.opener(rand,moves=8)@1
ab(deep=12,tt,ord,retain,time=25ms)@3	1147	5	6992	14.097	on	learned(model=96,990e39e7,pool_games,lin,shape=129-1)@1.opener(rand,moves=8)@1	learned(model=96,990e39e7,pool_games,lin,shape=129-1)@1.opener(rand,moves=8)@1	ab(deep=12,tt,ord,retain,time=25ms)@3.learned(model=96,990e39e7,pool_games,lin,shape=129-1)@1.opener(rand,moves=8)@1
ab(deep=12,tt,ord,retain,time=25ms)@3	1143	5	6992	21.948	on	learned(model=387,607b64aa,tdleaf_self,lin,shape=30-1)@1	learned(model=387,607b64aa,tdleaf_self,lin,shape=30-1)@1	ab(deep=12,tt,ord,retain,time=25ms)@3.learned(model=387,607b64aa,tdleaf_self,lin,shape=30-1)@1
ab(deep=12,tt,ord,retain,time=25ms)@3	1137	5	6992	13.516	on	classic(chip=100)@2.opener(rand,moves=8)@1	classic(chip=100)@2.opener(rand,moves=8)@1	ab(deep=12,tt,ord,retain,time=25ms)@3.classic(chip=100)@2.opener(rand,moves=8)@1
ab(deep=12,tt,ord,retain,time=25ms)@3	1127	5	6992	21.587	on	learned(model=94,784bb5fe,pool_games,lin,shape=129-1)@1	learned(model=94,784bb5fe,pool_games,lin,shape=129-1)@1	ab(deep=12,tt,ord,retain,time=25ms)@3.learned(model=94,784bb5fe,pool_games,lin,shape=129-1)@1
ab(deep=12,tt,ord,retain,time=25ms)@3	1126	5	6992	14.030	on	learned(model=441,01db390c,tdleaf_self,lin,shape=129-1)@1.opener(rand,moves=8)@1	learned(model=441,01db390c,tdleaf_self,lin,shape=129-1)@1.opener(rand,moves=8)@1	ab(deep=12,tt,ord,retain,time=25ms)@3.learned(model=441,01db390c,tdleaf_self,lin,shape=129-1)@1.opener(rand,moves=8)@1
ab(deep=12,tt,ord,retain,time=25ms)@3	1118	5	6992	14.349	on	learned(model=8,6f1a4264,pool_games,lin,shape=129-1)@1.opener(rand,moves=8)@1	learned(model=8,6f1a4264,pool_games,lin,shape=129-1)@1.opener(rand,moves=8)@1	ab(deep=12,tt,ord,retain,time=25ms)@3.learned(model=8,6f1a4264,pool_games,lin,shape=129-1)@1.opener(rand,moves=8)@1
ab(deep=12,tt,ord,retain,time=25ms)@3	1110	5	6992	13.868	on	learned(model=459,642147d2,tdleaf_self,lin,shape=129-1)@1.opener(rand,moves=8)@1	learned(model=459,642147d2,tdleaf_self,lin,shape=129-1)@1.opener(rand,moves=8)@1	ab(deep=12,tt,ord,retain,time=25ms)@3.learned(model=459,642147d2,tdleaf_self,lin,shape=129-1)@1.opener(rand,moves=8)@1
ab(deep=12,tt,ord,retain,time=25ms)@3	1110	5	6992	14.287	on	learned(model=98,5801570e,pool_games,lin,shape=129-1)@1.opener(rand,moves=8)@1	learned(model=98,5801570e,pool_games,lin,shape=129-1)@1.opener(rand,moves=8)@1	ab(deep=12,tt,ord,retain,time=25ms)@3.learned(model=98,5801570e,pool_games,lin,shape=129-1)@1.opener(rand,moves=8)@1
ab(deep=12,tt,ord,retain,time=25ms)@3	1095	5	6992	14.243	on	learned(model=3,68364898,pool_games,lin,shape=129-1)@1.opener(rand,moves=8)@1	learned(model=3,68364898,pool_games,lin,shape=129-1)@1.opener(rand,moves=8)@1	ab(deep=12,tt,ord,retain,time=25ms)@3.learned(model=3,68364898,pool_games,lin,shape=129-1)@1.opener(rand,moves=8)@1
ab(deep=12,tt,ord,retain,time=25ms)@3	1087	5	6992	14.132	on	learned(model=4,eb105733,pool_games,lin,shape=129-1)@1.opener(rand,moves=8)@1	learned(model=4,eb105733,pool_games,lin,shape=129-1)@1.opener(rand,moves=8)@1	ab(deep=12,tt,ord,retain,time=25ms)@3.learned(model=4,eb105733,pool_games,lin,shape=129-1)@1.opener(rand,moves=8)@1
ab(deep=12,tt,ord,retain,time=25ms)@3	1077	5	6992	14.733	on	learned(model=387,607b64aa,tdleaf_self,lin,shape=30-1)@1.opener(rand,moves=8)@1	learned(model=387,607b64aa,tdleaf_self,lin,shape=30-1)@1.opener(rand,moves=8)@1	ab(deep=12,tt,ord,retain,time=25ms)@3.learned(model=387,607b64aa,tdleaf_self,lin,shape=30-1)@1.opener(rand,moves=8)@1
ab(deep=12,tt,ord,retain,time=25ms)@3	1072	5	6992	21.852	on	learned(model=95,07792e69,pool_games,lin,shape=129-1)@1	learned(model=95,07792e69,pool_games,lin,shape=129-1)@1	ab(deep=12,tt,ord,retain,time=25ms)@3.learned(model=95,07792e69,pool_games,lin,shape=129-1)@1
ab(deep=12,tt,ord,retain,time=25ms)@3	1061	5	6992	14.440	on	learned(model=405,111c40c8,tdleaf_self,mlp,shape=129-32-1)@1.opener(rand,moves=8)@1	learned(model=405,111c40c8,tdleaf_self,mlp,shape=129-32-1)@1.opener(rand,moves=8)@1	ab(deep=12,tt,ord,retain,time=25ms)@3.learned(model=405,111c40c8,tdleaf_self,mlp,shape=129-32-1)@1.opener(rand,moves=8)@1
ab(deep=12,tt,ord,retain,time=25ms)@3	1049	5	6992	22.360	on	learned(model=78,2fa21eda,position_elo,mlp,mu_shape=129-128-64-1,sigma_shape=129-32-1)@1	learned(model=78,2fa21eda,position_elo,mlp,mu_shape=129-128-64-1,sigma_shape=129-32-1)@1	ab(deep=12,tt,ord,retain,time=25ms)@3.learned(model=78,2fa21eda,position_elo,mlp,mu_shape=129-128-64-1,sigma_shape=129-32-1)@1
ab(deep=12,tt,ord,retain,time=25ms)@3	1047	5	6992	22.297	on	learned(model=77,ddaa5090,position_elo,mlp,mu_shape=129-128-64-1,sigma_shape=129-32-1)@1	learned(model=77,ddaa5090,position_elo,mlp,mu_shape=129-128-64-1,sigma_shape=129-32-1)@1	ab(deep=12,tt,ord,retain,time=25ms)@3.learned(model=77,ddaa5090,position_elo,mlp,mu_shape=129-128-64-1,sigma_shape=129-32-1)@1
ab(deep=12,tt,ord,retain,time=25ms)@3	1044	5	6992	14.234	on	learned(model=99,59815079,pool_games,lin,shape=129-1)@1.opener(rand,moves=8)@1	learned(model=99,59815079,pool_games,lin,shape=129-1)@1.opener(rand,moves=8)@1	ab(deep=12,tt,ord,retain,time=25ms)@3.learned(model=99,59815079,pool_games,lin,shape=129-1)@1.opener(rand,moves=8)@1
ab(deep=12,tt,ord,retain,time=25ms)@3	1005	5	6992	21.825	on	learned(model=369,612a48a8,tdleaf_self,lin,shape=129-1)@1	learned(model=369,612a48a8,tdleaf_self,lin,shape=129-1)@1	ab(deep=12,tt,ord,retain,time=25ms)@3.learned(model=369,612a48a8,tdleaf_self,lin,shape=129-1)@1
ab(deep=12,tt,ord,retain,time=25ms)@3	995	5	6992	21.651	on	learned(model=333,06bdc1f0,tdleaf_self,mlp,shape=30-16-1)@1	learned(model=333,06bdc1f0,tdleaf_self,mlp,shape=30-16-1)@1	ab(deep=12,tt,ord,retain,time=25ms)@3.learned(model=333,06bdc1f0,tdleaf_self,mlp,shape=30-16-1)@1
ab(deep=12,tt,ord,retain,time=25ms)@3	993	5	6992	14.355	on	learned(model=94,784bb5fe,pool_games,lin,shape=129-1)@1.opener(rand,moves=8)@1	learned(model=94,784bb5fe,pool_games,lin,shape=129-1)@1.opener(rand,moves=8)@1	ab(deep=12,tt,ord,retain,time=25ms)@3.learned(model=94,784bb5fe,pool_games,lin,shape=129-1)@1.opener(rand,moves=8)@1
ab(deep=12,tt,ord,retain,time=25ms)@3	991	5	6992	17.032	on	learned(model=349,5ee50d5c,tdleaf_self,lin,shape=129-1)@1.dil(prob=20)@1	learned(model=349,5ee50d5c,tdleaf_self,lin,shape=129-1)@1.dil(prob=20)@1	ab(deep=12,tt,ord,retain,time=25ms)@3.learned(model=349,5ee50d5c,tdleaf_self,lin,shape=129-1)@1.dil(prob=20)@1
ab(deep=12,tt,ord,retain,time=25ms)@3	990	5	6992	17.166	on	learned(model=602,68cbb27d,tdleaf_self,lin,shape=129-1)@1.dil(prob=20)@1	learned(model=602,68cbb27d,tdleaf_self,lin,shape=129-1)@1.dil(prob=20)@1	ab(deep=12,tt,ord,retain,time=25ms)@3.learned(model=602,68cbb27d,tdleaf_self,lin,shape=129-1)@1.dil(prob=20)@1
ab(deep=12,tt,ord,retain,time=25ms)@3	988	5	6992	22.651	on	learned(model=111,78ef6974,position_elo,mlp,mu_shape=129-512-8-1,sigma_shape=129-64-1)@1	learned(model=111,78ef6974,position_elo,mlp,mu_shape=129-512-8-1,sigma_shape=129-64-1)@1	ab(deep=12,tt,ord,retain,time=25ms)@3.learned(model=111,78ef6974,position_elo,mlp,mu_shape=129-512-8-1,sigma_shape=129-64-1)@1
ab(deep=12,tt,ord,retain,time=25ms)@3	986	5	6992	17.257	on	learned(model=169,4975683c,tdleaf_self,lin,shape=129-1)@1.dil(prob=20)@1	learned(model=169,4975683c,tdleaf_self,lin,shape=129-1)@1.dil(prob=20)@1	ab(deep=12,tt,ord,retain,time=25ms)@3.learned(model=169,4975683c,tdleaf_self,lin,shape=129-1)@1.dil(prob=20)@1
ab(deep=12,tt,ord,retain,time=25ms)@3	984	5	6992	17.011	on	learned(model=351,42d88d8e,tdleaf_self,lin,shape=129-1)@1.dil(prob=20)@1	learned(model=351,42d88d8e,tdleaf_self,lin,shape=129-1)@1.dil(prob=20)@1	ab(deep=12,tt,ord,retain,time=25ms)@3.learned(model=351,42d88d8e,tdleaf_self,lin,shape=129-1)@1.dil(prob=20)@1
ab(deep=12,tt,ord,retain,time=25ms)@3	982	5	6992	17.218	on	learned(model=171,10d3530c,tdleaf_self,lin,shape=129-1)@1.dil(prob=20)@1	learned(model=171,10d3530c,tdleaf_self,lin,shape=129-1)@1.dil(prob=20)@1	ab(deep=12,tt,ord,retain,time=25ms)@3.learned(model=171,10d3530c,tdleaf_self,lin,shape=129-1)@1.dil(prob=20)@1
ab(deep=12,tt,ord,retain,time=25ms)@3	980	5	6992	17.152	on	learned(model=603,2da121ee,tdleaf_self,lin,shape=129-1)@1.dil(prob=20)@1	learned(model=603,2da121ee,tdleaf_self,lin,shape=129-1)@1.dil(prob=20)@1	ab(deep=12,tt,ord,retain,time=25ms)@3.learned(model=603,2da121ee,tdleaf_self,lin,shape=129-1)@1.dil(prob=20)@1
ab(deep=12,tt,ord,retain,time=25ms)@3	971	5	7296	22.118	on	learned(model=97,87a5093d,pool_games,lin,shape=129-1)@1	learned(model=97,87a5093d,pool_games,lin,shape=129-1)@1	ab(deep=12,tt,ord,retain,time=25ms)@3.learned(model=97,87a5093d,pool_games,lin,shape=129-1)@1
ab(deep=12,tt,ord,retain,time=25ms)@3	960	5	6992	14.539	on	learned(model=95,07792e69,pool_games,lin,shape=129-1)@1.opener(rand,moves=8)@1	learned(model=95,07792e69,pool_games,lin,shape=129-1)@1.opener(rand,moves=8)@1	ab(deep=12,tt,ord,retain,time=25ms)@3.learned(model=95,07792e69,pool_games,lin,shape=129-1)@1.opener(rand,moves=8)@1
ab(deep=12,tt,ord,retain,time=25ms)@3	949	5	6992	17.037	on	learned(model=441,01db390c,tdleaf_self,lin,shape=129-1)@1.dil(prob=20)@1	learned(model=441,01db390c,tdleaf_self,lin,shape=129-1)@1.dil(prob=20)@1	ab(deep=12,tt,ord,retain,time=25ms)@3.learned(model=441,01db390c,tdleaf_self,lin,shape=129-1)@1.dil(prob=20)@1
ab(deep=12,tt,ord,retain,time=25ms)@3	947	5	6992	16.880	on	classic(chip=100)@2.dil(prob=20)@1	classic(chip=100)@2.dil(prob=20)@1	ab(deep=12,tt,ord,retain,time=25ms)@3.classic(chip=100)@2.dil(prob=20)@1
ab(deep=12,tt,ord,retain,time=25ms)@3	945	5	6992	17.188	on	learned(model=10,fead67b7,weight_merge,lin,shape=129-1)@1.dil(prob=20)@1	learned(model=10,fead67b7,weight_merge,lin,shape=129-1)@1.dil(prob=20)@1	ab(deep=12,tt,ord,retain,time=25ms)@3.learned(model=10,fead67b7,weight_merge,lin,shape=129-1)@1.dil(prob=20)@1
ab(deep=12,tt,ord,retain,time=25ms)@3	942	5	6992	21.216	on	learned(model=585,e37f6895,tdleaf_self,mlp,shape=30-32-1)@1	learned(model=585,e37f6895,tdleaf_self,mlp,shape=30-32-1)@1	ab(deep=12,tt,ord,retain,time=25ms)@3.learned(model=585,e37f6895,tdleaf_self,mlp,shape=30-32-1)@1
ab(deep=12,tt,ord,retain,time=25ms)@3	936	5	6992	14.545	on	learned(model=369,612a48a8,tdleaf_self,lin,shape=129-1)@1.opener(rand,moves=8)@1	learned(model=369,612a48a8,tdleaf_self,lin,shape=129-1)@1.opener(rand,moves=8)@1	ab(deep=12,tt,ord,retain,time=25ms)@3.learned(model=369,612a48a8,tdleaf_self,lin,shape=129-1)@1.opener(rand,moves=8)@1
ab(deep=12,tt,ord,retain,time=25ms)@3	922	5	6992	14.991	on	learned(model=77,ddaa5090,position_elo,mlp,mu_shape=129-128-64-1,sigma_shape=129-32-1)@1.opener(rand,moves=8)@1	learned(model=77,ddaa5090,position_elo,mlp,mu_shape=129-128-64-1,sigma_shape=129-32-1)@1.opener(rand,moves=8)@1	ab(deep=12,tt,ord,retain,time=25ms)@3.learned(model=77,ddaa5090,position_elo,mlp,mu_shape=129-128-64-1,sigma_shape=129-32-1)@1.opener(rand,moves=8)@1
ab(deep=12,tt,ord,retain,time=25ms)@3	914	5	6992	17.172	on	learned(model=76,ef183148,position_elo,lin,mu_shape=129-1,sigma_shape=129-1)@1.dil(prob=20)@1	learned(model=76,ef183148,position_elo,lin,mu_shape=129-1,sigma_shape=129-1)@1.dil(prob=20)@1	ab(deep=12,tt,ord,retain,time=25ms)@3.learned(model=76,ef183148,position_elo,lin,mu_shape=129-1,sigma_shape=129-1)@1.dil(prob=20)@1
ab(deep=12,tt,ord,retain,time=25ms)@3	913	5	6992	17.198	on	learned(model=98,5801570e,pool_games,lin,shape=129-1)@1.dil(prob=20)@1	learned(model=98,5801570e,pool_games,lin,shape=129-1)@1.dil(prob=20)@1	ab(deep=12,tt,ord,retain,time=25ms)@3.learned(model=98,5801570e,pool_games,lin,shape=129-1)@1.dil(prob=20)@1
ab(deep=12,tt,ord,retain,time=25ms)@3	911	5	6992	14.943	on	learned(model=78,2fa21eda,position_elo,mlp,mu_shape=129-128-64-1,sigma_shape=129-32-1)@1.opener(rand,moves=8)@1	learned(model=78,2fa21eda,position_elo,mlp,mu_shape=129-128-64-1,sigma_shape=129-32-1)@1.opener(rand,moves=8)@1	ab(deep=12,tt,ord,retain,time=25ms)@3.learned(model=78,2fa21eda,position_elo,mlp,mu_shape=129-128-64-1,sigma_shape=129-32-1)@1.opener(rand,moves=8)@1
ab(deep=12,tt,ord,retain,time=25ms)@3	906	5	6992	17.214	on	learned(model=96,990e39e7,pool_games,lin,shape=129-1)@1.dil(prob=20)@1	learned(model=96,990e39e7,pool_games,lin,shape=129-1)@1.dil(prob=20)@1	ab(deep=12,tt,ord,retain,time=25ms)@3.learned(model=96,990e39e7,pool_games,lin,shape=129-1)@1.dil(prob=20)@1
ab(deep=12,tt,ord,retain,time=25ms)@3	902	5	6992	22.701	on	learned(model=110,1466db6c,position_elo,mlp,mu_shape=129-512-8-1,sigma_shape=129-64-1)@1	learned(model=110,1466db6c,position_elo,mlp,mu_shape=129-512-8-1,sigma_shape=129-64-1)@1	ab(deep=12,tt,ord,retain,time=25ms)@3.learned(model=110,1466db6c,position_elo,mlp,mu_shape=129-512-8-1,sigma_shape=129-64-1)@1
ab(deep=12,tt,ord,retain,time=25ms)@3	900	5	6992	17.219	on	learned(model=459,642147d2,tdleaf_self,lin,shape=129-1)@1.dil(prob=20)@1	learned(model=459,642147d2,tdleaf_self,lin,shape=129-1)@1.dil(prob=20)@1	ab(deep=12,tt,ord,retain,time=25ms)@3.learned(model=459,642147d2,tdleaf_self,lin,shape=129-1)@1.dil(prob=20)@1
ab(deep=12,tt,ord,retain,time=25ms)@3	891	5	6992	17.126	on	learned(model=3,68364898,pool_games,lin,shape=129-1)@1.dil(prob=20)@1	learned(model=3,68364898,pool_games,lin,shape=129-1)@1.dil(prob=20)@1	ab(deep=12,tt,ord,retain,time=25ms)@3.learned(model=3,68364898,pool_games,lin,shape=129-1)@1.dil(prob=20)@1
ab(deep=12,tt,ord,retain,time=25ms)@3	884	5	6992	17.267	on	learned(model=8,6f1a4264,pool_games,lin,shape=129-1)@1.dil(prob=20)@1	learned(model=8,6f1a4264,pool_games,lin,shape=129-1)@1.dil(prob=20)@1	ab(deep=12,tt,ord,retain,time=25ms)@3.learned(model=8,6f1a4264,pool_games,lin,shape=129-1)@1.dil(prob=20)@1
ab(deep=12,tt,ord,retain,time=25ms)@3	883	5	6992	17.239	on	learned(model=99,59815079,pool_games,lin,shape=129-1)@1.dil(prob=20)@1	learned(model=99,59815079,pool_games,lin,shape=129-1)@1.dil(prob=20)@1	ab(deep=12,tt,ord,retain,time=25ms)@3.learned(model=99,59815079,pool_games,lin,shape=129-1)@1.dil(prob=20)@1
ab(deep=12,tt,ord,retain,time=25ms)@3	882	5	6992	17.045	on	learned(model=4,eb105733,pool_games,lin,shape=129-1)@1.dil(prob=20)@1	learned(model=4,eb105733,pool_games,lin,shape=129-1)@1.dil(prob=20)@1	ab(deep=12,tt,ord,retain,time=25ms)@3.learned(model=4,eb105733,pool_games,lin,shape=129-1)@1.dil(prob=20)@1
ab(deep=12,tt,ord,retain,time=25ms)@3	878	5	6992	22.437	on	learned(model=79,18f19059,position_elo,mlp,mu_shape=129-256-128-1,sigma_shape=129-64-1)@1	learned(model=79,18f19059,position_elo,mlp,mu_shape=129-256-128-1,sigma_shape=129-64-1)@1	ab(deep=12,tt,ord,retain,time=25ms)@3.learned(model=79,18f19059,position_elo,mlp,mu_shape=129-256-128-1,sigma_shape=129-64-1)@1
ab(deep=12,tt,ord,retain,time=25ms)@3	876	5	6992	13.565	on	learned(model=333,06bdc1f0,tdleaf_self,mlp,shape=30-16-1)@1.opener(rand,moves=8)@1	learned(model=333,06bdc1f0,tdleaf_self,mlp,shape=30-16-1)@1.opener(rand,moves=8)@1	ab(deep=12,tt,ord,retain,time=25ms)@3.learned(model=333,06bdc1f0,tdleaf_self,mlp,shape=30-16-1)@1.opener(rand,moves=8)@1
ab(deep=12,tt,ord,retain,time=25ms)@3	855	5	6992	17.250	on	learned(model=387,607b64aa,tdleaf_self,lin,shape=30-1)@1.dil(prob=20)@1	learned(model=387,607b64aa,tdleaf_self,lin,shape=30-1)@1.dil(prob=20)@1	ab(deep=12,tt,ord,retain,time=25ms)@3.learned(model=387,607b64aa,tdleaf_self,lin,shape=30-1)@1.dil(prob=20)@1
ab(deep=12,tt,ord,retain,time=25ms)@3	854	5	6992	14.895	on	learned(model=111,78ef6974,position_elo,mlp,mu_shape=129-512-8-1,sigma_shape=129-64-1)@1.opener(rand,moves=8)@1	learned(model=111,78ef6974,position_elo,mlp,mu_shape=129-512-8-1,sigma_shape=129-64-1)@1.opener(rand,moves=8)@1	ab(deep=12,tt,ord,retain,time=25ms)@3.learned(model=111,78ef6974,position_elo,mlp,mu_shape=129-512-8-1,sigma_shape=129-64-1)@1.opener(rand,moves=8)@1
ab(deep=12,tt,ord,retain,time=25ms)@3	851	5	6992	17.259	on	learned(model=405,111c40c8,tdleaf_self,mlp,shape=129-32-1)@1.dil(prob=20)@1	learned(model=405,111c40c8,tdleaf_self,mlp,shape=129-32-1)@1.dil(prob=20)@1	ab(deep=12,tt,ord,retain,time=25ms)@3.learned(model=405,111c40c8,tdleaf_self,mlp,shape=129-32-1)@1.dil(prob=20)@1
ab(deep=12,tt,ord,retain,time=25ms)@3	847	5	6992	16.716	on	learned(model=585,e37f6895,tdleaf_self,mlp,shape=30-32-1)@1.dil(prob=20)@1	learned(model=585,e37f6895,tdleaf_self,mlp,shape=30-32-1)@1.dil(prob=20)@1	ab(deep=12,tt,ord,retain,time=25ms)@3.learned(model=585,e37f6895,tdleaf_self,mlp,shape=30-32-1)@1.dil(prob=20)@1
ab(deep=12,tt,ord,retain,time=25ms)@3	844	5	6992	22.260	on	learned(model=531,748d1c8d,tdleaf_self,lin,shape=129-1)@1	learned(model=531,748d1c8d,tdleaf_self,lin,shape=129-1)@1	ab(deep=12,tt,ord,retain,time=25ms)@3.learned(model=531,748d1c8d,tdleaf_self,lin,shape=129-1)@1
ab(deep=12,tt,ord,retain,time=25ms)@3	823	5	6992	17.300	on	learned(model=95,07792e69,pool_games,lin,shape=129-1)@1.dil(prob=20)@1	learned(model=95,07792e69,pool_games,lin,shape=129-1)@1.dil(prob=20)@1	ab(deep=12,tt,ord,retain,time=25ms)@3.learned(model=95,07792e69,pool_games,lin,shape=129-1)@1.dil(prob=20)@1
ab(deep=12,tt,ord,retain,time=25ms)@3	808	5	6992	17.141	on	learned(model=94,784bb5fe,pool_games,lin,shape=129-1)@1.dil(prob=20)@1	learned(model=94,784bb5fe,pool_games,lin,shape=129-1)@1.dil(prob=20)@1	ab(deep=12,tt,ord,retain,time=25ms)@3.learned(model=94,784bb5fe,pool_games,lin,shape=129-1)@1.dil(prob=20)@1
ab(deep=12,tt,ord,retain,time=25ms)@3	795	6	6991	15.042	on	learned(model=531,748d1c8d,tdleaf_self,lin,shape=129-1)@1.opener(rand,moves=8)@1	learned(model=531,748d1c8d,tdleaf_self,lin,shape=129-1)@1.opener(rand,moves=8)@1	ab(deep=12,tt,ord,retain,time=25ms)@3.learned(model=531,748d1c8d,tdleaf_self,lin,shape=129-1)@1.opener(rand,moves=8)@1
ab(deep=12,tt,ord,retain,time=25ms)@3	792	6	6992	15.065	on	learned(model=97,87a5093d,pool_games,lin,shape=129-1)@1.opener(rand,moves=8)@1	learned(model=97,87a5093d,pool_games,lin,shape=129-1)@1.opener(rand,moves=8)@1	ab(deep=12,tt,ord,retain,time=25ms)@3.learned(model=97,87a5093d,pool_games,lin,shape=129-1)@1.opener(rand,moves=8)@1
ab(deep=12,tt,ord,retain,time=25ms)@3	777	6	6992	14.804	on	learned(model=110,1466db6c,position_elo,mlp,mu_shape=129-512-8-1,sigma_shape=129-64-1)@1.opener(rand,moves=8)@1	learned(model=110,1466db6c,position_elo,mlp,mu_shape=129-512-8-1,sigma_shape=129-64-1)@1.opener(rand,moves=8)@1	ab(deep=12,tt,ord,retain,time=25ms)@3.learned(model=110,1466db6c,position_elo,mlp,mu_shape=129-512-8-1,sigma_shape=129-64-1)@1.opener(rand,moves=8)@1
ab(deep=12,tt,ord,retain,time=25ms)@3	773	6	6992	17.712	on	learned(model=77,ddaa5090,position_elo,mlp,mu_shape=129-128-64-1,sigma_shape=129-32-1)@1.dil(prob=20)@1	learned(model=77,ddaa5090,position_elo,mlp,mu_shape=129-128-64-1,sigma_shape=129-32-1)@1.dil(prob=20)@1	ab(deep=12,tt,ord,retain,time=25ms)@3.learned(model=77,ddaa5090,position_elo,mlp,mu_shape=129-128-64-1,sigma_shape=129-32-1)@1.dil(prob=20)@1
ab(deep=12,tt,ord,retain,time=25ms)@3	767	6	6992	14.536	on	learned(model=79,18f19059,position_elo,mlp,mu_shape=129-256-128-1,sigma_shape=129-64-1)@1.opener(rand,moves=8)@1	learned(model=79,18f19059,position_elo,mlp,mu_shape=129-256-128-1,sigma_shape=129-64-1)@1.opener(rand,moves=8)@1	ab(deep=12,tt,ord,retain,time=25ms)@3.learned(model=79,18f19059,position_elo,mlp,mu_shape=129-256-128-1,sigma_shape=129-64-1)@1.opener(rand,moves=8)@1
ab(deep=12,tt,ord,retain,time=25ms)@3	760	6	6992	17.740	on	learned(model=78,2fa21eda,position_elo,mlp,mu_shape=129-128-64-1,sigma_shape=129-32-1)@1.dil(prob=20)@1	learned(model=78,2fa21eda,position_elo,mlp,mu_shape=129-128-64-1,sigma_shape=129-32-1)@1.dil(prob=20)@1	ab(deep=12,tt,ord,retain,time=25ms)@3.learned(model=78,2fa21eda,position_elo,mlp,mu_shape=129-128-64-1,sigma_shape=129-32-1)@1.dil(prob=20)@1
ab(deep=12,tt,ord,retain,time=25ms)@3	757	6	6992	17.246	on	learned(model=369,612a48a8,tdleaf_self,lin,shape=129-1)@1.dil(prob=20)@1	learned(model=369,612a48a8,tdleaf_self,lin,shape=129-1)@1.dil(prob=20)@1	ab(deep=12,tt,ord,retain,time=25ms)@3.learned(model=369,612a48a8,tdleaf_self,lin,shape=129-1)@1.dil(prob=20)@1
ab(deep=12,tt,ord,retain,time=25ms)@3	752	6	6992	22.194	on	learned(model=261,52cd70f8,tdleaf_self,mlp,shape=129-32-1)@1	learned(model=261,52cd70f8,tdleaf_self,mlp,shape=129-32-1)@1	ab(deep=12,tt,ord,retain,time=25ms)@3.learned(model=261,52cd70f8,tdleaf_self,mlp,shape=129-32-1)@1
ab(deep=12,tt,ord,retain,time=25ms)@3	745	6	6992	21.882	on	learned(model=279,409dc0b3,tdleaf_self,mlp,shape=30-16-1)@1	learned(model=279,409dc0b3,tdleaf_self,mlp,shape=30-16-1)@1	ab(deep=12,tt,ord,retain,time=25ms)@3.learned(model=279,409dc0b3,tdleaf_self,mlp,shape=30-16-1)@1
ab(deep=12,tt,ord,retain,time=25ms)@3	735	6	6992	14.286	on	learned(model=279,409dc0b3,tdleaf_self,mlp,shape=30-16-1)@1.opener(rand,moves=8)@1	learned(model=279,409dc0b3,tdleaf_self,mlp,shape=30-16-1)@1.opener(rand,moves=8)@1	ab(deep=12,tt,ord,retain,time=25ms)@3.learned(model=279,409dc0b3,tdleaf_self,mlp,shape=30-16-1)@1.opener(rand,moves=8)@1
ab(deep=12,tt,ord,retain,time=25ms)@3	727	6	6992	17.855	on	learned(model=111,78ef6974,position_elo,mlp,mu_shape=129-512-8-1,sigma_shape=129-64-1)@1.dil(prob=20)@1	learned(model=111,78ef6974,position_elo,mlp,mu_shape=129-512-8-1,sigma_shape=129-64-1)@1.dil(prob=20)@1	ab(deep=12,tt,ord,retain,time=25ms)@3.learned(model=111,78ef6974,position_elo,mlp,mu_shape=129-512-8-1,sigma_shape=129-64-1)@1.dil(prob=20)@1
ab(deep=12,tt,ord,retain,time=25ms)@3	727	6	6992	17.010	on	learned(model=333,06bdc1f0,tdleaf_self,mlp,shape=30-16-1)@1.dil(prob=20)@1	learned(model=333,06bdc1f0,tdleaf_self,mlp,shape=30-16-1)@1.dil(prob=20)@1	ab(deep=12,tt,ord,retain,time=25ms)@3.learned(model=333,06bdc1f0,tdleaf_self,mlp,shape=30-16-1)@1.dil(prob=20)@1
ab(deep=12,tt,ord,retain,time=25ms)@3	714	6	6992	13.920	on	learned(model=585,e37f6895,tdleaf_self,mlp,shape=30-32-1)@1.opener(rand,moves=8)@1	learned(model=585,e37f6895,tdleaf_self,mlp,shape=30-32-1)@1.opener(rand,moves=8)@1	ab(deep=12,tt,ord,retain,time=25ms)@3.learned(model=585,e37f6895,tdleaf_self,mlp,shape=30-32-1)@1.opener(rand,moves=8)@1
ab(deep=12,tt,ord,retain,time=25ms)@3	706	6	6992	17.413	on	learned(model=97,87a5093d,pool_games,lin,shape=129-1)@1.dil(prob=20)@1	learned(model=97,87a5093d,pool_games,lin,shape=129-1)@1.dil(prob=20)@1	ab(deep=12,tt,ord,retain,time=25ms)@3.learned(model=97,87a5093d,pool_games,lin,shape=129-1)@1.dil(prob=20)@1
ab(deep=12,tt,ord,retain,time=25ms)@3	687	6	6992	14.174	on	learned(model=261,52cd70f8,tdleaf_self,mlp,shape=129-32-1)@1.opener(rand,moves=8)@1	learned(model=261,52cd70f8,tdleaf_self,mlp,shape=129-32-1)@1.opener(rand,moves=8)@1	ab(deep=12,tt,ord,retain,time=25ms)@3.learned(model=261,52cd70f8,tdleaf_self,mlp,shape=129-32-1)@1.opener(rand,moves=8)@1
ab(deep=12,tt,ord,retain,time=25ms)@3	667	7	6992	17.801	on	learned(model=110,1466db6c,position_elo,mlp,mu_shape=129-512-8-1,sigma_shape=129-64-1)@1.dil(prob=20)@1	learned(model=110,1466db6c,position_elo,mlp,mu_shape=129-512-8-1,sigma_shape=129-64-1)@1.dil(prob=20)@1	ab(deep=12,tt,ord,retain,time=25ms)@3.learned(model=110,1466db6c,position_elo,mlp,mu_shape=129-512-8-1,sigma_shape=129-64-1)@1.dil(prob=20)@1
ab(deep=12,tt,ord,retain,time=25ms)@3	664	7	6992	17.591	on	learned(model=79,18f19059,position_elo,mlp,mu_shape=129-256-128-1,sigma_shape=129-64-1)@1.dil(prob=20)@1	learned(model=79,18f19059,position_elo,mlp,mu_shape=129-256-128-1,sigma_shape=129-64-1)@1.dil(prob=20)@1	ab(deep=12,tt,ord,retain,time=25ms)@3.learned(model=79,18f19059,position_elo,mlp,mu_shape=129-256-128-1,sigma_shape=129-64-1)@1.dil(prob=20)@1
ab(deep=12,tt,ord,retain,time=25ms)@3	603	7	6992	17.494	on	learned(model=531,748d1c8d,tdleaf_self,lin,shape=129-1)@1.dil(prob=20)@1	learned(model=531,748d1c8d,tdleaf_self,lin,shape=129-1)@1.dil(prob=20)@1	ab(deep=12,tt,ord,retain,time=25ms)@3.learned(model=531,748d1c8d,tdleaf_self,lin,shape=129-1)@1.dil(prob=20)@1
ab(deep=12,tt,ord,retain,time=25ms)@3	584	8	6992	17.305	on	learned(model=279,409dc0b3,tdleaf_self,mlp,shape=30-16-1)@1.dil(prob=20)@1	learned(model=279,409dc0b3,tdleaf_self,mlp,shape=30-16-1)@1.dil(prob=20)@1	ab(deep=12,tt,ord,retain,time=25ms)@3.learned(model=279,409dc0b3,tdleaf_self,mlp,shape=30-16-1)@1.dil(prob=20)@1
ab(deep=12,tt,ord,retain,time=25ms)@3	577	8	6992	17.524	on	learned(model=261,52cd70f8,tdleaf_self,mlp,shape=129-32-1)@1.dil(prob=20)@1	learned(model=261,52cd70f8,tdleaf_self,mlp,shape=129-32-1)@1.dil(prob=20)@1	ab(deep=12,tt,ord,retain,time=25ms)@3.learned(model=261,52cd70f8,tdleaf_self,mlp,shape=129-32-1)@1.dil(prob=20)@1
ab(deep=6,tt,ord,time=150ms)@3	1472	9	3664	24.708	on	learned(model=169,4975683c,tdleaf_self,lin,shape=129-1)@1	learned(model=169,4975683c,tdleaf_self,lin,shape=129-1)@1	ab(deep=6,tt,ord,time=150ms)@3.learned(model=169,4975683c,tdleaf_self,lin,shape=129-1)@1
ab(deep=6,tt,ord,time=150ms)@3	1361	8	3664	21.033	on	learned(model=10,fead67b7,weight_merge,lin,shape=129-1)@1	learned(model=10,fead67b7,weight_merge,lin,shape=129-1)@1	ab(deep=6,tt,ord,time=150ms)@3.learned(model=10,fead67b7,weight_merge,lin,shape=129-1)@1
ab(deep=6,tt,ord,time=150ms)@3	1322	8	3664	11.394	on	classic(chip=100)@2	classic(chip=100)@2	ab(deep=6,tt,ord,time=150ms)@3.classic(chip=100)@2
ab(deep=6,tt,ord,time=150ms)@3	1314	8	3664	18.060	on	learned(model=96,990e39e7,pool_games,lin,shape=129-1)@1	learned(model=96,990e39e7,pool_games,lin,shape=129-1)@1	ab(deep=6,tt,ord,time=150ms)@3.learned(model=96,990e39e7,pool_games,lin,shape=129-1)@1
ab(deep=6,tt,ord,time=150ms)@3	1309	8	3664	18.167	on	learned(model=98,5801570e,pool_games,lin,shape=129-1)@1	learned(model=98,5801570e,pool_games,lin,shape=129-1)@1	ab(deep=6,tt,ord,time=150ms)@3.learned(model=98,5801570e,pool_games,lin,shape=129-1)@1
ab(deep=6,tt,ord,time=150ms)@3	1248	7	3664	18.878	on	learned(model=3,68364898,pool_games,lin,shape=129-1)@1	learned(model=3,68364898,pool_games,lin,shape=129-1)@1	ab(deep=6,tt,ord,time=150ms)@3.learned(model=3,68364898,pool_games,lin,shape=129-1)@1
ab(deep=6,tt,ord,time=150ms)@3	1233	7	3664	22.345	on	learned(model=76,ef183148,position_elo,lin,mu_shape=129-1,sigma_shape=129-1)@1	learned(model=76,ef183148,position_elo,lin,mu_shape=129-1,sigma_shape=129-1)@1	ab(deep=6,tt,ord,time=150ms)@3.learned(model=76,ef183148,position_elo,lin,mu_shape=129-1,sigma_shape=129-1)@1
ab(deep=6,tt,ord,time=150ms)@3	1210	7	3664	19.047	on	learned(model=8,6f1a4264,pool_games,lin,shape=129-1)@1	learned(model=8,6f1a4264,pool_games,lin,shape=129-1)@1	ab(deep=6,tt,ord,time=150ms)@3.learned(model=8,6f1a4264,pool_games,lin,shape=129-1)@1
ab(deep=6,tt,ord,time=150ms)@3	1209	7	3664	18.475	on	learned(model=4,eb105733,pool_games,lin,shape=129-1)@1	learned(model=4,eb105733,pool_games,lin,shape=129-1)@1	ab(deep=6,tt,ord,time=150ms)@3.learned(model=4,eb105733,pool_games,lin,shape=129-1)@1
ab(deep=6,tt,ord,time=150ms)@3	1191	7	3664	14.041	on	learned(model=10,fead67b7,weight_merge,lin,shape=129-1)@1.opener(rand,moves=8)@1	learned(model=10,fead67b7,weight_merge,lin,shape=129-1)@1.opener(rand,moves=8)@1	ab(deep=6,tt,ord,time=150ms)@3.learned(model=10,fead67b7,weight_merge,lin,shape=129-1)@1.opener(rand,moves=8)@1
ab(deep=6,tt,ord,time=150ms)@3	1187	7	3664	16.050	on	learned(model=99,59815079,pool_games,lin,shape=129-1)@1	learned(model=99,59815079,pool_games,lin,shape=129-1)@1	ab(deep=6,tt,ord,time=150ms)@3.learned(model=99,59815079,pool_games,lin,shape=129-1)@1
ab(deep=6,tt,ord,time=150ms)@3	1153	7	3664	15.197	on	learned(model=76,ef183148,position_elo,lin,mu_shape=129-1,sigma_shape=129-1)@1.opener(rand,moves=8)@1	learned(model=76,ef183148,position_elo,lin,mu_shape=129-1,sigma_shape=129-1)@1.opener(rand,moves=8)@1	ab(deep=6,tt,ord,time=150ms)@3.learned(model=76,ef183148,position_elo,lin,mu_shape=129-1,sigma_shape=129-1)@1.opener(rand,moves=8)@1
ab(deep=6,tt,ord,time=150ms)@3	1151	7	3664	8.327	on	classic(chip=100)@2.opener(rand,moves=8)@1	classic(chip=100)@2.opener(rand,moves=8)@1	ab(deep=6,tt,ord,time=150ms)@3.classic(chip=100)@2.opener(rand,moves=8)@1
ab(deep=6,tt,ord,time=150ms)@3	1143	7	3664	12.561	on	learned(model=96,990e39e7,pool_games,lin,shape=129-1)@1.opener(rand,moves=8)@1	learned(model=96,990e39e7,pool_games,lin,shape=129-1)@1.opener(rand,moves=8)@1	ab(deep=6,tt,ord,time=150ms)@3.learned(model=96,990e39e7,pool_games,lin,shape=129-1)@1.opener(rand,moves=8)@1
ab(deep=6,tt,ord,time=150ms)@3	1116	7	3664	12.693	on	learned(model=98,5801570e,pool_games,lin,shape=129-1)@1.opener(rand,moves=8)@1	learned(model=98,5801570e,pool_games,lin,shape=129-1)@1.opener(rand,moves=8)@1	ab(deep=6,tt,ord,time=150ms)@3.learned(model=98,5801570e,pool_games,lin,shape=129-1)@1.opener(rand,moves=8)@1
ab(deep=6,tt,ord,time=150ms)@3	1101	7	3664	13.288	on	learned(model=8,6f1a4264,pool_games,lin,shape=129-1)@1.opener(rand,moves=8)@1	learned(model=8,6f1a4264,pool_games,lin,shape=129-1)@1.opener(rand,moves=8)@1	ab(deep=6,tt,ord,time=150ms)@3.learned(model=8,6f1a4264,pool_games,lin,shape=129-1)@1.opener(rand,moves=8)@1
ab(deep=6,tt,ord,time=150ms)@3	1095	7	3664	13.256	on	learned(model=4,eb105733,pool_games,lin,shape=129-1)@1.opener(rand,moves=8)@1	learned(model=4,eb105733,pool_games,lin,shape=129-1)@1.opener(rand,moves=8)@1	ab(deep=6,tt,ord,time=150ms)@3.learned(model=4,eb105733,pool_games,lin,shape=129-1)@1.opener(rand,moves=8)@1
ab(deep=6,tt,ord,time=150ms)@3	1095	7	3664	75.250	on	learned(model=111,78ef6974,position_elo,mlp,mu_shape=129-512-8-1,sigma_shape=129-64-1)@1	learned(model=111,78ef6974,position_elo,mlp,mu_shape=129-512-8-1,sigma_shape=129-64-1)@1	ab(deep=6,tt,ord,time=150ms)@3.learned(model=111,78ef6974,position_elo,mlp,mu_shape=129-512-8-1,sigma_shape=129-64-1)@1
ab(deep=6,tt,ord,time=150ms)@3	1095	7	3664	17.304	on	learned(model=94,784bb5fe,pool_games,lin,shape=129-1)@1	learned(model=94,784bb5fe,pool_games,lin,shape=129-1)@1	ab(deep=6,tt,ord,time=150ms)@3.learned(model=94,784bb5fe,pool_games,lin,shape=129-1)@1
ab(deep=6,tt,ord,time=150ms)@3	1093	7	3664	15.775	on	learned(model=95,07792e69,pool_games,lin,shape=129-1)@1	learned(model=95,07792e69,pool_games,lin,shape=129-1)@1	ab(deep=6,tt,ord,time=150ms)@3.learned(model=95,07792e69,pool_games,lin,shape=129-1)@1
ab(deep=6,tt,ord,time=150ms)@3	1088	7	3664	12.976	on	learned(model=3,68364898,pool_games,lin,shape=129-1)@1.opener(rand,moves=8)@1	learned(model=3,68364898,pool_games,lin,shape=129-1)@1.opener(rand,moves=8)@1	ab(deep=6,tt,ord,time=150ms)@3.learned(model=3,68364898,pool_games,lin,shape=129-1)@1.opener(rand,moves=8)@1
ab(deep=6,tt,ord,time=150ms)@3	1052	7	3664	72.127	on	learned(model=113,e3cc8b4e,position_elo,mlp,mu_shape=129-512-8-1,sigma_shape=129-64-1)@1	learned(model=113,e3cc8b4e,position_elo,mlp,mu_shape=129-512-8-1,sigma_shape=129-64-1)@1	ab(deep=6,tt,ord,time=150ms)@3.learned(model=113,e3cc8b4e,position_elo,mlp,mu_shape=129-512-8-1,sigma_shape=129-64-1)@1
ab(deep=6,tt,ord,time=150ms)@3	1043	7	3664	11.649	on	learned(model=99,59815079,pool_games,lin,shape=129-1)@1.opener(rand,moves=8)@1	learned(model=99,59815079,pool_games,lin,shape=129-1)@1.opener(rand,moves=8)@1	ab(deep=6,tt,ord,time=150ms)@3.learned(model=99,59815079,pool_games,lin,shape=129-1)@1.opener(rand,moves=8)@1
ab(deep=6,tt,ord,time=150ms)@3	982	7	3664	12.066	on	learned(model=94,784bb5fe,pool_games,lin,shape=129-1)@1.opener(rand,moves=8)@1	learned(model=94,784bb5fe,pool_games,lin,shape=129-1)@1.opener(rand,moves=8)@1	ab(deep=6,tt,ord,time=150ms)@3.learned(model=94,784bb5fe,pool_games,lin,shape=129-1)@1.opener(rand,moves=8)@1
ab(deep=6,tt,ord,time=150ms)@3	978	7	3664	47.840	on	learned(model=111,78ef6974,position_elo,mlp,mu_shape=129-512-8-1,sigma_shape=129-64-1)@1.opener(rand,moves=8)@1	learned(model=111,78ef6974,position_elo,mlp,mu_shape=129-512-8-1,sigma_shape=129-64-1)@1.opener(rand,moves=8)@1	ab(deep=6,tt,ord,time=150ms)@3.learned(model=111,78ef6974,position_elo,mlp,mu_shape=129-512-8-1,sigma_shape=129-64-1)@1.opener(rand,moves=8)@1
ab(deep=6,tt,ord,time=150ms)@3	967	7	3664	14.531	on	learned(model=97,87a5093d,pool_games,lin,shape=129-1)@1	learned(model=97,87a5093d,pool_games,lin,shape=129-1)@1	ab(deep=6,tt,ord,time=150ms)@3.learned(model=97,87a5093d,pool_games,lin,shape=129-1)@1
ab(deep=6,tt,ord,time=150ms)@3	955	7	3664	9.540	on	classic(chip=100)@2.dil(prob=20)@1	classic(chip=100)@2.dil(prob=20)@1	ab(deep=6,tt,ord,time=150ms)@3.classic(chip=100)@2.dil(prob=20)@1
ab(deep=6,tt,ord,time=150ms)@3	937	7	3664	11.430	on	learned(model=95,07792e69,pool_games,lin,shape=129-1)@1.opener(rand,moves=8)@1	learned(model=95,07792e69,pool_games,lin,shape=129-1)@1.opener(rand,moves=8)@1	ab(deep=6,tt,ord,time=150ms)@3.learned(model=95,07792e69,pool_games,lin,shape=129-1)@1.opener(rand,moves=8)@1
ab(deep=6,tt,ord,time=150ms)@3	935	7	3664	17.174	on	learned(model=10,fead67b7,weight_merge,lin,shape=129-1)@1.dil(prob=20)@1	learned(model=10,fead67b7,weight_merge,lin,shape=129-1)@1.dil(prob=20)@1	ab(deep=6,tt,ord,time=150ms)@3.learned(model=10,fead67b7,weight_merge,lin,shape=129-1)@1.dil(prob=20)@1
ab(deep=6,tt,ord,time=150ms)@3	926	7	3664	46.895	on	learned(model=113,e3cc8b4e,position_elo,mlp,mu_shape=129-512-8-1,sigma_shape=129-64-1)@1.opener(rand,moves=8)@1	learned(model=113,e3cc8b4e,position_elo,mlp,mu_shape=129-512-8-1,sigma_shape=129-64-1)@1.opener(rand,moves=8)@1	ab(deep=6,tt,ord,time=150ms)@3.learned(model=113,e3cc8b4e,position_elo,mlp,mu_shape=129-512-8-1,sigma_shape=129-64-1)@1.opener(rand,moves=8)@1
ab(deep=6,tt,ord,time=150ms)@3	918	7	3664	15.549	on	learned(model=96,990e39e7,pool_games,lin,shape=129-1)@1.dil(prob=20)@1	learned(model=96,990e39e7,pool_games,lin,shape=129-1)@1.dil(prob=20)@1	ab(deep=6,tt,ord,time=150ms)@3.learned(model=96,990e39e7,pool_games,lin,shape=129-1)@1.dil(prob=20)@1
ab(deep=6,tt,ord,time=150ms)@3	912	7	3664	17.886	on	learned(model=76,ef183148,position_elo,lin,mu_shape=129-1,sigma_shape=129-1)@1.dil(prob=20)@1	learned(model=76,ef183148,position_elo,lin,mu_shape=129-1,sigma_shape=129-1)@1.dil(prob=20)@1	ab(deep=6,tt,ord,time=150ms)@3.learned(model=76,ef183148,position_elo,lin,mu_shape=129-1,sigma_shape=129-1)@1.dil(prob=20)@1
ab(deep=6,tt,ord,time=150ms)@3	897	7	3664	16.156	on	learned(model=3,68364898,pool_games,lin,shape=129-1)@1.dil(prob=20)@1	learned(model=3,68364898,pool_games,lin,shape=129-1)@1.dil(prob=20)@1	ab(deep=6,tt,ord,time=150ms)@3.learned(model=3,68364898,pool_games,lin,shape=129-1)@1.dil(prob=20)@1
ab(deep=6,tt,ord,time=150ms)@3	893	7	3663	15.280	on	learned(model=98,5801570e,pool_games,lin,shape=129-1)@1.dil(prob=20)@1	learned(model=98,5801570e,pool_games,lin,shape=129-1)@1.dil(prob=20)@1	ab(deep=6,tt,ord,time=150ms)@3.learned(model=98,5801570e,pool_games,lin,shape=129-1)@1.dil(prob=20)@1
ab(deep=6,tt,ord,time=150ms)@3	878	7	3664	13.583	on	learned(model=99,59815079,pool_games,lin,shape=129-1)@1.dil(prob=20)@1	learned(model=99,59815079,pool_games,lin,shape=129-1)@1.dil(prob=20)@1	ab(deep=6,tt,ord,time=150ms)@3.learned(model=99,59815079,pool_games,lin,shape=129-1)@1.dil(prob=20)@1
ab(deep=6,tt,ord,time=150ms)@3	878	7	3664	16.165	on	learned(model=8,6f1a4264,pool_games,lin,shape=129-1)@1.dil(prob=20)@1	learned(model=8,6f1a4264,pool_games,lin,shape=129-1)@1.dil(prob=20)@1	ab(deep=6,tt,ord,time=150ms)@3.learned(model=8,6f1a4264,pool_games,lin,shape=129-1)@1.dil(prob=20)@1
ab(deep=6,tt,ord,time=150ms)@3	865	7	3664	16.152	on	learned(model=4,eb105733,pool_games,lin,shape=129-1)@1.dil(prob=20)@1	learned(model=4,eb105733,pool_games,lin,shape=129-1)@1.dil(prob=20)@1	ab(deep=6,tt,ord,time=150ms)@3.learned(model=4,eb105733,pool_games,lin,shape=129-1)@1.dil(prob=20)@1
ab(deep=6,tt,ord,time=150ms)@3	826	7	3664	14.708	on	learned(model=94,784bb5fe,pool_games,lin,shape=129-1)@1.dil(prob=20)@1	learned(model=94,784bb5fe,pool_games,lin,shape=129-1)@1.dil(prob=20)@1	ab(deep=6,tt,ord,time=150ms)@3.learned(model=94,784bb5fe,pool_games,lin,shape=129-1)@1.dil(prob=20)@1
ab(deep=6,tt,ord,time=150ms)@3	814	7	3664	13.620	on	learned(model=95,07792e69,pool_games,lin,shape=129-1)@1.dil(prob=20)@1	learned(model=95,07792e69,pool_games,lin,shape=129-1)@1.dil(prob=20)@1	ab(deep=6,tt,ord,time=150ms)@3.learned(model=95,07792e69,pool_games,lin,shape=129-1)@1.dil(prob=20)@1
ab(deep=6,tt,ord,time=150ms)@3	807	7	3664	61.395	on	learned(model=111,78ef6974,position_elo,mlp,mu_shape=129-512-8-1,sigma_shape=129-64-1)@1.dil(prob=20)@1	learned(model=111,78ef6974,position_elo,mlp,mu_shape=129-512-8-1,sigma_shape=129-64-1)@1.dil(prob=20)@1	ab(deep=6,tt,ord,time=150ms)@3.learned(model=111,78ef6974,position_elo,mlp,mu_shape=129-512-8-1,sigma_shape=129-64-1)@1.dil(prob=20)@1
ab(deep=6,tt,ord,time=150ms)@3	770	7	3664	9.761	on	learned(model=97,87a5093d,pool_games,lin,shape=129-1)@1.opener(rand,moves=8)@1	learned(model=97,87a5093d,pool_games,lin,shape=129-1)@1.opener(rand,moves=8)@1	ab(deep=6,tt,ord,time=150ms)@3.learned(model=97,87a5093d,pool_games,lin,shape=129-1)@1.opener(rand,moves=8)@1
ab(deep=6,tt,ord,time=150ms)@3	765	8	3664	58.992	on	learned(model=113,e3cc8b4e,position_elo,mlp,mu_shape=129-512-8-1,sigma_shape=129-64-1)@1.dil(prob=20)@1	learned(model=113,e3cc8b4e,position_elo,mlp,mu_shape=129-512-8-1,sigma_shape=129-64-1)@1.dil(prob=20)@1	ab(deep=6,tt,ord,time=150ms)@3.learned(model=113,e3cc8b4e,position_elo,mlp,mu_shape=129-512-8-1,sigma_shape=129-64-1)@1.dil(prob=20)@1
ab(deep=6,tt,ord,time=150ms)@3	740	8	3664	13.039	on	learned(model=97,87a5093d,pool_games,lin,shape=129-1)@1.dil(prob=20)@1	learned(model=97,87a5093d,pool_games,lin,shape=129-1)@1.dil(prob=20)@1	ab(deep=6,tt,ord,time=150ms)@3.learned(model=97,87a5093d,pool_games,lin,shape=129-1)@1.dil(prob=20)@1
ab(deep=8,tt,ord,nodes=2m)@3	1443	7	6042	137.345	on	classic(chip=100)@2	classic(chip=100)@2	ab(deep=8,tt,ord,nodes=2m)@3.classic(chip=100)@2
ab(deep=8,tt,ord,nodes=2m)@3	1372	4	10320	114.388	on	classic(chip=100)@2.dil(prob=15,deep=6)@1	classic(chip=100)@2.dil(prob=15,deep=6)@1	ab(deep=8,tt,ord,nodes=2m)@3.classic(chip=100)@2.dil(prob=15,deep=6)@1
ab(deep=8,tt,ord,nodes=2m)@3	1359	4	10320	95.821	on	classic(chip=100)@2.dil(prob=30,deep=6)@1	classic(chip=100)@2.dil(prob=30,deep=6)@1	ab(deep=8,tt,ord,nodes=2m)@3.classic(chip=100)@2.dil(prob=30,deep=6)@1
ab(deep=6,ord,nodes=200k)@3	1420	7	6044	39.935	on	adv(chip=77,support=-2,control=1,noiseseed=1,racewin=1)@1	adv(chip=77,support=-2,control=1,noiseseed=1,racewin=1)@1	ab(deep=6,ord,nodes=200k)@3.adv(chip=77,support=-2,control=1,noiseseed=1,racewin=1)@1
ab(deep=6,ord,nodes=200k)@3	1410	7	6044	39.825	on	adv(chip=77,support=-2,control=1,noiseseed=1,racewin=1)@1.opener(book,book=19)@1	adv(chip=77,support=-2,control=1,noiseseed=1,racewin=1)@1.opener(book,book=19)@1	ab(deep=6,ord,nodes=200k)@3.adv(chip=77,support=-2,control=1,noiseseed=1,racewin=1)@1.opener(book,book=19)@1
ab(deep=6,ord,nodes=200k)@3	1410	7	6043	39.554	on	adv(chip=77,support=-2,control=1,noiseseed=1,racewin=1)@1.opener(book,book=20)@1	adv(chip=77,support=-2,control=1,noiseseed=1,racewin=1)@1.opener(book,book=20)@1	ab(deep=6,ord,nodes=200k)@3.adv(chip=77,support=-2,control=1,noiseseed=1,racewin=1)@1.opener(book,book=20)@1
ab(deep=6,ord,nodes=200k)@3	1410	7	6044	38.733	on	adv(chip=77,support=-2,control=1,noiseseed=1,racewin=1)@1.opener(book,book=3)@1	adv(chip=77,support=-2,control=1,noiseseed=1,racewin=1)@1.opener(book,book=3)@1	ab(deep=6,ord,nodes=200k)@3.adv(chip=77,support=-2,control=1,noiseseed=1,racewin=1)@1.opener(book,book=3)@1
ab(deep=6,ord,nodes=200k)@3	1391	7	6044	38.389	on	adv(chip=77,support=-2,control=1,noiseseed=1,racewin=1)@1.opener(book,book=2)@1	adv(chip=77,support=-2,control=1,noiseseed=1,racewin=1)@1.opener(book,book=2)@1	ab(deep=6,ord,nodes=200k)@3.adv(chip=77,support=-2,control=1,noiseseed=1,racewin=1)@1.opener(book,book=2)@1
ab(deep=6,ord,nodes=200k)@3	1375	6	6044	11.884	on	classic(chip=100)@2	classic(chip=100)@2	ab(deep=6,ord,nodes=200k)@3.classic(chip=100)@2
ab(deep=6,ord,nodes=200k)@3	1372	6	6044	20.603	on	adv(chip=75,hole=3,race=2,noiseseed=1,racewin=1)@1	adv(chip=75,hole=3,race=2,noiseseed=1,racewin=1)@1	ab(deep=6,ord,nodes=200k)@3.adv(chip=75,hole=3,race=2,noiseseed=1,racewin=1)@1
ab(deep=6,tt,ord,margin=25,nodes=200k)@3	1379	6	6044	10.566	on	classic(chip=100)@2	classic(chip=100)@2	ab(deep=6,tt,ord,margin=25,nodes=200k)@3.classic(chip=100)@2
ab(deep=6,tt,ord,qs,nodes=200k)@3	1378	6	6042	12.410	on	classic(turn=1,chip=4)@2	classic(turn=1,chip=4)@2	ab(deep=6,tt,ord,qs,nodes=200k)@3.classic(turn=1,chip=4)@2
ab(deep=6,tt,ord,qs,nodes=200k)@3	1338	6	6042	20.098	on	learned(model=98,5801570e,pool_games,lin,shape=129-1)@1	learned(model=98,5801570e,pool_games,lin,shape=129-1)@1	ab(deep=6,tt,ord,qs,nodes=200k)@3.learned(model=98,5801570e,pool_games,lin,shape=129-1)@1
ab(deep=6,tt,ord,margin=100,nodes=200k)@3	1378	6	6043	11.054	on	classic(chip=100)@2	classic(chip=100)@2	ab(deep=6,tt,ord,margin=100,nodes=200k)@3.classic(chip=100)@2
ab(deep=6,tt,nodes=200k)@3	1377	6	6044	11.524	on	classic(chip=100)@2	classic(chip=100)@2	ab(deep=6,tt,nodes=200k)@3.classic(chip=100)@2
ab(deep=6,tt,ord,margin=50,nodes=200k)@3	1375	6	6044	10.533	on	classic(chip=100)@2	classic(chip=100)@2	ab(deep=6,tt,ord,margin=50,nodes=200k)@3.classic(chip=100)@2
gaz(sims=500,cvisit=800,cscale=70,m=20)@1	1369	4	10160	5.699	on	learned(model=1545,4755d5f8,gumbel_self,joint,value_shape=129-32-1,policy_shape=9-32-1)@1	learned(model=1545,4755d5f8,gumbel_self,joint,value_shape=129-32-1,policy_shape=9-32-1)@1	gaz(sims=500,cvisit=800,cscale=70,m=20)@1.learned(model=1545,4755d5f8,gumbel_self,joint,value_shape=129-32-1,policy_shape=9-32-1)@1
gaz(sims=300,cvisit=600,cscale=100,m=12)@1	1364	4	10158	5.548	on	learned(model=1465,5d6df7c0,gumbel_self,joint,value_shape=129-64-1,policy_shape=9-64-1)@1	learned(model=1465,5d6df7c0,gumbel_self,joint,value_shape=129-64-1,policy_shape=9-64-1)@1	gaz(sims=300,cvisit=600,cscale=100,m=12)@1.learned(model=1465,5d6df7c0,gumbel_self,joint,value_shape=129-64-1,policy_shape=9-64-1)@1
gaz(sims=300,cvisit=400,cscale=70)@1	1359	4	10159	81.478	on	learned(model=1849,a1dea895,gumbel_self,joint,value_shape=129-1,policy_shape=9-32-1)@1	learned(model=1849,a1dea895,gumbel_self,joint,value_shape=129-1,policy_shape=9-32-1)@1	gaz(sims=300,cvisit=400,cscale=70)@1.learned(model=1849,a1dea895,gumbel_self,joint,value_shape=129-1,policy_shape=9-32-1)@1
gaz(sims=500,cvisit=800,cscale=70,m=8)@1	1352	4	10160	23.266	on	learned(model=1449,dc567440,gumbel_self,joint,value_shape=129-64-32-1,policy_shape=9-64-32-1)@1	learned(model=1449,dc567440,gumbel_self,joint,value_shape=129-64-32-1,policy_shape=9-64-32-1)@1	gaz(sims=500,cvisit=800,cscale=70,m=8)@1.learned(model=1449,dc567440,gumbel_self,joint,value_shape=129-64-32-1,policy_shape=9-64-32-1)@1
gaz(sims=300,cvisit=1000,cscale=40,m=8)@1	1309	4	10159	3.186	on	learned(model=1533,57845dcd,gumbel_self,joint,value_shape=129-32-1,policy_shape=9-32-1)@1	learned(model=1533,57845dcd,gumbel_self,joint,value_shape=129-32-1,policy_shape=9-32-1)@1	gaz(sims=300,cvisit=1000,cscale=40,m=8)@1.learned(model=1533,57845dcd,gumbel_self,joint,value_shape=129-32-1,policy_shape=9-32-1)@1
ab(deep=6,nodes=200k)@3	1277	6	6044	7.862	on	classic(chip=100)@2	classic(chip=100)@2	ab(deep=6,nodes=200k)@3.classic(chip=100)@2
ab(deep=6,nodes=200k)@3	1051	4	10328	7.163	on	classic(chip=100)@2.dil(prob=10)@1	classic(chip=100)@2.dil(prob=10)@1	ab(deep=6,nodes=200k)@3.classic(chip=100)@2.dil(prob=10)@1
ab(deep=6,nodes=200k)@3	857	5	10328	6.123	on	classic(chip=100)@2.dil(prob=25)@1	classic(chip=100)@2.dil(prob=25)@1	ab(deep=6,nodes=200k)@3.classic(chip=100)@2.dil(prob=25)@1
ab(deep=6,nodes=200k)@3	567	7	10328	4.262	on	classic(chip=100)@2.dil(prob=50)@1	classic(chip=100)@2.dil(prob=50)@1	ab(deep=6,nodes=200k)@3.classic(chip=100)@2.dil(prob=50)@1
ab(deep=5)@3	1237	6	6044	2.222	on	classic(chip=100)@2	classic(chip=100)@2	ab(deep=5)@3.classic(chip=100)@2
ab(deep=4)@3	1224	6	6044	0.882	on	exp(chip=4,forward=1)@2	exp(chip=4,forward=1)@2	ab(deep=4)@3.exp(chip=4,forward=1)@2
ab(deep=4)@3	1205	6	6044	0.879	on	exp(chip=4,forward=2)@2	exp(chip=4,forward=2)@2	ab(deep=4)@3.exp(chip=4,forward=2)@2
ab(deep=4)@3	1203	6	6044	0.246	on	classic(chip=100)@2	classic(chip=100)@2	ab(deep=4)@3.classic(chip=100)@2
ab(deep=4)@3	1172	5	6044	0.902	on	exp(chip=4,forward=4)@2	exp(chip=4,forward=4)@2	ab(deep=4)@3.exp(chip=4,forward=4)@2
ab(deep=4)@3	1147	5	6044	0.922	on	exp(chip=4,forward=8)@2	exp(chip=4,forward=8)@2	ab(deep=4)@3.exp(chip=4,forward=8)@2
ab(deep=4)@3	1087	4	10328	0.229	on	classic(chip=100)@2.dil(prob=5)@1	classic(chip=100)@2.dil(prob=5)@1	ab(deep=4)@3.classic(chip=100)@2.dil(prob=5)@1
ab(deep=4)@3	1076	5	6044	0.945	on	learned(model=76,ef183148,position_elo,lin,mu_shape=129-1,sigma_shape=129-1)@1	learned(model=76,ef183148,position_elo,lin,mu_shape=129-1,sigma_shape=129-1)@1	ab(deep=4)@3.learned(model=76,ef183148,position_elo,lin,mu_shape=129-1,sigma_shape=129-1)@1
ab(deep=4)@3	1060	5	6044	3.257	on	classic(chip=10,wall=3,column=2)@2	classic(chip=10,wall=3,column=2)@2	ab(deep=4)@3.classic(chip=10,wall=3,column=2)@2
ab(deep=4)@3	1058	5	6044	58.664	on	learned(model=111,78ef6974,position_elo,mlp,mu_shape=129-512-8-1,sigma_shape=129-64-1)@1	learned(model=111,78ef6974,position_elo,mlp,mu_shape=129-512-8-1,sigma_shape=129-64-1)@1	ab(deep=4)@3.learned(model=111,78ef6974,position_elo,mlp,mu_shape=129-512-8-1,sigma_shape=129-64-1)@1
ab(deep=4)@3	1018	5	6044	29.202	on	learned(model=78,2fa21eda,position_elo,mlp,mu_shape=129-128-64-1,sigma_shape=129-32-1)@1	learned(model=78,2fa21eda,position_elo,mlp,mu_shape=129-128-64-1,sigma_shape=129-32-1)@1	ab(deep=4)@3.learned(model=78,2fa21eda,position_elo,mlp,mu_shape=129-128-64-1,sigma_shape=129-32-1)@1
ab(deep=4)@3	1011	4	10328	0.219	on	classic(chip=100)@2.dil(prob=10)@1	classic(chip=100)@2.dil(prob=10)@1	ab(deep=4)@3.classic(chip=100)@2.dil(prob=10)@1
ab(deep=4)@3	1004	5	6044	69.797	on	learned(model=79,18f19059,position_elo,mlp,mu_shape=129-256-128-1,sigma_shape=129-64-1)@1	learned(model=79,18f19059,position_elo,mlp,mu_shape=129-256-128-1,sigma_shape=129-64-1)@1	ab(deep=4)@3.learned(model=79,18f19059,position_elo,mlp,mu_shape=129-256-128-1,sigma_shape=129-64-1)@1
ab(deep=4)@3	1003	5	6044	2.659	on	exp(chip=64,column=1,forward=15)@2	exp(chip=64,column=1,forward=15)@2	ab(deep=4)@3.exp(chip=64,column=1,forward=15)@2
ab(deep=4)@3	1001	5	6044	2.679	on	exp(chip=65,column=1,forward=14)@2	exp(chip=65,column=1,forward=14)@2	ab(deep=4)@3.exp(chip=65,column=1,forward=14)@2
ab(deep=4)@3	996	5	6044	27.510	on	learned(model=77,ddaa5090,position_elo,mlp,mu_shape=129-128-64-1,sigma_shape=129-32-1)@1	learned(model=77,ddaa5090,position_elo,mlp,mu_shape=129-128-64-1,sigma_shape=129-32-1)@1	ab(deep=4)@3.learned(model=77,ddaa5090,position_elo,mlp,mu_shape=129-128-64-1,sigma_shape=129-32-1)@1
ab(deep=4)@3	993	5	6044	61.896	on	learned(model=113,e3cc8b4e,position_elo,mlp,mu_shape=129-512-8-1,sigma_shape=129-64-1)@1	learned(model=113,e3cc8b4e,position_elo,mlp,mu_shape=129-512-8-1,sigma_shape=129-64-1)@1	ab(deep=4)@3.learned(model=113,e3cc8b4e,position_elo,mlp,mu_shape=129-512-8-1,sigma_shape=129-64-1)@1
ab(deep=4)@3	977	5	6044	61.127	on	learned(model=114,316257e9,position_elo,mlp,mu_shape=129-512-8-1,sigma_shape=129-64-1)@1	learned(model=114,316257e9,position_elo,mlp,mu_shape=129-512-8-1,sigma_shape=129-64-1)@1	ab(deep=4)@3.learned(model=114,316257e9,position_elo,mlp,mu_shape=129-512-8-1,sigma_shape=129-64-1)@1
ab(deep=4)@3	976	5	6044	60.889	on	learned(model=115,21d7e638,position_elo,mlp,mu_shape=129-512-8-1,sigma_shape=129-64-1)@1	learned(model=115,21d7e638,position_elo,mlp,mu_shape=129-512-8-1,sigma_shape=129-64-1)@1	ab(deep=4)@3.learned(model=115,21d7e638,position_elo,mlp,mu_shape=129-512-8-1,sigma_shape=129-64-1)@1
ab(deep=4)@3	965	5	6044	52.100	on	learned(model=110,1466db6c,position_elo,mlp,mu_shape=129-512-8-1,sigma_shape=129-64-1)@1	learned(model=110,1466db6c,position_elo,mlp,mu_shape=129-512-8-1,sigma_shape=129-64-1)@1	ab(deep=4)@3.learned(model=110,1466db6c,position_elo,mlp,mu_shape=129-512-8-1,sigma_shape=129-64-1)@1
ab(deep=4)@3	946	5	6044	56.833	on	learned(model=112,baa2951a,position_elo,mlp,mu_shape=129-512-8-1,sigma_shape=129-64-1)@1	learned(model=112,baa2951a,position_elo,mlp,mu_shape=129-512-8-1,sigma_shape=129-64-1)@1	ab(deep=4)@3.learned(model=112,baa2951a,position_elo,mlp,mu_shape=129-512-8-1,sigma_shape=129-64-1)@1
ab(deep=4)@3	838	5	10328	0.193	on	classic(chip=100)@2.dil(prob=25)@1	classic(chip=100)@2.dil(prob=25)@1	ab(deep=4)@3.classic(chip=100)@2.dil(prob=25)@1
ab(deep=4)@3	573	7	10328	0.134	on	classic(chip=100)@2.dil(prob=50)@1	classic(chip=100)@2.dil(prob=50)@1	ab(deep=4)@3.classic(chip=100)@2.dil(prob=50)@1
ab(deep=6,noab,nodes=200k)@3	1099	5	6044	11.082	on	classic(chip=100)@2	classic(chip=100)@2	ab(deep=6,noab,nodes=200k)@3.classic(chip=100)@2
ab(deep=3)@3	1095	5	6044	0.075	on	classic(chip=100)@2	classic(chip=100)@2	ab(deep=3)@3.classic(chip=100)@2
ab(deep=4,tt,ord,nodes=200k)@3	1091	5	6044	1.209	on	learned(model=10,fead67b7,weight_merge,lin,shape=129-1)@1	learned(model=10,fead67b7,weight_merge,lin,shape=129-1)@1	ab(deep=4,tt,ord,nodes=200k)@3.learned(model=10,fead67b7,weight_merge,lin,shape=129-1)@1
ab(deep=4,tt,ord,nodes=200k)@3	1056	5	6044	1.126	on	learned(model=3,68364898,pool_games,lin,shape=129-1)@1	learned(model=3,68364898,pool_games,lin,shape=129-1)@1	ab(deep=4,tt,ord,nodes=200k)@3.learned(model=3,68364898,pool_games,lin,shape=129-1)@1
ab(deep=4,tt,ord,nodes=200k)@3	1026	5	6044	1.144	on	learned(model=8,6f1a4264,pool_games,lin,shape=129-1)@1	learned(model=8,6f1a4264,pool_games,lin,shape=129-1)@1	ab(deep=4,tt,ord,nodes=200k)@3.learned(model=8,6f1a4264,pool_games,lin,shape=129-1)@1
ab(deep=4,tt,ord,nodes=200k)@3	998	5	6044	1.084	on	learned(model=4,eb105733,pool_games,lin,shape=129-1)@1	learned(model=4,eb105733,pool_games,lin,shape=129-1)@1	ab(deep=4,tt,ord,nodes=200k)@3.learned(model=4,eb105733,pool_games,lin,shape=129-1)@1
ab(deep=2)@3	1056	5	6044	0.008	on	classic(chip=100)@2	classic(chip=100)@2	ab(deep=2)@3.classic(chip=100)@2
ab(deep=2)@3	941	5	6044	0.021	on	learned(model=76,ef183148,position_elo,lin,mu_shape=129-1,sigma_shape=129-1)@1	learned(model=76,ef183148,position_elo,lin,mu_shape=129-1,sigma_shape=129-1)@1	ab(deep=2)@3.learned(model=76,ef183148,position_elo,lin,mu_shape=129-1,sigma_shape=129-1)@1
ab(deep=2)@3	846	6	6044	0.500	on	learned(model=78,2fa21eda,position_elo,mlp,mu_shape=129-128-64-1,sigma_shape=129-32-1)@1	learned(model=78,2fa21eda,position_elo,mlp,mu_shape=129-128-64-1,sigma_shape=129-32-1)@1	ab(deep=2)@3.learned(model=78,2fa21eda,position_elo,mlp,mu_shape=129-128-64-1,sigma_shape=129-32-1)@1
ab(deep=2)@3	810	6	6044	0.481	on	learned(model=77,ddaa5090,position_elo,mlp,mu_shape=129-128-64-1,sigma_shape=129-32-1)@1	learned(model=77,ddaa5090,position_elo,mlp,mu_shape=129-128-64-1,sigma_shape=129-32-1)@1	ab(deep=2)@3.learned(model=77,ddaa5090,position_elo,mlp,mu_shape=129-128-64-1,sigma_shape=129-32-1)@1
ab(deep=2)@3	746	6	6044	1.167	on	learned(model=79,18f19059,position_elo,mlp,mu_shape=129-256-128-1,sigma_shape=129-64-1)@1	learned(model=79,18f19059,position_elo,mlp,mu_shape=129-256-128-1,sigma_shape=129-64-1)@1	ab(deep=2)@3.learned(model=79,18f19059,position_elo,mlp,mu_shape=129-256-128-1,sigma_shape=129-64-1)@1
ab(deep=1)@3	938	5	6060	0.002	on	classic(chip=100)@2	classic(chip=100)@2	ab(deep=1)@3.classic(chip=100)@2
greedy@1	910	5	8000	0.002	on	classic(chip=100)@2	classic(chip=100)@2	greedy@1.classic(chip=100)@2
greedy@1	869	5	8000	0.009	on	classic(chip=10,wall=3,column=2)@2	classic(chip=10,wall=3,column=2)@2	greedy@1.classic(chip=10,wall=3,column=2)@2
smart(pieces=2)@1	836	4	12728	0.001	on	-	-	smart(pieces=2)@1
smart(pieces=4)@1	732	5	12728	0.001	on	-	-	smart(pieces=4)@1
smart(pieces=6)@1	706	5	12728	0.002	on	-	-	smart(pieces=6)@1
tiered@1	691	5	12728	0.002	on	-	-	tiered@1
rand@1	0	23	13800	0.001	anchor	-	-	rand@1
